<?xml version='1.0' encoding='UTF-8'?>
<!DOCTYPE text SYSTEM "cora-xml.dtd">
<text id="M019">
  <header>
    <text>Augensegen, Münchner (Regensburger)</text>
    <abbr_ddd>MüAugensegen</abbr_ddd>
    <abbr_mwb>-</abbr_mwb>
    <topic>Religion, Alltag</topic>
    <text-type>Segen</text-type>
    <genre>P</genre>
    <reference>Handschrift</reference>
    <reference-secondary>Edition [Textnummer+Zeile]</reference-secondary>
    <library>München, Staatsbibl.</library>
    <library-shelfmark>Clm 14472</library-shelfmark>
    <online>http://www.handschriftencensus.de/15160</online>
    <medium>Handschrift</medium>
    <extent>166v</extent>
    <extract>-</extract>
    <language>mhd</language>
    <language-type>oberdeutsch</language-type>
    <language-region>ostoberdeutsch</language-region>
    <language-area>bairisch</language-area>
    <place>-</place>
    <time>11</time>
    <notes-manuscript>-</notes-manuscript>
    <date>11</date>
    <text-place>-</text-place>
    <text-author>-</text-author>
    <text-language>-</text-language>
    <text-source>-</text-source>
    <edition>Elias von Steinmeyer (Hg.), Die kleineren althochdeutschen Sprachdenkmäler, Berlin 1916,  Nr. 73, S. 386</edition>
    <corpus>ReM I</corpus>
    <notes-transcription>-</notes-transcription>
    <notes-annotation>-</notes-annotation>
    <digitization_by>Thomas Klein (Bonn)</digitization_by>
    <collation_by>Elke Weber (Bonn)</collation_by>
    <pre_editing_by>Elke Weber (Bonn)</pre_editing_by>
    <annotation_by>Thomas Klein (Bonn) [u.B.v. R-M.S.Heffner, A Word-Index to the Texts of Steinmeyer ... 1961]</annotation_by>
    <proofreading_by>Elke Weber (Bonn)</proofreading_by>
  </header>
  <layoutinfo>
    <page id="p1" no="166" range="c1" side="v"/>
    <column id="c1" range="l1..l5"/>
    <line id="l1" name="41" range="t1_d1..t10_d1" loc="166va,41"/>
    <line id="l2" name="42" range="t11_d1..t22_d1" loc="166va,42"/>
    <line id="l3" name="43" range="t23_d1..t35_d1" loc="166va,43"/>
    <line id="l4" name="44" range="t36_d1..t49_d1" loc="166va,44"/>
    <line id="l5" name="45" range="t50_d1..t55_d1" loc="166va,45"/>
  </layoutinfo>
  <shifttags/>
  <token id="t1" trans="*(G*)anc" type="token">
    <tok_dipl id="t1_d1" trans="*(G*)anc" utf="Ganc"/>
    <tok_anno ascii="Ganc" id="t1_m1" trans="*(G*)anc" utf="Ganc">
      <norm tag="ganc"/>
      <lemma tag="gân"/>
      <lemma_gen tag="gân"/>
      <lemma_idmwb tag="46788000"/>
      <pos tag="VVIMP"/>
      <pos_gen tag="VV"/>
      <infl tag="Sg.2"/>
      <inflClass tag="irr"/>
      <inflClass_gen tag="irr"/>
    </tok_anno>
  </token>
  <token id="t2" trans="ze||demo" type="token">
    <tok_dipl id="t2_d1" trans="zedemo" utf="zedemo"/>
    <tok_anno ascii="ze" id="t2_m1" trans="ze|" utf="ze">
      <norm tag="ze"/>
      <token_type tag="MS1"/>
      <lemma tag="ze"/>
      <lemma_gen tag="ze"/>
      <lemma_idmwb tag="235656000"/>
      <pos tag="APPR"/>
      <pos_gen tag="AP"/>
      <infl tag="c.D"/>
      <inflClass tag="--"/>
      <inflClass_gen tag="--"/>
    </tok_anno>
    <tok_anno ascii="demo" id="t2_m2" trans="|demo" utf="demo">
      <norm tag="deme"/>
      <token_type tag="MS2"/>
      <lemma tag="dër"/>
      <lemma_gen tag="dër"/>
      <lemma_idmwb tag="29817000"/>
      <pos tag="DDART"/>
      <pos_gen tag="DD"/>
      <infl tag="Neut.Dat.Sg"/>
      <inflClass tag="--"/>
      <inflClass_gen tag="--"/>
    </tok_anno>
  </token>
  <token id="t3" trans="fliezzentemo" type="token">
    <tok_dipl id="t3_d1" trans="fliezzentemo" utf="fliezzentemo"/>
    <tok_anno ascii="fliezzentemo" id="t3_m1" trans="fliezzentemo" utf="fliezzentemo">
      <norm tag="vliezenteme"/>
      <lemma tag="vlièzen"/>
      <lemma_gen tag="vlièzen"/>
      <lemma_idmwb tag="211302000"/>
      <pos tag="ADJA"/>
      <pos_gen tag="VVPS"/>
      <infl tag="Pos.Neut.Dat.Sg.st"/>
      <inflClass tag="st2b"/>
      <inflClass_gen tag="st2b"/>
    </tok_anno>
  </token>
  <token id="t4" trans="vvazzera" type="token">
    <tok_dipl id="t4_d1" trans="vvazzera" utf="vvazzera"/>
    <tok_anno ascii="vvazzera" id="t4_m1" trans="vvazzera" utf="vvazzera">
      <norm tag="wazzere"/>
      <lemma tag="wazzer"/>
      <lemma_gen tag="wazzer"/>
      <lemma_idmwb tag="222660000"/>
      <pos tag="NA"/>
      <pos_gen tag="NA"/>
      <infl tag="Dat.Sg"/>
      <inflClass tag="st.Neut"/>
      <inflClass_gen tag="st.Neut"/>
    </tok_anno>
  </token>
  <token id="t5" trans="%." type="punc">
    <tok_dipl id="t5_d1" trans="%." utf="·"/>
    <tok_anno ascii="." id="t5_m1" trans="%." utf="·">
      <pos tag="$_"/>
      <pos_gen tag="$_"/>
    </tok_anno>
  </token>
  <token id="t6" trans="u\vnta" type="token">
    <tok_dipl id="t6_d1" trans="u\vnta" utf="uͮnta"/>
    <tok_anno ascii="uvnta" id="t6_m1" trans="u\vnta" utf="uͮnta">
      <norm tag="unde"/>
      <lemma tag="unte"/>
      <lemma_gen tag="unte"/>
      <lemma_idmwb tag="183108000"/>
      <pos tag="KON"/>
      <pos_gen tag="KO"/>
      <infl tag="--"/>
      <inflClass tag="--"/>
      <inflClass_gen tag="--"/>
    </tok_anno>
  </token>
  <token id="t7" trans="neze" type="token">
    <tok_dipl id="t7_d1" trans="neze" utf="neze"/>
    <tok_anno ascii="neze" id="t7_m1" trans="neze" utf="neze">
      <norm tag="netze"/>
      <lemma tag="nètzen"/>
      <lemma_gen tag="nètzen"/>
      <lemma_idmwb tag="120315000"/>
      <pos tag="VVIMP"/>
      <pos_gen tag="VV"/>
      <infl tag="Sg.2"/>
      <inflClass tag="wk"/>
      <inflClass_gen tag="wk"/>
    </tok_anno>
  </token>
  <token id="t8" trans="imo" type="token">
    <tok_dipl id="t8_d1" trans="imo" utf="imo"/>
    <tok_anno ascii="imo" id="t8_m1" trans="imo" utf="imo">
      <norm tag="ime"/>
      <lemma tag="ër"/>
      <lemma_gen tag="ër"/>
      <lemma_idmwb tag="40380000"/>
      <pos tag="PPER"/>
      <pos_gen tag="PPER"/>
      <infl tag="Masc.Dat.Sg.3"/>
      <inflClass tag="--"/>
      <inflClass_gen tag="--"/>
    </tok_anno>
  </token>
  <token id="t9" trans="$ine" type="token">
    <tok_dipl id="t9_d1" trans="$ine" utf="ſine"/>
    <tok_anno ascii="sine" id="t9_m1" trans="$ine" utf="ſine">
      <norm tag="sîne"/>
      <lemma tag="sîn"/>
      <lemma_gen tag="sîn"/>
      <lemma_idmwb tag="150153000"/>
      <pos tag="DPOSA"/>
      <pos_gen tag="DPOS"/>
      <infl tag="Neut.Akk.Pl.st"/>
      <inflClass tag="--"/>
      <inflClass_gen tag="--"/>
    </tok_anno>
  </token>
  <token id="t10" trans="ougen" type="token">
    <tok_dipl id="t10_d1" trans="ougen" utf="ougen"/>
    <tok_anno ascii="ougen" id="t10_m1" trans="ougen" utf="ougen">
      <norm tag="ougen"/>
      <lemma tag="ouge"/>
      <lemma_gen tag="ouge"/>
      <lemma_idmwb tag="125223000"/>
      <pos tag="NA"/>
      <pos_gen tag="NA"/>
      <infl tag="Akk.Pl"/>
      <inflClass tag="wk.Neut"/>
      <inflClass_gen tag="wk.Neut"/>
    </tok_anno>
  </token>
  <token id="t11" trans="unta" type="token">
    <tok_dipl id="t11_d1" trans="unta" utf="unta"/>
    <tok_anno ascii="unta" id="t11_m1" trans="unta" utf="unta">
      <norm tag="unde"/>
      <lemma tag="unte"/>
      <lemma_gen tag="unte"/>
      <lemma_idmwb tag="183108000"/>
      <pos tag="KON"/>
      <pos_gen tag="KO"/>
      <infl tag="--"/>
      <inflClass tag="--"/>
      <inflClass_gen tag="--"/>
    </tok_anno>
  </token>
  <token id="t12" trans="quit" type="token">
    <tok_dipl id="t12_d1" trans="quit" utf="quit"/>
    <tok_anno ascii="quit" id="t12_m1" trans="quit" utf="quit">
      <norm tag="quit"/>
      <lemma tag="quëden"/>
      <lemma_gen tag="quëden"/>
      <lemma_idmwb tag="131079000"/>
      <pos tag="VVIMP"/>
      <pos_gen tag="VV"/>
      <infl tag="Sg.2"/>
      <inflClass tag="st5"/>
      <inflClass_gen tag="st5"/>
    </tok_anno>
  </token>
  <token id="t13" trans="mít" type="token">
    <tok_dipl id="t13_d1" trans="mít" utf="mít"/>
    <tok_anno ascii="mit" id="t13_m1" trans="mít" utf="mít">
      <norm tag="mit"/>
      <lemma tag="mit"/>
      <lemma_gen tag="mit"/>
      <lemma_idmwb tag="113898000"/>
      <pos tag="APPR"/>
      <pos_gen tag="AP"/>
      <infl tag="c.D"/>
      <inflClass tag="--"/>
      <inflClass_gen tag="--"/>
    </tok_anno>
  </token>
  <token id="t14" trans="demo" type="token">
    <tok_dipl id="t14_d1" trans="demo" utf="demo"/>
    <tok_anno ascii="demo" id="t14_m1" trans="demo" utf="demo">
      <norm tag="deme"/>
      <lemma tag="dër"/>
      <lemma_gen tag="dër"/>
      <lemma_idmwb tag="29817000"/>
      <pos tag="DDART"/>
      <pos_gen tag="DD"/>
      <infl tag="Masc.Dat.Sg"/>
      <inflClass tag="--"/>
      <inflClass_gen tag="--"/>
    </tok_anno>
  </token>
  <token id="t15" trans="$elben" type="token">
    <tok_dipl id="t15_d1" trans="$elben" utf="ſelben"/>
    <tok_anno ascii="selben" id="t15_m1" trans="$elben" utf="ſelben">
      <norm tag="selben"/>
      <lemma tag="sëlb"/>
      <lemma_gen tag="sëlb"/>
      <lemma_idmwb tag="147849000"/>
      <pos tag="DDA"/>
      <pos_gen tag="DD"/>
      <infl tag="Masc.Dat.Sg.wk"/>
      <inflClass tag="--"/>
      <inflClass_gen tag="--"/>
    </tok_anno>
  </token>
  <token id="t16" trans="$egena,," type="token">
    <tok_dipl id="t16_d1" trans="$egena" utf="ſegena"/>
    <tok_anno ascii="segena" id="t16_m1" trans="$egena" utf="ſegena">
      <norm tag="segene"/>
      <lemma tag="sëgen"/>
      <lemma_gen tag="sëgen"/>
      <lemma_idmwb tag="147093000"/>
      <pos tag="NA"/>
      <pos_gen tag="NA"/>
      <infl tag="Dat.Sg"/>
      <inflClass tag="st.Masc"/>
      <inflClass_gen tag="st.Masc"/>
      <punc tag="S*"/>
    </tok_anno>
  </token>
  <token id="t17" trans="do" type="token">
    <tok_dipl id="t17_d1" trans="do" utf="do"/>
    <tok_anno ascii="do" id="t17_m1" trans="do" utf="do">
      <norm tag="sô"/>
      <lemma tag="sô"/>
      <lemma_gen tag="sô"/>
      <lemma_idmwb tag="???"/>
      <pos tag="KO*"/>
      <pos_gen tag="KO"/>
      <infl tag="--"/>
      <inflClass tag="--"/>
      <inflClass_gen tag="--"/>
    </tok_anno>
  </token>
  <comment type="K">/K[do: {ſo} Wilhelm]</comment>
  <token id="t18" trans="der" type="token">
    <tok_dipl id="t18_d1" trans="der" utf="der"/>
    <tok_anno ascii="der" id="t18_m1" trans="der" utf="der">
      <norm tag="der"/>
      <lemma tag="dër"/>
      <lemma_gen tag="dër"/>
      <lemma_idmwb tag="29817000"/>
      <pos tag="DDART"/>
      <pos_gen tag="DD"/>
      <infl tag="Masc.Nom.Sg"/>
      <inflClass tag="--"/>
      <inflClass_gen tag="--"/>
    </tok_anno>
  </token>
  <token id="t19" trans="alemæhtige" type="token">
    <tok_dipl id="t19_d1" trans="alemæhtige" utf="alemæhtige"/>
    <tok_anno ascii="alemaehtige" id="t19_m1" trans="alemæhtige" utf="alemæhtige">
      <norm tag="almehtige"/>
      <lemma tag="all-mèhtig"/>
      <lemma_gen tag="all-mèhtig"/>
      <lemma_idmwb tag="4404000"/>
      <pos tag="ADJA"/>
      <pos_gen tag="ADJ"/>
      <infl tag="Pos.Masc.Nom.Sg.wk"/>
      <inflClass tag="--"/>
      <inflClass_gen tag="--"/>
    </tok_anno>
  </token>
  <token id="t20" trans="got" type="token">
    <tok_dipl id="t20_d1" trans="got" utf="got"/>
    <tok_anno ascii="got" id="t20_m1" trans="got" utf="got">
      <norm tag="got"/>
      <lemma tag="got"/>
      <lemma_gen tag="got"/>
      <lemma_idmwb tag="63291000"/>
      <pos tag="NA"/>
      <pos_gen tag="NA"/>
      <infl tag="Nom.Sg"/>
      <inflClass tag="st.Masc"/>
      <inflClass_gen tag="st.Masc"/>
    </tok_anno>
  </token>
  <token id="t21" trans="demo" type="token">
    <tok_dipl id="t21_d1" trans="demo" utf="demo"/>
    <tok_anno ascii="demo" id="t21_m1" trans="demo" utf="demo">
      <norm tag="deme"/>
      <lemma tag="dër"/>
      <lemma_gen tag="dër"/>
      <lemma_idmwb tag="29817000"/>
      <pos tag="DDART"/>
      <pos_gen tag="DD"/>
      <infl tag="Masc.Dat.Sg"/>
      <inflClass tag="--"/>
      <inflClass_gen tag="--"/>
    </tok_anno>
  </token>
  <token id="t22" trans="regen(=)plinten" type="token">
    <tok_dipl id="t22_d1" trans="regenplinten" utf="regenplinten"/>
    <tok_anno ascii="regenplinten" id="t22_m1" trans="regen(=)plinten" utf="regenplinten">
      <norm tag="regenblinden"/>
      <token_type tag="UL"/>
      <lemma tag="rëgen-blint"/>
      <lemma_gen tag="rëgen-blint"/>
      <lemma_idmwb tag="???"/>
      <pos tag="ADJA"/>
      <pos_gen tag="ADJ"/>
      <infl tag="Pos.Masc.Dat.Sg.wk"/>
      <inflClass tag="--"/>
      <inflClass_gen tag="--"/>
    </tok_anno>
  </token>
  <token id="t23" trans="$egenita" type="token">
    <tok_dipl id="t23_d1" trans="$egenita" utf="ſegenita"/>
    <tok_anno ascii="segenita" id="t23_m1" trans="$egenita" utf="ſegenita">
      <norm tag="segenete"/>
      <lemma tag="sëgenen"/>
      <lemma_gen tag="sëgenen"/>
      <lemma_idmwb tag="147102000"/>
      <pos tag="VVFIN"/>
      <pos_gen tag="VV"/>
      <infl tag="Ind.Past.Sg.3"/>
      <inflClass tag="wk"/>
      <inflClass_gen tag="wk"/>
    </tok_anno>
  </token>
  <token id="t24" trans="$iniu" type="token">
    <tok_dipl id="t24_d1" trans="$iniu" utf="ſiniu"/>
    <tok_anno ascii="siniu" id="t24_m1" trans="$iniu" utf="ſiniu">
      <norm tag="sîniu"/>
      <lemma tag="sîn"/>
      <lemma_gen tag="sîn"/>
      <lemma_idmwb tag="150153000"/>
      <pos tag="DPOSA"/>
      <pos_gen tag="DPOS"/>
      <infl tag="Neut.Akk.Pl.st"/>
      <inflClass tag="--"/>
      <inflClass_gen tag="--"/>
    </tok_anno>
  </token>
  <token id="t25" trans="ougan,," type="token">
    <tok_dipl id="t25_d1" trans="ougan" utf="ougan"/>
    <tok_anno ascii="ougan" id="t25_m1" trans="ougan" utf="ougan">
      <norm tag="ougen"/>
      <lemma tag="ouge"/>
      <lemma_gen tag="ouge"/>
      <lemma_idmwb tag="125223000"/>
      <pos tag="NA"/>
      <pos_gen tag="NA"/>
      <infl tag="Akk.Pl"/>
      <inflClass tag="wk.Neut"/>
      <inflClass_gen tag="wk.Neut"/>
      <punc tag="S*"/>
    </tok_anno>
  </token>
  <token id="t26" trans="%." type="punc">
    <tok_dipl id="t26_d1" trans="%." utf="·"/>
    <tok_anno ascii="." id="t26_m1" trans="%." utf="·">
      <pos tag="$_"/>
      <pos_gen tag="$_"/>
    </tok_anno>
  </token>
  <token id="t27" trans="der" type="token">
    <tok_dipl id="t27_d1" trans="der" utf="der"/>
    <tok_anno ascii="der" id="t27_m1" trans="der" utf="der">
      <norm tag="der"/>
      <lemma tag="dër"/>
      <lemma_gen tag="dër"/>
      <lemma_idmwb tag="29823000"/>
      <pos tag="DRELS"/>
      <pos_gen tag="DD"/>
      <infl tag="Masc.Nom.Sg"/>
      <inflClass tag="--"/>
      <inflClass_gen tag="--"/>
    </tok_anno>
  </token>
  <token id="t28" trans="der" type="token">
    <tok_dipl id="t28_d1" trans="der" utf="der"/>
    <tok_anno ascii="der" id="t28_m1" trans="der" utf="der">
      <norm tag="dâr"/>
      <lemma tag="dâr"/>
      <lemma_gen tag="dâr"/>
      <lemma_idmwb tag="28932000"/>
      <pos tag="AVD"/>
      <pos_gen tag="AVD"/>
      <infl tag="--"/>
      <inflClass tag="--"/>
      <inflClass_gen tag="--"/>
    </tok_anno>
  </token>
  <token id="t29" trans="daz" type="token">
    <tok_dipl id="t29_d1" trans="daz" utf="daz"/>
    <tok_anno ascii="daz" id="t29_m1" trans="daz" utf="daz">
      <norm tag="daz"/>
      <lemma tag="dër"/>
      <lemma_gen tag="dër"/>
      <lemma_idmwb tag="29817000"/>
      <pos tag="DDART"/>
      <pos_gen tag="DD"/>
      <infl tag="Neut.Akk.Sg"/>
      <inflClass tag="--"/>
      <inflClass_gen tag="--"/>
    </tok_anno>
  </token>
  <token id="t30" trans="dage$" type="token">
    <tok_dipl id="t30_d1" trans="dage$" utf="dageſ"/>
    <tok_anno ascii="dages" id="t30_m1" trans="dage$" utf="dageſ">
      <norm tag="tages"/>
      <lemma tag="tag"/>
      <lemma_gen tag="tag"/>
      <lemma_idmwb tag="166296000"/>
      <pos tag="NA"/>
      <pos_gen tag="NA"/>
      <infl tag="Gen.Sg"/>
      <inflClass tag="st.Masc"/>
      <inflClass_gen tag="st.Masc"/>
    </tok_anno>
  </token>
  <token id="t31" trans="lieht" type="token">
    <tok_dipl id="t31_d1" trans="lieht" utf="lieht"/>
    <tok_anno ascii="lieht" id="t31_m1" trans="lieht" utf="lieht">
      <norm tag="lieht"/>
      <lemma tag="lièht"/>
      <lemma_gen tag="lièht"/>
      <lemma_idmwb tag="102654000"/>
      <pos tag="NA"/>
      <pos_gen tag="NA"/>
      <infl tag="Akk.Sg"/>
      <inflClass tag="st.Neut"/>
      <inflClass_gen tag="st.Neut"/>
    </tok_anno>
  </token>
  <token id="t32" trans="nie" type="token">
    <tok_dipl id="t32_d1" trans="nie" utf="nie"/>
    <tok_anno ascii="nie" id="t32_m1" trans="nie" utf="nie">
      <norm tag="nie"/>
      <lemma tag="niè"/>
      <lemma_gen tag="niè"/>
      <lemma_idmwb tag="121281000"/>
      <pos tag="AVD"/>
      <pos_gen tag="AVD"/>
      <infl tag="--"/>
      <inflClass tag="--"/>
      <inflClass_gen tag="--"/>
    </tok_anno>
  </token>
  <token id="t33" trans="ne" type="token">
    <tok_dipl id="t33_d1" trans="ne" utf="ne"/>
    <tok_anno ascii="ne" id="t33_m1" trans="ne" utf="ne">
      <norm tag="ne"/>
      <lemma tag="ne"/>
      <lemma_gen tag="ne"/>
      <lemma_idmwb tag="119841000"/>
      <pos tag="PTKNEG"/>
      <pos_gen tag="PTK"/>
      <infl tag="--"/>
      <inflClass tag="--"/>
      <inflClass_gen tag="--"/>
    </tok_anno>
  </token>
  <token id="t34" trans="ge$ah" type="token">
    <tok_dipl id="t34_d1" trans="ge$ah" utf="geſah"/>
    <tok_anno ascii="gesah" id="t34_m1" trans="ge$ah" utf="geſah">
      <norm tag="gesach"/>
      <lemma tag="ge-sëhen"/>
      <lemma_gen tag="ge-sëhen"/>
      <lemma_idmwb tag="56265000"/>
      <pos tag="VVFIN"/>
      <pos_gen tag="VV"/>
      <infl tag="Ind.Past.Sg.3"/>
      <inflClass tag="st5"/>
      <inflClass_gen tag="st5"/>
    </tok_anno>
  </token>
  <token id="t35" trans="." type="punc">
    <tok_dipl id="t35_d1" trans="." utf="."/>
    <tok_anno ascii="." id="t35_m1" trans="." utf=".">
      <pos tag="$_"/>
      <pos_gen tag="$_"/>
    </tok_anno>
  </token>
  <token id="t36" trans="unta" type="token">
    <tok_dipl id="t36_d1" trans="unta" utf="unta"/>
    <tok_anno ascii="unta" id="t36_m1" trans="unta" utf="unta">
      <norm tag="unde"/>
      <lemma tag="unte"/>
      <lemma_gen tag="unte"/>
      <lemma_idmwb tag="183108000"/>
      <pos tag="KON"/>
      <pos_gen tag="KO"/>
      <infl tag="--"/>
      <inflClass tag="--"/>
      <inflClass_gen tag="--"/>
    </tok_anno>
  </token>
  <token id="t37" trans="imo" type="token">
    <tok_dipl id="t37_d1" trans="imo" utf="imo"/>
    <tok_anno ascii="imo" id="t37_m1" trans="imo" utf="imo">
      <norm tag="ime"/>
      <lemma tag="ër"/>
      <lemma_gen tag="ër"/>
      <lemma_idmwb tag="40380000"/>
      <pos tag="PPER"/>
      <pos_gen tag="PPER"/>
      <infl tag="Masc.Dat.Sg.3"/>
      <inflClass tag="--"/>
      <inflClass_gen tag="--"/>
    </tok_anno>
  </token>
  <token id="t38" trans="$in" type="token">
    <tok_dipl id="t38_d1" trans="$in" utf="ſin"/>
    <tok_anno ascii="sin" id="t38_m1" trans="$in" utf="ſin">
      <norm tag="sîn"/>
      <lemma tag="sîn"/>
      <lemma_gen tag="sîn"/>
      <lemma_idmwb tag="150153000"/>
      <pos tag="DPOSA"/>
      <pos_gen tag="DPOS"/>
      <infl tag="Neut.Akk.Sg.0"/>
      <inflClass tag="--"/>
      <inflClass_gen tag="--"/>
    </tok_anno>
  </token>
  <token id="t39" trans="ge$iune\-" type="token">
    <tok_dipl id="t39_d1" trans="ge$iune\-" utf="geſiunē"/>
    <tok_anno ascii="gesiunen" id="t39_m1" trans="ge$iune\-" utf="geſiunē">
      <norm tag="gesiune"/>
      <lemma tag="ge-siune"/>
      <lemma_gen tag="ge-siune"/>
      <lemma_idmwb tag="56634000"/>
      <pos tag="NA"/>
      <pos_gen tag="NA"/>
      <infl tag="Akk.Sg"/>
      <inflClass tag="st.Neut"/>
      <inflClass_gen tag="st.Neut"/>
    </tok_anno>
  </token>
  <token id="t40" trans="mite" type="token">
    <tok_dipl id="t40_d1" trans="mite" utf="mite"/>
    <tok_anno ascii="mite" id="t40_m1" trans="mite" utf="mite">
      <norm tag="mite"/>
      <lemma tag="mit(e)/+gëben"/>
      <lemma_gen tag="mit(e)"/>
      <lemma_idmwb tag="113898000"/>
      <pos tag="PTKVZ"/>
      <pos_gen tag="PTK"/>
      <infl tag="--"/>
      <inflClass tag="--"/>
      <inflClass_gen tag="--"/>
    </tok_anno>
  </token>
  <token id="t41" trans="gap,," type="token">
    <tok_dipl id="t41_d1" trans="gap" utf="gap"/>
    <tok_anno ascii="gap" id="t41_m1" trans="gap" utf="gap">
      <norm tag="gap"/>
      <lemma tag="gëben/mit(e)+"/>
      <lemma_gen tag="gëben"/>
      <lemma_idmwb tag="47766000"/>
      <pos tag="VVFIN"/>
      <pos_gen tag="VV"/>
      <infl tag="Ind.Past.Sg.3"/>
      <inflClass tag="st5"/>
      <inflClass_gen tag="st5"/>
      <punc tag="S*"/>
    </tok_anno>
  </token>
  <token id="t42" trans="%." type="punc">
    <tok_dipl id="t42_d1" trans="%." utf="·"/>
    <tok_anno ascii="." id="t42_m1" trans="%." utf="·">
      <pos tag="$_"/>
      <pos_gen tag="$_"/>
    </tok_anno>
  </token>
  <token id="t43" trans="da" type="token">
    <tok_dipl id="t43_d1" trans="da" utf="da"/>
    <tok_anno ascii="da" id="t43_m1" trans="da" utf="da">
      <norm tag="dâ"/>
      <lemma tag="dâr"/>
      <lemma_gen tag="dâr/+mit(e)"/>
      <lemma_idmwb tag="???"/>
      <pos tag="AVD"/>
      <pos_gen tag="AVD"/>
      <infl tag="--"/>
      <inflClass tag="--"/>
      <inflClass_gen tag="--"/>
    </tok_anno>
  </token>
  <token id="t44" trans="mite" type="token">
    <tok_dipl id="t44_d1" trans="mite" utf="mite"/>
    <tok_anno ascii="mite" id="t44_m1" trans="mite" utf="mite">
      <norm tag="mite"/>
      <lemma tag="mit(e)/dâr+"/>
      <lemma_gen tag="mit(e)"/>
      <lemma_idmwb tag="113898000"/>
      <pos tag="PAVAP"/>
      <pos_gen tag="AP"/>
      <infl tag="--"/>
      <inflClass tag="--"/>
      <inflClass_gen tag="--"/>
    </tok_anno>
  </token>
  <token id="t45" trans="$i" type="token">
    <tok_dipl id="t45_d1" trans="$i" utf="ſi"/>
    <tok_anno ascii="si" id="t45_m1" trans="$i" utf="ſi">
      <norm tag="sî"/>
      <lemma tag="sîn"/>
      <lemma_gen tag="sîn"/>
      <lemma_idmwb tag="150147000"/>
      <pos tag="VAFIN"/>
      <pos_gen tag="VA"/>
      <infl tag="Subj.Pres.Sg.3"/>
      <inflClass tag="irr"/>
      <inflClass_gen tag="irr"/>
    </tok_anno>
  </token>
  <token id="t46" trans="dir" type="token">
    <tok_dipl id="t46_d1" trans="dir" utf="dir"/>
    <tok_anno ascii="dir" id="t46_m1" trans="dir" utf="dir">
      <norm tag="dir"/>
      <lemma tag="dû"/>
      <lemma_gen tag="dû"/>
      <lemma_idmwb tag="32607000"/>
      <pos tag="PPER"/>
      <pos_gen tag="PPER"/>
      <infl tag="Dat.Sg.2"/>
      <inflClass tag="--"/>
      <inflClass_gen tag="--"/>
    </tok_anno>
  </token>
  <token id="t47" trans="din" type="token">
    <tok_dipl id="t47_d1" trans="din" utf="din"/>
    <tok_anno ascii="din" id="t47_m1" trans="din" utf="din">
      <norm tag="dîn"/>
      <lemma tag="dîn"/>
      <lemma_gen tag="dîn"/>
      <lemma_idmwb tag="30567000"/>
      <pos tag="DPOSA"/>
      <pos_gen tag="DPOS"/>
      <infl tag="Neut.Nom.Sg.0"/>
      <inflClass tag="--"/>
      <inflClass_gen tag="--"/>
    </tok_anno>
  </token>
  <token id="t48" trans="ouga" type="token">
    <tok_dipl id="t48_d1" trans="ouga" utf="ouga"/>
    <tok_anno ascii="ouga" id="t48_m1" trans="ouga" utf="ouga">
      <norm tag="ouge"/>
      <lemma tag="ouge"/>
      <lemma_gen tag="ouge"/>
      <lemma_idmwb tag="125223000"/>
      <pos tag="NA"/>
      <pos_gen tag="NA"/>
      <infl tag="Nom.Sg"/>
      <inflClass tag="wk.Neut"/>
      <inflClass_gen tag="wk.Neut"/>
    </tok_anno>
  </token>
  <token id="t49" trans="ge$egenet.(.)" type="token">
    <tok_dipl id="t49_d1" trans="ge$egenet." utf="geſegenet."/>
    <tok_anno ascii="gesegenet." id="t49_m1" trans="ge$egenet." utf="geſegenet.">
      <norm tag="gesegenet"/>
      <lemma tag="sëgenen"/>
      <lemma_gen tag="sëgenen"/>
      <lemma_idmwb tag="147102000"/>
      <pos tag="VVPP"/>
      <pos_gen tag="VV"/>
      <infl tag="--"/>
      <inflClass tag="wk"/>
      <inflClass_gen tag="wk"/>
      <punc tag="DE"/>
    </tok_anno>
  </token>
  <token id="t50" trans="*(D*)az" type="token">
    <tok_dipl id="t50_d1" trans="*(D*)az" utf="Daz"/>
    <tok_anno ascii="Daz" id="t50_m1" trans="*(D*)az" utf="Daz">
      <norm tag="daz"/>
      <lemma tag="dër"/>
      <lemma_gen tag="dër"/>
      <lemma_idmwb tag="29823000"/>
      <pos tag="DDS"/>
      <pos_gen tag="DD"/>
      <infl tag="Neut.Nom.Sg"/>
      <inflClass tag="--"/>
      <inflClass_gen tag="--"/>
    </tok_anno>
  </token>
  <token id="t51" trans="dir" type="token">
    <tok_dipl id="t51_d1" trans="dir" utf="dir"/>
    <tok_anno ascii="dir" id="t51_m1" trans="dir" utf="dir">
      <norm tag="dir"/>
      <lemma tag="dû"/>
      <lemma_gen tag="dû"/>
      <lemma_idmwb tag="32607000"/>
      <pos tag="PPER"/>
      <pos_gen tag="PPER"/>
      <infl tag="Dat.Sg.2"/>
      <inflClass tag="--"/>
      <inflClass_gen tag="--"/>
    </tok_anno>
  </token>
  <token id="t52" trans="ze||bu\ozza(.)" type="token">
    <tok_dipl id="t52_d1" trans="zebu\ozza" utf="zebuͦzza"/>
    <tok_anno ascii="ze" id="t52_m1" trans="ze|" utf="ze">
      <norm tag="ze"/>
      <token_type tag="MS1"/>
      <lemma tag="ze"/>
      <lemma_gen tag="ze"/>
      <lemma_idmwb tag="235656000"/>
      <pos tag="APPR"/>
      <pos_gen tag="AP"/>
      <infl tag="c.D"/>
      <inflClass tag="--"/>
      <inflClass_gen tag="--"/>
    </tok_anno>
    <tok_anno ascii="buozza" id="t52_m2" trans="|bu\ozza" utf="buͦzza">
      <norm tag="buoze"/>
      <token_type tag="MS2"/>
      <lemma tag="buoz(e)"/>
      <lemma_gen tag="buoz(e)"/>
      <lemma_idmwb tag="???"/>
      <pos tag="NA"/>
      <pos_gen tag="NA"/>
      <infl tag="Dat.Sg"/>
      <inflClass tag="st.Fem"/>
      <inflClass_gen tag="*.Fem"/>
      <punc tag="DE"/>
    </tok_anno>
  </token>
  <token id="t53" trans="%." type="punc">
    <tok_dipl id="t53_d1" trans="%." utf="·"/>
    <tok_anno ascii="." id="t53_m1" trans="%." utf="·">
      <pos tag="$_"/>
      <pos_gen tag="$_"/>
      <punc tag="$E"/>
    </tok_anno>
  </token>
  <token id="t54" trans="am\-(.)" type="token">
    <tok_dipl id="t54_d1" trans="am\-" utf="am̄"/>
    <tok_anno ascii="am" id="t54_m1" trans="am\-" utf="am̄">
      <norm tag="âmen"/>
      <lemma tag="âmen"/>
      <lemma_gen tag="âmen"/>
      <lemma_idmwb tag="5238000"/>
      <pos tag="ITJ"/>
      <pos_gen tag="ITJ"/>
      <infl tag="--"/>
      <inflClass tag="--"/>
      <inflClass_gen tag="--"/>
      <punc tag="DE"/>
    </tok_anno>
  </token>
  <token id="t55" trans="%." type="punc">
    <tok_dipl id="t55_d1" trans="%." utf="·"/>
    <tok_anno ascii="." id="t55_m1" trans="%." utf="·">
      <pos tag="$_"/>
      <pos_gen tag="$_"/>
      <punc tag="$E"/>
    </tok_anno>
  </token>
</text>
