<?xml version='1.0' encoding='UTF-8'?>
<!DOCTYPE text SYSTEM "cora-xml.dtd">
<text id="M029">
  <header>
    <text>Von der Bedeutung der Buchstaben</text>
    <abbr_ddd>Buchst</abbr_ddd>
    <abbr_mwb>Buchst</abbr_mwb>
    <topic>Alltag</topic>
    <text-type>-</text-type>
    <genre>P</genre>
    <reference>Hs.: Blatt (r/v), Zeile</reference>
    <reference-secondary>-</reference-secondary>
    <library>Wien, Österr. Nationalbibl.</library>
    <library-shelfmark>Cod. 2245</library-shelfmark>
    <online>http://www.handschriftencensus.de/11076</online>
    <medium>Handschrift</medium>
    <extent>83v</extent>
    <extract>-</extract>
    <language>mhd</language>
    <language-type>oberdeutsch</language-type>
    <language-region>-</language-region>
    <language-area>-</language-area>
    <place>-</place>
    <time>12,2</time>
    <notes-manuscript>_</notes-manuscript>
    <date>-</date>
    <text-place>-</text-place>
    <text-author>-</text-author>
    <text-language>-</text-language>
    <text-source>-</text-source>
    <edition>Friedrich Wilhelm (Hg.), Denkmäler deutscher Prosa des 11. und 12. Jahrhunderts, Abteilung A: Text; Abteilung B: Kommentar (Münchener Texte 8), München 1914/16 (Nachdruck in einem Band München 1960 [Germanistische Bücherei 3]), Nr. 41, A: S. 113, B: S. 210-214.</edition>
    <corpus>ReM I</corpus>
    <notes-transcription>-</notes-transcription>
    <notes-annotation>-</notes-annotation>
    <digitization_by>Bonn</digitization_by>
    <collation_by>Bochum</collation_by>
    <pre_editing_by>Bochum</pre_editing_by>
    <annotation_by>Bochum</annotation_by>
    <proofreading_by>Bochum</proofreading_by>
  </header>
  <layoutinfo>
    <page id="p1" no="83" range="c1" side="v"/>
    <column id="c1" range="l1..l11"/>
    <line id="l1" name="4" range="t1_d1..t11_d1" loc="83va,4"/>
    <line id="l2" name="5" range="t12_d1..t23_d1" loc="83va,5"/>
    <line id="l3" name="6" range="t24_d1..t36_d1" loc="83va,6"/>
    <line id="l4" name="7" range="t37_d1..t46_d1" loc="83va,7"/>
    <line id="l5" name="8" range="t47_d1..t57_d1" loc="83va,8"/>
    <line id="l6" name="9" range="t58_d1..t73_d1" loc="83va,9"/>
    <line id="l7" name="10" range="t74_d1..t84_d1" loc="83va,10"/>
    <line id="l8" name="11" range="t85_d1..t94_d1" loc="83va,11"/>
    <line id="l9" name="12" range="t95_d1..t107_d1" loc="83va,12"/>
    <line id="l10" name="13" range="t108_d1..t118_d1" loc="83va,13"/>
    <line id="l11" name="14" range="t119_d1..t121_d1" loc="83va,14"/>
  </layoutinfo>
  <shifttags>
    <paren range="t55_m1..t61_m1"/>
  </shifttags>
  <token id="t1" trans="*(A*2)" type="token">
    <tok_dipl id="t1_d1" trans="*(A*2)" utf="A"/>
    <tok_anno ascii="A" id="t1_m1" trans="*(A*2)" utf="A">
      <norm tag="a"/>
      <lemma tag="a"/>
      <lemma_gen tag="a"/>
      <lemma_idmwb tag="???"/>
      <pos tag="NA"/>
      <pos_gen tag="NA"/>
      <infl tag="Nom.Sg"/>
      <inflClass tag="st.Neut"/>
      <inflClass_gen tag="st.Neut"/>
    </tok_anno>
  </token>
  <token id="t2" trans="." type="punc">
    <tok_dipl id="t2_d1" trans="." utf="."/>
    <tok_anno ascii="." id="t2_m1" trans="." utf=".">
      <pos tag="$_"/>
      <pos_gen tag="$_"/>
    </tok_anno>
  </token>
  <token id="t3" trans="bezachinet" type="token">
    <tok_dipl id="t3_d1" trans="bezachinet" utf="bezachinet"/>
    <tok_anno ascii="bezachinet" id="t3_m1" trans="bezachinet" utf="bezachinet">
      <norm tag="bezeichenet"/>
      <lemma tag="be-zèichenen"/>
      <lemma_gen tag="be-zèichenen"/>
      <lemma_idmwb tag="19554000"/>
      <pos tag="VVFIN"/>
      <pos_gen tag="VV"/>
      <infl tag="Ind.Pres.Sg.3"/>
      <inflClass tag="wk"/>
      <inflClass_gen tag="wk"/>
    </tok_anno>
  </token>
  <token id="t4" trans="gvvalt" type="token">
    <tok_dipl id="t4_d1" trans="gvvalt" utf="gvvalt"/>
    <tok_anno ascii="gvvalt" id="t4_m1" trans="gvvalt" utf="gvvalt">
      <norm tag="gewalt"/>
      <lemma tag="ge-walt"/>
      <lemma_gen tag="ge-walt"/>
      <lemma_idmwb tag="59655000"/>
      <pos tag="NA"/>
      <pos_gen tag="NA"/>
      <infl tag="Akk.Sg"/>
      <inflClass tag="stu.Masc,Fem"/>
      <inflClass_gen tag="stu.Masc,Fem"/>
    </tok_anno>
  </token>
  <token id="t5" trans="." type="punc">
    <tok_dipl id="t5_d1" trans="." utf="."/>
    <tok_anno ascii="." id="t5_m1" trans="." utf=".">
      <pos tag="$_"/>
      <pos_gen tag="$_"/>
    </tok_anno>
  </token>
  <token id="t6" trans="oder" type="token">
    <tok_dipl id="t6_d1" trans="oder" utf="oder"/>
    <tok_anno ascii="oder" id="t6_m1" trans="oder" utf="oder">
      <norm tag="oder"/>
      <lemma tag="oder"/>
      <lemma_gen tag="oder"/>
      <lemma_idmwb tag="123531000"/>
      <pos tag="KON"/>
      <pos_gen tag="KO"/>
      <infl tag="--"/>
      <inflClass tag="--"/>
      <inflClass_gen tag="--"/>
    </tok_anno>
  </token>
  <token id="t7" trans="lip," type="token">
    <tok_dipl id="t7_d1" trans="lip" utf="lip"/>
    <tok_anno ascii="lip" id="t7_m1" trans="lip" utf="lip">
      <norm tag="lîp"/>
      <lemma tag="lîb"/>
      <lemma_gen tag="lîb"/>
      <lemma_idmwb tag="103638000"/>
      <pos tag="NA"/>
      <pos_gen tag="NA"/>
      <infl tag="Akk.Sg"/>
      <inflClass tag="st.Masc,Neut"/>
      <inflClass_gen tag="st.Masc,Neut"/>
      <punc tag="N*"/>
    </tok_anno>
  </token>
  <token id="t8" trans="." type="punc">
    <tok_dipl id="t8_d1" trans="." utf="."/>
    <tok_anno ascii="." id="t8_m1" trans="." utf=".">
      <pos tag="$_"/>
      <pos_gen tag="$_"/>
    </tok_anno>
  </token>
  <token id="t9" trans="*(B*)" type="token">
    <tok_dipl id="t9_d1" trans="*(B*)" utf="B"/>
    <tok_anno ascii="B" id="t9_m1" trans="*(B*)" utf="B">
      <norm tag="p"/>
      <lemma tag="b"/>
      <lemma_gen tag="b"/>
      <lemma_idmwb tag="???"/>
      <pos tag="NA"/>
      <pos_gen tag="NA"/>
      <infl tag="Nom.Sg"/>
      <inflClass tag="st.Neut"/>
      <inflClass_gen tag="st.Neut"/>
    </tok_anno>
  </token>
  <token id="t10" trans="." type="punc">
    <tok_dipl id="t10_d1" trans="." utf="."/>
    <tok_anno ascii="." id="t10_m1" trans="." utf=".">
      <pos tag="$_"/>
      <pos_gen tag="$_"/>
    </tok_anno>
  </token>
  <token id="t11" trans="gvvalt" type="token">
    <tok_dipl id="t11_d1" trans="gvvalt" utf="gvvalt"/>
    <tok_anno ascii="gvvalt" id="t11_m1" trans="gvvalt" utf="gvvalt">
      <norm tag="gewalt"/>
      <lemma tag="ge-walt"/>
      <lemma_gen tag="ge-walt"/>
      <lemma_idmwb tag="59655000"/>
      <pos tag="NA"/>
      <pos_gen tag="NA"/>
      <infl tag="Akk.Sg"/>
      <inflClass tag="stu.Masc,Fem"/>
      <inflClass_gen tag="stu.Masc,Fem"/>
    </tok_anno>
  </token>
  <token id="t12" trans="oder" type="token">
    <tok_dipl id="t12_d1" trans="oder" utf="oder"/>
    <tok_anno ascii="oder" id="t12_m1" trans="oder" utf="oder">
      <norm tag="oder"/>
      <lemma tag="oder"/>
      <lemma_gen tag="oder"/>
      <lemma_idmwb tag="123531000"/>
      <pos tag="KON"/>
      <pos_gen tag="KO"/>
      <infl tag="--"/>
      <inflClass tag="--"/>
      <inflClass_gen tag="--"/>
    </tok_anno>
  </token>
  <token id="t13" trans="urlouge," type="token">
    <tok_dipl id="t13_d1" trans="urlouge" utf="urlouge"/>
    <tok_anno ascii="urlouge" id="t13_m1" trans="urlouge" utf="urlouge">
      <norm tag="urlouge"/>
      <lemma tag="ur-louge"/>
      <lemma_gen tag="ur-louge"/>
      <lemma_idmwb tag="194385000"/>
      <pos tag="NA"/>
      <pos_gen tag="NA"/>
      <infl tag="Akk.Sg"/>
      <inflClass tag="st.Neut"/>
      <inflClass_gen tag="st.Neut"/>
      <punc tag="N*"/>
    </tok_anno>
  </token>
  <token id="t14" trans="." type="punc">
    <tok_dipl id="t14_d1" trans="." utf="."/>
    <tok_anno ascii="." id="t14_m1" trans="." utf=".">
      <pos tag="$_"/>
      <pos_gen tag="$_"/>
    </tok_anno>
  </token>
  <token id="t15" trans="*(C*)" type="token">
    <tok_dipl id="t15_d1" trans="*(C*)" utf="C"/>
    <tok_anno ascii="C" id="t15_m1" trans="*(C*)" utf="C">
      <norm tag="c"/>
      <lemma tag="c"/>
      <lemma_gen tag="c"/>
      <lemma_idmwb tag="???"/>
      <pos tag="NA"/>
      <pos_gen tag="NA"/>
      <infl tag="Nom.Sg"/>
      <inflClass tag="st.Neut"/>
      <inflClass_gen tag="st.Neut"/>
    </tok_anno>
  </token>
  <token id="t16" trans="." type="punc">
    <tok_dipl id="t16_d1" trans="." utf="."/>
    <tok_anno ascii="." id="t16_m1" trans="." utf=".">
      <pos tag="$_"/>
      <pos_gen tag="$_"/>
    </tok_anno>
  </token>
  <token id="t17" trans="unde" type="token">
    <tok_dipl id="t17_d1" trans="unde" utf="unde"/>
    <tok_anno ascii="unde" id="t17_m1" trans="unde" utf="unde">
      <norm tag="unde"/>
      <lemma tag="unte"/>
      <lemma_gen tag="unte"/>
      <lemma_idmwb tag="183108000"/>
      <pos tag="KON"/>
      <pos_gen tag="KO"/>
      <infl tag="--"/>
      <inflClass tag="--"/>
      <inflClass_gen tag="--"/>
    </tok_anno>
  </token>
  <token id="t18" trans="*(D*)" type="token">
    <tok_dipl id="t18_d1" trans="*(D*)" utf="D"/>
    <tok_anno ascii="D" id="t18_m1" trans="*(D*)" utf="D">
      <norm tag="t"/>
      <lemma tag="d"/>
      <lemma_gen tag="d"/>
      <lemma_idmwb tag="???"/>
      <pos tag="NA"/>
      <pos_gen tag="NA"/>
      <infl tag="Nom.Sg"/>
      <inflClass tag="st.Neut"/>
      <inflClass_gen tag="st.Neut"/>
    </tok_anno>
  </token>
  <token id="t19" trans="." type="punc">
    <tok_dipl id="t19_d1" trans="." utf="."/>
    <tok_anno ascii="." id="t19_m1" trans="." utf=".">
      <pos tag="$_"/>
      <pos_gen tag="$_"/>
    </tok_anno>
  </token>
  <token id="t20" trans="trube$al" type="token">
    <tok_dipl id="t20_d1" trans="trube$al" utf="trubeſal"/>
    <tok_anno ascii="trubesal" id="t20_m1" trans="trube$al" utf="trubeſal">
      <norm tag="trüebesal"/>
      <lemma tag="trüèbesal"/>
      <lemma_gen tag="trüèbesal"/>
      <lemma_idmwb tag="172092000"/>
      <pos tag="NA"/>
      <pos_gen tag="NA"/>
      <infl tag="Akk.Sg"/>
      <inflClass tag="st.*."/>
      <inflClass_gen tag="st.*."/>
    </tok_anno>
  </token>
  <token id="t21" trans="un" type="token">
    <tok_dipl id="t21_d1" trans="un" utf="un"/>
    <tok_anno ascii="un" id="t21_m1" trans="un" utf="un">
      <norm tag="und"/>
      <lemma tag="unte"/>
      <lemma_gen tag="unte"/>
      <lemma_idmwb tag="183108000"/>
      <pos tag="KON"/>
      <pos_gen tag="KO"/>
      <infl tag="--"/>
      <inflClass tag="--"/>
      <inflClass_gen tag="--"/>
    </tok_anno>
  </token>
  <token id="t22" trans="tot," type="token">
    <tok_dipl id="t22_d1" trans="tot" utf="tot"/>
    <tok_anno ascii="tot" id="t22_m1" trans="tot" utf="tot">
      <norm tag="tôt"/>
      <lemma tag="tôd"/>
      <lemma_gen tag="tôd"/>
      <lemma_idmwb tag="169518000"/>
      <pos tag="NA"/>
      <pos_gen tag="NA"/>
      <infl tag="Akk.Sg"/>
      <inflClass tag="st(u).Masc"/>
      <inflClass_gen tag="st(u).Masc"/>
      <punc tag="N*"/>
    </tok_anno>
  </token>
  <token id="t23" trans="." type="punc">
    <tok_dipl id="t23_d1" trans="." utf="."/>
    <tok_anno ascii="." id="t23_m1" trans="." utf=".">
      <pos tag="$_"/>
      <pos_gen tag="$_"/>
    </tok_anno>
  </token>
  <token id="t24" trans="*(E*)" type="token">
    <tok_dipl id="t24_d1" trans="*(E*)" utf="E"/>
    <tok_anno ascii="E" id="t24_m1" trans="*(E*)" utf="E">
      <norm tag="e"/>
      <lemma tag="è"/>
      <lemma_gen tag="è"/>
      <lemma_idmwb tag="???"/>
      <pos tag="NA"/>
      <pos_gen tag="NA"/>
      <infl tag="Nom.Sg"/>
      <inflClass tag="st.Neut"/>
      <inflClass_gen tag="st.Neut"/>
    </tok_anno>
  </token>
  <token id="t25" trans="." type="punc">
    <tok_dipl id="t25_d1" trans="." utf="."/>
    <tok_anno ascii="." id="t25_m1" trans="." utf=".">
      <pos tag="$_"/>
      <pos_gen tag="$_"/>
    </tok_anno>
  </token>
  <token id="t26" trans="unde" type="token">
    <tok_dipl id="t26_d1" trans="unde" utf="unde"/>
    <tok_anno ascii="unde" id="t26_m1" trans="unde" utf="unde">
      <norm tag="unde"/>
      <lemma tag="unte"/>
      <lemma_gen tag="unte"/>
      <lemma_idmwb tag="183108000"/>
      <pos tag="KON"/>
      <pos_gen tag="KO"/>
      <infl tag="--"/>
      <inflClass tag="--"/>
      <inflClass_gen tag="--"/>
    </tok_anno>
  </token>
  <token id="t27" trans="F" type="token">
    <tok_dipl id="t27_d1" trans="F" utf="F"/>
    <tok_anno ascii="F" id="t27_m1" trans="F" utf="F">
      <norm tag="f"/>
      <lemma tag="f"/>
      <lemma_gen tag="f"/>
      <lemma_idmwb tag="???"/>
      <pos tag="NA"/>
      <pos_gen tag="NA"/>
      <infl tag="Nom.Sg"/>
      <inflClass tag="st.Neut"/>
      <inflClass_gen tag="st.Neut"/>
    </tok_anno>
  </token>
  <comment type="K">/K[F.: üdZ]</comment>
  <token id="t28" trans="." type="punc">
    <tok_dipl id="t28_d1" trans="." utf="."/>
    <tok_anno ascii="." id="t28_m1" trans="." utf=".">
      <pos tag="$_"/>
      <pos_gen tag="$_"/>
    </tok_anno>
  </token>
  <token id="t29" trans="edeli||blut.," type="token">
    <tok_dipl id="t29_d1" trans="edeliblut." utf="edeliblut."/>
    <tok_anno ascii="edeli" id="t29_m1" trans="edeli|" utf="edeli">
      <norm tag="edele"/>
      <token_type tag="MS1"/>
      <lemma tag="èdel(e)"/>
      <lemma_gen tag="èdel(e)"/>
      <lemma_idmwb tag="35196000"/>
      <pos tag="ADJA"/>
      <pos_gen tag="ADJ"/>
      <infl tag="Pos.Neut.Akk.Sg.wk"/>
      <inflClass tag="--"/>
      <inflClass_gen tag="--"/>
    </tok_anno>
    <tok_anno ascii="blut." id="t29_m2" trans="|blut." utf="blut.">
      <norm tag="bluot"/>
      <token_type tag="MS2"/>
      <lemma tag="bluot"/>
      <lemma_gen tag="bluot"/>
      <lemma_idmwb tag="22908000"/>
      <pos tag="NA"/>
      <pos_gen tag="NA"/>
      <infl tag="Akk.Sg"/>
      <inflClass tag="st.Neut"/>
      <inflClass_gen tag="st.Neut"/>
      <punc tag="N*"/>
    </tok_anno>
  </token>
  <token id="t30" trans="*(G*)" type="token">
    <tok_dipl id="t30_d1" trans="*(G*)" utf="G"/>
    <tok_anno ascii="G" id="t30_m1" trans="*(G*)" utf="G">
      <norm tag="c"/>
      <lemma tag="g"/>
      <lemma_gen tag="g"/>
      <lemma_idmwb tag="???"/>
      <pos tag="NA"/>
      <pos_gen tag="NA"/>
      <infl tag="Nom.Sg"/>
      <inflClass tag="st.Neut"/>
      <inflClass_gen tag="st.Neut"/>
    </tok_anno>
  </token>
  <token id="t31" trans="." type="punc">
    <tok_dipl id="t31_d1" trans="." utf="."/>
    <tok_anno ascii="." id="t31_m1" trans="." utf=".">
      <pos tag="$_"/>
      <pos_gen tag="$_"/>
    </tok_anno>
  </token>
  <token id="t32" trans="manne$" type="token">
    <tok_dipl id="t32_d1" trans="manne$" utf="manneſ"/>
    <tok_anno ascii="mannes" id="t32_m1" trans="manne$" utf="manneſ">
      <norm tag="mannes"/>
      <lemma tag="mann"/>
      <lemma_gen tag="mann"/>
      <lemma_idmwb tag="107373000"/>
      <pos tag="NA"/>
      <pos_gen tag="NA"/>
      <infl tag="Gen.Sg"/>
      <inflClass tag="st.Masc"/>
      <inflClass_gen tag="st.Masc"/>
    </tok_anno>
  </token>
  <token id="t33" trans="ual" type="token">
    <tok_dipl id="t33_d1" trans="ual" utf="ual"/>
    <tok_anno ascii="ual" id="t33_m1" trans="ual" utf="ual">
      <norm tag="val"/>
      <lemma tag="vall"/>
      <lemma_gen tag="vall"/>
      <lemma_idmwb tag="197796000"/>
      <pos tag="NA"/>
      <pos_gen tag="NA"/>
      <infl tag="Akk.Sg"/>
      <inflClass tag="st.Masc"/>
      <inflClass_gen tag="st.Masc"/>
    </tok_anno>
  </token>
  <token id="t34" trans="." type="punc">
    <tok_dipl id="t34_d1" trans="." utf="."/>
    <tok_anno ascii="." id="t34_m1" trans="." utf=".">
      <pos tag="$_"/>
      <pos_gen tag="$_"/>
    </tok_anno>
  </token>
  <token id="t35" trans="od'" type="token">
    <tok_dipl id="t35_d1" trans="od'" utf="odˢ"/>
    <tok_anno ascii="oder" id="t35_m1" trans="od'" utf="odˢ">
      <norm tag="oder"/>
      <lemma tag="oder"/>
      <lemma_gen tag="oder"/>
      <lemma_idmwb tag="123531000"/>
      <pos tag="KON"/>
      <pos_gen tag="KO"/>
      <infl tag="--"/>
      <inflClass tag="--"/>
      <inflClass_gen tag="--"/>
    </tok_anno>
  </token>
  <token id="t36" trans="vvibe$" type="token">
    <tok_dipl id="t36_d1" trans="vvibe$" utf="vvibeſ"/>
    <tok_anno ascii="vvibes" id="t36_m1" trans="vvibe$" utf="vvibeſ">
      <norm tag="wîbes"/>
      <lemma tag="wîb"/>
      <lemma_gen tag="wîb"/>
      <lemma_idmwb tag="231363000"/>
      <pos tag="NA"/>
      <pos_gen tag="NA"/>
      <infl tag="Gen.Sg"/>
      <inflClass tag="st.Neut"/>
      <inflClass_gen tag="st.Neut"/>
    </tok_anno>
  </token>
  <token id="t37" trans="val" type="token">
    <tok_dipl id="t37_d1" trans="val" utf="val"/>
    <tok_anno ascii="val" id="t37_m1" trans="val" utf="val">
      <norm tag="val"/>
      <lemma tag="vall"/>
      <lemma_gen tag="vall"/>
      <lemma_idmwb tag="197796000"/>
      <pos tag="NA"/>
      <pos_gen tag="NA"/>
      <infl tag="Akk.Sg"/>
      <inflClass tag="st.Masc"/>
      <inflClass_gen tag="st.Masc"/>
    </tok_anno>
  </token>
  <token id="t38" trans="." type="punc">
    <tok_dipl id="t38_d1" trans="." utf="."/>
    <tok_anno ascii="." id="t38_m1" trans="." utf=".">
      <pos tag="$_"/>
      <pos_gen tag="$_"/>
    </tok_anno>
  </token>
  <token id="t39" trans="od'" type="token">
    <tok_dipl id="t39_d1" trans="od'" utf="odˢ"/>
    <tok_anno ascii="oder" id="t39_m1" trans="od'" utf="odˢ">
      <norm tag="oder"/>
      <lemma tag="oder"/>
      <lemma_gen tag="oder"/>
      <lemma_idmwb tag="123531000"/>
      <pos tag="KON"/>
      <pos_gen tag="KO"/>
      <infl tag="--"/>
      <inflClass tag="--"/>
      <inflClass_gen tag="--"/>
    </tok_anno>
  </token>
  <token id="t40" trans="reine" type="token">
    <tok_dipl id="t40_d1" trans="reine" utf="reine"/>
    <tok_anno ascii="reine" id="t40_m1" trans="reine" utf="reine">
      <norm tag="reine"/>
      <lemma tag="rèin(e)"/>
      <lemma_gen tag="rèin(e)"/>
      <lemma_idmwb tag="133287000"/>
      <pos tag="ADJA"/>
      <pos_gen tag="ADJ"/>
      <infl tag="Pos.Neut.Akk.Sg.wk"/>
      <inflClass tag="--"/>
      <inflClass_gen tag="--"/>
    </tok_anno>
  </token>
  <token id="t41" trans="mu\ot.," type="token">
    <tok_dipl id="t41_d1" trans="mu\ot." utf="muͦt."/>
    <tok_anno ascii="muot." id="t41_m1" trans="mu\ot." utf="muͦt.">
      <norm tag="muot"/>
      <lemma tag="muot"/>
      <lemma_gen tag="muot"/>
      <lemma_idmwb tag="116904000"/>
      <pos tag="NA"/>
      <pos_gen tag="NA"/>
      <infl tag="Akk.Sg"/>
      <inflClass tag="st(u).Neut"/>
      <inflClass_gen tag="st(u).Masc,Neut"/>
      <punc tag="N*"/>
    </tok_anno>
  </token>
  <token id="t42" trans="*(I*)" type="token">
    <tok_dipl id="t42_d1" trans="*(I*)" utf="I"/>
    <tok_anno ascii="I" id="t42_m1" trans="*(I*)" utf="I">
      <norm tag="i"/>
      <lemma tag="i"/>
      <lemma_gen tag="i"/>
      <lemma_idmwb tag="???"/>
      <pos tag="NA"/>
      <pos_gen tag="NA"/>
      <infl tag="Nom.Sg"/>
      <inflClass tag="st.Neut"/>
      <inflClass_gen tag="st.Neut"/>
    </tok_anno>
  </token>
  <token id="t43" trans="guten" type="token">
    <tok_dipl id="t43_d1" trans="guten" utf="guten"/>
    <tok_anno ascii="guten" id="t43_m1" trans="guten" utf="guten">
      <norm tag="guoten"/>
      <lemma tag="guot"/>
      <lemma_gen tag="guot"/>
      <lemma_idmwb tag="66528000"/>
      <pos tag="ADJA"/>
      <pos_gen tag="ADJ"/>
      <infl tag="Pos.Masc.Akk.Sg.*"/>
      <inflClass tag="--"/>
      <inflClass_gen tag="--"/>
    </tok_anno>
  </token>
  <token id="t44" trans="lip," type="token">
    <tok_dipl id="t44_d1" trans="lip" utf="lip"/>
    <tok_anno ascii="lip" id="t44_m1" trans="lip" utf="lip">
      <norm tag="lîp"/>
      <lemma tag="lîb"/>
      <lemma_gen tag="lîb"/>
      <lemma_idmwb tag="???"/>
      <pos tag="NA"/>
      <pos_gen tag="NA"/>
      <infl tag="Akk.Sg"/>
      <inflClass tag="st.Masc"/>
      <inflClass_gen tag="st.Masc"/>
      <punc tag="N*"/>
    </tok_anno>
  </token>
  <token id="t45" trans="*(K*)" type="token">
    <tok_dipl id="t45_d1" trans="*(K*)" utf="K"/>
    <tok_anno ascii="K" id="t45_m1" trans="*(K*)" utf="K">
      <norm tag="c"/>
      <lemma tag="k"/>
      <lemma_gen tag="k"/>
      <lemma_idmwb tag="???"/>
      <pos tag="NA"/>
      <pos_gen tag="NA"/>
      <infl tag="Nom.Sg"/>
      <inflClass tag="st.Neut"/>
      <inflClass_gen tag="st.Neut"/>
    </tok_anno>
  </token>
  <token id="t46" trans="tumpliche" type="token">
    <tok_dipl id="t46_d1" trans="tumpliche" utf="tumpliche"/>
    <tok_anno ascii="tumpliche" id="t46_m1" trans="tumpliche" utf="tumpliche">
      <norm tag="tumplîche"/>
      <lemma tag="tumb-lich"/>
      <lemma_gen tag="tumb-lich"/>
      <lemma_idmwb tag="173334000"/>
      <pos tag="ADJA"/>
      <pos_gen tag="ADJ"/>
      <infl tag="Pos.Fem.Akk.Sg.st"/>
      <inflClass tag="--"/>
      <inflClass_gen tag="--"/>
    </tok_anno>
  </token>
  <token id="t47" trans="frovde.," type="token">
    <tok_dipl id="t47_d1" trans="frovde." utf="frovde."/>
    <tok_anno ascii="frovde." id="t47_m1" trans="frovde." utf="frovde.">
      <norm tag="vröuwede"/>
      <lemma tag="vröu(we)de"/>
      <lemma_gen tag="vröu(we)de"/>
      <lemma_idmwb tag="216696000"/>
      <pos tag="NA"/>
      <pos_gen tag="NA"/>
      <infl tag="Akk.Sg"/>
      <inflClass tag="st.Fem"/>
      <inflClass_gen tag="*.Fem"/>
      <punc tag="N*"/>
    </tok_anno>
  </token>
  <token id="t48" trans="*(L*)" type="token">
    <tok_dipl id="t48_d1" trans="*(L*)" utf="L"/>
    <tok_anno ascii="L" id="t48_m1" trans="*(L*)" utf="L">
      <norm tag="l"/>
      <lemma tag="l"/>
      <lemma_gen tag="l"/>
      <lemma_idmwb tag="???"/>
      <pos tag="NA"/>
      <pos_gen tag="NA"/>
      <infl tag="Nom.Sg"/>
      <inflClass tag="st.Neut"/>
      <inflClass_gen tag="st.Neut"/>
    </tok_anno>
  </token>
  <token id="t49" trans="ere," type="token">
    <tok_dipl id="t49_d1" trans="ere" utf="ere"/>
    <tok_anno ascii="ere" id="t49_m1" trans="ere" utf="ere">
      <norm tag="êre"/>
      <lemma tag="êre"/>
      <lemma_gen tag="êre"/>
      <lemma_idmwb tag="41379000"/>
      <pos tag="NA"/>
      <pos_gen tag="NA"/>
      <infl tag="Akk.Sg"/>
      <inflClass tag="st.Fem"/>
      <inflClass_gen tag="*.Fem"/>
      <punc tag="N*"/>
    </tok_anno>
  </token>
  <token id="t50" trans="." type="punc">
    <tok_dipl id="t50_d1" trans="." utf="."/>
    <tok_anno ascii="." id="t50_m1" trans="." utf=".">
      <pos tag="$_"/>
      <pos_gen tag="$_"/>
    </tok_anno>
  </token>
  <token id="t51" trans="*(M*)" type="token">
    <tok_dipl id="t51_d1" trans="*(M*)" utf="M"/>
    <tok_anno ascii="M" id="t51_m1" trans="*(M*)" utf="M">
      <norm tag="m"/>
      <lemma tag="m"/>
      <lemma_gen tag="m"/>
      <lemma_idmwb tag="???"/>
      <pos tag="NA"/>
      <pos_gen tag="NA"/>
      <infl tag="Nom.Sg"/>
      <inflClass tag="st.Neut"/>
      <inflClass_gen tag="st.Neut"/>
    </tok_anno>
  </token>
  <token id="t52" trans="michel" type="token">
    <tok_dipl id="t52_d1" trans="michel" utf="michel"/>
    <tok_anno ascii="michel" id="t52_m1" trans="michel" utf="michel">
      <norm tag="michel"/>
      <lemma tag="michel"/>
      <lemma_gen tag="michel"/>
      <lemma_idmwb tag="111615000"/>
      <pos tag="ADJA"/>
      <pos_gen tag="ADJ"/>
      <infl tag="Pos.Neut.Akk.Sg.wk"/>
      <inflClass tag="--"/>
      <inflClass_gen tag="--"/>
    </tok_anno>
  </token>
  <token id="t53" trans="$er," type="token">
    <tok_dipl id="t53_d1" trans="$er" utf="ſer"/>
    <tok_anno ascii="ser" id="t53_m1" trans="$er" utf="ſer">
      <norm tag="sêr"/>
      <lemma tag="sêr"/>
      <lemma_gen tag="sêr"/>
      <lemma_idmwb tag="148716000"/>
      <pos tag="NA"/>
      <pos_gen tag="NA"/>
      <infl tag="Akk.Sg"/>
      <inflClass tag="st.Masc"/>
      <inflClass_gen tag="st.Masc,Neut"/>
      <punc tag="N*"/>
    </tok_anno>
  </token>
  <token id="t54" trans="." type="punc">
    <tok_dipl id="t54_d1" trans="." utf="."/>
    <tok_anno ascii="." id="t54_m1" trans="." utf=".">
      <pos tag="$_"/>
      <pos_gen tag="$_"/>
    </tok_anno>
  </token>
  <token id="t55" trans="*(N*),,(" type="token">
    <tok_dipl id="t55_d1" trans="*(N*)" utf="N"/>
    <tok_anno ascii="N" id="t55_m1" trans="*(N*)" utf="N">
      <norm tag="n"/>
      <lemma tag="n"/>
      <lemma_gen tag="n"/>
      <lemma_idmwb tag="???"/>
      <pos tag="NA"/>
      <pos_gen tag="NA"/>
      <infl tag="Nom.Sg"/>
      <inflClass tag="st.Neut"/>
      <inflClass_gen tag="st.Neut"/>
    </tok_anno>
  </token>
  <token id="t56" trans="du" type="token">
    <tok_dipl id="t56_d1" trans="du" utf="du"/>
    <tok_anno ascii="du" id="t56_m1" trans="du" utf="du">
      <norm tag="dû"/>
      <lemma tag="dû"/>
      <lemma_gen tag="dû"/>
      <lemma_idmwb tag="32607000"/>
      <pos tag="PPER"/>
      <pos_gen tag="PPER"/>
      <infl tag="Nom.Sg.2"/>
      <inflClass tag="--"/>
      <inflClass_gen tag="--"/>
    </tok_anno>
  </token>
  <token id="t57" trans="ge$iche$,," type="token">
    <tok_dipl id="t57_d1" trans="ge$iche$" utf="geſicheſ"/>
    <tok_anno ascii="gesiches" id="t57_m1" trans="ge$iche$" utf="geſicheſ">
      <norm tag="gesehes"/>
      <lemma tag="ge-sëhen"/>
      <lemma_gen tag="ge-sëhen"/>
      <lemma_idmwb tag="56265000"/>
      <pos tag="VVFIN"/>
      <pos_gen tag="VV"/>
      <infl tag="*.Pres.Sg.2"/>
      <inflClass tag="st5"/>
      <inflClass_gen tag="st5"/>
      <punc tag="S*"/>
    </tok_anno>
  </token>
  <token id="t58" trans="daz" type="token">
    <tok_dipl id="t58_d1" trans="daz" utf="daz"/>
    <tok_anno ascii="daz" id="t58_m1" trans="daz" utf="daz">
      <norm tag="daz"/>
      <lemma tag="dër"/>
      <lemma_gen tag="dër"/>
      <lemma_idmwb tag="29823000"/>
      <pos tag="DDS"/>
      <pos_gen tag="DD"/>
      <infl tag="Neut.Akk.Sg"/>
      <inflClass tag="--"/>
      <inflClass_gen tag="--"/>
    </tok_anno>
  </token>
  <token id="t59" trans="dir" type="token">
    <tok_dipl id="t59_d1" trans="dir" utf="dir"/>
    <tok_anno ascii="dir" id="t59_m1" trans="dir" utf="dir">
      <norm tag="dir"/>
      <lemma tag="dû"/>
      <lemma_gen tag="dû"/>
      <lemma_idmwb tag="32607000"/>
      <pos tag="PPER"/>
      <pos_gen tag="PPER"/>
      <infl tag="Dat.Sg.2"/>
      <inflClass tag="--"/>
      <inflClass_gen tag="--"/>
    </tok_anno>
  </token>
  <token id="t60" trans="lib" type="token">
    <tok_dipl id="t60_d1" trans="lib" utf="lib"/>
    <tok_anno ascii="lib" id="t60_m1" trans="lib" utf="lib">
      <norm tag="liep"/>
      <lemma tag="lièb"/>
      <lemma_gen tag="lièb"/>
      <lemma_idmwb tag="102879000"/>
      <pos tag="ADJD"/>
      <pos_gen tag="ADJ"/>
      <infl tag="Pos....0"/>
      <inflClass tag="--"/>
      <inflClass_gen tag="--"/>
    </tok_anno>
  </token>
  <token id="t61" trans="i$t,,)" type="token">
    <tok_dipl id="t61_d1" trans="i$t" utf="iſt"/>
    <tok_anno ascii="ist" id="t61_m1" trans="i$t" utf="iſt">
      <norm tag="ist"/>
      <lemma tag="sîn"/>
      <lemma_gen tag="sîn"/>
      <lemma_idmwb tag="150147000"/>
      <pos tag="VAFIN"/>
      <pos_gen tag="VA"/>
      <infl tag="Ind.Pres.Sg.3"/>
      <inflClass tag="irr"/>
      <inflClass_gen tag="irr"/>
    </tok_anno>
  </token>
  <token id="t62" trans="." type="punc">
    <tok_dipl id="t62_d1" trans="." utf="."/>
    <tok_anno ascii="." id="t62_m1" trans="." utf=".">
      <pos tag="$_"/>
      <pos_gen tag="$_"/>
    </tok_anno>
  </token>
  <token id="t63" trans="*(O*)" type="token">
    <tok_dipl id="t63_d1" trans="*(O*)" utf="O"/>
    <tok_anno ascii="O" id="t63_m1" trans="*(O*)" utf="O">
      <norm tag="o"/>
      <lemma tag="o"/>
      <lemma_gen tag="o"/>
      <lemma_idmwb tag="123030000"/>
      <pos tag="NA"/>
      <pos_gen tag="NA"/>
      <infl tag="Nom.Sg"/>
      <inflClass tag="st.Neut"/>
      <inflClass_gen tag="st.Neut"/>
    </tok_anno>
  </token>
  <token id="t64" trans="." type="punc">
    <tok_dipl id="t64_d1" trans="." utf="."/>
    <tok_anno ascii="." id="t64_m1" trans="." utf=".">
      <pos tag="$_"/>
      <pos_gen tag="$_"/>
    </tok_anno>
  </token>
  <token id="t65" trans="gvvalt" type="token">
    <tok_dipl id="t65_d1" trans="gvvalt" utf="gvvalt"/>
    <tok_anno ascii="gvvalt" id="t65_m1" trans="gvvalt" utf="gvvalt">
      <norm tag="gewalt"/>
      <lemma tag="ge-walt"/>
      <lemma_gen tag="ge-walt"/>
      <lemma_idmwb tag="59655000"/>
      <pos tag="NA"/>
      <pos_gen tag="NA"/>
      <infl tag="Akk.Sg"/>
      <inflClass tag="stu.Masc,Fem"/>
      <inflClass_gen tag="stu.Masc,Fem"/>
    </tok_anno>
  </token>
  <token id="t66" trans="od'" type="token">
    <tok_dipl id="t66_d1" trans="od'" utf="odˢ"/>
    <tok_anno ascii="oder" id="t66_m1" trans="od'" utf="odˢ">
      <norm tag="oder"/>
      <lemma tag="oder"/>
      <lemma_gen tag="oder"/>
      <lemma_idmwb tag="123531000"/>
      <pos tag="KON"/>
      <pos_gen tag="KO"/>
      <infl tag="--"/>
      <inflClass tag="--"/>
      <inflClass_gen tag="--"/>
    </tok_anno>
  </token>
  <token id="t67" trans="din" type="token">
    <tok_dipl id="t67_d1" trans="din" utf="din"/>
    <tok_anno ascii="din" id="t67_m1" trans="din" utf="din">
      <norm tag="dîn"/>
      <lemma tag="dîn"/>
      <lemma_gen tag="dîn"/>
      <lemma_idmwb tag="30567000"/>
      <pos tag="DPOSA"/>
      <pos_gen tag="DPOS"/>
      <infl tag="Masc.Akk.Sg.0"/>
      <inflClass tag="--"/>
      <inflClass_gen tag="--"/>
    </tok_anno>
  </token>
  <token id="t68" trans="lip," type="token">
    <tok_dipl id="t68_d1" trans="lip" utf="lip"/>
    <tok_anno ascii="lip" id="t68_m1" trans="lip" utf="lip">
      <norm tag="lîp"/>
      <lemma tag="lîb"/>
      <lemma_gen tag="lîb"/>
      <lemma_idmwb tag="103638000"/>
      <pos tag="NA"/>
      <pos_gen tag="NA"/>
      <infl tag="Akk.Sg"/>
      <inflClass tag="st.Masc,Neut"/>
      <inflClass_gen tag="st.Masc,Neut"/>
      <punc tag="N*"/>
    </tok_anno>
  </token>
  <token id="t69" trans="." type="punc">
    <tok_dipl id="t69_d1" trans="." utf="."/>
    <tok_anno ascii="." id="t69_m1" trans="." utf=".">
      <pos tag="$_"/>
      <pos_gen tag="$_"/>
    </tok_anno>
  </token>
  <token id="t70" trans="*(B*)" type="token">
    <tok_dipl id="t70_d1" trans="*(B*)" utf="B"/>
    <tok_anno ascii="B" id="t70_m1" trans="*(B*)" utf="B">
      <norm tag="p"/>
      <lemma tag="b"/>
      <lemma_gen tag="b"/>
      <lemma_idmwb tag="???"/>
      <pos tag="NA"/>
      <pos_gen tag="NA"/>
      <infl tag="Nom.Sg"/>
      <inflClass tag="st.Neut"/>
      <inflClass_gen tag="st.Neut"/>
    </tok_anno>
  </token>
  <token id="t71" trans="*(P*)" type="token">
    <tok_dipl id="t71_d1" trans="*(P*)" utf="P"/>
    <tok_anno ascii="P" id="t71_m1" trans="*(P*)" utf="P">
      <norm tag="p"/>
      <lemma tag="p"/>
      <lemma_gen tag="p"/>
      <lemma_idmwb tag="???"/>
      <pos tag="NA"/>
      <pos_gen tag="NA"/>
      <infl tag="Nom.Sg"/>
      <inflClass tag="st.Neut"/>
      <inflClass_gen tag="st.Neut"/>
    </tok_anno>
  </token>
  <comment type="K">/K[[*(B*)] *(P*).: {*(P*)} üdZ]</comment>
  <token id="t72" trans="." type="punc">
    <tok_dipl id="t72_d1" trans="." utf="."/>
    <tok_anno ascii="." id="t72_m1" trans="." utf=".">
      <pos tag="$_"/>
      <pos_gen tag="$_"/>
    </tok_anno>
  </token>
  <token id="t73" trans="allen" type="token">
    <tok_dipl id="t73_d1" trans="allen" utf="allen"/>
    <tok_anno ascii="allen" id="t73_m1" trans="allen" utf="allen">
      <norm tag="allen"/>
      <lemma tag="all"/>
      <lemma_gen tag="all"/>
      <lemma_idmwb tag="3531000"/>
      <pos tag="DIA"/>
      <pos_gen tag="DI"/>
      <infl tag="Masc.Akk.Sg.st"/>
      <inflClass tag="--"/>
      <inflClass_gen tag="--"/>
    </tok_anno>
  </token>
  <token id="t74" trans="li$t," type="token">
    <tok_dipl id="t74_d1" trans="li$t" utf="liſt"/>
    <tok_anno ascii="list" id="t74_m1" trans="li$t" utf="liſt">
      <norm tag="list"/>
      <lemma tag="list"/>
      <lemma_gen tag="list"/>
      <lemma_idmwb tag="???"/>
      <pos tag="NA"/>
      <pos_gen tag="NA"/>
      <infl tag="Akk.Sg"/>
      <inflClass tag="st.Masc"/>
      <inflClass_gen tag="st.Masc"/>
      <punc tag="N*"/>
    </tok_anno>
  </token>
  <token id="t75" trans="." type="punc">
    <tok_dipl id="t75_d1" trans="." utf="."/>
    <tok_anno ascii="." id="t75_m1" trans="." utf=".">
      <pos tag="$_"/>
      <pos_gen tag="$_"/>
    </tok_anno>
  </token>
  <token id="t76" trans="*(Q*)" type="token">
    <tok_dipl id="t76_d1" trans="*(Q*)" utf="Q"/>
    <tok_anno ascii="Q" id="t76_m1" trans="*(Q*)" utf="Q">
      <norm tag="q"/>
      <lemma tag="q"/>
      <lemma_gen tag="q"/>
      <lemma_idmwb tag="???"/>
      <pos tag="NA"/>
      <pos_gen tag="NA"/>
      <infl tag="Nom.Sg"/>
      <inflClass tag="st.Neut"/>
      <inflClass_gen tag="st.Neut"/>
    </tok_anno>
  </token>
  <token id="t77" trans="." type="punc">
    <tok_dipl id="t77_d1" trans="." utf="."/>
    <tok_anno ascii="." id="t77_m1" trans="." utf=".">
      <pos tag="$_"/>
      <pos_gen tag="$_"/>
    </tok_anno>
  </token>
  <token id="t78" trans="gvvarheit" type="token">
    <tok_dipl id="t78_d1" trans="gvvarheit" utf="gvvarheit"/>
    <tok_anno ascii="gvvarheit" id="t78_m1" trans="gvvarheit" utf="gvvarheit">
      <norm tag="gewarheit"/>
      <lemma tag="ge-war-hèit"/>
      <lemma_gen tag="ge-war-hèit"/>
      <lemma_idmwb tag="59889000"/>
      <pos tag="NA"/>
      <pos_gen tag="NA"/>
      <infl tag="Akk.Sg"/>
      <inflClass tag="st.Fem"/>
      <inflClass_gen tag="st.Fem"/>
    </tok_anno>
  </token>
  <token id="t79" trans="dine$" type="token">
    <tok_dipl id="t79_d1" trans="dine$" utf="dineſ"/>
    <tok_anno ascii="dines" id="t79_m1" trans="dine$" utf="dineſ">
      <norm tag="dînes"/>
      <lemma tag="dîn"/>
      <lemma_gen tag="dîn"/>
      <lemma_idmwb tag="30567000"/>
      <pos tag="DPOSA"/>
      <pos_gen tag="DPOS"/>
      <infl tag="Masc.Gen.Sg.st"/>
      <inflClass tag="--"/>
      <inflClass_gen tag="--"/>
    </tok_anno>
  </token>
  <token id="t80" trans="libe$," type="token">
    <tok_dipl id="t80_d1" trans="libe$" utf="libeſ"/>
    <tok_anno ascii="libes" id="t80_m1" trans="libe$" utf="libeſ">
      <norm tag="lîbes"/>
      <lemma tag="lîb"/>
      <lemma_gen tag="lîb"/>
      <lemma_idmwb tag="103638000"/>
      <pos tag="NA"/>
      <pos_gen tag="NA"/>
      <infl tag="Gen.Sg"/>
      <inflClass tag="st.Masc"/>
      <inflClass_gen tag="st.Masc,Neut"/>
      <punc tag="N*"/>
    </tok_anno>
  </token>
  <token id="t81" trans="." type="punc">
    <tok_dipl id="t81_d1" trans="." utf="."/>
    <tok_anno ascii="." id="t81_m1" trans="." utf=".">
      <pos tag="$_"/>
      <pos_gen tag="$_"/>
    </tok_anno>
  </token>
  <token id="t82" trans="*(R*)" type="token">
    <tok_dipl id="t82_d1" trans="*(R*)" utf="R"/>
    <tok_anno ascii="R" id="t82_m1" trans="*(R*)" utf="R">
      <norm tag="r"/>
      <lemma tag="r"/>
      <lemma_gen tag="r"/>
      <lemma_idmwb tag="???"/>
      <pos tag="NA"/>
      <pos_gen tag="NA"/>
      <infl tag="Nom.Sg"/>
      <inflClass tag="st.Neut"/>
      <inflClass_gen tag="st.Neut"/>
    </tok_anno>
  </token>
  <token id="t83" trans="geleideten" type="token">
    <tok_dipl id="t83_d1" trans="geleideten" utf="geleideten"/>
    <tok_anno ascii="geleideten" id="t83_m1" trans="geleideten" utf="geleideten">
      <norm tag="geleideten"/>
      <lemma tag="ge-lèiden"/>
      <lemma_gen tag="ge-lèiden"/>
      <lemma_idmwb tag="51504000"/>
      <pos tag="ADJA"/>
      <pos_gen tag="VVPP"/>
      <infl tag="Pos.Masc.Akk.Sg.*"/>
      <inflClass tag="wk"/>
      <inflClass_gen tag="wk"/>
    </tok_anno>
  </token>
  <token id="t84" trans="." type="punc">
    <tok_dipl id="t84_d1" trans="." utf="."/>
    <tok_anno ascii="." id="t84_m1" trans="." utf=".">
      <pos tag="$_"/>
      <pos_gen tag="$_"/>
    </tok_anno>
  </token>
  <token id="t85" trans="od'" type="token">
    <tok_dipl id="t85_d1" trans="od'" utf="odˢ"/>
    <tok_anno ascii="oder" id="t85_m1" trans="od'" utf="odˢ">
      <norm tag="oder"/>
      <lemma tag="oder"/>
      <lemma_gen tag="oder"/>
      <lemma_idmwb tag="123531000"/>
      <pos tag="KON"/>
      <pos_gen tag="KO"/>
      <infl tag="--"/>
      <inflClass tag="--"/>
      <inflClass_gen tag="--"/>
    </tok_anno>
  </token>
  <token id="t86" trans="gevvundeten" type="token">
    <tok_dipl id="t86_d1" trans="gevvundeten" utf="gevvundeten"/>
    <tok_anno ascii="gevvundeten" id="t86_m1" trans="gevvundeten" utf="gevvundeten">
      <norm tag="gewundeten"/>
      <lemma tag="ge-wundet"/>
      <lemma_gen tag="ge-wundet"/>
      <lemma_idmwb tag="???"/>
      <pos tag="ADJA"/>
      <pos_gen tag="VVPP"/>
      <infl tag="Pos.Masc.Akk.Sg.*"/>
      <inflClass tag="--"/>
      <inflClass_gen tag="--"/>
    </tok_anno>
  </token>
  <token id="t87" trans="man," type="token">
    <tok_dipl id="t87_d1" trans="man" utf="man"/>
    <tok_anno ascii="man" id="t87_m1" trans="man" utf="man">
      <norm tag="man"/>
      <lemma tag="mann"/>
      <lemma_gen tag="mann"/>
      <lemma_idmwb tag="107373000"/>
      <pos tag="NA"/>
      <pos_gen tag="NA"/>
      <infl tag="Akk.Sg"/>
      <inflClass tag="st.Masc"/>
      <inflClass_gen tag="st.Masc"/>
      <punc tag="N*"/>
    </tok_anno>
  </token>
  <token id="t88" trans="." type="punc">
    <tok_dipl id="t88_d1" trans="." utf="."/>
    <tok_anno ascii="." id="t88_m1" trans="." utf=".">
      <pos tag="$_"/>
      <pos_gen tag="$_"/>
    </tok_anno>
  </token>
  <token id="t89" trans="*(S*)" type="token">
    <tok_dipl id="t89_d1" trans="*(S*)" utf="S"/>
    <tok_anno ascii="S" id="t89_m1" trans="*(S*)" utf="S">
      <norm tag="s"/>
      <lemma tag="s"/>
      <lemma_gen tag="s"/>
      <lemma_idmwb tag="???"/>
      <pos tag="NA"/>
      <pos_gen tag="NA"/>
      <infl tag="Nom.Sg"/>
      <inflClass tag="st.Neut"/>
      <inflClass_gen tag="st.Neut"/>
    </tok_anno>
  </token>
  <token id="t90" trans="." type="punc">
    <tok_dipl id="t90_d1" trans="." utf="."/>
    <tok_anno ascii="." id="t90_m1" trans="." utf=".">
      <pos tag="$_"/>
      <pos_gen tag="$_"/>
    </tok_anno>
  </token>
  <token id="t91" trans="fro\vde" type="token">
    <tok_dipl id="t91_d1" trans="fro\vde" utf="froͮde"/>
    <tok_anno ascii="frovde" id="t91_m1" trans="fro\vde" utf="froͮde">
      <norm tag="vröuwede"/>
      <lemma tag="vröu(we)de"/>
      <lemma_gen tag="vröu(we)de"/>
      <lemma_idmwb tag="216696000"/>
      <pos tag="NA"/>
      <pos_gen tag="NA"/>
      <infl tag="Akk.Sg"/>
      <inflClass tag="st.Fem"/>
      <inflClass_gen tag="*.Fem"/>
    </tok_anno>
  </token>
  <token id="t92" trans="dine$" type="token">
    <tok_dipl id="t92_d1" trans="dine$" utf="dineſ"/>
    <tok_anno ascii="dines" id="t92_m1" trans="dine$" utf="dineſ">
      <norm tag="dînes"/>
      <lemma tag="dîn"/>
      <lemma_gen tag="dîn"/>
      <lemma_idmwb tag="30567000"/>
      <pos tag="DPOSA"/>
      <pos_gen tag="DPOS"/>
      <infl tag="Masc.Gen.Sg.st"/>
      <inflClass tag="--"/>
      <inflClass_gen tag="--"/>
    </tok_anno>
  </token>
  <token id="t93" trans="mu\o(=)tes," type="token">
    <tok_dipl id="t93_d1" trans="mu\otes" utf="muͦtes"/>
    <tok_anno ascii="muotes" id="t93_m1" trans="mu\o(=)tes" utf="muͦtes">
      <norm tag="muotes"/>
      <token_type tag="UL"/>
      <lemma tag="muot"/>
      <lemma_gen tag="muot"/>
      <lemma_idmwb tag="116904000"/>
      <pos tag="NA"/>
      <pos_gen tag="NA"/>
      <infl tag="Gen.Sg"/>
      <inflClass tag="st(u).Masc"/>
      <inflClass_gen tag="st(u).Masc,Neut"/>
      <punc tag="N*"/>
    </tok_anno>
  </token>
  <token id="t94" trans="." type="punc">
    <tok_dipl id="t94_d1" trans="." utf="."/>
    <tok_anno ascii="." id="t94_m1" trans="." utf=".">
      <pos tag="$_"/>
      <pos_gen tag="$_"/>
    </tok_anno>
  </token>
  <token id="t95" trans="*(T*)" type="token">
    <tok_dipl id="t95_d1" trans="*(T*)" utf="T"/>
    <tok_anno ascii="T" id="t95_m1" trans="*(T*)" utf="T">
      <norm tag="t"/>
      <lemma tag="t"/>
      <lemma_gen tag="t"/>
      <lemma_idmwb tag="???"/>
      <pos tag="NA"/>
      <pos_gen tag="NA"/>
      <infl tag="Nom.Sg"/>
      <inflClass tag="st.Neut"/>
      <inflClass_gen tag="st.Neut"/>
    </tok_anno>
  </token>
  <token id="t96" trans="." type="punc">
    <tok_dipl id="t96_d1" trans="." utf="."/>
    <tok_anno ascii="." id="t96_m1" trans="." utf=".">
      <pos tag="$_"/>
      <pos_gen tag="$_"/>
    </tok_anno>
  </token>
  <token id="t97" trans="zorne$" type="token">
    <tok_dipl id="t97_d1" trans="zorne$" utf="zorneſ"/>
    <tok_anno ascii="zornes" id="t97_m1" trans="zorne$" utf="zorneſ">
      <norm tag="zornes"/>
      <lemma tag="zorn"/>
      <lemma_gen tag="zorn"/>
      <lemma_idmwb tag="239814000"/>
      <pos tag="NA"/>
      <pos_gen tag="NA"/>
      <infl tag="Gen.Sg"/>
      <inflClass tag="st.Masc"/>
      <inflClass_gen tag="st.Masc,Neut"/>
    </tok_anno>
  </token>
  <token id="t98" trans="ferlu$t," type="token">
    <tok_dipl id="t98_d1" trans="ferlu$t" utf="ferluſt"/>
    <tok_anno ascii="ferlust" id="t98_m1" trans="ferlu$t" utf="ferluſt">
      <norm tag="verlust"/>
      <lemma tag="ver-lust"/>
      <lemma_gen tag="ver-lust"/>
      <lemma_idmwb tag="203322000"/>
      <pos tag="NA"/>
      <pos_gen tag="NA"/>
      <infl tag="Akk.Sg"/>
      <inflClass tag="stu.Masc"/>
      <inflClass_gen tag="stu.Masc,Fem"/>
      <punc tag="N*"/>
    </tok_anno>
  </token>
  <token id="t99" trans="." type="punc">
    <tok_dipl id="t99_d1" trans="." utf="."/>
    <tok_anno ascii="." id="t99_m1" trans="." utf=".">
      <pos tag="$_"/>
      <pos_gen tag="$_"/>
    </tok_anno>
  </token>
  <token id="t100" trans="*(V*)" type="token">
    <tok_dipl id="t100_d1" trans="*(V*)" utf="V"/>
    <tok_anno ascii="V" id="t100_m1" trans="*(V*)" utf="V">
      <norm tag="v"/>
      <lemma tag="v"/>
      <lemma_gen tag="v"/>
      <lemma_idmwb tag="???"/>
      <pos tag="NA"/>
      <pos_gen tag="NA"/>
      <infl tag="Nom.Sg"/>
      <inflClass tag="st.Neut"/>
      <inflClass_gen tag="st.Neut"/>
    </tok_anno>
  </token>
  <token id="t101" trans="tot," type="token">
    <tok_dipl id="t101_d1" trans="tot" utf="tot"/>
    <tok_anno ascii="tot" id="t101_m1" trans="tot" utf="tot">
      <norm tag="tôt"/>
      <lemma tag="tôt"/>
      <lemma_gen tag="tôt"/>
      <lemma_idmwb tag="???"/>
      <pos tag="NA"/>
      <pos_gen tag="NA"/>
      <infl tag="Akk.Sg"/>
      <inflClass tag="st.Masc"/>
      <inflClass_gen tag="st.Masc"/>
      <punc tag="N*"/>
    </tok_anno>
  </token>
  <token id="t102" trans="." type="punc">
    <tok_dipl id="t102_d1" trans="." utf="."/>
    <tok_anno ascii="." id="t102_m1" trans="." utf=".">
      <pos tag="$_"/>
      <pos_gen tag="$_"/>
    </tok_anno>
  </token>
  <token id="t103" trans="*(X*)" type="token">
    <tok_dipl id="t103_d1" trans="*(X*)" utf="X"/>
    <tok_anno ascii="X" id="t103_m1" trans="*(X*)" utf="X">
      <norm tag="x"/>
      <lemma tag="x"/>
      <lemma_gen tag="x"/>
      <lemma_idmwb tag="???"/>
      <pos tag="NA"/>
      <pos_gen tag="NA"/>
      <infl tag="Nom.Sg"/>
      <inflClass tag="st.Neut"/>
      <inflClass_gen tag="st.Neut"/>
    </tok_anno>
  </token>
  <token id="t104" trans="." type="punc">
    <tok_dipl id="t104_d1" trans="." utf="."/>
    <tok_anno ascii="." id="t104_m1" trans="." utf=".">
      <pos tag="$_"/>
      <pos_gen tag="$_"/>
    </tok_anno>
  </token>
  <token id="t105" trans="mere" type="token">
    <tok_dipl id="t105_d1" trans="mere" utf="mere"/>
    <tok_anno ascii="mere" id="t105_m1" trans="mere" utf="mere">
      <norm tag="mêrer"/>
      <lemma tag="mêr(e)"/>
      <lemma_gen tag="mêr(e)"/>
      <lemma_idmwb tag="110610000"/>
      <pos tag="AVD"/>
      <pos_gen tag="AVD"/>
      <infl tag="Comp"/>
      <inflClass tag="--"/>
      <inflClass_gen tag="--"/>
    </tok_anno>
  </token>
  <token id="t106" trans="fon" type="token">
    <tok_dipl id="t106_d1" trans="fon" utf="fon"/>
    <tok_anno ascii="fon" id="t106_m1" trans="fon" utf="fon">
      <norm tag="von"/>
      <lemma tag="von"/>
      <lemma_gen tag="von"/>
      <lemma_idmwb tag="213186000"/>
      <pos tag="APPR"/>
      <pos_gen tag="AP"/>
      <infl tag="--"/>
      <inflClass tag="--"/>
      <inflClass_gen tag="--"/>
    </tok_anno>
  </token>
  <token id="t107" trans="di(=)nen" type="token">
    <tok_dipl id="t107_d1" trans="dinen" utf="dinen"/>
    <tok_anno ascii="dinen" id="t107_m1" trans="di(=)nen" utf="dinen">
      <norm tag="dînen"/>
      <token_type tag="UL"/>
      <lemma tag="dîn"/>
      <lemma_gen tag="dîn"/>
      <lemma_idmwb tag="30567000"/>
      <pos tag="DPOSA"/>
      <pos_gen tag="DPOS"/>
      <infl tag="*.Dat.Pl.st"/>
      <inflClass tag="--"/>
      <inflClass_gen tag="--"/>
    </tok_anno>
  </token>
  <token id="t108" trans="frunden,)" type="token">
    <tok_dipl id="t108_d1" trans="frunden" utf="frunden"/>
    <tok_anno ascii="frunden" id="t108_m1" trans="frunden" utf="frunden">
      <norm tag="vriunden"/>
      <lemma tag="vriunt"/>
      <lemma_gen tag="vriunt"/>
      <lemma_idmwb tag="216246000"/>
      <pos tag="NA"/>
      <pos_gen tag="NA"/>
      <infl tag="Dat.Pl"/>
      <inflClass tag="st.Masc"/>
      <inflClass_gen tag="st.Masc"/>
      <punc tag="NE"/>
    </tok_anno>
  </token>
  <token id="t109" trans="." type="punc">
    <tok_dipl id="t109_d1" trans="." utf="."/>
    <tok_anno ascii="." id="t109_m1" trans="." utf=".">
      <pos tag="$_"/>
      <pos_gen tag="$_"/>
    </tok_anno>
  </token>
  <token id="t110" trans="*(Y*),," type="token">
    <tok_dipl id="t110_d1" trans="*(Y*)" utf="Y"/>
    <tok_anno ascii="Y" id="t110_m1" trans="*(Y*)" utf="Y">
      <norm tag="y"/>
      <lemma tag="y"/>
      <lemma_gen tag="y"/>
      <lemma_idmwb tag="???"/>
      <pos tag="NA"/>
      <pos_gen tag="NA"/>
      <infl tag="Nom.Sg"/>
      <inflClass tag="st.Neut"/>
      <inflClass_gen tag="st.Neut"/>
      <punc tag="S*"/>
    </tok_anno>
  </token>
  <token id="t111" trans="." type="punc">
    <tok_dipl id="t111_d1" trans="." utf="."/>
    <tok_anno ascii="." id="t111_m1" trans="." utf=".">
      <pos tag="$_"/>
      <pos_gen tag="$_"/>
    </tok_anno>
  </token>
  <token id="t112" trans="daz" type="token">
    <tok_dipl id="t112_d1" trans="daz" utf="daz"/>
    <tok_anno ascii="daz" id="t112_m1" trans="daz" utf="daz">
      <norm tag="daz"/>
      <lemma tag="dër"/>
      <lemma_gen tag="dër"/>
      <lemma_idmwb tag="29823000"/>
      <pos tag="DDS"/>
      <pos_gen tag="DD"/>
      <infl tag="Neut.Akk.Sg"/>
      <inflClass tag="--"/>
      <inflClass_gen tag="--"/>
    </tok_anno>
  </token>
  <token id="t113" trans="dir" type="token">
    <tok_dipl id="t113_d1" trans="dir" utf="dir"/>
    <tok_anno ascii="dir" id="t113_m1" trans="dir" utf="dir">
      <norm tag="dir"/>
      <lemma tag="dû"/>
      <lemma_gen tag="dû"/>
      <lemma_idmwb tag="32607000"/>
      <pos tag="PPER"/>
      <pos_gen tag="PPER"/>
      <infl tag="Dat.Sg.2"/>
      <inflClass tag="--"/>
      <inflClass_gen tag="--"/>
    </tok_anno>
  </token>
  <token id="t114" trans="lip" type="token">
    <tok_dipl id="t114_d1" trans="lip" utf="lip"/>
    <tok_anno ascii="lip" id="t114_m1" trans="lip" utf="lip">
      <norm tag="liep"/>
      <lemma tag="lièb"/>
      <lemma_gen tag="lièb"/>
      <lemma_idmwb tag="102879000"/>
      <pos tag="ADJD"/>
      <pos_gen tag="ADJ"/>
      <infl tag="Pos....0"/>
      <inflClass tag="--"/>
      <inflClass_gen tag="--"/>
    </tok_anno>
  </token>
  <token id="t115" trans="i$t,," type="token">
    <tok_dipl id="t115_d1" trans="i$t" utf="iſt"/>
    <tok_anno ascii="ist" id="t115_m1" trans="i$t" utf="iſt">
      <norm tag="ist"/>
      <lemma tag="sîn"/>
      <lemma_gen tag="sîn"/>
      <lemma_idmwb tag="150147000"/>
      <pos tag="VAFIN"/>
      <pos_gen tag="VA"/>
      <infl tag="Ind.Pres.Sg.3"/>
      <inflClass tag="irr"/>
      <inflClass_gen tag="irr"/>
      <punc tag="S*"/>
    </tok_anno>
  </token>
  <token id="t116" trans="." type="punc">
    <tok_dipl id="t116_d1" trans="." utf="."/>
    <tok_anno ascii="." id="t116_m1" trans="." utf=".">
      <pos tag="$_"/>
      <pos_gen tag="$_"/>
    </tok_anno>
  </token>
  <token id="t117" trans="*(Z*),," type="token">
    <tok_dipl id="t117_d1" trans="*(Z*)" utf="Z"/>
    <tok_anno ascii="Z" id="t117_m1" trans="*(Z*)" utf="Z">
      <norm tag="z"/>
      <lemma tag="z"/>
      <lemma_gen tag="z"/>
      <lemma_idmwb tag="???"/>
      <pos tag="NA"/>
      <pos_gen tag="NA"/>
      <infl tag="Nom.Sg"/>
      <inflClass tag="st.Neut"/>
      <inflClass_gen tag="st.Neut"/>
      <punc tag="S*"/>
    </tok_anno>
  </token>
  <token id="t118" trans="daz" type="token">
    <tok_dipl id="t118_d1" trans="daz" utf="daz"/>
    <tok_anno ascii="daz" id="t118_m1" trans="daz" utf="daz">
      <norm tag="daz"/>
      <lemma tag="dër"/>
      <lemma_gen tag="dër"/>
      <lemma_idmwb tag="29823000"/>
      <pos tag="DDS"/>
      <pos_gen tag="DD"/>
      <infl tag="Neut.Nom.Sg"/>
      <inflClass tag="--"/>
      <inflClass_gen tag="--"/>
    </tok_anno>
  </token>
  <token id="t119" trans="nimet" type="token">
    <tok_dipl id="t119_d1" trans="nimet" utf="nimet"/>
    <tok_anno ascii="nimet" id="t119_m1" trans="nimet" utf="nimet">
      <norm tag="nimet"/>
      <lemma tag="nëmen"/>
      <lemma_gen tag="nëmen"/>
      <lemma_idmwb tag="120132000"/>
      <pos tag="VVFIN"/>
      <pos_gen tag="VV"/>
      <infl tag="Ind.Pres.Sg.3"/>
      <inflClass tag="st4"/>
      <inflClass_gen tag="st4"/>
    </tok_anno>
  </token>
  <token id="t120" trans="diR(.)" type="token">
    <tok_dipl id="t120_d1" trans="diR" utf="diR"/>
    <tok_anno ascii="diR" id="t120_m1" trans="diR" utf="diR">
      <norm tag="dir"/>
      <lemma tag="dû"/>
      <lemma_gen tag="dû"/>
      <lemma_idmwb tag="32607000"/>
      <pos tag="PPER"/>
      <pos_gen tag="PPER"/>
      <infl tag="Dat.Sg.2"/>
      <inflClass tag="--"/>
      <inflClass_gen tag="--"/>
      <punc tag="DE"/>
    </tok_anno>
  </token>
  <token id="t121" trans="." type="punc">
    <tok_dipl id="t121_d1" trans="." utf="."/>
    <tok_anno ascii="." id="t121_m1" trans="." utf=".">
      <pos tag="$_"/>
      <pos_gen tag="$_"/>
      <punc tag="$E"/>
    </tok_anno>
  </token>
</text>
