<?xml version='1.0' encoding='UTF-8'?>
<!DOCTYPE text SYSTEM "cora-xml.dtd">
<text id="M034">
  <header>
    <text>Blutsegen Contra fluxum sanguinis</text>
    <abbr_ddd>Contraflux</abbr_ddd>
    <abbr_mwb>-</abbr_mwb>
    <topic>Religion, Alltag</topic>
    <text-type>Segen</text-type>
    <genre>PV</genre>
    <reference>Handschrift</reference>
    <reference-secondary>Edition [Textnummer+Seite+Zeile]</reference-secondary>
    <library>München, Staatsbibl.</library>
    <library-shelfmark>Clm 100</library-shelfmark>
    <online>http://www.handschriftencensus.de/15161</online>
    <medium>Handschrift</medium>
    <extent>74r</extent>
    <extract>-</extract>
    <language>mhd</language>
    <language-type>oberdeutsch</language-type>
    <language-region>westoberdeutsch</language-region>
    <language-area>alemannisch (?)</language-area>
    <place>-</place>
    <time>12</time>
    <notes-manuscript>-</notes-manuscript>
    <date>12?</date>
    <text-place>-</text-place>
    <text-author>-</text-author>
    <text-language>-</text-language>
    <text-source>-</text-source>
    <edition>-</edition>
    <corpus>ReM I</corpus>
    <notes-transcription>-</notes-transcription>
    <notes-annotation>-</notes-annotation>
    <digitization_by>Thomas Klein (Bonn)</digitization_by>
    <collation_by>Elke Weber (Bonn)</collation_by>
    <pre_editing_by>Elke Weber (Bonn)</pre_editing_by>
    <annotation_by>Thomas Klein (Bonn)</annotation_by>
    <proofreading_by>Elke Weber (Bonn)</proofreading_by>
  </header>
  <layoutinfo>
    <page id="p1" no="74" range="c1" side="r"/>
    <column id="c1" range="l1..l3"/>
    <line id="l1" name="14" range="t1_d1..t5_d1" loc="74ra,14"/>
    <line id="l2" name="15" range="t6_d1..t10_d1" loc="74ra,15"/>
    <line id="l3" name="16" range="t11_d1..t17_d1" loc="74ra,16"/>
  </layoutinfo>
  <shifttags/>
  <token id="t1" trans="*(W*)azzer" type="token">
    <tok_dipl id="t1_d1" trans="*(W*)azzer" utf="Wazzer"/>
    <tok_anno ascii="Wazzer" id="t1_m1" trans="*(W*)azzer" utf="Wazzer">
      <norm tag="wazzer"/>
      <lemma tag="wazzer"/>
      <lemma_gen tag="wazzer"/>
      <lemma_idmwb tag="222660000"/>
      <pos tag="NA"/>
      <pos_gen tag="NA"/>
      <infl tag="Nom.Sg"/>
      <inflClass tag="st.Neut"/>
      <inflClass_gen tag="st.Neut"/>
    </tok_anno>
  </token>
  <token id="t2" trans="rinnet,," type="token">
    <tok_dipl id="t2_d1" trans="rinnet" utf="rinnet"/>
    <tok_anno ascii="rinnet" id="t2_m1" trans="rinnet" utf="rinnet">
      <norm tag="rinnet"/>
      <lemma tag="rinnen"/>
      <lemma_gen tag="rinnen"/>
      <lemma_idmwb tag="135147000"/>
      <pos tag="VVFIN"/>
      <pos_gen tag="VV"/>
      <infl tag="Ind.Pres.Sg.3"/>
      <inflClass tag="st3a"/>
      <inflClass_gen tag="st3a"/>
      <punc tag="S*"/>
    </tok_anno>
  </token>
  <token id="t3" trans="iordani$" type="token">
    <tok_dipl id="t3_d1" trans="iordani$" utf="iordaniſ"/>
    <tok_anno ascii="iordanis" id="t3_m1" trans="iordani$" utf="iordaniſ">
      <norm tag="Jordanes"/>
      <lemma tag="Jordanes"/>
      <lemma_gen tag="Jordanes"/>
      <lemma_idmwb tag="--"/>
      <pos tag="NE"/>
      <pos_gen tag="FM"/>
      <infl tag="Nom.Sg"/>
      <inflClass tag="--"/>
      <inflClass_gen tag="--"/>
    </tok_anno>
  </token>
  <token id="t4" trans="heizzet,," type="token">
    <tok_dipl id="t4_d1" trans="heizzet" utf="heizzet"/>
    <tok_anno ascii="heizzet" id="t4_m1" trans="heizzet" utf="heizzet">
      <norm tag="heizet"/>
      <lemma tag="hèizen"/>
      <lemma_gen tag="hèizen"/>
      <lemma_idmwb tag="70758000"/>
      <pos tag="VVFIN"/>
      <pos_gen tag="VV"/>
      <infl tag="Ind.Pres.Sg.3"/>
      <inflClass tag="st7"/>
      <inflClass_gen tag="st7"/>
      <punc tag="S*"/>
    </tok_anno>
  </token>
  <token id="t5" trans="." type="punc">
    <tok_dipl id="t5_d1" trans="." utf="."/>
    <tok_anno ascii="." id="t5_m1" trans="." utf=".">
      <pos tag="$_"/>
      <pos_gen tag="$_"/>
    </tok_anno>
  </token>
  <token id="t6" trans="da" type="token">
    <tok_dipl id="t6_d1" trans="da" utf="da"/>
    <tok_anno ascii="da" id="t6_m1" trans="da" utf="da">
      <norm tag="dâ"/>
      <lemma tag="dâr/.+inne"/>
      <lemma_gen tag="dâr"/>
      <lemma_idmwb tag="28932000"/>
      <pos tag="PAVD"/>
      <pos_gen tag="AVD"/>
      <infl tag="--"/>
      <inflClass tag="--"/>
      <inflClass_gen tag="--"/>
    </tok_anno>
  </token>
  <token id="t7" trans="der" type="token">
    <tok_dipl id="t7_d1" trans="der" utf="der"/>
    <tok_anno ascii="der" id="t7_m1" trans="der" utf="der">
      <norm tag="der"/>
      <lemma tag="dër"/>
      <lemma_gen tag="dër"/>
      <lemma_idmwb tag="29817000"/>
      <pos tag="DDART"/>
      <pos_gen tag="DD"/>
      <infl tag="Masc.Nom.Sg"/>
      <inflClass tag="--"/>
      <inflClass_gen tag="--"/>
    </tok_anno>
  </token>
  <token id="t8" trans="heilige" type="token">
    <tok_dipl id="t8_d1" trans="heilige" utf="heilige"/>
    <tok_anno ascii="heilige" id="t8_m1" trans="heilige" utf="heilige">
      <norm tag="heilige"/>
      <lemma tag="hèilig"/>
      <lemma_gen tag="hèilig"/>
      <lemma_idmwb tag="70113000"/>
      <pos tag="ADJA"/>
      <pos_gen tag="ADJ"/>
      <infl tag="Pos.Masc.Nom.Sg.wk"/>
      <inflClass tag="--"/>
      <inflClass_gen tag="--"/>
    </tok_anno>
  </token>
  <token id="t9" trans="cri$t" type="token">
    <tok_dipl id="t9_d1" trans="cri$t" utf="criſt"/>
    <tok_anno ascii="crist" id="t9_m1" trans="cri$t" utf="criſt">
      <norm tag="Krist"/>
      <lemma tag="Krist"/>
      <lemma_gen tag="Krist"/>
      <lemma_idmwb tag="95598000"/>
      <pos tag="NE"/>
      <pos_gen tag="NE"/>
      <infl tag="Nom.Sg"/>
      <inflClass tag="--"/>
      <inflClass_gen tag="--"/>
    </tok_anno>
  </token>
  <token id="t10" trans="inne||getou=fet" type="token">
    <tok_dipl id="t10_d1" trans="innegetou=fet" utf="innegetou=fet"/>
    <tok_anno ascii="inne" id="t10_m1" trans="inne|" utf="inne">
      <norm tag="inne"/>
      <token_type tag="MS1"/>
      <lemma tag="inne/dâr.+"/>
      <lemma_gen tag="inne"/>
      <lemma_idmwb tag="82800000"/>
      <pos tag="PAVAP"/>
      <pos_gen tag="AP"/>
      <infl tag="--"/>
      <inflClass tag="--"/>
      <inflClass_gen tag="--"/>
    </tok_anno>
    <tok_anno ascii="getou=fet" id="t10_m2" trans="|getou=fet" utf="getou=fet">
      <norm tag="getoufet"/>
      <token_type tag="MS2"/>
      <lemma tag="toufen"/>
      <lemma_gen tag="toufen"/>
      <lemma_idmwb tag="170043000"/>
      <pos tag="VVPP"/>
      <pos_gen tag="VV"/>
      <infl tag="--"/>
      <inflClass tag="wk"/>
      <inflClass_gen tag="wk"/>
    </tok_anno>
  </token>
  <token id="t11" trans="wart(.)" type="token">
    <tok_dipl id="t11_d1" trans="wart" utf="wart"/>
    <tok_anno ascii="wart" id="t11_m1" trans="wart" utf="wart">
      <norm tag="wart"/>
      <lemma tag="wërden"/>
      <lemma_gen tag="wërden"/>
      <lemma_idmwb tag="225138000"/>
      <pos tag="VAFIN"/>
      <pos_gen tag="VA"/>
      <infl tag="Ind.Past.Sg.3"/>
      <inflClass tag="st3b"/>
      <inflClass_gen tag="st3b"/>
      <punc tag="DE"/>
    </tok_anno>
  </token>
  <token id="t12" trans="." type="punc">
    <tok_dipl id="t12_d1" trans="." utf="."/>
    <tok_anno ascii="." id="t12_m1" trans="." utf=".">
      <pos tag="$_"/>
      <pos_gen tag="$_"/>
      <punc tag="$E"/>
    </tok_anno>
  </token>
  <token id="t13" trans="Eiter" type="token">
    <tok_dipl id="t13_d1" trans="Eiter" utf="Eiter"/>
    <tok_anno ascii="Eiter" id="t13_m1" trans="Eiter" utf="Eiter">
      <norm tag="eiter"/>
      <lemma tag="èiter"/>
      <lemma_gen tag="èiter"/>
      <lemma_idmwb tag="36651000"/>
      <pos tag="NA"/>
      <pos_gen tag="NA"/>
      <infl tag="Nom.Sg"/>
      <inflClass tag="st.Neut"/>
      <inflClass_gen tag="st.Neut"/>
    </tok_anno>
  </token>
  <token id="t14" trans="bi$t||u,," type="token">
    <tok_dipl id="t14_d1" trans="bi$tu" utf="biſtu"/>
    <tok_anno ascii="bist" id="t14_m1" trans="bi$t|" utf="biſt">
      <norm tag="bist"/>
      <token_type tag="MS1"/>
      <lemma tag="sîn"/>
      <lemma_gen tag="sîn"/>
      <lemma_idmwb tag="150147000"/>
      <pos tag="VAFIN"/>
      <pos_gen tag="VA"/>
      <infl tag="Ind.Pres.Sg.2"/>
      <inflClass tag="irr"/>
      <inflClass_gen tag="irr"/>
    </tok_anno>
    <tok_anno ascii="u" id="t14_m2" trans="|u" utf="u">
      <norm tag="dû"/>
      <token_type tag="MS2"/>
      <lemma tag="dû"/>
      <lemma_gen tag="dû"/>
      <lemma_idmwb tag="32607000"/>
      <pos tag="PPER"/>
      <pos_gen tag="PPER"/>
      <infl tag="Nom.Sg.2"/>
      <inflClass tag="--"/>
      <inflClass_gen tag="--"/>
      <punc tag="S*"/>
    </tok_anno>
  </token>
  <token id="t15" trans="zegan" type="token">
    <tok_dipl id="t15_d1" trans="zegan" utf="zegan"/>
    <tok_anno ascii="zegan" id="t15_m1" trans="zegan" utf="zegan">
      <norm tag="zegân"/>
      <lemma tag="zer-gân"/>
      <lemma_gen tag="gân"/>
      <lemma_idmwb tag="46788000"/>
      <pos tag="VVINF"/>
      <pos_gen tag="VV"/>
      <infl tag="--"/>
      <inflClass tag="irr"/>
      <inflClass_gen tag="irr"/>
    </tok_anno>
  </token>
  <token id="t16" trans="$olt||u(.)" type="token">
    <tok_dipl id="t16_d1" trans="$oltu" utf="ſoltu"/>
    <tok_anno ascii="solt" id="t16_m1" trans="$olt|" utf="ſolt">
      <norm tag="solt"/>
      <token_type tag="MS1"/>
      <lemma tag="sol(e)n"/>
      <lemma_gen tag="sol(e)n"/>
      <lemma_idmwb tag="154377000"/>
      <pos tag="VMFIN"/>
      <pos_gen tag="VM"/>
      <infl tag="Ind.Pres.Sg.2"/>
      <inflClass tag="prpr"/>
      <inflClass_gen tag="prpr"/>
    </tok_anno>
    <tok_anno ascii="u" id="t16_m2" trans="|u" utf="u">
      <norm tag="dû"/>
      <token_type tag="MS2"/>
      <lemma tag="dû"/>
      <lemma_gen tag="dû"/>
      <lemma_idmwb tag="32607000"/>
      <pos tag="PPER"/>
      <pos_gen tag="PPER"/>
      <infl tag="Nom.Sg.2"/>
      <inflClass tag="--"/>
      <inflClass_gen tag="--"/>
      <punc tag="DE"/>
    </tok_anno>
  </token>
  <token id="t17" trans="." type="punc">
    <tok_dipl id="t17_d1" trans="." utf="."/>
    <tok_anno ascii="." id="t17_m1" trans="." utf=".">
      <pos tag="$_"/>
      <pos_gen tag="$_"/>
      <punc tag="$E"/>
    </tok_anno>
  </token>
</text>
