<?xml version='1.0' encoding='UTF-8'?>
<!DOCTYPE text SYSTEM "cora-xml.dtd">
<text id="M035">
  <header>
    <text>Blutsegen, Millstätter (St. Blasianer)</text>
    <abbr_ddd>-</abbr_ddd>
    <abbr_mwb>-</abbr_mwb>
    <topic>Religion, Alltag</topic>
    <text-type>-</text-type>
    <genre>P</genre>
    <reference>Hs.: Blatt (r/v), Zeile</reference>
    <reference-secondary>-</reference-secondary>
    <library>Wien, Österreichische Nationalbibliothek</library>
    <library-shelfmark>Cod. 1705</library-shelfmark>
    <online>http://www.handschriftencensus.de/11062</online>
    <medium>Handschrift</medium>
    <extent>32r,19-24</extent>
    <extract>-</extract>
    <language>mhd</language>
    <language-type>oberdeutsch</language-type>
    <language-region>westoberdeutsch</language-region>
    <language-area>westniederalemannisch</language-area>
    <place>St. Blasien (?)</place>
    <time>12,1</time>
    <notes-manuscript>_</notes-manuscript>
    <date>-</date>
    <text-place>-</text-place>
    <text-author>-</text-author>
    <text-language>-</text-language>
    <text-source>-</text-source>
    <edition>Karl Müllenhoff und Wilhelm Scherer (Hg.), Denkmäler deutscher Poesie und Prosa aus dem VIII.-XII. Jahrhundert, Bd. 1: Texte, Bd. 2: Anmerkungen, 3. Auflage Berlin 1892 (Nachdruck Berlin/Zürich 1964), Nr. 47,1, Bd. I, S. 180, Bd. II, S. 272-76.</edition>
    <corpus>ReM I</corpus>
    <notes-transcription>-</notes-transcription>
    <notes-annotation>-</notes-annotation>
    <digitization_by>Bochum</digitization_by>
    <collation_by>Bochum</collation_by>
    <pre_editing_by>Bochum</pre_editing_by>
    <annotation_by>Bochum</annotation_by>
    <proofreading_by>Bochum</proofreading_by>
  </header>
  <layoutinfo>
    <page id="p1" no="32" range="c1" side="r"/>
    <column id="c1" range="l1..l6"/>
    <line id="l1" name="19" range="t1_d1..t10_d1" loc="32ra,19"/>
    <line id="l2" name="20" range="t11_d1..t24_d1" loc="32ra,20"/>
    <line id="l3" name="21" range="t25_d1..t37_d1" loc="32ra,21"/>
    <line id="l4" name="22" range="t38_d1..t48_d1" loc="32ra,22"/>
    <line id="l5" name="23" range="t49_d1..t63_d1" loc="32ra,23"/>
    <line id="l6" name="24" range="t64_d1..t71_d1" loc="32ra,24"/>
  </layoutinfo>
  <shifttags>
    <paren range="t35_m1..t36_m1"/>
    <paren range="t65_m1..t66_m1"/>
  </shifttags>
  <token id="t1" trans="Der" type="token">
    <tok_dipl id="t1_d1" trans="Der" utf="Der"/>
    <tok_anno ascii="Der" id="t1_m1" trans="Der" utf="Der">
      <norm tag="der"/>
      <lemma tag="dër"/>
      <lemma_gen tag="dër"/>
      <lemma_idmwb tag="29817000"/>
      <pos tag="DDART"/>
      <pos_gen tag="DD"/>
      <infl tag="Masc.Nom.Sg"/>
      <inflClass tag="--"/>
      <inflClass_gen tag="--"/>
    </tok_anno>
  </token>
  <token id="t2" trans="heligo" type="token">
    <tok_dipl id="t2_d1" trans="heligo" utf="heligo"/>
    <tok_anno ascii="heligo" id="t2_m1" trans="heligo" utf="heligo">
      <norm tag="heilige"/>
      <lemma tag="hèilig"/>
      <lemma_gen tag="hèilig"/>
      <lemma_idmwb tag="70113000"/>
      <pos tag="ADJA"/>
      <pos_gen tag="ADJ"/>
      <infl tag="Pos.Masc.Nom.Sg.wk"/>
      <inflClass tag="--"/>
      <inflClass_gen tag="--"/>
    </tok_anno>
  </token>
  <token id="t3" trans="chri$t" type="token">
    <tok_dipl id="t3_d1" trans="chri$t" utf="chriſt"/>
    <tok_anno ascii="christ" id="t3_m1" trans="chri$t" utf="chriſt">
      <norm tag="Krist"/>
      <lemma tag="Krist"/>
      <lemma_gen tag="Krist"/>
      <lemma_idmwb tag="95598000"/>
      <pos tag="NE"/>
      <pos_gen tag="NE"/>
      <infl tag="Nom.Sg"/>
      <inflClass tag="--"/>
      <inflClass_gen tag="--"/>
    </tok_anno>
  </token>
  <token id="t4" trans="vvar" type="token">
    <tok_dipl id="t4_d1" trans="vvar" utf="vvar"/>
    <tok_anno ascii="vvar" id="t4_m1" trans="vvar" utf="vvar">
      <norm tag="was"/>
      <lemma tag="wësen"/>
      <lemma_gen tag="wësen"/>
      <lemma_idmwb tag="225783000"/>
      <pos tag="VAFIN"/>
      <pos_gen tag="VA"/>
      <infl tag="Ind.Past.Sg.3"/>
      <inflClass tag="st5"/>
      <inflClass_gen tag="st5"/>
    </tok_anno>
  </token>
  <token id="t5" trans="geboren" type="token">
    <tok_dipl id="t5_d1" trans="geboren" utf="geboren"/>
    <tok_anno ascii="geboren" id="t5_m1" trans="geboren" utf="geboren">
      <norm tag="geboren"/>
      <lemma tag="ge-bër(e)n"/>
      <lemma_gen tag="ge-bër(e)n"/>
      <lemma_idmwb tag="47853000"/>
      <pos tag="VVPP"/>
      <pos_gen tag="VV"/>
      <infl tag="--"/>
      <inflClass tag="st4"/>
      <inflClass_gen tag="st4"/>
    </tok_anno>
  </token>
  <token id="t6" trans="ce||betlehe\-,," type="token">
    <tok_dipl id="t6_d1" trans="cebetlehe\-" utf="cebetlehē"/>
    <tok_anno ascii="ce" id="t6_m1" trans="ce|" utf="ce">
      <norm tag="ze"/>
      <token_type tag="MS1"/>
      <lemma tag="ze"/>
      <lemma_gen tag="ze"/>
      <lemma_idmwb tag="235656000"/>
      <pos tag="APPR"/>
      <pos_gen tag="AP"/>
      <infl tag="--"/>
      <inflClass tag="--"/>
      <inflClass_gen tag="--"/>
    </tok_anno>
    <tok_anno ascii="betlehen" id="t6_m2" trans="|betlehe\-" utf="betlehē">
      <norm tag="Bêthlêhêmen"/>
      <token_type tag="MS2"/>
      <lemma tag="Bêthlêhêm"/>
      <lemma_gen tag="Bêthlêhêm"/>
      <lemma_idmwb tag="18228000"/>
      <pos tag="NE"/>
      <pos_gen tag="NE"/>
      <infl tag="Dat.Sg"/>
      <inflClass tag="--"/>
      <inflClass_gen tag="--"/>
      <punc tag="S*"/>
    </tok_anno>
  </token>
  <token id="t7" trans="dannen" type="token">
    <tok_dipl id="t7_d1" trans="dannen" utf="dannen"/>
    <tok_anno ascii="dannen" id="t7_m1" trans="dannen" utf="dannen">
      <norm tag="dannen"/>
      <lemma tag="dannen"/>
      <lemma_gen tag="dannen"/>
      <lemma_idmwb tag="28866000"/>
      <pos tag="AVD"/>
      <pos_gen tag="AVD"/>
      <infl tag="--"/>
      <inflClass tag="--"/>
      <inflClass_gen tag="--"/>
    </tok_anno>
  </token>
  <token id="t8" trans="qua\-" type="token">
    <tok_dipl id="t8_d1" trans="qua\-" utf="quā"/>
    <tok_anno ascii="quan" id="t8_m1" trans="qua\-" utf="quā">
      <norm tag="quam"/>
      <lemma tag="komen"/>
      <lemma_gen tag="komen"/>
      <lemma_idmwb tag="93168000"/>
      <pos tag="VVFIN"/>
      <pos_gen tag="VV"/>
      <infl tag="Ind.Past.Sg.3"/>
      <inflClass tag="st4"/>
      <inflClass_gen tag="st4"/>
    </tok_anno>
  </token>
  <token id="t9" trans="er" type="token">
    <tok_dipl id="t9_d1" trans="er" utf="er"/>
    <tok_anno ascii="er" id="t9_m1" trans="er" utf="er">
      <norm tag="er"/>
      <lemma tag="ër"/>
      <lemma_gen tag="ër"/>
      <lemma_idmwb tag="40380000"/>
      <pos tag="PPER"/>
      <pos_gen tag="PPER"/>
      <infl tag="Masc.Nom.Sg.3"/>
      <inflClass tag="--"/>
      <inflClass_gen tag="--"/>
    </tok_anno>
  </token>
  <token id="t10" trans="vvidere" type="token">
    <tok_dipl id="t10_d1" trans="vvidere" utf="vvidere"/>
    <tok_anno ascii="vvidere" id="t10_m1" trans="vvidere" utf="vvidere">
      <norm tag="widere"/>
      <lemma tag="wider(e)"/>
      <lemma_gen tag="wider(e)"/>
      <lemma_idmwb tag="226665000"/>
      <pos tag="AVD"/>
      <pos_gen tag="AVD"/>
      <infl tag="--"/>
      <inflClass tag="--"/>
      <inflClass_gen tag="--"/>
    </tok_anno>
  </token>
  <token id="t11" trans="ce" type="token">
    <tok_dipl id="t11_d1" trans="ce" utf="ce"/>
    <tok_anno ascii="ce" id="t11_m1" trans="ce" utf="ce">
      <norm tag="ze"/>
      <lemma tag="ze"/>
      <lemma_gen tag="ze"/>
      <lemma_idmwb tag="235656000"/>
      <pos tag="APPR"/>
      <pos_gen tag="AP"/>
      <infl tag="--"/>
      <inflClass tag="--"/>
      <inflClass_gen tag="--"/>
    </tok_anno>
  </token>
  <token id="t12" trans="ie$ale\-(.)" type="token">
    <tok_dipl id="t12_d1" trans="ie$ale\-" utf="ieſalē"/>
    <tok_anno ascii="iesalen" id="t12_m1" trans="ie$ale\-" utf="ieſalē">
      <norm tag="Jerusalêmen"/>
      <lemma tag="Jerusalêm"/>
      <lemma_gen tag="Jerusalêm"/>
      <lemma_idmwb tag="85497000"/>
      <pos tag="NE"/>
      <pos_gen tag="NE"/>
      <infl tag="Dat.Sg"/>
      <inflClass tag="--"/>
      <inflClass_gen tag="--"/>
      <punc tag="DE"/>
    </tok_anno>
  </token>
  <token id="t13" trans="." type="punc">
    <tok_dipl id="t13_d1" trans="." utf="."/>
    <tok_anno ascii="." id="t13_m1" trans="." utf=".">
      <pos tag="$_"/>
      <pos_gen tag="$_"/>
      <punc tag="$E"/>
    </tok_anno>
  </token>
  <token id="t14" trans="da" type="token">
    <tok_dipl id="t14_d1" trans="da" utf="da"/>
    <tok_anno ascii="da" id="t14_m1" trans="da" utf="da">
      <norm tag="dâ"/>
      <lemma tag="dâr"/>
      <lemma_gen tag="dâr"/>
      <lemma_idmwb tag="28932000"/>
      <pos tag="AVD"/>
      <pos_gen tag="AVD"/>
      <infl tag="--"/>
      <inflClass tag="--"/>
      <inflClass_gen tag="--"/>
    </tok_anno>
  </token>
  <token id="t15" trans="vvard||er" type="token">
    <tok_dipl id="t15_d1" trans="vvarder" utf="vvarder"/>
    <tok_anno ascii="vvard" id="t15_m1" trans="vvard|" utf="vvard">
      <norm tag="wart"/>
      <token_type tag="MS1"/>
      <lemma tag="wërden"/>
      <lemma_gen tag="wërden"/>
      <lemma_idmwb tag="225138000"/>
      <pos tag="VAFIN"/>
      <pos_gen tag="VA"/>
      <infl tag="Ind.Past.Sg.3"/>
      <inflClass tag="st3b"/>
      <inflClass_gen tag="st3b"/>
    </tok_anno>
    <tok_anno ascii="er" id="t15_m2" trans="|er" utf="er">
      <norm tag="er"/>
      <token_type tag="MS2"/>
      <lemma tag="ër"/>
      <lemma_gen tag="ër"/>
      <lemma_idmwb tag="40380000"/>
      <pos tag="PPER"/>
      <pos_gen tag="PPER"/>
      <infl tag="Masc.Nom.Sg.3"/>
      <inflClass tag="--"/>
      <inflClass_gen tag="--"/>
    </tok_anno>
  </token>
  <token id="t16" trans="getoufet" type="token">
    <tok_dipl id="t16_d1" trans="getoufet" utf="getoufet"/>
    <tok_anno ascii="getoufet" id="t16_m1" trans="getoufet" utf="getoufet">
      <norm tag="getoufet"/>
      <lemma tag="toufen"/>
      <lemma_gen tag="toufen"/>
      <lemma_idmwb tag="170043000"/>
      <pos tag="VVPP"/>
      <pos_gen tag="VV"/>
      <infl tag="--"/>
      <inflClass tag="wk"/>
      <inflClass_gen tag="wk"/>
    </tok_anno>
  </token>
  <token id="t17" trans="uone" type="token">
    <tok_dipl id="t17_d1" trans="uone" utf="uone"/>
    <tok_anno ascii="uone" id="t17_m1" trans="uone" utf="uone">
      <norm tag="vone"/>
      <lemma tag="von"/>
      <lemma_gen tag="von"/>
      <lemma_idmwb tag="213186000"/>
      <pos tag="APPR"/>
      <pos_gen tag="AP"/>
      <infl tag="--"/>
      <inflClass tag="--"/>
      <inflClass_gen tag="--"/>
    </tok_anno>
  </token>
  <token id="t18" trans="ioh\/e" type="token">
    <tok_dipl id="t18_d1" trans="ioh\/e" utf="iohe"/>
    <tok_anno ascii="ioh-e" id="t18_m1" trans="ioh\/e" utf="iohe">
      <norm tag="Johanne"/>
      <lemma tag="Johannes"/>
      <lemma_gen tag="Johannes"/>
      <lemma_idmwb tag="--"/>
      <pos tag="NE"/>
      <pos_gen tag="NE"/>
      <infl tag="Dat.Sg"/>
      <inflClass tag="--"/>
      <inflClass_gen tag="--"/>
    </tok_anno>
  </token>
  <token id="t19" trans="." type="punc">
    <tok_dipl id="t19_d1" trans="." utf="."/>
    <tok_anno ascii="." id="t19_m1" trans="." utf=".">
      <pos tag="$_"/>
      <pos_gen tag="$_"/>
    </tok_anno>
  </token>
  <token id="t20" trans="i\-||demo" type="token">
    <tok_dipl id="t20_d1" trans="i\-demo" utf="īdemo"/>
    <tok_anno ascii="in" id="t20_m1" trans="i\-|" utf="ī">
      <norm tag="in"/>
      <token_type tag="MS1"/>
      <lemma tag="in"/>
      <lemma_gen tag="in"/>
      <lemma_idmwb tag="81741000"/>
      <pos tag="APPR"/>
      <pos_gen tag="AP"/>
      <infl tag="--"/>
      <inflClass tag="--"/>
      <inflClass_gen tag="--"/>
    </tok_anno>
    <tok_anno ascii="demo" id="t20_m2" trans="|demo" utf="demo">
      <norm tag="deme"/>
      <token_type tag="MS2"/>
      <lemma tag="dër"/>
      <lemma_gen tag="dër"/>
      <lemma_idmwb tag="29817000"/>
      <pos tag="DDART"/>
      <pos_gen tag="DD"/>
      <infl tag="Masc.Dat.Sg"/>
      <inflClass tag="--"/>
      <inflClass_gen tag="--"/>
    </tok_anno>
  </token>
  <token id="t21" trans="iordane(.)" type="token">
    <tok_dipl id="t21_d1" trans="iordane" utf="iordane"/>
    <tok_anno ascii="iordane" id="t21_m1" trans="iordane" utf="iordane">
      <norm tag="Jordâne"/>
      <lemma tag="Jordân"/>
      <lemma_gen tag="Jordân"/>
      <lemma_idmwb tag="85602000"/>
      <pos tag="NE"/>
      <pos_gen tag="NE"/>
      <infl tag="Dat.Sg"/>
      <inflClass tag="--"/>
      <inflClass_gen tag="--"/>
      <punc tag="DE"/>
    </tok_anno>
  </token>
  <token id="t22" trans="." type="punc">
    <tok_dipl id="t22_d1" trans="." utf="."/>
    <tok_anno ascii="." id="t22_m1" trans="." utf=".">
      <pos tag="$_"/>
      <pos_gen tag="$_"/>
      <punc tag="$E"/>
    </tok_anno>
  </token>
  <token id="t23" trans="Duo" type="token">
    <tok_dipl id="t23_d1" trans="Duo" utf="Duo"/>
    <tok_anno ascii="Duo" id="t23_m1" trans="Duo" utf="Duo">
      <norm tag="dô"/>
      <lemma tag="dô"/>
      <lemma_gen tag="dô"/>
      <lemma_idmwb tag="31164000"/>
      <pos tag="AVD"/>
      <pos_gen tag="AVD-KO"/>
      <infl tag="--"/>
      <inflClass tag="--"/>
      <inflClass_gen tag="--"/>
    </tok_anno>
  </token>
  <token id="t24" trans="uer(=)$tuont" type="token">
    <tok_dipl id="t24_d1" trans="uer$tuont" utf="uerſtuont"/>
    <tok_anno ascii="uerstuont" id="t24_m1" trans="uer(=)$tuont" utf="uerſtuont">
      <norm tag="verstuont"/>
      <token_type tag="UL"/>
      <lemma tag="ver-stân"/>
      <lemma_gen tag="ver-stân"/>
      <lemma_idmwb tag="205629000"/>
      <pos tag="VVFIN"/>
      <pos_gen tag="VV"/>
      <infl tag="Ind.Past.Sg.3"/>
      <inflClass tag="irr"/>
      <inflClass_gen tag="irr"/>
    </tok_anno>
  </token>
  <token id="t25" trans="der" type="token">
    <tok_dipl id="t25_d1" trans="der" utf="der"/>
    <tok_anno ascii="der" id="t25_m1" trans="der" utf="der">
      <norm tag="der"/>
      <lemma tag="dër"/>
      <lemma_gen tag="dër"/>
      <lemma_idmwb tag="29817000"/>
      <pos tag="DDART"/>
      <pos_gen tag="DD"/>
      <infl tag="Masc.Nom.Sg"/>
      <inflClass tag="--"/>
      <inflClass_gen tag="--"/>
    </tok_anno>
  </token>
  <token id="t26" trans="iordani$" type="token">
    <tok_dipl id="t26_d1" trans="iordani$" utf="iordaniſ"/>
    <tok_anno ascii="iordanis" id="t26_m1" trans="iordani$" utf="iordaniſ">
      <norm tag="Jordânes"/>
      <lemma tag="Jordân"/>
      <lemma_gen tag="Jordân"/>
      <lemma_idmwb tag="85602000"/>
      <pos tag="NE"/>
      <pos_gen tag="NE"/>
      <infl tag="Gen.Sg"/>
      <inflClass tag="--"/>
      <inflClass_gen tag="--"/>
    </tok_anno>
  </token>
  <token id="t27" trans="fluz" type="token">
    <tok_dipl id="t27_d1" trans="fluz" utf="fluz"/>
    <tok_anno ascii="fluz" id="t27_m1" trans="fluz" utf="fluz">
      <norm tag="vluz"/>
      <lemma tag="vluzz"/>
      <lemma_gen tag="vluzz"/>
      <lemma_idmwb tag="211848000"/>
      <pos tag="NA"/>
      <pos_gen tag="NA"/>
      <infl tag="Nom.Sg"/>
      <inflClass tag="stu.Masc"/>
      <inflClass_gen tag="stu.Masc"/>
    </tok_anno>
  </token>
  <token id="t28" trans="unt" type="token">
    <tok_dipl id="t28_d1" trans="unt" utf="unt"/>
    <tok_anno ascii="unt" id="t28_m1" trans="unt" utf="unt">
      <norm tag="und"/>
      <lemma tag="unte"/>
      <lemma_gen tag="unte"/>
      <lemma_idmwb tag="183108000"/>
      <pos tag="KON"/>
      <pos_gen tag="KO"/>
      <infl tag="--"/>
      <inflClass tag="--"/>
      <inflClass_gen tag="--"/>
    </tok_anno>
  </token>
  <token id="t29" trans="der" type="token">
    <tok_dipl id="t29_d1" trans="der" utf="der"/>
    <tok_anno ascii="der" id="t29_m1" trans="der" utf="der">
      <norm tag="der"/>
      <lemma tag="dër"/>
      <lemma_gen tag="dër"/>
      <lemma_idmwb tag="29817000"/>
      <pos tag="DDART"/>
      <pos_gen tag="DD"/>
      <infl tag="Masc.Nom.Sg"/>
      <inflClass tag="--"/>
      <inflClass_gen tag="--"/>
    </tok_anno>
  </token>
  <token id="t30" trans="$in" type="token">
    <tok_dipl id="t30_d1" trans="$in" utf="ſin"/>
    <tok_anno ascii="sin" id="t30_m1" trans="$in" utf="ſin">
      <norm tag="sîn"/>
      <lemma tag="sîn"/>
      <lemma_gen tag="sîn"/>
      <lemma_idmwb tag="150153000"/>
      <pos tag="DPOSA"/>
      <pos_gen tag="DPOS"/>
      <infl tag="Masc.Nom.Sg.0"/>
      <inflClass tag="--"/>
      <inflClass_gen tag="--"/>
    </tok_anno>
  </token>
  <token id="t31" trans="run$t(.)" type="token">
    <tok_dipl id="t31_d1" trans="run$t" utf="runſt"/>
    <tok_anno ascii="runst" id="t31_m1" trans="run$t" utf="runſt">
      <norm tag="runst"/>
      <lemma tag="runst"/>
      <lemma_gen tag="runst"/>
      <lemma_idmwb tag="???"/>
      <pos tag="NA"/>
      <pos_gen tag="NA"/>
      <infl tag="Nom.Sg"/>
      <inflClass tag="st.Masc"/>
      <inflClass_gen tag="st.Masc"/>
      <punc tag="DE"/>
    </tok_anno>
  </token>
  <token id="t32" trans="." type="punc">
    <tok_dipl id="t32_d1" trans="." utf="."/>
    <tok_anno ascii="." id="t32_m1" trans="." utf=".">
      <pos tag="$_"/>
      <pos_gen tag="$_"/>
      <punc tag="$E"/>
    </tok_anno>
  </token>
  <token id="t33" trans="*(a*)l$o" type="token">
    <tok_dipl id="t33_d1" trans="*(a*)l$o" utf="alſo"/>
    <tok_anno ascii="also" id="t33_m1" trans="*(a*)l$o" utf="alſo">
      <norm tag="alsô"/>
      <lemma tag="all-sô"/>
      <lemma_gen tag="all-sô"/>
      <lemma_idmwb tag="4629000"/>
      <pos tag="AVD"/>
      <pos_gen tag="AVD-KO"/>
      <infl tag="--"/>
      <inflClass tag="--"/>
      <inflClass_gen tag="--"/>
    </tok_anno>
  </token>
  <token id="t34" trans="uer$tant" type="token">
    <tok_dipl id="t34_d1" trans="uer$tant" utf="uerſtant"/>
    <tok_anno ascii="uerstant" id="t34_m1" trans="uer$tant" utf="uerſtant">
      <norm tag="stant"/>
      <lemma tag="ver-stân"/>
      <lemma_gen tag="ver-stân"/>
      <lemma_idmwb tag="205629000"/>
      <pos tag="VVIMP"/>
      <pos_gen tag="VV"/>
      <infl tag="Sg.2"/>
      <inflClass tag="irr"/>
      <inflClass_gen tag="irr"/>
    </tok_anno>
  </token>
  <token id="t35" trans="du,,(" type="token">
    <tok_dipl id="t35_d1" trans="du" utf="du"/>
    <tok_anno ascii="du" id="t35_m1" trans="du" utf="du">
      <norm tag="dû"/>
      <lemma tag="dû"/>
      <lemma_gen tag="dû"/>
      <lemma_idmwb tag="32607000"/>
      <pos tag="PPER"/>
      <pos_gen tag="PPER"/>
      <infl tag="Nom.Sg.2"/>
      <inflClass tag="--"/>
      <inflClass_gen tag="--"/>
    </tok_anno>
  </token>
  <token id="t36" trans="bluot(=)rinna,,)" type="token">
    <tok_dipl id="t36_d1" trans="bluotrinna" utf="bluotrinna"/>
    <tok_anno ascii="bluotrinna" id="t36_m1" trans="bluot(=)rinna" utf="bluotrinna">
      <norm tag="bluotrinne"/>
      <token_type tag="UL"/>
      <lemma tag="bluot-rinne[n!]"/>
      <lemma_gen tag="bluot-rinne[n!]"/>
      <lemma_idmwb tag="???"/>
      <pos tag="NA"/>
      <pos_gen tag="NA"/>
      <infl tag="Nom.Sg"/>
      <inflClass tag="st.Fem"/>
      <inflClass_gen tag="st.Fem"/>
    </tok_anno>
  </token>
  <token id="t37" trans="." type="punc">
    <tok_dipl id="t37_d1" trans="." utf="."/>
    <tok_anno ascii="." id="t37_m1" trans="." utf=".">
      <pos tag="$_"/>
      <pos_gen tag="$_"/>
    </tok_anno>
  </token>
  <token id="t38" trans="durh||de$" type="token">
    <tok_dipl id="t38_d1" trans="durhde$" utf="durhdeſ"/>
    <tok_anno ascii="durh" id="t38_m1" trans="durh|" utf="durh">
      <norm tag="durch"/>
      <token_type tag="MS1"/>
      <lemma tag="durh"/>
      <lemma_gen tag="durh"/>
      <lemma_idmwb tag="32826000"/>
      <pos tag="APPR"/>
      <pos_gen tag="AP"/>
      <infl tag="--"/>
      <inflClass tag="--"/>
      <inflClass_gen tag="--"/>
    </tok_anno>
    <tok_anno ascii="des" id="t38_m2" trans="|de$" utf="deſ">
      <norm tag="des"/>
      <token_type tag="MS2"/>
      <lemma tag="dër"/>
      <lemma_gen tag="dër"/>
      <lemma_idmwb tag="29817000"/>
      <pos tag="DDART"/>
      <pos_gen tag="DD"/>
      <infl tag="Masc.Gen.Sg"/>
      <inflClass tag="--"/>
      <inflClass_gen tag="--"/>
    </tok_anno>
  </token>
  <token id="t39" trans="heiligen" type="token">
    <tok_dipl id="t39_d1" trans="heiligen" utf="heiligen"/>
    <tok_anno ascii="heiligen" id="t39_m1" trans="heiligen" utf="heiligen">
      <norm tag="heiligen"/>
      <lemma tag="hèilig"/>
      <lemma_gen tag="hèilig"/>
      <lemma_idmwb tag="70113000"/>
      <pos tag="ADJA"/>
      <pos_gen tag="ADJ"/>
      <infl tag="Pos.Masc.Gen.Sg.wk"/>
      <inflClass tag="--"/>
      <inflClass_gen tag="--"/>
    </tok_anno>
  </token>
  <token id="t40" trans="chri$te$" type="token">
    <tok_dipl id="t40_d1" trans="chri$te$" utf="chriſteſ"/>
    <tok_anno ascii="christes" id="t40_m1" trans="chri$te$" utf="chriſteſ">
      <norm tag="Kristes"/>
      <lemma tag="Krist"/>
      <lemma_gen tag="Krist"/>
      <lemma_idmwb tag="95598000"/>
      <pos tag="NE"/>
      <pos_gen tag="NE"/>
      <infl tag="Gen.Sg"/>
      <inflClass tag="--"/>
      <inflClass_gen tag="--"/>
    </tok_anno>
  </token>
  <token id="t41" trans="minna(:)" type="token">
    <tok_dipl id="t41_d1" trans="minna" utf="minna"/>
    <tok_anno ascii="minna" id="t41_m1" trans="minna" utf="minna">
      <norm tag="minne"/>
      <lemma tag="minne"/>
      <lemma_gen tag="minne"/>
      <lemma_idmwb tag="112086000"/>
      <pos tag="NA"/>
      <pos_gen tag="NA"/>
      <infl tag="Akk.Sg"/>
      <inflClass tag="st.Fem"/>
      <inflClass_gen tag="*.Fem"/>
      <punc tag="DE"/>
    </tok_anno>
  </token>
  <token id="t42" trans="." type="punc">
    <tok_dipl id="t42_d1" trans="." utf="."/>
    <tok_anno ascii="." id="t42_m1" trans="." utf=".">
      <pos tag="$_"/>
      <pos_gen tag="$_"/>
      <punc tag="$E"/>
    </tok_anno>
  </token>
  <token id="t43" trans="Du" type="token">
    <tok_dipl id="t43_d1" trans="Du" utf="Du"/>
    <tok_anno ascii="Du" id="t43_m1" trans="Du" utf="Du">
      <norm tag="dû"/>
      <lemma tag="dû"/>
      <lemma_gen tag="dû"/>
      <lemma_idmwb tag="32607000"/>
      <pos tag="PPER"/>
      <pos_gen tag="PPER"/>
      <infl tag="Nom.Sg.2"/>
      <inflClass tag="--"/>
      <inflClass_gen tag="--"/>
    </tok_anno>
  </token>
  <token id="t44" trans="uer$tant" type="token">
    <tok_dipl id="t44_d1" trans="uer$tant" utf="uerſtant"/>
    <tok_anno ascii="uerstant" id="t44_m1" trans="uer$tant" utf="uerſtant">
      <norm tag="stant"/>
      <lemma tag="ver-stân"/>
      <lemma_gen tag="ver-stân"/>
      <lemma_idmwb tag="205629000"/>
      <pos tag="VVIMP"/>
      <pos_gen tag="VV"/>
      <infl tag="Sg.2"/>
      <inflClass tag="irr"/>
      <inflClass_gen tag="irr"/>
    </tok_anno>
  </token>
  <token id="t45" trans="an" type="token">
    <tok_dipl id="t45_d1" trans="an" utf="an"/>
    <tok_anno ascii="an" id="t45_m1" trans="an" utf="an">
      <norm tag="an"/>
      <lemma tag="ane"/>
      <lemma_gen tag="ane"/>
      <lemma_idmwb tag="5691000"/>
      <pos tag="APPR"/>
      <pos_gen tag="AP"/>
      <infl tag="--"/>
      <inflClass tag="--"/>
      <inflClass_gen tag="--"/>
    </tok_anno>
  </token>
  <token id="t46" trans="der" type="token">
    <tok_dipl id="t46_d1" trans="der" utf="der"/>
    <tok_anno ascii="der" id="t46_m1" trans="der" utf="der">
      <norm tag="der"/>
      <lemma tag="dër"/>
      <lemma_gen tag="dër"/>
      <lemma_idmwb tag="29817000"/>
      <pos tag="DDART"/>
      <pos_gen tag="DD"/>
      <infl tag="Fem.Dat.Sg"/>
      <inflClass tag="--"/>
      <inflClass_gen tag="--"/>
    </tok_anno>
  </token>
  <token id="t47" trans="note,," type="token">
    <tok_dipl id="t47_d1" trans="note" utf="note"/>
    <tok_anno ascii="note" id="t47_m1" trans="note" utf="note">
      <norm tag="noete"/>
      <lemma tag="nôt"/>
      <lemma_gen tag="nôt"/>
      <lemma_idmwb tag="???"/>
      <pos tag="NA"/>
      <pos_gen tag="NA"/>
      <infl tag="Dat.Sg"/>
      <inflClass tag="stu.Fem"/>
      <inflClass_gen tag="stu.Fem"/>
      <punc tag="S*"/>
    </tok_anno>
  </token>
  <token id="t48" trans="al$o" type="token">
    <tok_dipl id="t48_d1" trans="al$o" utf="alſo"/>
    <tok_anno ascii="also" id="t48_m1" trans="al$o" utf="alſo">
      <norm tag="alsô"/>
      <lemma tag="all-sô"/>
      <lemma_gen tag="all-sô"/>
      <lemma_idmwb tag="4629000"/>
      <pos tag="KO*"/>
      <pos_gen tag="KO"/>
      <infl tag="--"/>
      <inflClass tag="--"/>
      <inflClass_gen tag="--"/>
    </tok_anno>
  </token>
  <token id="t49" trans="der" type="token">
    <tok_dipl id="t49_d1" trans="der" utf="der"/>
    <tok_anno ascii="der" id="t49_m1" trans="der" utf="der">
      <norm tag="der"/>
      <lemma tag="dër"/>
      <lemma_gen tag="dër"/>
      <lemma_idmwb tag="29817000"/>
      <pos tag="DDART"/>
      <pos_gen tag="DD"/>
      <infl tag="Masc.Nom.Sg"/>
      <inflClass tag="--"/>
      <inflClass_gen tag="--"/>
    </tok_anno>
  </token>
  <token id="t50" trans="iordan" type="token">
    <tok_dipl id="t50_d1" trans="iordan" utf="iordan"/>
    <tok_anno ascii="iordan" id="t50_m1" trans="iordan" utf="iordan">
      <norm tag="Jordânen"/>
      <lemma tag="Jordân"/>
      <lemma_gen tag="Jordân"/>
      <lemma_idmwb tag="85602000"/>
      <pos tag="NE"/>
      <pos_gen tag="NE"/>
      <infl tag="Nom.Sg"/>
      <inflClass tag="--"/>
      <inflClass_gen tag="--"/>
    </tok_anno>
  </token>
  <token id="t51" trans="tate,," type="token">
    <tok_dipl id="t51_d1" trans="tate" utf="tate"/>
    <tok_anno ascii="tate" id="t51_m1" trans="tate" utf="tate">
      <norm tag="tæte"/>
      <lemma tag="tuon"/>
      <lemma_gen tag="tuon"/>
      <lemma_idmwb tag="173655000"/>
      <pos tag="VVFIN"/>
      <pos_gen tag="VV"/>
      <infl tag="Subj.Past.Sg.3"/>
      <inflClass tag="irr"/>
      <inflClass_gen tag="irr"/>
      <punc tag="S*"/>
    </tok_anno>
  </token>
  <token id="t52" trans="." type="punc">
    <tok_dipl id="t52_d1" trans="." utf="."/>
    <tok_anno ascii="." id="t52_m1" trans="." utf=".">
      <pos tag="$_"/>
      <pos_gen tag="$_"/>
    </tok_anno>
  </token>
  <token id="t53" trans="duo" type="token">
    <tok_dipl id="t53_d1" trans="duo" utf="duo"/>
    <tok_anno ascii="duo" id="t53_m1" trans="duo" utf="duo">
      <norm tag="dô"/>
      <lemma tag="dô"/>
      <lemma_gen tag="dô"/>
      <lemma_idmwb tag="31164000"/>
      <pos tag="KOUS"/>
      <pos_gen tag="KO"/>
      <infl tag="--"/>
      <inflClass tag="--"/>
      <inflClass_gen tag="--"/>
    </tok_anno>
  </token>
  <token id="t54" trans="der" type="token">
    <tok_dipl id="t54_d1" trans="der" utf="der"/>
    <tok_anno ascii="der" id="t54_m1" trans="der" utf="der">
      <norm tag="der"/>
      <lemma tag="dër"/>
      <lemma_gen tag="dër"/>
      <lemma_idmwb tag="29817000"/>
      <pos tag="DDART"/>
      <pos_gen tag="DD"/>
      <infl tag="Masc.Nom.Sg"/>
      <inflClass tag="--"/>
      <inflClass_gen tag="--"/>
    </tok_anno>
  </token>
  <token id="t55" trans="guote" type="token">
    <tok_dipl id="t55_d1" trans="guote" utf="guote"/>
    <tok_anno ascii="guote" id="t55_m1" trans="guote" utf="guote">
      <norm tag="guote"/>
      <lemma tag="guot"/>
      <lemma_gen tag="guot"/>
      <lemma_idmwb tag="66528000"/>
      <pos tag="ADJA"/>
      <pos_gen tag="ADJ"/>
      <infl tag="Pos.Masc.Nom.Sg.wk"/>
      <inflClass tag="--"/>
      <inflClass_gen tag="--"/>
    </tok_anno>
  </token>
  <token id="t56" trans="$cê" type="token">
    <tok_dipl id="t56_d1" trans="$cê" utf="ſcê"/>
    <tok_anno ascii="sce" id="t56_m1" trans="$cê" utf="ſcê">
      <norm tag="sancte"/>
      <lemma tag="sancte"/>
      <lemma_gen tag="sancte"/>
      <lemma_idmwb tag="140055000"/>
      <pos tag="ADJA"/>
      <pos_gen tag="ADJ"/>
      <infl tag="Pos.*..0"/>
      <inflClass tag="--"/>
      <inflClass_gen tag="--"/>
    </tok_anno>
  </token>
  <token id="t57" trans="iohanne$" type="token">
    <tok_dipl id="t57_d1" trans="iohanne$" utf="iohanneſ"/>
    <tok_anno ascii="iohannes" id="t57_m1" trans="iohanne$" utf="iohanneſ">
      <norm tag="Johannes"/>
      <lemma tag="Johannes"/>
      <lemma_gen tag="Johannes"/>
      <lemma_idmwb tag="--"/>
      <pos tag="NE"/>
      <pos_gen tag="NE"/>
      <infl tag="Nom.Sg"/>
      <inflClass tag="--"/>
      <inflClass_gen tag="--"/>
    </tok_anno>
  </token>
  <token id="t58" trans="." type="punc">
    <tok_dipl id="t58_d1" trans="." utf="."/>
    <tok_anno ascii="." id="t58_m1" trans="." utf=".">
      <pos tag="$_"/>
      <pos_gen tag="$_"/>
    </tok_anno>
  </token>
  <token id="t59" trans="den" type="token">
    <tok_dipl id="t59_d1" trans="den" utf="den"/>
    <tok_anno ascii="den" id="t59_m1" trans="den" utf="den">
      <norm tag="den"/>
      <lemma tag="dër"/>
      <lemma_gen tag="dër"/>
      <lemma_idmwb tag="29817000"/>
      <pos tag="DDART"/>
      <pos_gen tag="DD"/>
      <infl tag="Masc.Akk.Sg"/>
      <inflClass tag="--"/>
      <inflClass_gen tag="--"/>
    </tok_anno>
  </token>
  <token id="t60" trans="heiligen" type="token">
    <tok_dipl id="t60_d1" trans="heiligen" utf="heiligen"/>
    <tok_anno ascii="heiligen" id="t60_m1" trans="heiligen" utf="heiligen">
      <norm tag="heiligen"/>
      <lemma tag="hèilig"/>
      <lemma_gen tag="hèilig"/>
      <lemma_idmwb tag="70113000"/>
      <pos tag="ADJA"/>
      <pos_gen tag="ADJ"/>
      <infl tag="Pos.Masc.Akk.Sg.*"/>
      <inflClass tag="--"/>
      <inflClass_gen tag="--"/>
    </tok_anno>
  </token>
  <token id="t61" trans="chri$t" type="token">
    <tok_dipl id="t61_d1" trans="chri$t" utf="chriſt"/>
    <tok_anno ascii="christ" id="t61_m1" trans="chri$t" utf="chriſt">
      <norm tag="Krist"/>
      <lemma tag="Krist"/>
      <lemma_gen tag="Krist"/>
      <lemma_idmwb tag="95598000"/>
      <pos tag="NE"/>
      <pos_gen tag="NE"/>
      <infl tag="Akk.Sg"/>
      <inflClass tag="--"/>
      <inflClass_gen tag="--"/>
    </tok_anno>
  </token>
  <token id="t62" trans="tuofta(.)" type="token">
    <tok_dipl id="t62_d1" trans="tuofta" utf="tuofta"/>
    <tok_anno ascii="tuofta" id="t62_m1" trans="tuofta" utf="tuofta">
      <norm tag="toufete"/>
      <lemma tag="toufen"/>
      <lemma_gen tag="toufen"/>
      <lemma_idmwb tag="170043000"/>
      <pos tag="VVFIN"/>
      <pos_gen tag="VV"/>
      <infl tag="*.Past.Sg.3"/>
      <inflClass tag="wk"/>
      <inflClass_gen tag="wk"/>
      <punc tag="DE"/>
    </tok_anno>
  </token>
  <token id="t63" trans="." type="punc">
    <tok_dipl id="t63_d1" trans="." utf="."/>
    <tok_anno ascii="." id="t63_m1" trans="." utf=".">
      <pos tag="$_"/>
      <pos_gen tag="$_"/>
      <punc tag="$E"/>
    </tok_anno>
  </token>
  <token id="t64" trans="ver$tant" type="token">
    <tok_dipl id="t64_d1" trans="ver$tant" utf="verſtant"/>
    <tok_anno ascii="verstant" id="t64_m1" trans="ver$tant" utf="verſtant">
      <norm tag="stant"/>
      <lemma tag="ver-stân"/>
      <lemma_gen tag="ver-stân"/>
      <lemma_idmwb tag="205629000"/>
      <pos tag="VVIMP"/>
      <pos_gen tag="VV"/>
      <infl tag="Sg.2"/>
      <inflClass tag="irr"/>
      <inflClass_gen tag="irr"/>
    </tok_anno>
  </token>
  <token id="t65" trans="du,,(" type="token">
    <tok_dipl id="t65_d1" trans="du" utf="du"/>
    <tok_anno ascii="du" id="t65_m1" trans="du" utf="du">
      <norm tag="dû"/>
      <lemma tag="dû"/>
      <lemma_gen tag="dû"/>
      <lemma_idmwb tag="32607000"/>
      <pos tag="PPER"/>
      <pos_gen tag="PPER"/>
      <infl tag="Nom.Sg.2"/>
      <inflClass tag="--"/>
      <inflClass_gen tag="--"/>
    </tok_anno>
  </token>
  <token id="t66" trans="bluot#rinna,,)" type="token">
    <tok_dipl id="t66_d1" trans="bluot" utf="bluot"/>
    <tok_dipl id="t66_d2" trans="rinna" utf="rinna"/>
    <tok_anno ascii="bluotrinna" id="t66_m1" trans="bluot#rinna" utf="bluotrinna">
      <norm tag="bluotrinne"/>
      <token_type tag="US"/>
      <lemma tag="bluot-rinne[n!]"/>
      <lemma_gen tag="bluot-rinne[n!]"/>
      <lemma_idmwb tag="???"/>
      <pos tag="NA"/>
      <pos_gen tag="NA"/>
      <infl tag="Nom.Sg"/>
      <inflClass tag="st.Fem"/>
      <inflClass_gen tag="st.Fem"/>
    </tok_anno>
  </token>
  <token id="t67" trans="durch||de$" type="token">
    <tok_dipl id="t67_d1" trans="durchde$" utf="durchdeſ"/>
    <tok_anno ascii="durch" id="t67_m1" trans="durch|" utf="durch">
      <norm tag="durch"/>
      <token_type tag="MS1"/>
      <lemma tag="durh"/>
      <lemma_gen tag="durh"/>
      <lemma_idmwb tag="32826000"/>
      <pos tag="APPR"/>
      <pos_gen tag="AP"/>
      <infl tag="--"/>
      <inflClass tag="--"/>
      <inflClass_gen tag="--"/>
    </tok_anno>
    <tok_anno ascii="des" id="t67_m2" trans="|de$" utf="deſ">
      <norm tag="des"/>
      <token_type tag="MS2"/>
      <lemma tag="dër"/>
      <lemma_gen tag="dër"/>
      <lemma_idmwb tag="29817000"/>
      <pos tag="DDART"/>
      <pos_gen tag="DD"/>
      <infl tag="Masc.Gen.Sg"/>
      <inflClass tag="--"/>
      <inflClass_gen tag="--"/>
    </tok_anno>
  </token>
  <token id="t68" trans="helige$" type="token">
    <tok_dipl id="t68_d1" trans="helige$" utf="heligeſ"/>
    <tok_anno ascii="heliges" id="t68_m1" trans="helige$" utf="heligeſ">
      <norm tag="heliges"/>
      <lemma tag="hëlig"/>
      <lemma_gen tag="hëlig"/>
      <lemma_idmwb tag="70854000"/>
      <pos tag="ADJA"/>
      <pos_gen tag="ADJ"/>
      <infl tag="Pos.Masc.Gen.Sg.st"/>
      <inflClass tag="--"/>
      <inflClass_gen tag="--"/>
    </tok_anno>
  </token>
  <token id="t69" trans="cri$te$" type="token">
    <tok_dipl id="t69_d1" trans="cri$te$" utf="criſteſ"/>
    <tok_anno ascii="cristes" id="t69_m1" trans="cri$te$" utf="criſteſ">
      <norm tag="Kristes"/>
      <lemma tag="Krist"/>
      <lemma_gen tag="Krist"/>
      <lemma_idmwb tag="95598000"/>
      <pos tag="NE"/>
      <pos_gen tag="NE"/>
      <infl tag="Gen.Sg"/>
      <inflClass tag="--"/>
      <inflClass_gen tag="--"/>
    </tok_anno>
  </token>
  <token id="t70" trans="minna(.)" type="token">
    <tok_dipl id="t70_d1" trans="minna" utf="minna"/>
    <tok_anno ascii="minna" id="t70_m1" trans="minna" utf="minna">
      <norm tag="minne"/>
      <lemma tag="minne"/>
      <lemma_gen tag="minne"/>
      <lemma_idmwb tag="112086000"/>
      <pos tag="NA"/>
      <pos_gen tag="NA"/>
      <infl tag="Akk.Sg"/>
      <inflClass tag="st.Fem"/>
      <inflClass_gen tag="*.Fem"/>
      <punc tag="DE"/>
    </tok_anno>
  </token>
  <token id="t71" trans="." type="punc">
    <tok_dipl id="t71_d1" trans="." utf="."/>
    <tok_anno ascii="." id="t71_m1" trans="." utf=".">
      <pos tag="$_"/>
      <pos_gen tag="$_"/>
      <punc tag="$E"/>
    </tok_anno>
  </token>
</text>
