<?xml version='1.0' encoding='UTF-8'?>
<!DOCTYPE text SYSTEM "cora-xml.dtd">
<text id="M037">
  <header>
    <text>Straßburger Blutsegen</text>
    <abbr_ddd>StraBlutsegen</abbr_ddd>
    <abbr_mwb>-</abbr_mwb>
    <topic>Religion, Poesie</topic>
    <text-type>Segen</text-type>
    <genre>V</genre>
    <reference>Edition</reference>
    <reference-secondary>-</reference-secondary>
    <library>Straßburg, Stadtbibl.</library>
    <library-shelfmark>ohne Sign. (9) [verbrannt]</library-shelfmark>
    <online>http://www.handschriftencensus.de/8829</online>
    <medium>Handschrift</medium>
    <extent>-</extent>
    <extract>-</extract>
    <language>mhd</language>
    <language-type>oberdeutsch</language-type>
    <language-region>westoberdeutsch</language-region>
    <language-area>alemannisch (?)</language-area>
    <place>-</place>
    <time>11</time>
    <notes-manuscript>-</notes-manuscript>
    <date>11 (?)</date>
    <text-place>-</text-place>
    <text-author>-</text-author>
    <text-language>-</text-language>
    <text-source>-</text-source>
    <edition>Elias von Steinmeyer (Hg.), Die kleineren althochdeutschen Sprachdenkmäler, Berlin 1916, Nr. 68</edition>
    <corpus>ReM I</corpus>
    <notes-transcription>-</notes-transcription>
    <notes-annotation>-</notes-annotation>
    <digitization_by>Thomas Klein (Bonn)</digitization_by>
    <collation_by>Projektgruppe Bonn</collation_by>
    <pre_editing_by>Projektgruppe Bonn</pre_editing_by>
    <annotation_by>Thomas Klein (Bonn) [u.B.v. R-M.S.Heffner, A Word-Index to the Texts of Steinmeyer ... 1961]</annotation_by>
    <proofreading_by>Elke Weber (Bonn)</proofreading_by>
  </header>
  <layoutinfo>
    <page id="p1" no="68" range="c1"/>
    <column id="c1" range="l1..l8"/>
    <line id="l1" name="1" range="t1_d1..t6_d1" loc="68a,1"/>
    <line id="l2" name="2" range="t7_d1..t12_d1" loc="68a,2"/>
    <line id="l3" name="3" range="t13_d1..t19_d1" loc="68a,3"/>
    <line id="l4" name="4" range="t20_d1..t24_d1" loc="68a,4"/>
    <line id="l5" name="5" range="t25_d1..t30_d1" loc="68a,5"/>
    <line id="l6" name="6" range="t31_d1..t38_d1" loc="68a,6"/>
    <line id="l7" name="7" range="t39_d1..t46_d1" loc="68a,7"/>
    <line id="l8" name="8" range="t47_d1..t52_d1" loc="68a,8"/>
  </layoutinfo>
  <shifttags/>
  <token id="t1" trans="Genzan" type="token">
    <tok_dipl id="t1_d1" trans="Genzan" utf="Genzan"/>
    <tok_anno ascii="Genzan" id="t1_m1" trans="Genzan" utf="Genzan">
      <norm tag="Genzan"/>
      <lemma tag="Genzan"/>
      <lemma_gen tag="Genzan"/>
      <lemma_idmwb tag="--"/>
      <pos tag="NE"/>
      <pos_gen tag="NE"/>
      <infl tag="Nom.Sg"/>
      <inflClass tag="--"/>
      <inflClass_gen tag="--"/>
    </tok_anno>
  </token>
  <token id="t2" trans="unde" type="token">
    <tok_dipl id="t2_d1" trans="unde" utf="unde"/>
    <tok_anno ascii="unde" id="t2_m1" trans="unde" utf="unde">
      <norm tag="unde"/>
      <lemma tag="unte"/>
      <lemma_gen tag="unte"/>
      <lemma_idmwb tag="183108000"/>
      <pos tag="KON"/>
      <pos_gen tag="KO"/>
      <infl tag="--"/>
      <inflClass tag="--"/>
      <inflClass_gen tag="--"/>
    </tok_anno>
  </token>
  <token id="t3" trans="Iordan" type="token">
    <tok_dipl id="t3_d1" trans="Iordan" utf="Iordan"/>
    <tok_anno ascii="Iordan" id="t3_m1" trans="Iordan" utf="Iordan">
      <norm tag="Jordan"/>
      <lemma tag="Jordan"/>
      <lemma_gen tag="Jordan"/>
      <lemma_idmwb tag="--"/>
      <pos tag="NE"/>
      <pos_gen tag="NE"/>
      <infl tag="Nom.Sg"/>
      <inflClass tag="--"/>
      <inflClass_gen tag="--"/>
    </tok_anno>
  </token>
  <token id="t4" trans="ke\iken" type="token">
    <tok_dipl id="t4_d1" trans="ke\iken" utf="keͥken"/>
    <tok_anno ascii="keiken" id="t4_m1" trans="ke\iken" utf="keͥken">
      <norm tag="giengen"/>
      <lemma tag="gân"/>
      <lemma_gen tag="gân"/>
      <lemma_idmwb tag="46788000"/>
      <pos tag="VVFIN"/>
      <pos_gen tag="VV"/>
      <infl tag="Ind.Past.Pl.3"/>
      <inflClass tag="irr"/>
      <inflClass_gen tag="irr"/>
    </tok_anno>
  </token>
  <token id="t5" trans="$ament" type="token">
    <tok_dipl id="t5_d1" trans="$ament" utf="ſament"/>
    <tok_anno ascii="sament" id="t5_m1" trans="$ament" utf="ſament">
      <norm tag="sament"/>
      <lemma tag="sament"/>
      <lemma_gen tag="same(n)t"/>
      <lemma_idmwb tag="???"/>
      <pos tag="APPR"/>
      <pos_gen tag="AP"/>
      <infl tag="--"/>
      <inflClass tag="--"/>
      <inflClass_gen tag="--"/>
    </tok_anno>
  </token>
  <token id="t6" trans="$ozzon(.)" type="token">
    <tok_dipl id="t6_d1" trans="$ozzon" utf="ſozzon"/>
    <tok_anno ascii="sozzon" id="t6_m1" trans="$ozzon" utf="ſozzon">
      <norm tag="schiezen"/>
      <lemma tag="schièzen"/>
      <lemma_gen tag="schièzen"/>
      <lemma_idmwb tag="143472000"/>
      <pos tag="VVINF"/>
      <pos_gen tag="VV"/>
      <infl tag="--"/>
      <inflClass tag="st2b"/>
      <inflClass_gen tag="st2b"/>
      <punc tag="DE"/>
    </tok_anno>
  </token>
  <token id="t7" trans="to" type="token">
    <tok_dipl id="t7_d1" trans="to" utf="to"/>
    <tok_anno ascii="to" id="t7_m1" trans="to" utf="to">
      <norm tag="dô"/>
      <lemma tag="dô"/>
      <lemma_gen tag="dô"/>
      <lemma_idmwb tag="31164000"/>
      <pos tag="AVD"/>
      <pos_gen tag="AVD-KO"/>
      <infl tag="--"/>
      <inflClass tag="--"/>
      <inflClass_gen tag="--"/>
    </tok_anno>
  </token>
  <token id="t8" trans="uer$oz" type="token">
    <tok_dipl id="t8_d1" trans="uer$oz" utf="uerſoz"/>
    <tok_anno ascii="uersoz" id="t8_m1" trans="uer$oz" utf="uerſoz">
      <norm tag="verschôz"/>
      <lemma tag="ver-schièzen"/>
      <lemma_gen tag="ver-schièzen"/>
      <lemma_idmwb tag="204762000"/>
      <pos tag="VVFIN"/>
      <pos_gen tag="VV"/>
      <infl tag="Ind.Past.Sg.3"/>
      <inflClass tag="st2b"/>
      <inflClass_gen tag="st2b"/>
    </tok_anno>
  </token>
  <token id="t9" trans="Genzan" type="token">
    <tok_dipl id="t9_d1" trans="Genzan" utf="Genzan"/>
    <tok_anno ascii="Genzan" id="t9_m1" trans="Genzan" utf="Genzan">
      <norm tag="Genzan"/>
      <lemma tag="Genzan"/>
      <lemma_gen tag="Genzan"/>
      <lemma_idmwb tag="--"/>
      <pos tag="NE"/>
      <pos_gen tag="NE"/>
      <infl tag="Nom.Sg"/>
      <inflClass tag="--"/>
      <inflClass_gen tag="--"/>
    </tok_anno>
  </token>
  <token id="t10" trans="Iordane" type="token">
    <tok_dipl id="t10_d1" trans="Iordane" utf="Iordane"/>
    <tok_anno ascii="Iordane" id="t10_m1" trans="Iordane" utf="Iordane">
      <norm tag="Jordane"/>
      <lemma tag="Jordan"/>
      <lemma_gen tag="Jordan"/>
      <lemma_idmwb tag="--"/>
      <pos tag="NE"/>
      <pos_gen tag="NE"/>
      <infl tag="Dat.Sg"/>
      <inflClass tag="--"/>
      <inflClass_gen tag="--"/>
    </tok_anno>
  </token>
  <token id="t11" trans="te" type="token">
    <tok_dipl id="t11_d1" trans="te" utf="te"/>
    <tok_anno ascii="te" id="t11_m1" trans="te" utf="te">
      <norm tag="die"/>
      <lemma tag="dër"/>
      <lemma_gen tag="dër"/>
      <lemma_idmwb tag="29817000"/>
      <pos tag="DDART"/>
      <pos_gen tag="DD"/>
      <infl tag="Fem.Akk.Sg"/>
      <inflClass tag="--"/>
      <inflClass_gen tag="--"/>
    </tok_anno>
  </token>
  <token id="t12" trans="$itun(.)" type="token">
    <tok_dipl id="t12_d1" trans="$itun" utf="ſitun"/>
    <tok_anno ascii="situn" id="t12_m1" trans="$itun" utf="ſitun">
      <norm tag="sîten"/>
      <lemma tag="sîte"/>
      <lemma_gen tag="sîte"/>
      <lemma_idmwb tag="150585000"/>
      <pos tag="NA"/>
      <pos_gen tag="NA"/>
      <infl tag="Akk.Sg"/>
      <inflClass tag="*.Fem"/>
      <inflClass_gen tag="*.Masc,Fem"/>
      <punc tag="DE"/>
    </tok_anno>
  </token>
  <token id="t13" trans="to" type="token">
    <tok_dipl id="t13_d1" trans="to" utf="to"/>
    <tok_anno ascii="to" id="t13_m1" trans="to" utf="to">
      <norm tag="dô"/>
      <lemma tag="dô"/>
      <lemma_gen tag="dô"/>
      <lemma_idmwb tag="31164000"/>
      <pos tag="AVD"/>
      <pos_gen tag="AVD-KO"/>
      <infl tag="--"/>
      <inflClass tag="--"/>
      <inflClass_gen tag="--"/>
    </tok_anno>
  </token>
  <token id="t14" trans="uer$tont" type="token">
    <tok_dipl id="t14_d1" trans="uer$tont" utf="uerſtont"/>
    <tok_anno ascii="uerstont" id="t14_m1" trans="uer$tont" utf="uerſtont">
      <norm tag="verstuont"/>
      <lemma tag="ver-stân"/>
      <lemma_gen tag="ver-stân"/>
      <lemma_idmwb tag="205629000"/>
      <pos tag="VVFIN"/>
      <pos_gen tag="VV"/>
      <infl tag="Ind.Past.Sg.3"/>
      <inflClass tag="irr"/>
      <inflClass_gen tag="irr"/>
    </tok_anno>
  </token>
  <token id="t15" trans="taz" type="token">
    <tok_dipl id="t15_d1" trans="taz" utf="taz"/>
    <tok_anno ascii="taz" id="t15_m1" trans="taz" utf="taz">
      <norm tag="daz"/>
      <lemma tag="dër"/>
      <lemma_gen tag="dër"/>
      <lemma_idmwb tag="29817000"/>
      <pos tag="DDART"/>
      <pos_gen tag="DD"/>
      <infl tag="Neut.Nom.Sg"/>
      <inflClass tag="--"/>
      <inflClass_gen tag="--"/>
    </tok_anno>
  </token>
  <token id="t16" trans="plo\vt(.)" type="token">
    <tok_dipl id="t16_d1" trans="plo\vt" utf="ploͮt"/>
    <tok_anno ascii="plovt" id="t16_m1" trans="plo\vt" utf="ploͮt">
      <norm tag="bluot"/>
      <lemma tag="bluot"/>
      <lemma_gen tag="bluot"/>
      <lemma_idmwb tag="22908000"/>
      <pos tag="NA"/>
      <pos_gen tag="NA"/>
      <infl tag="Nom.Sg"/>
      <inflClass tag="st.Neut"/>
      <inflClass_gen tag="st.Neut"/>
      <punc tag="DE"/>
    </tok_anno>
  </token>
  <token id="t17" trans="uer$tande" type="token">
    <tok_dipl id="t17_d1" trans="uer$tande" utf="uerſtande"/>
    <tok_anno ascii="uerstande" id="t17_m1" trans="uer$tande" utf="uerſtande">
      <norm tag="verstande"/>
      <lemma tag="ver-stân"/>
      <lemma_gen tag="ver-stân"/>
      <lemma_idmwb tag="205629000"/>
      <pos tag="VVFIN"/>
      <pos_gen tag="VV"/>
      <infl tag="Subj.Pres.Sg.3"/>
      <inflClass tag="irr"/>
      <inflClass_gen tag="irr"/>
    </tok_anno>
  </token>
  <token id="t18" trans="tiz" type="token">
    <tok_dipl id="t18_d1" trans="tiz" utf="tiz"/>
    <tok_anno ascii="tiz" id="t18_m1" trans="tiz" utf="tiz">
      <norm tag="diz"/>
      <lemma tag="dise"/>
      <lemma_gen tag="dise"/>
      <lemma_idmwb tag="30921000"/>
      <pos tag="DDA"/>
      <pos_gen tag="DD"/>
      <infl tag="Neut.Nom.Sg"/>
      <inflClass tag="--"/>
      <inflClass_gen tag="--"/>
    </tok_anno>
  </token>
  <token id="t19" trans="plo\vt,," type="token">
    <tok_dipl id="t19_d1" trans="plo\vt" utf="ploͮt"/>
    <tok_anno ascii="plovt" id="t19_m1" trans="plo\vt" utf="ploͮt">
      <norm tag="bluot"/>
      <lemma tag="bluot"/>
      <lemma_gen tag="bluot"/>
      <lemma_idmwb tag="22908000"/>
      <pos tag="NA"/>
      <pos_gen tag="NA"/>
      <infl tag="Nom.Sg"/>
      <inflClass tag="st.Neut"/>
      <inflClass_gen tag="st.Neut"/>
      <punc tag="S*"/>
    </tok_anno>
  </token>
  <token id="t20" trans="$tant" type="token">
    <tok_dipl id="t20_d1" trans="$tant" utf="ſtant"/>
    <tok_anno ascii="stant" id="t20_m1" trans="$tant" utf="ſtant">
      <norm tag="stant"/>
      <lemma tag="stân"/>
      <lemma_gen tag="stân"/>
      <lemma_idmwb tag="157380000"/>
      <pos tag="VVIMP"/>
      <pos_gen tag="VV"/>
      <infl tag="Sg.2"/>
      <inflClass tag="irr"/>
      <inflClass_gen tag="irr"/>
    </tok_anno>
  </token>
  <token id="t21" trans="plo\vt,," type="token">
    <tok_dipl id="t21_d1" trans="plo\vt" utf="ploͮt"/>
    <tok_anno ascii="plovt" id="t21_m1" trans="plo\vt" utf="ploͮt">
      <norm tag="bluot"/>
      <lemma tag="bluot"/>
      <lemma_gen tag="bluot"/>
      <lemma_idmwb tag="22908000"/>
      <pos tag="NA"/>
      <pos_gen tag="NA"/>
      <infl tag="Nom.Sg"/>
      <inflClass tag="st.Neut"/>
      <inflClass_gen tag="st.Neut"/>
      <punc tag="S*"/>
    </tok_anno>
  </token>
  <token id="t22" trans="$tant" type="token">
    <tok_dipl id="t22_d1" trans="$tant" utf="ſtant"/>
    <tok_anno ascii="stant" id="t22_m1" trans="$tant" utf="ſtant">
      <norm tag="stant"/>
      <lemma tag="stân"/>
      <lemma_gen tag="stân"/>
      <lemma_idmwb tag="157380000"/>
      <pos tag="VVIMP"/>
      <pos_gen tag="VV"/>
      <infl tag="Sg.2"/>
      <inflClass tag="irr"/>
      <inflClass_gen tag="irr"/>
    </tok_anno>
  </token>
  <token id="t23" trans="plo\vt" type="token">
    <tok_dipl id="t23_d1" trans="plo\vt" utf="ploͮt"/>
    <tok_anno ascii="plovt" id="t23_m1" trans="plo\vt" utf="ploͮt">
      <norm tag="bluot"/>
      <lemma tag="bluot"/>
      <lemma_gen tag="bluot"/>
      <lemma_idmwb tag="22908000"/>
      <pos tag="NA"/>
      <pos_gen tag="NA"/>
      <infl tag="Nom.Sg"/>
      <inflClass tag="st.Neut"/>
      <inflClass_gen tag="st.Neut"/>
    </tok_anno>
  </token>
  <token id="t24" trans="fa$to(!)" type="token">
    <tok_dipl id="t24_d1" trans="fa$to" utf="faſto"/>
    <tok_anno ascii="fasto" id="t24_m1" trans="fa$to" utf="faſto">
      <norm tag="vaste"/>
      <lemma tag="vaste"/>
      <lemma_gen tag="vaste"/>
      <lemma_idmwb tag="198546000"/>
      <pos tag="AVD"/>
      <pos_gen tag="AVD"/>
      <infl tag="--"/>
      <inflClass tag="--"/>
      <inflClass_gen tag="--"/>
      <punc tag="IE"/>
    </tok_anno>
  </token>
  <token id="t25" trans="Vro" type="token">
    <tok_dipl id="t25_d1" trans="Vro" utf="Vro"/>
    <tok_anno ascii="Vro" id="t25_m1" trans="Vro" utf="Vro">
      <norm tag="Vrô"/>
      <lemma tag="Vrô"/>
      <lemma_gen tag="Vrô"/>
      <lemma_idmwb tag="--"/>
      <pos tag="NE"/>
      <pos_gen tag="NE"/>
      <infl tag="Nom.Sg"/>
      <inflClass tag="--"/>
      <inflClass_gen tag="--"/>
    </tok_anno>
  </token>
  <token id="t26" trans="unde" type="token">
    <tok_dipl id="t26_d1" trans="unde" utf="unde"/>
    <tok_anno ascii="unde" id="t26_m1" trans="unde" utf="unde">
      <norm tag="unde"/>
      <lemma tag="unte"/>
      <lemma_gen tag="unte"/>
      <lemma_idmwb tag="183108000"/>
      <pos tag="KON"/>
      <pos_gen tag="KO"/>
      <infl tag="--"/>
      <inflClass tag="--"/>
      <inflClass_gen tag="--"/>
    </tok_anno>
  </token>
  <token id="t27" trans="Lazakere" type="token">
    <tok_dipl id="t27_d1" trans="Lazakere" utf="Lazakere"/>
    <tok_anno ascii="Lazakere" id="t27_m1" trans="Lazakere" utf="Lazakere">
      <norm tag="Lazakere"/>
      <lemma tag="Lazakere"/>
      <lemma_gen tag="Lazakere"/>
      <lemma_idmwb tag="--"/>
      <pos tag="NE"/>
      <pos_gen tag="NE"/>
      <infl tag="Nom.Sg"/>
      <inflClass tag="--"/>
      <inflClass_gen tag="--"/>
    </tok_anno>
  </token>
  <token id="t28" trans="ke\iken" type="token">
    <tok_dipl id="t28_d1" trans="ke\iken" utf="keͥken"/>
    <tok_anno ascii="keiken" id="t28_m1" trans="ke\iken" utf="keͥken">
      <norm tag="giengen"/>
      <lemma tag="gân"/>
      <lemma_gen tag="gân"/>
      <lemma_idmwb tag="46788000"/>
      <pos tag="VVFIN"/>
      <pos_gen tag="VV"/>
      <infl tag="Ind.Past.Pl.3"/>
      <inflClass tag="irr"/>
      <inflClass_gen tag="irr"/>
    </tok_anno>
  </token>
  <token id="t29" trans="molt" type="token">
    <tok_dipl id="t29_d1" trans="molt" utf="molt"/>
    <tok_anno ascii="molt" id="t29_m1" trans="molt" utf="molt">
      <norm tag="--"/>
      <lemma tag="[!!]"/>
      <lemma_gen tag="[!!]"/>
      <lemma_idmwb tag="--"/>
      <pos tag="--"/>
      <pos_gen tag="--"/>
      <infl tag="--"/>
      <inflClass tag="--"/>
      <inflClass_gen tag="--"/>
    </tok_anno>
  </token>
  <token id="t30" trans="petritto(.)" type="token">
    <tok_dipl id="t30_d1" trans="petritto" utf="petritto"/>
    <tok_anno ascii="petritto" id="t30_m1" trans="petritto" utf="petritto">
      <norm tag="--"/>
      <lemma tag="[!!]"/>
      <lemma_gen tag="[!!]"/>
      <lemma_idmwb tag="--"/>
      <pos tag="--"/>
      <pos_gen tag="--"/>
      <infl tag="--"/>
      <inflClass tag="--"/>
      <inflClass_gen tag="--"/>
      <punc tag="DE"/>
    </tok_anno>
  </token>
  <token id="t31" trans="Tumbo" type="token">
    <tok_dipl id="t31_d1" trans="Tumbo" utf="Tumbo"/>
    <tok_anno ascii="Tumbo" id="t31_m1" trans="Tumbo" utf="Tumbo">
      <norm tag="tumbe"/>
      <lemma tag="tumb"/>
      <lemma_gen tag="tumb"/>
      <lemma_idmwb tag="173310000"/>
      <pos tag="ADJA"/>
      <pos_gen tag="ADJ"/>
      <infl tag="Pos.Masc.Nom.Sg.wk"/>
      <inflClass tag="--"/>
      <inflClass_gen tag="--"/>
    </tok_anno>
  </token>
  <comment type="K">/%.[Tumbe PN?]</comment>
  <token id="t32" trans="$az" type="token">
    <tok_dipl id="t32_d1" trans="$az" utf="ſaz"/>
    <tok_anno ascii="saz" id="t32_m1" trans="$az" utf="ſaz">
      <norm tag="saz"/>
      <lemma tag="sitzen"/>
      <lemma_gen tag="sitzen"/>
      <lemma_idmwb tag="150693000"/>
      <pos tag="VVFIN"/>
      <pos_gen tag="VV"/>
      <infl tag="Ind.Past.Sg.3"/>
      <inflClass tag="st5b"/>
      <inflClass_gen tag="st5b"/>
    </tok_anno>
  </token>
  <token id="t33" trans="in" type="token">
    <tok_dipl id="t33_d1" trans="in" utf="in"/>
    <tok_anno ascii="in" id="t33_m1" trans="in" utf="in">
      <norm tag="in"/>
      <lemma tag="in"/>
      <lemma_gen tag="in"/>
      <lemma_idmwb tag="81741000"/>
      <pos tag="APPR"/>
      <pos_gen tag="AP"/>
      <infl tag="c.D"/>
      <inflClass tag="--"/>
      <inflClass_gen tag="--"/>
    </tok_anno>
  </token>
  <token id="t34" trans="berke" type="token">
    <tok_dipl id="t34_d1" trans="berke" utf="berke"/>
    <tok_anno ascii="berke" id="t34_m1" trans="berke" utf="berke">
      <norm tag="berge"/>
      <lemma tag="bërg"/>
      <lemma_gen tag="bërg"/>
      <lemma_idmwb tag="15249000"/>
      <pos tag="NA"/>
      <pos_gen tag="NA"/>
      <infl tag="Dat.Sg"/>
      <inflClass tag="st.Masc"/>
      <inflClass_gen tag="st.Masc"/>
    </tok_anno>
  </token>
  <token id="t35" trans="mit" type="token">
    <tok_dipl id="t35_d1" trans="mit" utf="mit"/>
    <tok_anno ascii="mit" id="t35_m1" trans="mit" utf="mit">
      <norm tag="mit"/>
      <lemma tag="mit"/>
      <lemma_gen tag="mit"/>
      <lemma_idmwb tag="113898000"/>
      <pos tag="APPR"/>
      <pos_gen tag="AP"/>
      <infl tag="c.D"/>
      <inflClass tag="--"/>
      <inflClass_gen tag="--"/>
    </tok_anno>
  </token>
  <token id="t36" trans="tumbemo" type="token">
    <tok_dipl id="t36_d1" trans="tumbemo" utf="tumbemo"/>
    <tok_anno ascii="tumbemo" id="t36_m1" trans="tumbemo" utf="tumbemo">
      <norm tag="tumbeme"/>
      <lemma tag="tumb"/>
      <lemma_gen tag="tumb"/>
      <lemma_idmwb tag="173310000"/>
      <pos tag="ADJA"/>
      <pos_gen tag="ADJ"/>
      <infl tag="Pos.Neut.Dat.Sg.st"/>
      <inflClass tag="--"/>
      <inflClass_gen tag="--"/>
    </tok_anno>
  </token>
  <token id="t37" trans="kinde" type="token">
    <tok_dipl id="t37_d1" trans="kinde" utf="kinde"/>
    <tok_anno ascii="kinde" id="t37_m1" trans="kinde" utf="kinde">
      <norm tag="kinde"/>
      <lemma tag="kind"/>
      <lemma_gen tag="kind"/>
      <lemma_idmwb tag="89772000"/>
      <pos tag="NA"/>
      <pos_gen tag="NA"/>
      <infl tag="Dat.Sg"/>
      <inflClass tag="st.Masc"/>
      <inflClass_gen tag="st.Masc"/>
    </tok_anno>
  </token>
  <token id="t38" trans="en||arme(.)" type="token">
    <tok_dipl id="t38_d1" trans="enarme" utf="enarme"/>
    <tok_anno ascii="en" id="t38_m1" trans="en|" utf="en">
      <norm tag="in"/>
      <token_type tag="MS1"/>
      <lemma tag="in"/>
      <lemma_gen tag="in"/>
      <lemma_idmwb tag="81741000"/>
      <pos tag="APPR"/>
      <pos_gen tag="AP"/>
      <infl tag="c.D"/>
      <inflClass tag="--"/>
      <inflClass_gen tag="--"/>
    </tok_anno>
    <tok_anno ascii="arme" id="t38_m2" trans="|arme" utf="arme">
      <norm tag="arme"/>
      <token_type tag="MS2"/>
      <lemma tag="arm"/>
      <lemma_gen tag="arm"/>
      <lemma_idmwb tag="9042000"/>
      <pos tag="NA"/>
      <pos_gen tag="NA"/>
      <infl tag="Dat.Sg"/>
      <inflClass tag="st.Masc"/>
      <inflClass_gen tag="st.Masc"/>
      <punc tag="DE"/>
    </tok_anno>
  </token>
  <token id="t39" trans="tumb" type="token">
    <tok_dipl id="t39_d1" trans="tumb" utf="tumb"/>
    <tok_anno ascii="tumb" id="t39_m1" trans="tumb" utf="tumb">
      <norm tag="tump"/>
      <lemma tag="tumb"/>
      <lemma_gen tag="tumb"/>
      <lemma_idmwb tag="173310000"/>
      <pos tag="ADJD"/>
      <pos_gen tag="ADJ"/>
      <infl tag="Pos....0"/>
      <inflClass tag="--"/>
      <inflClass_gen tag="--"/>
    </tok_anno>
  </token>
  <token id="t40" trans="hiez" type="token">
    <tok_dipl id="t40_d1" trans="hiez" utf="hiez"/>
    <tok_anno ascii="hiez" id="t40_m1" trans="hiez" utf="hiez">
      <norm tag="hiez"/>
      <lemma tag="hèizen"/>
      <lemma_gen tag="hèizen"/>
      <lemma_idmwb tag="70758000"/>
      <pos tag="VVFIN"/>
      <pos_gen tag="VV"/>
      <infl tag="Ind.Past.Sg.3"/>
      <inflClass tag="st7"/>
      <inflClass_gen tag="st7"/>
    </tok_anno>
  </token>
  <token id="t41" trans="ter" type="token">
    <tok_dipl id="t41_d1" trans="ter" utf="ter"/>
    <tok_anno ascii="ter" id="t41_m1" trans="ter" utf="ter">
      <norm tag="der"/>
      <lemma tag="dër"/>
      <lemma_gen tag="dër"/>
      <lemma_idmwb tag="29817000"/>
      <pos tag="DDART"/>
      <pos_gen tag="DD"/>
      <infl tag="Masc.Nom.Sg"/>
      <inflClass tag="--"/>
      <inflClass_gen tag="--"/>
    </tok_anno>
  </token>
  <token id="t42" trans="berch,," type="token">
    <tok_dipl id="t42_d1" trans="berch" utf="berch"/>
    <tok_anno ascii="berch" id="t42_m1" trans="berch" utf="berch">
      <norm tag="berc"/>
      <lemma tag="bërg"/>
      <lemma_gen tag="bërg"/>
      <lemma_idmwb tag="15249000"/>
      <pos tag="NA"/>
      <pos_gen tag="NA"/>
      <infl tag="Nom.Sg"/>
      <inflClass tag="st.Masc"/>
      <inflClass_gen tag="st.Masc"/>
      <punc tag="S*"/>
    </tok_anno>
  </token>
  <token id="t43" trans="tumb" type="token">
    <tok_dipl id="t43_d1" trans="tumb" utf="tumb"/>
    <tok_anno ascii="tumb" id="t43_m1" trans="tumb" utf="tumb">
      <norm tag="tump"/>
      <lemma tag="tumb"/>
      <lemma_gen tag="tumb"/>
      <lemma_idmwb tag="173310000"/>
      <pos tag="ADJD"/>
      <pos_gen tag="ADJ"/>
      <infl tag="Pos....0"/>
      <inflClass tag="--"/>
      <inflClass_gen tag="--"/>
    </tok_anno>
  </token>
  <token id="t44" trans="hiez" type="token">
    <tok_dipl id="t44_d1" trans="hiez" utf="hiez"/>
    <tok_anno ascii="hiez" id="t44_m1" trans="hiez" utf="hiez">
      <norm tag="hiez"/>
      <lemma tag="hèizen"/>
      <lemma_gen tag="hèizen"/>
      <lemma_idmwb tag="70758000"/>
      <pos tag="VVFIN"/>
      <pos_gen tag="VV"/>
      <infl tag="Ind.Past.Sg.3"/>
      <inflClass tag="st7"/>
      <inflClass_gen tag="st7"/>
    </tok_anno>
  </token>
  <token id="t45" trans="taz" type="token">
    <tok_dipl id="t45_d1" trans="taz" utf="taz"/>
    <tok_anno ascii="taz" id="t45_m1" trans="taz" utf="taz">
      <norm tag="daz"/>
      <lemma tag="dër"/>
      <lemma_gen tag="dër"/>
      <lemma_idmwb tag="29817000"/>
      <pos tag="DDART"/>
      <pos_gen tag="DD"/>
      <infl tag="Neut.Nom.Sg"/>
      <inflClass tag="--"/>
      <inflClass_gen tag="--"/>
    </tok_anno>
  </token>
  <token id="t46" trans="kint(:)" type="token">
    <tok_dipl id="t46_d1" trans="kint" utf="kint"/>
    <tok_anno ascii="kint" id="t46_m1" trans="kint" utf="kint">
      <norm tag="kint"/>
      <lemma tag="kind"/>
      <lemma_gen tag="kind"/>
      <lemma_idmwb tag="89772000"/>
      <pos tag="NA"/>
      <pos_gen tag="NA"/>
      <infl tag="Nom.Sg"/>
      <inflClass tag="st.Masc"/>
      <inflClass_gen tag="st.Masc"/>
      <punc tag="DE"/>
    </tok_anno>
  </token>
  <token id="t47" trans="ter" type="token">
    <tok_dipl id="t47_d1" trans="ter" utf="ter"/>
    <tok_anno ascii="ter" id="t47_m1" trans="ter" utf="ter">
      <norm tag="der"/>
      <lemma tag="dër"/>
      <lemma_gen tag="dër"/>
      <lemma_idmwb tag="29817000"/>
      <pos tag="DDART"/>
      <pos_gen tag="DD"/>
      <infl tag="Masc.Nom.Sg"/>
      <inflClass tag="--"/>
      <inflClass_gen tag="--"/>
    </tok_anno>
  </token>
  <token id="t48" trans="heilego" type="token">
    <tok_dipl id="t48_d1" trans="heilego" utf="heilego"/>
    <tok_anno ascii="heilego" id="t48_m1" trans="heilego" utf="heilego">
      <norm tag="heilige"/>
      <lemma tag="hèilig"/>
      <lemma_gen tag="hèilig"/>
      <lemma_idmwb tag="70113000"/>
      <pos tag="ADJA"/>
      <pos_gen tag="ADJ"/>
      <infl tag="Pos.Masc.Nom.Sg.wk"/>
      <inflClass tag="--"/>
      <inflClass_gen tag="--"/>
    </tok_anno>
  </token>
  <token id="t49" trans="Tumbo" type="token">
    <tok_dipl id="t49_d1" trans="Tumbo" utf="Tumbo"/>
    <tok_anno ascii="Tumbo" id="t49_m1" trans="Tumbo" utf="Tumbo">
      <norm tag="tumbe"/>
      <lemma tag="tumb"/>
      <lemma_gen tag="tumb"/>
      <lemma_idmwb tag="173310000"/>
      <pos tag="ADJA"/>
      <pos_gen tag="ADJ"/>
      <infl tag="Pos.Masc.Nom.Sg.wk"/>
      <inflClass tag="--"/>
      <inflClass_gen tag="--"/>
    </tok_anno>
  </token>
  <comment type="K">/%.[Tumbe PN?]</comment>
  <token id="t50" trans="uer$egene" type="token">
    <tok_dipl id="t50_d1" trans="uer$egene" utf="uerſegene"/>
    <tok_anno ascii="uersegene" id="t50_m1" trans="uer$egene" utf="uerſegene">
      <norm tag="versegene"/>
      <lemma tag="ver-sëgenen"/>
      <lemma_gen tag="ver-sëgenen"/>
      <lemma_idmwb tag="???"/>
      <pos tag="VVFIN"/>
      <pos_gen tag="VV"/>
      <infl tag="Subj.Pres.Sg.3"/>
      <inflClass tag="wk"/>
      <inflClass_gen tag="wk"/>
    </tok_anno>
  </token>
  <token id="t51" trans="tiv$a" type="token">
    <tok_dipl id="t51_d1" trans="tiv$a" utf="tivſa"/>
    <tok_anno ascii="tivsa" id="t51_m1" trans="tiv$a" utf="tivſa">
      <norm tag="diuse"/>
      <lemma tag="dise"/>
      <lemma_gen tag="dise"/>
      <lemma_idmwb tag="30921000"/>
      <pos tag="DDA"/>
      <pos_gen tag="DD"/>
      <infl tag="Fem.Akk.Sg"/>
      <inflClass tag="--"/>
      <inflClass_gen tag="--"/>
    </tok_anno>
  </token>
  <token id="t52" trans="uunda(.)" type="token">
    <tok_dipl id="t52_d1" trans="uunda" utf="uunda"/>
    <tok_anno ascii="uunda" id="t52_m1" trans="uunda" utf="uunda">
      <norm tag="wunde"/>
      <lemma tag="wunte"/>
      <lemma_gen tag="wunte"/>
      <lemma_idmwb tag="233895000"/>
      <pos tag="NA"/>
      <pos_gen tag="NA"/>
      <infl tag="Akk.Sg"/>
      <inflClass tag="st.Fem"/>
      <inflClass_gen tag="*.Fem"/>
      <punc tag="DE"/>
    </tok_anno>
  </token>
</text>
