<?xml version='1.0' encoding='UTF-8'?>
<!DOCTYPE text SYSTEM "cora-xml.dtd">
<text id="M048P">
  <header>
    <text>Contra caducum morbum (P)</text>
    <abbr_ddd>ContracadP</abbr_ddd>
    <abbr_mwb>-</abbr_mwb>
    <topic>Religion, Alltag</topic>
    <text-type>Segen</text-type>
    <genre>P</genre>
    <reference>Handschrift</reference>
    <reference-secondary>Edition [Textnummer+Seite+Zeile]</reference-secondary>
    <library>Paris, Bibl. Nationale</library>
    <library-shelfmark>Ms. nouv. acq. lat. 229</library-shelfmark>
    <online>http://www.handschriftencensus.de/11468</online>
    <medium>Handschrift</medium>
    <extent>9v,23-10r,7</extent>
    <extract>-</extract>
    <language>mhd</language>
    <language-type>mitteldeutsch</language-type>
    <language-region>westmitteldeutsch</language-region>
    <language-area>(süd)rheinfränkisch (?)</language-area>
    <place>-</place>
    <time>12</time>
    <notes-manuscript>-</notes-manuscript>
    <date>12?</date>
    <text-place>-</text-place>
    <text-author>-</text-author>
    <text-language>-</text-language>
    <text-source>-</text-source>
    <edition>Friedrich Wilhelm (Hg.), Denkmäler deutscher Prosa des 11. und 12. Jahrhunderts,  München 1914/16, Nr. 17; Elias von Steinmeyer (Hg.), Die kleineren althochdeutschen Sprachdenkmäler, Berlin 1916, Nr. 66,4</edition>
    <corpus>ReM I</corpus>
    <notes-transcription>-</notes-transcription>
    <notes-annotation>-</notes-annotation>
    <digitization_by>Thomas Klein (Bonn)</digitization_by>
    <collation_by>Elke Weber (Bonn)</collation_by>
    <pre_editing_by>Projektgruppe Bonn</pre_editing_by>
    <annotation_by>Thomas Klein (Bonn) [u.B.v. R-M.S.Heffner, A Word-Index to the Texts of Steinmeyer ... 1961]</annotation_by>
    <proofreading_by>Projektgruppe Bonn</proofreading_by>
  </header>
  <layoutinfo>
    <page id="p1" no="9" range="c1" side="v"/>
    <column id="c1" range="l1..l13"/>
    <line id="l1" name="23" range="t1_d1..t10_d1" loc="9va,23"/>
    <line id="l2" name="24" range="t11_d1..t26_d1" loc="9va,24"/>
    <line id="l3" name="25" range="t27_d1..t39_d1" loc="9va,25"/>
    <line id="l4" name="26" range="t40_d1..t51_d1" loc="9va,26"/>
    <line id="l5" name="27" range="t52_d1..t62_d1" loc="9va,27"/>
    <line id="l6" name="28" range="t63_d1..t73_d1" loc="9va,28"/>
    <line id="l7" name="29" range="t74_d1..t86_d1" loc="9va,29"/>
    <line id="l8" name="30" range="t87_d1..t96_d1" loc="9va,30"/>
    <line id="l9" name="31" range="t97_d1..t111_d1" loc="9va,31"/>
    <line id="l10" name="32" range="t112_d1..t126_d1" loc="9va,32"/>
    <line id="l11" name="33" range="t127_d1..t140_d1" loc="9va,33"/>
    <line id="l12" name="34" range="t141_d1..t155_d1" loc="9va,34"/>
    <line id="l13" name="35" range="t156_d1..t158_d1" loc="9va,35"/>
  </layoutinfo>
  <shifttags>
    <paren range="t81_m1..t83_m1"/>
    <quote range="t119_m1..t120_m1"/>
  </shifttags>
  <token id="t1" trans="Contra" type="token">
    <tok_dipl id="t1_d1" trans="Contra" utf="Contra"/>
    <tok_anno ascii="Contra" id="t1_m1" trans="Contra" utf="Contra">
      <norm tag="--"/>
      <lemma tag="contra"/>
      <lemma_gen tag="contra"/>
      <lemma_idmwb tag="--"/>
      <pos tag="FM"/>
      <pos_gen tag="FM"/>
      <infl tag="--"/>
      <inflClass tag="--"/>
      <inflClass_gen tag="--"/>
    </tok_anno>
  </token>
  <comment type="K">/L[+]</comment>
  <token id="t2" trans="caducu\-" type="token">
    <tok_dipl id="t2_d1" trans="caducu\-" utf="caducū"/>
    <tok_anno ascii="caducun" id="t2_m1" trans="caducu\-" utf="caducū">
      <norm tag="--"/>
      <lemma tag="caducum"/>
      <lemma_gen tag="caducum"/>
      <lemma_idmwb tag="--"/>
      <pos tag="FM"/>
      <pos_gen tag="FM"/>
      <infl tag="--"/>
      <inflClass tag="--"/>
      <inflClass_gen tag="--"/>
    </tok_anno>
  </token>
  <token id="t3" trans="morbu\-(.)" type="token">
    <tok_dipl id="t3_d1" trans="morbu\-" utf="morbū"/>
    <tok_anno ascii="morbun" id="t3_m1" trans="morbu\-" utf="morbū">
      <norm tag="--"/>
      <lemma tag="morbum"/>
      <lemma_gen tag="morbum"/>
      <lemma_idmwb tag="--"/>
      <pos tag="FM"/>
      <pos_gen tag="FM"/>
      <infl tag="--"/>
      <inflClass tag="--"/>
      <inflClass_gen tag="--"/>
      <punc tag="DE"/>
    </tok_anno>
  </token>
  <comment type="K">/K[Contra_: in der HS hinter dem folgenden Satz]</comment>
  <token id="t4" trans="." type="punc">
    <tok_dipl id="t4_d1" trans="." utf="."/>
    <tok_anno ascii="." id="t4_m1" trans="." utf=".">
      <pos tag="$_"/>
      <pos_gen tag="$_"/>
      <punc tag="$E"/>
    </tok_anno>
  </token>
  <token id="t5" trans="÷(A÷)ccede" type="token">
    <tok_dipl id="t5_d1" trans="÷(A÷)ccede" utf="Accede"/>
    <tok_anno ascii="Accede" id="t5_m1" trans="÷(A÷)ccede" utf="Accede">
      <norm tag="--"/>
      <lemma tag="accede"/>
      <lemma_gen tag="accede"/>
      <lemma_idmwb tag="--"/>
      <pos tag="FM"/>
      <pos_gen tag="FM"/>
      <infl tag="--"/>
      <inflClass tag="--"/>
      <inflClass_gen tag="--"/>
    </tok_anno>
  </token>
  <token id="t6" trans="ad||infirmu\-" type="token">
    <tok_dipl id="t6_d1" trans="adinfirmu\-" utf="adinfirmū"/>
    <tok_anno ascii="ad" id="t6_m1" trans="ad|" utf="ad">
      <norm tag="--"/>
      <token_type tag="MS1"/>
      <lemma tag="ad"/>
      <lemma_gen tag="ad"/>
      <lemma_idmwb tag="--"/>
      <pos tag="FM"/>
      <pos_gen tag="FM"/>
      <infl tag="--"/>
      <inflClass tag="--"/>
      <inflClass_gen tag="--"/>
    </tok_anno>
    <tok_anno ascii="infirmun" id="t6_m2" trans="|infirmu\-" utf="infirmū">
      <norm tag="--"/>
      <token_type tag="MS2"/>
      <lemma tag="infirmum"/>
      <lemma_gen tag="infirmum"/>
      <lemma_idmwb tag="--"/>
      <pos tag="FM"/>
      <pos_gen tag="FM"/>
      <infl tag="--"/>
      <inflClass tag="--"/>
      <inflClass_gen tag="--"/>
    </tok_anno>
  </token>
  <token id="t7" trans="iacente\-(.)" type="token">
    <tok_dipl id="t7_d1" trans="iacente\-" utf="iacentē"/>
    <tok_anno ascii="iacenten" id="t7_m1" trans="iacente\-" utf="iacentē">
      <norm tag="--"/>
      <lemma tag="iacentem"/>
      <lemma_gen tag="iacentem"/>
      <lemma_idmwb tag="--"/>
      <pos tag="FM"/>
      <pos_gen tag="FM"/>
      <infl tag="--"/>
      <inflClass tag="--"/>
      <inflClass_gen tag="--"/>
      <punc tag="DE"/>
    </tok_anno>
  </token>
  <token id="t8" trans="." type="punc">
    <tok_dipl id="t8_d1" trans="." utf="."/>
    <tok_anno ascii="." id="t8_m1" trans="." utf=".">
      <pos tag="$_"/>
      <pos_gen tag="$_"/>
      <punc tag="$E"/>
    </tok_anno>
  </token>
  <token id="t9" trans="7" type="token">
    <tok_dipl id="t9_d1" trans="7" utf=""/>
    <tok_anno ascii="et" id="t9_m1" trans="7" utf="">
      <norm tag="--"/>
      <lemma tag="et"/>
      <lemma_gen tag="et"/>
      <lemma_idmwb tag="--"/>
      <pos tag="FM"/>
      <pos_gen tag="FM"/>
      <infl tag="--"/>
      <inflClass tag="--"/>
      <inflClass_gen tag="--"/>
    </tok_anno>
  </token>
  <token id="t10" trans="a||$ini$tro" type="token">
    <tok_dipl id="t10_d1" trans="a$ini$tro" utf="aſiniſtro"/>
    <tok_anno ascii="a" id="t10_m1" trans="a|" utf="a">
      <norm tag="--"/>
      <token_type tag="MS1"/>
      <lemma tag="a"/>
      <lemma_gen tag="a"/>
      <lemma_idmwb tag="--"/>
      <pos tag="FM"/>
      <pos_gen tag="FM"/>
      <infl tag="--"/>
      <inflClass tag="--"/>
      <inflClass_gen tag="--"/>
    </tok_anno>
    <tok_anno ascii="sinistro" id="t10_m2" trans="|$ini$tro" utf="ſiniſtro">
      <norm tag="--"/>
      <token_type tag="MS2"/>
      <lemma tag="sinistro"/>
      <lemma_gen tag="sinistro"/>
      <lemma_idmwb tag="--"/>
      <pos tag="FM"/>
      <pos_gen tag="FM"/>
      <infl tag="--"/>
      <inflClass tag="--"/>
      <inflClass_gen tag="--"/>
    </tok_anno>
  </token>
  <token id="t11" trans="Sq\/" type="token">
    <tok_dipl id="t11_d1" trans="Sq\/" utf="Sꝙ"/>
    <tok_anno ascii="Sque" id="t11_m1" trans="Sq\/" utf="Sꝙ">
      <norm tag="--"/>
      <lemma tag="usque"/>
      <lemma_gen tag="usque"/>
      <lemma_idmwb tag="--"/>
      <pos tag="FM"/>
      <pos_gen tag="FM"/>
      <infl tag="--"/>
      <inflClass tag="--"/>
      <inflClass_gen tag="--"/>
    </tok_anno>
  </token>
  <token id="t12" trans="." type="punc">
    <tok_dipl id="t12_d1" trans="." utf="."/>
    <tok_anno ascii="." id="t12_m1" trans="." utf=".">
      <pos tag="$_"/>
      <pos_gen tag="$_"/>
    </tok_anno>
  </token>
  <token id="t13" trans="ad||dextru\-" type="token">
    <tok_dipl id="t13_d1" trans="addextru\-" utf="addextrū"/>
    <tok_anno ascii="ad" id="t13_m1" trans="ad|" utf="ad">
      <norm tag="--"/>
      <token_type tag="MS1"/>
      <lemma tag="ad"/>
      <lemma_gen tag="ad"/>
      <lemma_idmwb tag="--"/>
      <pos tag="FM"/>
      <pos_gen tag="FM"/>
      <infl tag="--"/>
      <inflClass tag="--"/>
      <inflClass_gen tag="--"/>
    </tok_anno>
    <tok_anno ascii="dextrun" id="t13_m2" trans="|dextru\-" utf="dextrū">
      <norm tag="--"/>
      <token_type tag="MS2"/>
      <lemma tag="dextrum"/>
      <lemma_gen tag="dextrum"/>
      <lemma_idmwb tag="--"/>
      <pos tag="FM"/>
      <pos_gen tag="FM"/>
      <infl tag="--"/>
      <inflClass tag="--"/>
      <inflClass_gen tag="--"/>
    </tok_anno>
  </token>
  <token id="t14" trans="latv$" type="token">
    <tok_dipl id="t14_d1" trans="latv$" utf="latvſ"/>
    <tok_anno ascii="latvs" id="t14_m1" trans="latv$" utf="latvſ">
      <norm tag="--"/>
      <lemma tag="latvs"/>
      <lemma_gen tag="latvs"/>
      <lemma_idmwb tag="--"/>
      <pos tag="FM"/>
      <pos_gen tag="FM"/>
      <infl tag="--"/>
      <inflClass tag="--"/>
      <inflClass_gen tag="--"/>
    </tok_anno>
  </token>
  <comment type="K">/K[latvſ: vſ eine Art Ligatur]</comment>
  <token id="t15" trans="$pacian$(.)" type="token">
    <tok_dipl id="t15_d1" trans="$pacian$" utf="ſpacianſ"/>
    <tok_anno ascii="spacians" id="t15_m1" trans="$pacian$" utf="ſpacianſ">
      <norm tag="--"/>
      <lemma tag="spacians"/>
      <lemma_gen tag="spacians"/>
      <lemma_idmwb tag="--"/>
      <pos tag="FM"/>
      <pos_gen tag="FM"/>
      <infl tag="--"/>
      <inflClass tag="--"/>
      <inflClass_gen tag="--"/>
      <punc tag="DE"/>
    </tok_anno>
  </token>
  <token id="t16" trans="." type="punc">
    <tok_dipl id="t16_d1" trans="." utf="."/>
    <tok_anno ascii="." id="t16_m1" trans="." utf=".">
      <pos tag="$_"/>
      <pos_gen tag="$_"/>
      <punc tag="$E"/>
    </tok_anno>
  </token>
  <token id="t17" trans="$icq\/" type="token">
    <tok_dipl id="t17_d1" trans="$icq\/" utf="ſicꝙ"/>
    <tok_anno ascii="sicque" id="t17_m1" trans="$icq\/" utf="ſicꝙ">
      <norm tag="--"/>
      <lemma tag="sicque"/>
      <lemma_gen tag="sicque"/>
      <lemma_idmwb tag="--"/>
      <pos tag="FM"/>
      <pos_gen tag="FM"/>
      <infl tag="--"/>
      <inflClass tag="--"/>
      <inflClass_gen tag="--"/>
    </tok_anno>
  </token>
  <token id="t18" trans="$uᵽ" type="token">
    <tok_dipl id="t18_d1" trans="$uᵽ" utf="ſuᵽ"/>
    <tok_anno ascii="suᵽ" id="t18_m1" trans="$uᵽ" utf="ſuᵽ">
      <norm tag="--"/>
      <lemma tag="super"/>
      <lemma_gen tag="super"/>
      <lemma_idmwb tag="--"/>
      <pos tag="FM"/>
      <pos_gen tag="FM"/>
      <infl tag="--"/>
      <inflClass tag="--"/>
      <inflClass_gen tag="--"/>
    </tok_anno>
  </token>
  <token id="t19" trans="eu\-" type="token">
    <tok_dipl id="t19_d1" trans="eu\-" utf="eū"/>
    <tok_anno ascii="eun" id="t19_m1" trans="eu\-" utf="eū">
      <norm tag="--"/>
      <lemma tag="eum"/>
      <lemma_gen tag="eum"/>
      <lemma_idmwb tag="--"/>
      <pos tag="FM"/>
      <pos_gen tag="FM"/>
      <infl tag="--"/>
      <inflClass tag="--"/>
      <inflClass_gen tag="--"/>
    </tok_anno>
  </token>
  <token id="t20" trans="$tan$" type="token">
    <tok_dipl id="t20_d1" trans="$tan$" utf="ſtanſ"/>
    <tok_anno ascii="stans" id="t20_m1" trans="$tan$" utf="ſtanſ">
      <norm tag="--"/>
      <lemma tag="stans"/>
      <lemma_gen tag="stans"/>
      <lemma_idmwb tag="--"/>
      <pos tag="FM"/>
      <pos_gen tag="FM"/>
      <infl tag="--"/>
      <inflClass tag="--"/>
      <inflClass_gen tag="--"/>
    </tok_anno>
  </token>
  <token id="t21" trans="." type="punc">
    <tok_dipl id="t21_d1" trans="." utf="."/>
    <tok_anno ascii="." id="t21_m1" trans="." utf=".">
      <pos tag="$_"/>
      <pos_gen tag="$_"/>
    </tok_anno>
  </token>
  <token id="t22" trans="dic" type="token">
    <tok_dipl id="t22_d1" trans="dic" utf="dic"/>
    <tok_anno ascii="dic" id="t22_m1" trans="dic" utf="dic">
      <norm tag="--"/>
      <lemma tag="dic"/>
      <lemma_gen tag="dic"/>
      <lemma_idmwb tag="--"/>
      <pos tag="FM"/>
      <pos_gen tag="FM"/>
      <infl tag="--"/>
      <inflClass tag="--"/>
      <inflClass_gen tag="--"/>
    </tok_anno>
  </token>
  <token id="t23" trans="ter(.)" type="token">
    <tok_dipl id="t23_d1" trans="ter" utf="ter"/>
    <tok_anno ascii="ter" id="t23_m1" trans="ter" utf="ter">
      <norm tag="--"/>
      <lemma tag="ter"/>
      <lemma_gen tag="ter"/>
      <lemma_idmwb tag="--"/>
      <pos tag="FM"/>
      <pos_gen tag="FM"/>
      <infl tag="--"/>
      <inflClass tag="--"/>
      <inflClass_gen tag="--"/>
      <punc tag="DE"/>
    </tok_anno>
  </token>
  <comment type="K">/L[@]</comment>
  <token id="t24" trans="." type="punc">
    <tok_dipl id="t24_d1" trans="." utf="."/>
    <tok_anno ascii="." id="t24_m1" trans="." utf=".">
      <pos tag="$_"/>
      <pos_gen tag="$_"/>
      <punc tag="$E"/>
    </tok_anno>
  </token>
  <token id="t25" trans="÷(D÷)onerdutigo(.)" type="token">
    <tok_dipl id="t25_d1" trans="÷(D÷)onerdutigo" utf="Donerdutigo"/>
    <tok_anno ascii="Donerdutigo" id="t25_m1" trans="÷(D÷)onerdutigo" utf="Donerdutigo">
      <norm tag="donerdiutige"/>
      <lemma tag="doner-diutig"/>
      <lemma_gen tag="[!]"/>
      <lemma_idmwb tag="--"/>
      <pos tag="--"/>
      <pos_gen tag="--"/>
      <infl tag="Nom.Sg..w.%"/>
      <inflClass tag="--"/>
      <inflClass_gen tag="--"/>
      <punc tag="DE"/>
    </tok_anno>
  </token>
  <comment type="K">/%.[?]</comment>
  <token id="t26" trans="." type="punc">
    <tok_dipl id="t26_d1" trans="." utf="."/>
    <tok_anno ascii="." id="t26_m1" trans="." utf=".">
      <pos tag="$_"/>
      <pos_gen tag="$_"/>
      <punc tag="$E"/>
    </tok_anno>
  </token>
  <token id="t27" trans="dietewigo(.)" type="token">
    <tok_dipl id="t27_d1" trans="dietewigo" utf="dietewigo"/>
    <tok_anno ascii="dietewigo" id="t27_m1" trans="dietewigo" utf="dietewigo">
      <norm tag="dietêwige"/>
      <lemma tag="dièt-êwig"/>
      <lemma_gen tag="[!]"/>
      <lemma_idmwb tag="--"/>
      <pos tag="--"/>
      <pos_gen tag="--"/>
      <infl tag="Nom.Sg..w.%"/>
      <inflClass tag="--"/>
      <inflClass_gen tag="--"/>
      <punc tag="DE"/>
    </tok_anno>
  </token>
  <comment type="K">/%.[?]</comment>
  <token id="t28" trans="." type="punc">
    <tok_dipl id="t28_d1" trans="." utf="."/>
    <tok_anno ascii="." id="t28_m1" trans="." utf=".">
      <pos tag="$_"/>
      <pos_gen tag="$_"/>
      <punc tag="$E"/>
    </tok_anno>
  </token>
  <token id="t29" trans="do" type="token">
    <tok_dipl id="t29_d1" trans="do" utf="do"/>
    <tok_anno ascii="do" id="t29_m1" trans="do" utf="do">
      <norm tag="dô"/>
      <lemma tag="dô"/>
      <lemma_gen tag="dô"/>
      <lemma_idmwb tag="31164000"/>
      <pos tag="AVD"/>
      <pos_gen tag="AVD-KO"/>
      <infl tag="--"/>
      <inflClass tag="--"/>
      <inflClass_gen tag="--"/>
    </tok_anno>
  </token>
  <token id="t30" trans="qua\-" type="token">
    <tok_dipl id="t30_d1" trans="qua\-" utf="quā"/>
    <tok_anno ascii="quan" id="t30_m1" trans="qua\-" utf="quā">
      <norm tag="quam"/>
      <lemma tag="komen"/>
      <lemma_gen tag="komen"/>
      <lemma_idmwb tag="93168000"/>
      <pos tag="VVFIN"/>
      <pos_gen tag="VV"/>
      <infl tag="Ind.Past.Sg.3"/>
      <inflClass tag="st4"/>
      <inflClass_gen tag="st4"/>
    </tok_anno>
  </token>
  <token id="t31" trans="de$" type="token">
    <tok_dipl id="t31_d1" trans="de$" utf="deſ"/>
    <tok_anno ascii="des" id="t31_m1" trans="de$" utf="deſ">
      <norm tag="des"/>
      <lemma tag="dër"/>
      <lemma_gen tag="dër"/>
      <lemma_idmwb tag="29817000"/>
      <pos tag="DDART"/>
      <pos_gen tag="DD"/>
      <infl tag="Masc.Gen.Sg"/>
      <inflClass tag="--"/>
      <inflClass_gen tag="--"/>
    </tok_anno>
  </token>
  <token id="t32" trans="tiufeles" type="token">
    <tok_dipl id="t32_d1" trans="tiufeles" utf="tiufeles"/>
    <tok_anno ascii="tiufeles" id="t32_m1" trans="tiufeles" utf="tiufeles">
      <norm tag="tiuveles"/>
      <lemma tag="tiuvel"/>
      <lemma_gen tag="tiuvel"/>
      <lemma_idmwb tag="168678000"/>
      <pos tag="NA"/>
      <pos_gen tag="NA"/>
      <infl tag="Gen.Sg"/>
      <inflClass tag="st.Masc"/>
      <inflClass_gen tag="st.Masc"/>
    </tok_anno>
  </token>
  <token id="t33" trans="$un" type="token">
    <tok_dipl id="t33_d1" trans="$un" utf="ſun"/>
    <tok_anno ascii="sun" id="t33_m1" trans="$un" utf="ſun">
      <norm tag="sun"/>
      <lemma tag="sun"/>
      <lemma_gen tag="sun"/>
      <lemma_idmwb tag="162972000"/>
      <pos tag="NA"/>
      <pos_gen tag="NA"/>
      <infl tag="Nom.Sg"/>
      <inflClass tag="stu.Masc"/>
      <inflClass_gen tag="stu.Masc"/>
    </tok_anno>
  </token>
  <token id="t34" trans="." type="punc">
    <tok_dipl id="t34_d1" trans="." utf="."/>
    <tok_anno ascii="." id="t34_m1" trans="." utf=".">
      <pos tag="$_"/>
      <pos_gen tag="$_"/>
    </tok_anno>
  </token>
  <token id="t35" trans="uf" type="token">
    <tok_dipl id="t35_d1" trans="uf" utf="uf"/>
    <tok_anno ascii="uf" id="t35_m1" trans="uf" utf="uf">
      <norm tag="ûf"/>
      <lemma tag="ûf"/>
      <lemma_gen tag="ûf"/>
      <lemma_idmwb tag="178137000"/>
      <pos tag="APPR"/>
      <pos_gen tag="AP"/>
      <infl tag="c.A"/>
      <inflClass tag="--"/>
      <inflClass_gen tag="--"/>
    </tok_anno>
  </token>
  <token id="t36" trans="adame$" type="token">
    <tok_dipl id="t36_d1" trans="adame$" utf="adameſ"/>
    <tok_anno ascii="adames" id="t36_m1" trans="adame$" utf="adameſ">
      <norm tag="Adames"/>
      <lemma tag="Adam"/>
      <lemma_gen tag="Adam"/>
      <lemma_idmwb tag="--"/>
      <pos tag="NE"/>
      <pos_gen tag="NE"/>
      <infl tag="Gen.Sg"/>
      <inflClass tag="--"/>
      <inflClass_gen tag="--"/>
    </tok_anno>
  </token>
  <token id="t37" trans="bruggon" type="token">
    <tok_dipl id="t37_d1" trans="bruggon" utf="bruggon"/>
    <tok_anno ascii="bruggon" id="t37_m1" trans="bruggon" utf="bruggon">
      <norm tag="brücken"/>
      <lemma tag="brücke"/>
      <lemma_gen tag="brücke"/>
      <lemma_idmwb tag="???"/>
      <pos tag="NA"/>
      <pos_gen tag="NA"/>
      <infl tag="Akk.Sg"/>
      <inflClass tag="st.Fem"/>
      <inflClass_gen tag="*.Fem"/>
    </tok_anno>
  </token>
  <comment type="K">/^[DS?]</comment>
  <token id="t38" trans="." type="punc">
    <tok_dipl id="t38_d1" trans="." utf="."/>
    <tok_anno ascii="." id="t38_m1" trans="." utf=".">
      <pos tag="$_"/>
      <pos_gen tag="$_"/>
    </tok_anno>
  </token>
  <token id="t39" trans="unde" type="token">
    <tok_dipl id="t39_d1" trans="unde" utf="unde"/>
    <tok_anno ascii="unde" id="t39_m1" trans="unde" utf="unde">
      <norm tag="unde"/>
      <lemma tag="unte"/>
      <lemma_gen tag="unte"/>
      <lemma_idmwb tag="183108000"/>
      <pos tag="KON"/>
      <pos_gen tag="KO"/>
      <infl tag="--"/>
      <inflClass tag="--"/>
      <inflClass_gen tag="--"/>
    </tok_anno>
  </token>
  <token id="t40" trans="$citeta" type="token">
    <tok_dipl id="t40_d1" trans="$citeta" utf="ſciteta"/>
    <tok_anno ascii="sciteta" id="t40_m1" trans="$citeta" utf="ſciteta">
      <norm tag="schîtete"/>
      <lemma tag="schîten"/>
      <lemma_gen tag="schîten"/>
      <lemma_idmwb tag="???"/>
      <pos tag="VVFIN"/>
      <pos_gen tag="VV"/>
      <infl tag="Ind.Past.Sg.3"/>
      <inflClass tag="wk"/>
      <inflClass_gen tag="wk"/>
    </tok_anno>
  </token>
  <comment type="K">/%.[?, schîten 'spalten, hauen' sonst nur stv!]</comment>
  <token id="t41" trans="einen" type="token">
    <tok_dipl id="t41_d1" trans="einen" utf="einen"/>
    <tok_anno ascii="einen" id="t41_m1" trans="einen" utf="einen">
      <norm tag="einen"/>
      <lemma tag="èin"/>
      <lemma_gen tag="èin"/>
      <lemma_idmwb tag="35925000"/>
      <pos tag="DIART"/>
      <pos_gen tag="DD"/>
      <infl tag="Masc.Akk.Sg.st"/>
      <inflClass tag="--"/>
      <inflClass_gen tag="--"/>
    </tok_anno>
  </token>
  <token id="t42" trans="$tein" type="token">
    <tok_dipl id="t42_d1" trans="$tein" utf="ſtein"/>
    <tok_anno ascii="stein" id="t42_m1" trans="$tein" utf="ſtein">
      <norm tag="stein"/>
      <lemma tag="stèin"/>
      <lemma_gen tag="stèin"/>
      <lemma_idmwb tag="158148000"/>
      <pos tag="NA"/>
      <pos_gen tag="NA"/>
      <infl tag="Akk.Sg"/>
      <inflClass tag="st.Masc"/>
      <inflClass_gen tag="st.Masc"/>
    </tok_anno>
  </token>
  <token id="t43" trans="ce||wite(.)" type="token">
    <tok_dipl id="t43_d1" trans="cewite" utf="cewite"/>
    <tok_anno ascii="ce" id="t43_m1" trans="ce|" utf="ce">
      <norm tag="ze"/>
      <token_type tag="MS1"/>
      <lemma tag="ze"/>
      <lemma_gen tag="ze"/>
      <lemma_idmwb tag="235656000"/>
      <pos tag="APPR"/>
      <pos_gen tag="AP"/>
      <infl tag="c.D"/>
      <inflClass tag="--"/>
      <inflClass_gen tag="--"/>
    </tok_anno>
    <tok_anno ascii="wite" id="t43_m2" trans="|wite" utf="wite">
      <norm tag="wite"/>
      <token_type tag="MS2"/>
      <lemma tag="wit(e)"/>
      <lemma_gen tag="wit(e)"/>
      <lemma_idmwb tag="232089000"/>
      <pos tag="NA"/>
      <pos_gen tag="NA"/>
      <infl tag="Dat.Sg"/>
      <inflClass tag="st.Masc,Neut"/>
      <inflClass_gen tag="st.Masc,Neut"/>
      <punc tag="DE"/>
    </tok_anno>
  </token>
  <token id="t44" trans="." type="punc">
    <tok_dipl id="t44_d1" trans="." utf="."/>
    <tok_anno ascii="." id="t44_m1" trans="." utf=".">
      <pos tag="$_"/>
      <pos_gen tag="$_"/>
      <punc tag="$E"/>
    </tok_anno>
  </token>
  <token id="t45" trans="do||qua\-" type="token">
    <tok_dipl id="t45_d1" trans="doqua\-" utf="doquā"/>
    <tok_anno ascii="do" id="t45_m1" trans="do|" utf="do">
      <norm tag="dô"/>
      <token_type tag="MS1"/>
      <lemma tag="dô"/>
      <lemma_gen tag="dô"/>
      <lemma_idmwb tag="31164000"/>
      <pos tag="AVD"/>
      <pos_gen tag="AVD-KO"/>
      <infl tag="--"/>
      <inflClass tag="--"/>
      <inflClass_gen tag="--"/>
    </tok_anno>
    <tok_anno ascii="quan" id="t45_m2" trans="|qua\-" utf="quā">
      <norm tag="quam"/>
      <token_type tag="MS2"/>
      <lemma tag="komen"/>
      <lemma_gen tag="komen"/>
      <lemma_idmwb tag="93168000"/>
      <pos tag="VVFIN"/>
      <pos_gen tag="VV"/>
      <infl tag="Ind.Past.Sg.3"/>
      <inflClass tag="st4"/>
      <inflClass_gen tag="st4"/>
    </tok_anno>
  </token>
  <token id="t46" trans="der" type="token">
    <tok_dipl id="t46_d1" trans="der" utf="der"/>
    <tok_anno ascii="der" id="t46_m1" trans="der" utf="der">
      <norm tag="der"/>
      <lemma tag="dër"/>
      <lemma_gen tag="dër"/>
      <lemma_idmwb tag="29817000"/>
      <pos tag="DDART"/>
      <pos_gen tag="DD"/>
      <infl tag="Masc.Nom.Sg"/>
      <inflClass tag="--"/>
      <inflClass_gen tag="--"/>
    </tok_anno>
  </token>
  <token id="t47" trans="adame$" type="token">
    <tok_dipl id="t47_d1" trans="adame$" utf="adameſ"/>
    <tok_anno ascii="adames" id="t47_m1" trans="adame$" utf="adameſ">
      <norm tag="Adames"/>
      <lemma tag="Adam"/>
      <lemma_gen tag="Adam"/>
      <lemma_idmwb tag="--"/>
      <pos tag="NE"/>
      <pos_gen tag="NE"/>
      <infl tag="Gen.Sg"/>
      <inflClass tag="--"/>
      <inflClass_gen tag="--"/>
    </tok_anno>
  </token>
  <token id="t48" trans="$un" type="token">
    <tok_dipl id="t48_d1" trans="$un" utf="ſun"/>
    <tok_anno ascii="sun" id="t48_m1" trans="$un" utf="ſun">
      <norm tag="sun"/>
      <lemma tag="sun"/>
      <lemma_gen tag="sun"/>
      <lemma_idmwb tag="162972000"/>
      <pos tag="NA"/>
      <pos_gen tag="NA"/>
      <infl tag="Nom.Sg"/>
      <inflClass tag="stu.Masc"/>
      <inflClass_gen tag="stu.Masc"/>
    </tok_anno>
  </token>
  <token id="t49" trans="." type="punc">
    <tok_dipl id="t49_d1" trans="." utf="."/>
    <tok_anno ascii="." id="t49_m1" trans="." utf=".">
      <pos tag="$_"/>
      <pos_gen tag="$_"/>
    </tok_anno>
  </token>
  <token id="t50" trans="unde" type="token">
    <tok_dipl id="t50_d1" trans="unde" utf="unde"/>
    <tok_anno ascii="unde" id="t50_m1" trans="unde" utf="unde">
      <norm tag="unde"/>
      <lemma tag="unte"/>
      <lemma_gen tag="unte"/>
      <lemma_idmwb tag="183108000"/>
      <pos tag="KON"/>
      <pos_gen tag="KO"/>
      <infl tag="--"/>
      <inflClass tag="--"/>
      <inflClass_gen tag="--"/>
    </tok_anno>
  </token>
  <token id="t51" trans="$luog" type="token">
    <tok_dipl id="t51_d1" trans="$luog" utf="ſluog"/>
    <tok_anno ascii="sluog" id="t51_m1" trans="$luog" utf="ſluog">
      <norm tag="sluoc"/>
      <lemma tag="slahen"/>
      <lemma_gen tag="slahen"/>
      <lemma_idmwb tag="151182000"/>
      <pos tag="VVFIN"/>
      <pos_gen tag="VV"/>
      <infl tag="Ind.Past.Sg.3"/>
      <inflClass tag="st6"/>
      <inflClass_gen tag="st6"/>
    </tok_anno>
  </token>
  <token id="t52" trans="de$" type="token">
    <tok_dipl id="t52_d1" trans="de$" utf="deſ"/>
    <tok_anno ascii="des" id="t52_m1" trans="de$" utf="deſ">
      <norm tag="des"/>
      <lemma tag="dër"/>
      <lemma_gen tag="dër"/>
      <lemma_idmwb tag="29817000"/>
      <pos tag="DDART"/>
      <pos_gen tag="DD"/>
      <infl tag="Masc.Gen.Sg"/>
      <inflClass tag="--"/>
      <inflClass_gen tag="--"/>
    </tok_anno>
  </token>
  <token id="t53" trans="tiufele$" type="token">
    <tok_dipl id="t53_d1" trans="tiufele$" utf="tiufeleſ"/>
    <tok_anno ascii="tiufeles" id="t53_m1" trans="tiufele$" utf="tiufeleſ">
      <norm tag="tiuveles"/>
      <lemma tag="tiuvel"/>
      <lemma_gen tag="tiuvel"/>
      <lemma_idmwb tag="168678000"/>
      <pos tag="NA"/>
      <pos_gen tag="NA"/>
      <infl tag="Gen.Sg"/>
      <inflClass tag="st.Masc"/>
      <inflClass_gen tag="st.Masc"/>
    </tok_anno>
  </token>
  <token id="t54" trans="$un" type="token">
    <tok_dipl id="t54_d1" trans="$un" utf="ſun"/>
    <tok_anno ascii="sun" id="t54_m1" trans="$un" utf="ſun">
      <norm tag="sun"/>
      <lemma tag="sun"/>
      <lemma_gen tag="sun"/>
      <lemma_idmwb tag="162972000"/>
      <pos tag="NA"/>
      <pos_gen tag="NA"/>
      <infl tag="Akk.Sg"/>
      <inflClass tag="stu.Masc"/>
      <inflClass_gen tag="stu.Masc"/>
    </tok_anno>
  </token>
  <token id="t55" trans="zuoz||einero" type="token">
    <tok_dipl id="t55_d1" trans="zuozeinero" utf="zuozeinero"/>
    <tok_anno ascii="zuoz" id="t55_m1" trans="zuoz|" utf="zuoz">
      <norm tag="zuoze"/>
      <token_type tag="MS1"/>
      <lemma tag="zuo-ze"/>
      <lemma_gen tag="zuo-ze"/>
      <lemma_idmwb tag="242244000"/>
      <pos tag="APPR"/>
      <pos_gen tag="AP"/>
      <infl tag="c.D"/>
      <inflClass tag="--"/>
      <inflClass_gen tag="--"/>
    </tok_anno>
    <tok_anno ascii="einero" id="t55_m2" trans="|einero" utf="einero">
      <norm tag="einere"/>
      <token_type tag="MS2"/>
      <lemma tag="èin"/>
      <lemma_gen tag="èin"/>
      <lemma_idmwb tag="35925000"/>
      <pos tag="DIART"/>
      <pos_gen tag="DD"/>
      <infl tag="Fem.Dat.Sg.st"/>
      <inflClass tag="--"/>
      <inflClass_gen tag="--"/>
    </tok_anno>
  </token>
  <token id="t56" trans="$tudon(.)" type="token">
    <tok_dipl id="t56_d1" trans="$tudon" utf="ſtudon"/>
    <tok_anno ascii="studon" id="t56_m1" trans="$tudon" utf="ſtudon">
      <norm tag="stûden"/>
      <lemma tag="stûde"/>
      <lemma_gen tag="stûde"/>
      <lemma_idmwb tag="161475000"/>
      <pos tag="NA"/>
      <pos_gen tag="NA"/>
      <infl tag="Dat.Sg"/>
      <inflClass tag="st.Fem"/>
      <inflClass_gen tag="*.Fem"/>
      <punc tag="DE"/>
    </tok_anno>
  </token>
  <token id="t57" trans="." type="punc">
    <tok_dipl id="t57_d1" trans="." utf="."/>
    <tok_anno ascii="." id="t57_m1" trans="." utf=".">
      <pos tag="$_"/>
      <pos_gen tag="$_"/>
      <punc tag="$E"/>
    </tok_anno>
  </token>
  <token id="t58" trans="petru$" type="token">
    <tok_dipl id="t58_d1" trans="petru$" utf="petruſ"/>
    <tok_anno ascii="petrus" id="t58_m1" trans="petru$" utf="petruſ">
      <norm tag="Petrus"/>
      <lemma tag="Petrus"/>
      <lemma_gen tag="Petrus"/>
      <lemma_idmwb tag="--"/>
      <pos tag="NE"/>
      <pos_gen tag="FM"/>
      <infl tag="Nom.Sg"/>
      <inflClass tag="--"/>
      <inflClass_gen tag="--"/>
    </tok_anno>
  </token>
  <token id="t59" trans="ge$anta" type="token">
    <tok_dipl id="t59_d1" trans="ge$anta" utf="geſanta"/>
    <tok_anno ascii="gesanta" id="t59_m1" trans="ge$anta" utf="geſanta">
      <norm tag="gesante"/>
      <lemma tag="ge-sènten"/>
      <lemma_gen tag="ge-sènten"/>
      <lemma_idmwb tag="56415000"/>
      <pos tag="VVFIN"/>
      <pos_gen tag="VV"/>
      <infl tag="Ind.Past.Sg.3"/>
      <inflClass tag="wk"/>
      <inflClass_gen tag="wk"/>
    </tok_anno>
  </token>
  <token id="t60" trans="." type="punc">
    <tok_dipl id="t60_d1" trans="." utf="."/>
    <tok_anno ascii="." id="t60_m1" trans="." utf=".">
      <pos tag="$_"/>
      <pos_gen tag="$_"/>
    </tok_anno>
  </token>
  <token id="t61" trans="paulu\-" type="token">
    <tok_dipl id="t61_d1" trans="paulu\-" utf="paulū"/>
    <tok_anno ascii="paulun" id="t61_m1" trans="paulu\-" utf="paulū">
      <norm tag="Paulum"/>
      <lemma tag="Paulus"/>
      <lemma_gen tag="Paulus"/>
      <lemma_idmwb tag="--"/>
      <pos tag="NE"/>
      <pos_gen tag="FM"/>
      <infl tag="Akk.Sg"/>
      <inflClass tag="--"/>
      <inflClass_gen tag="--"/>
    </tok_anno>
  </token>
  <token id="t62" trans="$inen" type="token">
    <tok_dipl id="t62_d1" trans="$inen" utf="ſinen"/>
    <tok_anno ascii="sinen" id="t62_m1" trans="$inen" utf="ſinen">
      <norm tag="sînen"/>
      <lemma tag="sîn"/>
      <lemma_gen tag="sîn"/>
      <lemma_idmwb tag="150153000"/>
      <pos tag="DPOSA"/>
      <pos_gen tag="DPOS"/>
      <infl tag="Masc.Akk.Sg.st"/>
      <inflClass tag="--"/>
      <inflClass_gen tag="--"/>
    </tok_anno>
  </token>
  <token id="t63" trans="bruoder,," type="token">
    <tok_dipl id="t63_d1" trans="bruoder" utf="bruoder"/>
    <tok_anno ascii="bruoder" id="t63_m1" trans="bruoder" utf="bruoder">
      <norm tag="bruoder"/>
      <lemma tag="bruoder"/>
      <lemma_gen tag="bruoder"/>
      <lemma_idmwb tag="26253000"/>
      <pos tag="NA"/>
      <pos_gen tag="NA"/>
      <infl tag="Akk.Sg"/>
      <inflClass tag="st(u).Masc"/>
      <inflClass_gen tag="st(u).Masc"/>
      <punc tag="S*"/>
    </tok_anno>
  </token>
  <token id="t64" trans="." type="punc">
    <tok_dipl id="t64_d1" trans="." utf="."/>
    <tok_anno ascii="." id="t64_m1" trans="." utf=".">
      <pos tag="$_"/>
      <pos_gen tag="$_"/>
    </tok_anno>
  </token>
  <token id="t65" trans="da#z||er" type="token">
    <tok_dipl id="t65_d1" trans="da" utf="da"/>
    <tok_dipl id="t65_d2" trans="zer" utf="zer"/>
    <tok_anno ascii="daz" id="t65_m1" trans="da#z|" utf="daz">
      <norm tag="daz"/>
      <token_type tag="MS1 US"/>
      <lemma tag="dazz"/>
      <lemma_gen tag="dazz"/>
      <lemma_idmwb tag="29484000"/>
      <pos tag="KOUS"/>
      <pos_gen tag="KO"/>
      <infl tag="--"/>
      <inflClass tag="--"/>
      <inflClass_gen tag="--"/>
    </tok_anno>
    <tok_anno ascii="er" id="t65_m2" trans="|er" utf="er">
      <norm tag="er"/>
      <token_type tag="MS2"/>
      <lemma tag="ër"/>
      <lemma_gen tag="ër"/>
      <lemma_idmwb tag="40380000"/>
      <pos tag="PPER"/>
      <pos_gen tag="PPER"/>
      <infl tag="Masc.Nom.Sg.3"/>
      <inflClass tag="--"/>
      <inflClass_gen tag="--"/>
    </tok_anno>
  </token>
  <comment type="K">/%.[?]</comment>
  <comment type="K">/%.[?]</comment>
  <token id="t66" trans="aderun||a" type="token">
    <tok_dipl id="t66_d1" trans="aderuna" utf="aderuna"/>
    <tok_anno ascii="aderun" id="t66_m1" trans="aderun|" utf="aderun">
      <norm tag="âderen"/>
      <token_type tag="MS1"/>
      <lemma tag="âder(e)"/>
      <lemma_gen tag="âder(e)"/>
      <lemma_idmwb tag="2664000"/>
      <pos tag="NA"/>
      <pos_gen tag="NA"/>
      <infl tag="Akk.Sg"/>
      <inflClass tag="st.Fem"/>
      <inflClass_gen tag="*.Fem"/>
    </tok_anno>
    <tok_anno ascii="a" id="t66_m2" trans="|a" utf="a">
      <norm tag="ze"/>
      <token_type tag="MS2"/>
      <lemma tag="ze"/>
      <lemma_gen tag="ze"/>
      <lemma_idmwb tag="235656000"/>
      <pos tag="APPR"/>
      <pos_gen tag="AP"/>
      <infl tag="c.D"/>
      <inflClass tag="--"/>
      <inflClass_gen tag="--"/>
    </tok_anno>
  </token>
  <comment type="K">/%.[?]/^[?]</comment>
  <comment type="K">/E[da zer aderuna. Steinmeyer!]/%.[?]</comment>
  <token id="t67" trans="." type="punc">
    <tok_dipl id="t67_d1" trans="." utf="."/>
    <tok_anno ascii="." id="t67_m1" trans="." utf=".">
      <pos tag="$_"/>
      <pos_gen tag="$_"/>
    </tok_anno>
  </token>
  <token id="t68" trans="aderon" type="token">
    <tok_dipl id="t68_d1" trans="aderon" utf="aderon"/>
    <tok_anno ascii="aderon" id="t68_m1" trans="aderon" utf="aderon">
      <norm tag="âderen"/>
      <lemma tag="âder(e)"/>
      <lemma_gen tag="âder(e)"/>
      <lemma_idmwb tag="2664000"/>
      <pos tag="NA"/>
      <pos_gen tag="NA"/>
      <infl tag="Akk.Pl"/>
      <inflClass tag="st.Fem"/>
      <inflClass_gen tag="*.Fem"/>
    </tok_anno>
  </token>
  <comment type="K">/^[?]</comment>
  <token id="t69" trans="ferbunde(.)" type="token">
    <tok_dipl id="t69_d1" trans="ferbunde" utf="ferbunde"/>
    <tok_anno ascii="ferbunde" id="t69_m1" trans="ferbunde" utf="ferbunde">
      <norm tag="verbünde"/>
      <lemma tag="ver-binten"/>
      <lemma_gen tag="ver-binten"/>
      <lemma_idmwb tag="200337000"/>
      <pos tag="VVFIN"/>
      <pos_gen tag="VV"/>
      <infl tag="Subj.Past.Sg.3"/>
      <inflClass tag="st3a"/>
      <inflClass_gen tag="st3a"/>
      <punc tag="DE"/>
    </tok_anno>
  </token>
  <token id="t70" trans="pontu\-" type="token">
    <tok_dipl id="t70_d1" trans="pontu\-" utf="pontū"/>
    <tok_anno ascii="pontun" id="t70_m1" trans="pontu\-" utf="pontū">
      <norm tag="--"/>
      <lemma tag="--"/>
      <lemma_gen tag="[!]"/>
      <lemma_idmwb tag="--"/>
      <pos tag="FM"/>
      <pos_gen tag="FM"/>
      <infl tag="--"/>
      <inflClass tag="--"/>
      <inflClass_gen tag="--"/>
    </tok_anno>
  </token>
  <comment type="K">/%.[!]/%.[?]</comment>
  <token id="t71" trans="patu\-" type="token">
    <tok_dipl id="t71_d1" trans="patu\-" utf="patū"/>
    <tok_anno ascii="patun" id="t71_m1" trans="patu\-" utf="patū">
      <norm tag="--"/>
      <lemma tag="--"/>
      <lemma_gen tag="[!]"/>
      <lemma_idmwb tag="--"/>
      <pos tag="FM"/>
      <pos_gen tag="FM"/>
      <infl tag="--"/>
      <inflClass tag="--"/>
      <inflClass_gen tag="--"/>
    </tok_anno>
  </token>
  <comment type="K">/%.[!]/%.[?]</comment>
  <token id="t72" trans="." type="punc">
    <tok_dipl id="t72_d1" trans="." utf="."/>
    <tok_anno ascii="." id="t72_m1" trans="." utf=".">
      <pos tag="$_"/>
      <pos_gen tag="$_"/>
    </tok_anno>
  </token>
  <token id="t73" trans="fer$tiez" type="token">
    <tok_dipl id="t73_d1" trans="fer$tiez" utf="ferſtiez"/>
    <tok_anno ascii="ferstiez" id="t73_m1" trans="fer$tiez" utf="ferſtiez">
      <norm tag="verstiez"/>
      <lemma tag="ver-stôzen"/>
      <lemma_gen tag="ver-stôzen"/>
      <lemma_idmwb tag="205818000"/>
      <pos tag="VVFIN"/>
      <pos_gen tag="VV"/>
      <infl tag="Ind.Past.Sg.3"/>
      <inflClass tag="st7"/>
      <inflClass_gen tag="st7"/>
    </tok_anno>
  </token>
  <token id="t74" trans="er" type="token">
    <tok_dipl id="t74_d1" trans="er" utf="er"/>
    <tok_anno ascii="er" id="t74_m1" trans="er" utf="er">
      <norm tag="er"/>
      <lemma tag="ër"/>
      <lemma_gen tag="ër"/>
      <lemma_idmwb tag="40380000"/>
      <pos tag="PPER"/>
      <pos_gen tag="PPER"/>
      <infl tag="Masc.Nom.Sg.3"/>
      <inflClass tag="--"/>
      <inflClass_gen tag="--"/>
    </tok_anno>
  </token>
  <token id="t75" trans="den" type="token">
    <tok_dipl id="t75_d1" trans="den" utf="den"/>
    <tok_anno ascii="den" id="t75_m1" trans="den" utf="den">
      <norm tag="den"/>
      <lemma tag="dër"/>
      <lemma_gen tag="dër"/>
      <lemma_idmwb tag="29817000"/>
      <pos tag="DDART"/>
      <pos_gen tag="DD"/>
      <infl tag="Masc.Akk.Sg"/>
      <inflClass tag="--"/>
      <inflClass_gen tag="--"/>
    </tok_anno>
  </token>
  <token id="t76" trans="$atanan(.)" type="token">
    <tok_dipl id="t76_d1" trans="$atanan" utf="ſatanan"/>
    <tok_anno ascii="satanan" id="t76_m1" trans="$atanan" utf="ſatanan">
      <norm tag="Satanen"/>
      <lemma tag="Satan"/>
      <lemma_gen tag="Satan"/>
      <lemma_idmwb tag="--"/>
      <pos tag="NE"/>
      <pos_gen tag="NE"/>
      <infl tag="Akk.Sg"/>
      <inflClass tag="--"/>
      <inflClass_gen tag="--"/>
      <punc tag="DE"/>
    </tok_anno>
  </token>
  <token id="t77" trans="." type="punc">
    <tok_dipl id="t77_d1" trans="." utf="."/>
    <tok_anno ascii="." id="t77_m1" trans="." utf=".">
      <pos tag="$_"/>
      <pos_gen tag="$_"/>
      <punc tag="$E"/>
    </tok_anno>
  </token>
  <token id="t78" trans="al$o" type="token">
    <tok_dipl id="t78_d1" trans="al$o" utf="alſo"/>
    <tok_anno ascii="also" id="t78_m1" trans="al$o" utf="alſo">
      <norm tag="alsô"/>
      <lemma tag="all-sô"/>
      <lemma_gen tag="all-sô"/>
      <lemma_idmwb tag="4629000"/>
      <pos tag="AVD"/>
      <pos_gen tag="AVD-KO"/>
      <infl tag="--"/>
      <inflClass tag="--"/>
      <inflClass_gen tag="--"/>
    </tok_anno>
  </token>
  <token id="t79" trans="tuon" type="token">
    <tok_dipl id="t79_d1" trans="tuon" utf="tuon"/>
    <tok_anno ascii="tuon" id="t79_m1" trans="tuon" utf="tuon">
      <norm tag="tuon"/>
      <lemma tag="tuon"/>
      <lemma_gen tag="tuon"/>
      <lemma_idmwb tag="173655000"/>
      <pos tag="VVFIN"/>
      <pos_gen tag="VV"/>
      <infl tag="Ind.Pres.Sg.1"/>
      <inflClass tag="irr"/>
      <inflClass_gen tag="irr"/>
    </tok_anno>
  </token>
  <token id="t80" trans="ih" type="token">
    <tok_dipl id="t80_d1" trans="ih" utf="ih"/>
    <tok_anno ascii="ih" id="t80_m1" trans="ih" utf="ih">
      <norm tag="ich"/>
      <lemma tag="ich"/>
      <lemma_gen tag="ich"/>
      <lemma_idmwb tag="81210000"/>
      <pos tag="PPER"/>
      <pos_gen tag="PPER"/>
      <infl tag="Nom.Sg.1"/>
      <inflClass tag="--"/>
      <inflClass_gen tag="--"/>
    </tok_anno>
  </token>
  <token id="t81" trans="dih,,(" type="token">
    <tok_dipl id="t81_d1" trans="dih" utf="dih"/>
    <tok_anno ascii="dih" id="t81_m1" trans="dih" utf="dih">
      <norm tag="dich"/>
      <lemma tag="dû"/>
      <lemma_gen tag="dû"/>
      <lemma_idmwb tag="32607000"/>
      <pos tag="PPER"/>
      <pos_gen tag="PPER"/>
      <infl tag="Akk.Sg.2"/>
      <inflClass tag="--"/>
      <inflClass_gen tag="--"/>
    </tok_anno>
  </token>
  <token id="t82" trans="unreiner" type="token">
    <tok_dipl id="t82_d1" trans="unreiner" utf="unreiner"/>
    <tok_anno ascii="unreiner" id="t82_m1" trans="unreiner" utf="unreiner">
      <norm tag="unreiner"/>
      <lemma tag="un-rèin(e)"/>
      <lemma_gen tag="un-rèin(e)"/>
      <lemma_idmwb tag="190185000"/>
      <pos tag="ADJA"/>
      <pos_gen tag="ADJ"/>
      <infl tag="Pos.Masc.Nom.Sg.st"/>
      <inflClass tag="--"/>
      <inflClass_gen tag="--"/>
    </tok_anno>
  </token>
  <token id="t83" trans="athmo,,)" type="token">
    <tok_dipl id="t83_d1" trans="athmo" utf="athmo"/>
    <tok_anno ascii="athmo" id="t83_m1" trans="athmo" utf="athmo">
      <norm tag="âteme"/>
      <lemma tag="âtem"/>
      <lemma_gen tag="âtem"/>
      <lemma_idmwb tag="9861000"/>
      <pos tag="NA"/>
      <pos_gen tag="NA"/>
      <infl tag="Nom.Sg"/>
      <inflClass tag="st.Masc"/>
      <inflClass_gen tag="st.Masc"/>
    </tok_anno>
  </token>
  <token id="t84" trans="." type="punc">
    <tok_dipl id="t84_d1" trans="." utf="."/>
    <tok_anno ascii="." id="t84_m1" trans="." utf=".">
      <pos tag="$_"/>
      <pos_gen tag="$_"/>
    </tok_anno>
  </token>
  <token id="t85" trans="fon" type="token">
    <tok_dipl id="t85_d1" trans="fon" utf="fon"/>
    <tok_anno ascii="fon" id="t85_m1" trans="fon" utf="fon">
      <norm tag="von"/>
      <lemma tag="von(e)"/>
      <lemma_gen tag="von(e)"/>
      <lemma_idmwb tag="213186000"/>
      <pos tag="AVD"/>
      <pos_gen tag="AVD"/>
      <infl tag="--"/>
      <inflClass tag="--"/>
      <inflClass_gen tag="--"/>
    </tok_anno>
  </token>
  <token id="t86" trans="di$emo" type="token">
    <tok_dipl id="t86_d1" trans="di$emo" utf="diſemo"/>
    <tok_anno ascii="disemo" id="t86_m1" trans="di$emo" utf="diſemo">
      <norm tag="diseme"/>
      <lemma tag="dise"/>
      <lemma_gen tag="dise"/>
      <lemma_idmwb tag="30921000"/>
      <pos tag="DDA"/>
      <pos_gen tag="DD"/>
      <infl tag="Masc,Neut.Dat.Sg"/>
      <inflClass tag="--"/>
      <inflClass_gen tag="--"/>
    </tok_anno>
  </token>
  <token id="t87" trans="xpictenen" type="token">
    <tok_dipl id="t87_d1" trans="xpictenen" utf="xpictenen"/>
    <tok_anno ascii="xpictenen" id="t87_m1" trans="xpictenen" utf="xpictenen">
      <norm tag="kristenen"/>
      <lemma tag="kristen"/>
      <lemma_gen tag="kristen"/>
      <lemma_idmwb tag="95634000"/>
      <pos tag="ADJA"/>
      <pos_gen tag="ADJ"/>
      <infl tag="Pos.Masc,Neut.Dat.Sg.st"/>
      <inflClass tag="--"/>
      <inflClass_gen tag="--"/>
    </tok_anno>
  </token>
  <token id="t88" trans="lichamen(.)" type="token">
    <tok_dipl id="t88_d1" trans="lichamen" utf="lichamen"/>
    <tok_anno ascii="lichamen" id="t88_m1" trans="lichamen" utf="lichamen">
      <norm tag="lîchamen"/>
      <lemma tag="lîcham(e)"/>
      <lemma_gen tag="lîcham(e)"/>
      <lemma_idmwb tag="102234000"/>
      <pos tag="NA"/>
      <pos_gen tag="NA"/>
      <infl tag="Dat.Sg"/>
      <inflClass tag="st.Masc,Neut"/>
      <inflClass_gen tag="st.Masc,Neut"/>
      <punc tag="DE"/>
    </tok_anno>
  </token>
  <token id="t89" trans="." type="punc">
    <tok_dipl id="t89_d1" trans="." utf="."/>
    <tok_anno ascii="." id="t89_m1" trans="." utf=".">
      <pos tag="$_"/>
      <pos_gen tag="$_"/>
      <punc tag="$E"/>
    </tok_anno>
  </token>
  <token id="t90" trans="al$o" type="token">
    <tok_dipl id="t90_d1" trans="al$o" utf="alſo"/>
    <tok_anno ascii="also" id="t90_m1" trans="al$o" utf="alſo">
      <norm tag="alsô"/>
      <lemma tag="all-sô"/>
      <lemma_gen tag="all-sô"/>
      <lemma_idmwb tag="4629000"/>
      <pos tag="AVD"/>
      <pos_gen tag="AVD-KO"/>
      <infl tag="--"/>
      <inflClass tag="--"/>
      <inflClass_gen tag="--"/>
    </tok_anno>
  </token>
  <token id="t91" trans="$ciero" type="token">
    <tok_dipl id="t91_d1" trans="$ciero" utf="ſciero"/>
    <tok_anno ascii="sciero" id="t91_m1" trans="$ciero" utf="ſciero">
      <norm tag="schiere"/>
      <lemma tag="schière"/>
      <lemma_gen tag="schière"/>
      <lemma_idmwb tag="143451000"/>
      <pos tag="AVD"/>
      <pos_gen tag="AVD"/>
      <infl tag="--"/>
      <inflClass tag="--"/>
      <inflClass_gen tag="--"/>
    </tok_anno>
  </token>
  <token id="t92" trans="werde" type="token">
    <tok_dipl id="t92_d1" trans="werde" utf="werde"/>
    <tok_anno ascii="werde" id="t92_m1" trans="werde" utf="werde">
      <norm tag="werde"/>
      <lemma tag="wërden"/>
      <lemma_gen tag="wërden"/>
      <lemma_idmwb tag="225138000"/>
      <pos tag="VAFIN"/>
      <pos_gen tag="VA"/>
      <infl tag="Subj.Pres.Sg.3"/>
      <inflClass tag="st3b"/>
      <inflClass_gen tag="st3b"/>
    </tok_anno>
  </token>
  <token id="t93" trans="buoz" type="token">
    <tok_dipl id="t93_d1" trans="buoz" utf="buoz"/>
    <tok_anno ascii="buoz" id="t93_m1" trans="buoz" utf="buoz">
      <norm tag="buoz"/>
      <lemma tag="buoz(e)"/>
      <lemma_gen tag="buoz(e)"/>
      <lemma_idmwb tag="???"/>
      <pos tag="NA"/>
      <pos_gen tag="NA"/>
      <infl tag="Nom.Sg"/>
      <inflClass tag="*.Fem"/>
      <inflClass_gen tag="*.Fem"/>
    </tok_anno>
  </token>
  <token id="t94" trans="." type="punc">
    <tok_dipl id="t94_d1" trans="." utf="."/>
    <tok_anno ascii="." id="t94_m1" trans="." utf=".">
      <pos tag="$_"/>
      <pos_gen tag="$_"/>
    </tok_anno>
  </token>
  <token id="t95" trans="di$emo" type="token">
    <tok_dipl id="t95_d1" trans="di$emo" utf="diſemo"/>
    <tok_anno ascii="disemo" id="t95_m1" trans="di$emo" utf="diſemo">
      <norm tag="diseme"/>
      <lemma tag="dise"/>
      <lemma_gen tag="dise"/>
      <lemma_idmwb tag="30921000"/>
      <pos tag="DDA"/>
      <pos_gen tag="DD"/>
      <infl tag="Masc,Neut.Dat.Sg"/>
      <inflClass tag="--"/>
      <inflClass_gen tag="--"/>
    </tok_anno>
  </token>
  <token id="t96" trans="xpictenen" type="token">
    <tok_dipl id="t96_d1" trans="xpictenen" utf="xpictenen"/>
    <tok_anno ascii="xpictenen" id="t96_m1" trans="xpictenen" utf="xpictenen">
      <norm tag="kristenen"/>
      <lemma tag="kristen"/>
      <lemma_gen tag="kristen"/>
      <lemma_idmwb tag="95634000"/>
      <pos tag="ADJA"/>
      <pos_gen tag="ADJ"/>
      <infl tag="Pos.Masc,Neut.Dat.Sg.st"/>
      <inflClass tag="--"/>
      <inflClass_gen tag="--"/>
    </tok_anno>
  </token>
  <token id="t97" trans="lichamen,," type="token">
    <tok_dipl id="t97_d1" trans="lichamen" utf="lichamen"/>
    <tok_anno ascii="lichamen" id="t97_m1" trans="lichamen" utf="lichamen">
      <norm tag="lîchamen"/>
      <lemma tag="lîcham(e)"/>
      <lemma_gen tag="lîcham(e)"/>
      <lemma_idmwb tag="102234000"/>
      <pos tag="NA"/>
      <pos_gen tag="NA"/>
      <infl tag="Dat.Sg"/>
      <inflClass tag="st.Masc,Neut"/>
      <inflClass_gen tag="st.Masc,Neut"/>
      <punc tag="S*"/>
    </tok_anno>
  </token>
  <token id="t98" trans="." type="punc">
    <tok_dipl id="t98_d1" trans="." utf="."/>
    <tok_anno ascii="." id="t98_m1" trans="." utf=".">
      <pos tag="$_"/>
      <pos_gen tag="$_"/>
    </tok_anno>
  </token>
  <token id="t99" trans="$o" type="token">
    <tok_dipl id="t99_d1" trans="$o" utf="ſo"/>
    <tok_anno ascii="so" id="t99_m1" trans="$o" utf="ſo">
      <norm tag="sô"/>
      <lemma tag="sô"/>
      <lemma_gen tag="sô"/>
      <lemma_idmwb tag="154164000"/>
      <pos tag="AVD"/>
      <pos_gen tag="AVD-KO"/>
      <infl tag="--"/>
      <inflClass tag="--"/>
      <inflClass_gen tag="--"/>
    </tok_anno>
  </token>
  <token id="t100" trans="$ciero" type="token">
    <tok_dipl id="t100_d1" trans="$ciero" utf="ſciero"/>
    <tok_anno ascii="sciero" id="t100_m1" trans="$ciero" utf="ſciero">
      <norm tag="schiere"/>
      <lemma tag="schière"/>
      <lemma_gen tag="schière"/>
      <lemma_idmwb tag="143451000"/>
      <pos tag="AVD"/>
      <pos_gen tag="AVD"/>
      <infl tag="--"/>
      <inflClass tag="--"/>
      <inflClass_gen tag="--"/>
    </tok_anno>
  </token>
  <token id="t101" trans="$o" type="token">
    <tok_dipl id="t101_d1" trans="$o" utf="ſo"/>
    <tok_anno ascii="so" id="t101_m1" trans="$o" utf="ſo">
      <norm tag="sô"/>
      <lemma tag="sô"/>
      <lemma_gen tag="sô"/>
      <lemma_idmwb tag="154164000"/>
      <pos tag="KO*"/>
      <pos_gen tag="KO"/>
      <infl tag="--"/>
      <inflClass tag="--"/>
      <inflClass_gen tag="--"/>
    </tok_anno>
  </token>
  <token id="t102" trans="ih" type="token">
    <tok_dipl id="t102_d1" trans="ih" utf="ih"/>
    <tok_anno ascii="ih" id="t102_m1" trans="ih" utf="ih">
      <norm tag="ich"/>
      <lemma tag="ich"/>
      <lemma_gen tag="ich"/>
      <lemma_idmwb tag="81210000"/>
      <pos tag="PPER"/>
      <pos_gen tag="PPER"/>
      <infl tag="Nom.Sg.1"/>
      <inflClass tag="--"/>
      <inflClass_gen tag="--"/>
    </tok_anno>
  </token>
  <token id="t103" trans="mit" type="token">
    <tok_dipl id="t103_d1" trans="mit" utf="mit"/>
    <tok_anno ascii="mit" id="t103_m1" trans="mit" utf="mit">
      <norm tag="mit"/>
      <lemma tag="mit"/>
      <lemma_gen tag="mit"/>
      <lemma_idmwb tag="113898000"/>
      <pos tag="APPR"/>
      <pos_gen tag="AP"/>
      <infl tag="c.D"/>
      <inflClass tag="--"/>
      <inflClass_gen tag="--"/>
    </tok_anno>
  </token>
  <token id="t104" trans="den" type="token">
    <tok_dipl id="t104_d1" trans="den" utf="den"/>
    <tok_anno ascii="den" id="t104_m1" trans="den" utf="den">
      <norm tag="den"/>
      <lemma tag="dër"/>
      <lemma_gen tag="dër"/>
      <lemma_idmwb tag="29817000"/>
      <pos tag="DDART"/>
      <pos_gen tag="DD"/>
      <infl tag="Fem.Dat.Pl"/>
      <inflClass tag="--"/>
      <inflClass_gen tag="--"/>
    </tok_anno>
  </token>
  <token id="t105" trans="handon" type="token">
    <tok_dipl id="t105_d1" trans="handon" utf="handon"/>
    <tok_anno ascii="handon" id="t105_m1" trans="handon" utf="handon">
      <norm tag="handen"/>
      <lemma tag="hant"/>
      <lemma_gen tag="hant"/>
      <lemma_idmwb tag="68277000"/>
      <pos tag="NA"/>
      <pos_gen tag="NA"/>
      <infl tag="Dat.Pl"/>
      <inflClass tag="st(u).Fem"/>
      <inflClass_gen tag="st(u).Fem"/>
    </tok_anno>
  </token>
  <token id="t106" trans="." type="punc">
    <tok_dipl id="t106_d1" trans="." utf="."/>
    <tok_anno ascii="." id="t106_m1" trans="." utf=".">
      <pos tag="$_"/>
      <pos_gen tag="$_"/>
    </tok_anno>
  </token>
  <token id="t107" trans="die" type="token">
    <tok_dipl id="t107_d1" trans="die" utf="die"/>
    <tok_anno ascii="die" id="t107_m1" trans="die" utf="die">
      <norm tag="die"/>
      <lemma tag="dër"/>
      <lemma_gen tag="dër"/>
      <lemma_idmwb tag="29817000"/>
      <pos tag="DDART"/>
      <pos_gen tag="DD"/>
      <infl tag="Fem.Akk.Sg"/>
      <inflClass tag="--"/>
      <inflClass_gen tag="--"/>
    </tok_anno>
  </token>
  <token id="t108" trans="erdon" type="token">
    <tok_dipl id="t108_d1" trans="erdon" utf="erdon"/>
    <tok_anno ascii="erdon" id="t108_m1" trans="erdon" utf="erdon">
      <norm tag="erden"/>
      <lemma tag="ërde"/>
      <lemma_gen tag="ërde"/>
      <lemma_idmwb tag="41217000"/>
      <pos tag="NA"/>
      <pos_gen tag="NA"/>
      <infl tag="Akk.Sg"/>
      <inflClass tag="st.Fem"/>
      <inflClass_gen tag="*.Fem"/>
    </tok_anno>
  </token>
  <token id="t109" trans="beruere,," type="token">
    <tok_dipl id="t109_d1" trans="beruere" utf="beruere"/>
    <tok_anno ascii="beruere" id="t109_m1" trans="beruere" utf="beruere">
      <norm tag="berüere"/>
      <lemma tag="be-rüèren"/>
      <lemma_gen tag="be-rüèren"/>
      <lemma_idmwb tag="16107000"/>
      <pos tag="VVFIN"/>
      <pos_gen tag="VV"/>
      <infl tag="*.Pres.Sg.1"/>
      <inflClass tag="wk"/>
      <inflClass_gen tag="wk"/>
      <punc tag="S*"/>
    </tok_anno>
  </token>
  <token id="t110" trans="." type="punc">
    <tok_dipl id="t110_d1" trans="." utf="."/>
    <tok_anno ascii="." id="t110_m1" trans="." utf=".">
      <pos tag="$_"/>
      <pos_gen tag="$_"/>
    </tok_anno>
  </token>
  <token id="t111" trans="7" type="token">
    <tok_dipl id="t111_d1" trans="7" utf=""/>
    <tok_anno ascii="et" id="t111_m1" trans="7" utf="">
      <norm tag="--"/>
      <lemma tag="et"/>
      <lemma_gen tag="et"/>
      <lemma_idmwb tag="--"/>
      <pos tag="FM"/>
      <pos_gen tag="FM"/>
      <infl tag="--"/>
      <inflClass tag="--"/>
      <inflClass_gen tag="--"/>
    </tok_anno>
  </token>
  <comment type="K">/L[+]</comment>
  <token id="t112" trans="tange" type="token">
    <tok_dipl id="t112_d1" trans="tange" utf="tange"/>
    <tok_anno ascii="tange" id="t112_m1" trans="tange" utf="tange">
      <norm tag="--"/>
      <lemma tag="tange"/>
      <lemma_gen tag="tange"/>
      <lemma_idmwb tag="--"/>
      <pos tag="FM"/>
      <pos_gen tag="FM"/>
      <infl tag="--"/>
      <inflClass tag="--"/>
      <inflClass_gen tag="--"/>
    </tok_anno>
  </token>
  <token id="t113" trans="t\-ra\-" type="token">
    <tok_dipl id="t113_d1" trans="t\-ra\-" utf="t̄rā"/>
    <tok_anno ascii="tenran" id="t113_m1" trans="t\-ra\-" utf="t̄rā">
      <norm tag="--"/>
      <lemma tag="terram"/>
      <lemma_gen tag="terram"/>
      <lemma_idmwb tag="--"/>
      <pos tag="FM"/>
      <pos_gen tag="FM"/>
      <infl tag="--"/>
      <inflClass tag="--"/>
      <inflClass_gen tag="--"/>
    </tok_anno>
  </token>
  <token id="t114" trans="ut'q\/" type="token">
    <tok_dipl id="t114_d1" trans="ut'q\/" utf="utˢꝙ"/>
    <tok_anno ascii="uterque" id="t114_m1" trans="ut'q\/" utf="utˢꝙ">
      <norm tag="--"/>
      <lemma tag="utraque"/>
      <lemma_gen tag="utraque"/>
      <lemma_idmwb tag="--"/>
      <pos tag="FM"/>
      <pos_gen tag="FM"/>
      <infl tag="--"/>
      <inflClass tag="--"/>
      <inflClass_gen tag="--"/>
    </tok_anno>
  </token>
  <token id="t115" trans="manu,," type="token">
    <tok_dipl id="t115_d1" trans="manu" utf="manu"/>
    <tok_anno ascii="manu" id="t115_m1" trans="manu" utf="manu">
      <norm tag="--"/>
      <lemma tag="manu"/>
      <lemma_gen tag="manu"/>
      <lemma_idmwb tag="--"/>
      <pos tag="FM"/>
      <pos_gen tag="FM"/>
      <infl tag="--"/>
      <inflClass tag="--"/>
      <inflClass_gen tag="--"/>
      <punc tag="S*"/>
    </tok_anno>
  </token>
  <token id="t116" trans="." type="punc">
    <tok_dipl id="t116_d1" trans="." utf="."/>
    <tok_anno ascii="." id="t116_m1" trans="." utf=".">
      <pos tag="$_"/>
      <pos_gen tag="$_"/>
    </tok_anno>
  </token>
  <token id="t117" trans="7" type="token">
    <tok_dipl id="t117_d1" trans="7" utf=""/>
    <tok_anno ascii="et" id="t117_m1" trans="7" utf="">
      <norm tag="--"/>
      <lemma tag="et"/>
      <lemma_gen tag="et"/>
      <lemma_idmwb tag="--"/>
      <pos tag="FM"/>
      <pos_gen tag="FM"/>
      <infl tag="--"/>
      <inflClass tag="--"/>
      <inflClass_gen tag="--"/>
    </tok_anno>
  </token>
  <token id="t118" trans="dic(:)" type="token">
    <tok_dipl id="t118_d1" trans="dic" utf="dic"/>
    <tok_anno ascii="dic" id="t118_m1" trans="dic" utf="dic">
      <norm tag="--"/>
      <lemma tag="dic"/>
      <lemma_gen tag="dic"/>
      <lemma_idmwb tag="--"/>
      <pos tag="FM"/>
      <pos_gen tag="FM"/>
      <infl tag="--"/>
      <inflClass tag="--"/>
      <inflClass_gen tag="--"/>
      <punc tag="DE"/>
    </tok_anno>
  </token>
  <token id="t119" trans="&quot;pat\-" type="token">
    <tok_dipl id="t119_d1" trans="pat\-" utf="pat̄"/>
    <tok_anno ascii="paten" id="t119_m1" trans="pat\-" utf="pat̄">
      <norm tag="--"/>
      <lemma tag="pater"/>
      <lemma_gen tag="pater"/>
      <lemma_idmwb tag="--"/>
      <pos tag="FM"/>
      <pos_gen tag="FM"/>
      <infl tag="--"/>
      <inflClass tag="--"/>
      <inflClass_gen tag="--"/>
    </tok_anno>
  </token>
  <token id="t120" trans="n\-r&quot;(.)" type="token">
    <tok_dipl id="t120_d1" trans="n\-r" utf="n̄r"/>
    <tok_anno ascii="nenr" id="t120_m1" trans="n\-r" utf="n̄r">
      <norm tag="--"/>
      <lemma tag="noster"/>
      <lemma_gen tag="noster"/>
      <lemma_idmwb tag="--"/>
      <pos tag="FM"/>
      <pos_gen tag="FM"/>
      <infl tag="--"/>
      <inflClass tag="--"/>
      <inflClass_gen tag="--"/>
      <punc tag="DE"/>
    </tok_anno>
  </token>
  <token id="t121" trans="." type="punc">
    <tok_dipl id="t121_d1" trans="." utf="."/>
    <tok_anno ascii="." id="t121_m1" trans="." utf=".">
      <pos tag="$_"/>
      <pos_gen tag="$_"/>
      <punc tag="$E"/>
    </tok_anno>
  </token>
  <token id="t122" trans="Po$t" type="token">
    <tok_dipl id="t122_d1" trans="Po$t" utf="Poſt"/>
    <tok_anno ascii="Post" id="t122_m1" trans="Po$t" utf="Poſt">
      <norm tag="--"/>
      <lemma tag="post"/>
      <lemma_gen tag="post"/>
      <lemma_idmwb tag="--"/>
      <pos tag="FM"/>
      <pos_gen tag="FM"/>
      <infl tag="--"/>
      <inflClass tag="--"/>
      <inflClass_gen tag="--"/>
    </tok_anno>
  </token>
  <token id="t123" trans="he\,c" type="token">
    <tok_dipl id="t123_d1" trans="he\,c" utf="hęc"/>
    <tok_anno ascii="hec" id="t123_m1" trans="he\,c" utf="hęc">
      <norm tag="--"/>
      <lemma tag="hec"/>
      <lemma_gen tag="hec"/>
      <lemma_idmwb tag="--"/>
      <pos tag="FM"/>
      <pos_gen tag="FM"/>
      <infl tag="--"/>
      <inflClass tag="--"/>
      <inflClass_gen tag="--"/>
    </tok_anno>
  </token>
  <token id="t124" trans="tran$ilia$" type="token">
    <tok_dipl id="t124_d1" trans="tran$ilia$" utf="tranſiliaſ"/>
    <tok_anno ascii="transilias" id="t124_m1" trans="tran$ilia$" utf="tranſiliaſ">
      <norm tag="--"/>
      <lemma tag="transilias"/>
      <lemma_gen tag="transilias"/>
      <lemma_idmwb tag="--"/>
      <pos tag="FM"/>
      <pos_gen tag="FM"/>
      <infl tag="--"/>
      <inflClass tag="--"/>
      <inflClass_gen tag="--"/>
    </tok_anno>
  </token>
  <token id="t125" trans="ad||dextra\-" type="token">
    <tok_dipl id="t125_d1" trans="addextra\-" utf="addextrā"/>
    <tok_anno ascii="ad" id="t125_m1" trans="ad|" utf="ad">
      <norm tag="--"/>
      <token_type tag="MS1"/>
      <lemma tag="ad"/>
      <lemma_gen tag="ad"/>
      <lemma_idmwb tag="--"/>
      <pos tag="FM"/>
      <pos_gen tag="FM"/>
      <infl tag="--"/>
      <inflClass tag="--"/>
      <inflClass_gen tag="--"/>
    </tok_anno>
    <tok_anno ascii="dextran" id="t125_m2" trans="|dextra\-" utf="dextrā">
      <norm tag="--"/>
      <token_type tag="MS2"/>
      <lemma tag="dextram"/>
      <lemma_gen tag="dextram"/>
      <lemma_idmwb tag="--"/>
      <pos tag="FM"/>
      <pos_gen tag="FM"/>
      <infl tag="--"/>
      <inflClass tag="--"/>
      <inflClass_gen tag="--"/>
    </tok_anno>
  </token>
  <token id="t126" trans="." type="punc">
    <tok_dipl id="t126_d1" trans="." utf="."/>
    <tok_anno ascii="." id="t126_m1" trans="." utf=".">
      <pos tag="$_"/>
      <pos_gen tag="$_"/>
    </tok_anno>
  </token>
  <token id="t127" trans="7" type="token">
    <tok_dipl id="t127_d1" trans="7" utf=""/>
    <tok_anno ascii="et" id="t127_m1" trans="7" utf="">
      <norm tag="--"/>
      <lemma tag="et"/>
      <lemma_gen tag="et"/>
      <lemma_idmwb tag="--"/>
      <pos tag="FM"/>
      <pos_gen tag="FM"/>
      <infl tag="--"/>
      <inflClass tag="--"/>
      <inflClass_gen tag="--"/>
    </tok_anno>
  </token>
  <token id="t128" trans="dextro" type="token">
    <tok_dipl id="t128_d1" trans="dextro" utf="dextro"/>
    <tok_anno ascii="dextro" id="t128_m1" trans="dextro" utf="dextro">
      <norm tag="--"/>
      <lemma tag="dextro"/>
      <lemma_gen tag="dextro"/>
      <lemma_idmwb tag="--"/>
      <pos tag="FM"/>
      <pos_gen tag="FM"/>
      <infl tag="--"/>
      <inflClass tag="--"/>
      <inflClass_gen tag="--"/>
    </tok_anno>
  </token>
  <token id="t129" trans="pede" type="token">
    <tok_dipl id="t129_d1" trans="pede" utf="pede"/>
    <tok_anno ascii="pede" id="t129_m1" trans="pede" utf="pede">
      <norm tag="--"/>
      <lemma tag="pede"/>
      <lemma_gen tag="pede"/>
      <lemma_idmwb tag="--"/>
      <pos tag="FM"/>
      <pos_gen tag="FM"/>
      <infl tag="--"/>
      <inflClass tag="--"/>
      <inflClass_gen tag="--"/>
    </tok_anno>
  </token>
  <token id="t130" trans="dextru\-" type="token">
    <tok_dipl id="t130_d1" trans="dextru\-" utf="dextrū"/>
    <tok_anno ascii="dextrun" id="t130_m1" trans="dextru\-" utf="dextrū">
      <norm tag="--"/>
      <lemma tag="dextrum"/>
      <lemma_gen tag="dextrum"/>
      <lemma_idmwb tag="--"/>
      <pos tag="FM"/>
      <pos_gen tag="FM"/>
      <infl tag="--"/>
      <inflClass tag="--"/>
      <inflClass_gen tag="--"/>
    </tok_anno>
  </token>
  <token id="t131" trans="lat%9" type="token">
    <tok_dipl id="t131_d1" trans="lat%9" utf="latꝰ"/>
    <tok_anno ascii="latus" id="t131_m1" trans="lat%9" utf="latꝰ">
      <norm tag="--"/>
      <lemma tag="latus"/>
      <lemma_gen tag="latus"/>
      <lemma_idmwb tag="--"/>
      <pos tag="FM"/>
      <pos_gen tag="FM"/>
      <infl tag="--"/>
      <inflClass tag="--"/>
      <inflClass_gen tag="--"/>
    </tok_anno>
  </token>
  <token id="t132" trans="ei%9" type="token">
    <tok_dipl id="t132_d1" trans="ei%9" utf="eiꝰ"/>
    <tok_anno ascii="eius" id="t132_m1" trans="ei%9" utf="eiꝰ">
      <norm tag="--"/>
      <lemma tag="eius"/>
      <lemma_gen tag="eius"/>
      <lemma_idmwb tag="--"/>
      <pos tag="FM"/>
      <pos_gen tag="FM"/>
      <infl tag="--"/>
      <inflClass tag="--"/>
      <inflClass_gen tag="--"/>
    </tok_anno>
  </token>
  <token id="t133" trans="tange" type="token">
    <tok_dipl id="t133_d1" trans="tange" utf="tange"/>
    <tok_anno ascii="tange" id="t133_m1" trans="tange" utf="tange">
      <norm tag="--"/>
      <lemma tag="tange"/>
      <lemma_gen tag="tange"/>
      <lemma_idmwb tag="--"/>
      <pos tag="FM"/>
      <pos_gen tag="FM"/>
      <infl tag="--"/>
      <inflClass tag="--"/>
      <inflClass_gen tag="--"/>
    </tok_anno>
  </token>
  <token id="t134" trans="7" type="token">
    <tok_dipl id="t134_d1" trans="7" utf=""/>
    <tok_anno ascii="et" id="t134_m1" trans="7" utf="">
      <norm tag="--"/>
      <lemma tag="et"/>
      <lemma_gen tag="et"/>
      <lemma_idmwb tag="--"/>
      <pos tag="FM"/>
      <pos_gen tag="FM"/>
      <infl tag="--"/>
      <inflClass tag="--"/>
      <inflClass_gen tag="--"/>
    </tok_anno>
  </token>
  <token id="t135" trans="dic(:)" type="token">
    <tok_dipl id="t135_d1" trans="dic" utf="dic"/>
    <tok_anno ascii="dic" id="t135_m1" trans="dic" utf="dic">
      <norm tag="--"/>
      <lemma tag="dic"/>
      <lemma_gen tag="dic"/>
      <lemma_idmwb tag="--"/>
      <pos tag="FM"/>
      <pos_gen tag="FM"/>
      <infl tag="--"/>
      <inflClass tag="--"/>
      <inflClass_gen tag="--"/>
      <punc tag="DE"/>
    </tok_anno>
  </token>
  <comment type="K">/L[@]</comment>
  <token id="t136" trans="." type="punc">
    <tok_dipl id="t136_d1" trans="." utf="."/>
    <tok_anno ascii="." id="t136_m1" trans="." utf=".">
      <pos tag="$_"/>
      <pos_gen tag="$_"/>
      <punc tag="$E"/>
    </tok_anno>
  </token>
  <token id="t137" trans="$tant*2" type="token">
    <tok_dipl id="t137_d1" trans="$tant" utf="ſtant"/>
    <tok_anno ascii="stant" id="t137_m1" trans="$tant*2" utf="ſtant">
      <norm tag="stant"/>
      <lemma tag="stân/ûf+"/>
      <lemma_gen tag="stân"/>
      <lemma_idmwb tag="157380000"/>
      <pos tag="VVIMP"/>
      <pos_gen tag="VV"/>
      <infl tag="Sg.2"/>
      <inflClass tag="irr"/>
      <inflClass_gen tag="irr"/>
      <link target="t138_m1" type="vptk"/>
    </tok_anno>
  </token>
  <token id="t138" trans="uf*1(!)" type="token">
    <tok_dipl id="t138_d1" trans="uf" utf="uf"/>
    <tok_anno ascii="uf" id="t138_m1" trans="uf*1" utf="uf">
      <norm tag="ûf"/>
      <lemma tag="ûf/+stân"/>
      <lemma_gen tag="ûf"/>
      <lemma_idmwb tag="178137000"/>
      <pos tag="PTKVZ"/>
      <pos_gen tag="PTK"/>
      <infl tag="--"/>
      <inflClass tag="--"/>
      <inflClass_gen tag="--"/>
      <punc tag="IE"/>
      <link target="t137_m1" type="vptk"/>
    </tok_anno>
  </token>
  <token id="t139" trans="waz" type="token">
    <tok_dipl id="t139_d1" trans="waz" utf="waz"/>
    <tok_anno ascii="waz" id="t139_m1" trans="waz" utf="waz">
      <norm tag="waz"/>
      <lemma tag="wër"/>
      <lemma_gen tag="wër"/>
      <lemma_idmwb tag="224919000"/>
      <pos tag="PW"/>
      <pos_gen tag="PW"/>
      <infl tag="Neut.Nom.Sg.st"/>
      <inflClass tag="--"/>
      <inflClass_gen tag="--"/>
    </tok_anno>
  </token>
  <comment type="K">/%.[l. swaz?]</comment>
  <token id="t140" trans="wa$" type="token">
    <tok_dipl id="t140_d1" trans="wa$" utf="waſ"/>
    <tok_anno ascii="was" id="t140_m1" trans="wa$" utf="waſ">
      <norm tag="was"/>
      <lemma tag="wësen"/>
      <lemma_gen tag="wësen"/>
      <lemma_idmwb tag="225783000"/>
      <pos tag="VAFIN"/>
      <pos_gen tag="VA"/>
      <infl tag="Ind.Past.Sg.3"/>
      <inflClass tag="st5"/>
      <inflClass_gen tag="st5"/>
    </tok_anno>
  </token>
  <token id="t141" trans="dir,," type="token">
    <tok_dipl id="t141_d1" trans="dir" utf="dir"/>
    <tok_anno ascii="dir" id="t141_m1" trans="dir" utf="dir">
      <norm tag="dir"/>
      <lemma tag="dû"/>
      <lemma_gen tag="dû"/>
      <lemma_idmwb tag="32607000"/>
      <pos tag="PPER"/>
      <pos_gen tag="PPER"/>
      <infl tag="Dat.Sg.2"/>
      <inflClass tag="--"/>
      <inflClass_gen tag="--"/>
      <punc tag="S*"/>
    </tok_anno>
  </token>
  <token id="t142" trans="." type="punc">
    <tok_dipl id="t142_d1" trans="." utf="."/>
    <tok_anno ascii="." id="t142_m1" trans="." utf=".">
      <pos tag="$_"/>
      <pos_gen tag="$_"/>
    </tok_anno>
  </token>
  <token id="t143" trans="got,," type="token">
    <tok_dipl id="t143_d1" trans="got" utf="got"/>
    <tok_anno ascii="got" id="t143_m1" trans="got" utf="got">
      <norm tag="got"/>
      <lemma tag="got"/>
      <lemma_gen tag="got"/>
      <lemma_idmwb tag="63291000"/>
      <pos tag="NA"/>
      <pos_gen tag="NA"/>
      <infl tag="Nom.Sg"/>
      <inflClass tag="st.Masc"/>
      <inflClass_gen tag="st.Masc"/>
      <punc tag="S*"/>
    </tok_anno>
  </token>
  <token id="t144" trans="der" type="token">
    <tok_dipl id="t144_d1" trans="der" utf="der"/>
    <tok_anno ascii="der" id="t144_m1" trans="der" utf="der">
      <norm tag="der"/>
      <lemma tag="dër"/>
      <lemma_gen tag="dër"/>
      <lemma_idmwb tag="29823000"/>
      <pos tag="DDS"/>
      <pos_gen tag="DD"/>
      <infl tag="Masc.Nom.Sg"/>
      <inflClass tag="--"/>
      <inflClass_gen tag="--"/>
    </tok_anno>
  </token>
  <token id="t145" trans="gebot" type="token">
    <tok_dipl id="t145_d1" trans="gebot" utf="gebot"/>
    <tok_anno ascii="gebot" id="t145_m1" trans="gebot" utf="gebot">
      <norm tag="gebôt"/>
      <lemma tag="ge-bièten"/>
      <lemma_gen tag="ge-bièten"/>
      <lemma_idmwb tag="47949000"/>
      <pos tag="VVFIN"/>
      <pos_gen tag="VV"/>
      <infl tag="Ind.Past.Sg.3"/>
      <inflClass tag="st2b"/>
      <inflClass_gen tag="st2b"/>
    </tok_anno>
  </token>
  <token id="t146" trans="dir||ez(.)" type="token">
    <tok_dipl id="t146_d1" trans="direz" utf="direz"/>
    <tok_anno ascii="dir" id="t146_m1" trans="dir|" utf="dir">
      <norm tag="dir"/>
      <token_type tag="MS1"/>
      <lemma tag="dû"/>
      <lemma_gen tag="dû"/>
      <lemma_idmwb tag="32607000"/>
      <pos tag="PPER"/>
      <pos_gen tag="PPER"/>
      <infl tag="Dat.Sg.2"/>
      <inflClass tag="--"/>
      <inflClass_gen tag="--"/>
    </tok_anno>
    <tok_anno ascii="ez" id="t146_m2" trans="|ez" utf="ez">
      <norm tag="ez"/>
      <token_type tag="MS2"/>
      <lemma tag="ër"/>
      <lemma_gen tag="ër"/>
      <lemma_idmwb tag="40380000"/>
      <pos tag="PPER"/>
      <pos_gen tag="PPER"/>
      <infl tag="Neut.Akk.Sg.3"/>
      <inflClass tag="--"/>
      <inflClass_gen tag="--"/>
      <punc tag="DE"/>
    </tok_anno>
  </token>
  <token id="t147" trans="." type="punc">
    <tok_dipl id="t147_d1" trans="." utf="."/>
    <tok_anno ascii="." id="t147_m1" trans="." utf=".">
      <pos tag="$_"/>
      <pos_gen tag="$_"/>
      <punc tag="$E"/>
    </tok_anno>
  </token>
  <token id="t148" trans="hoc" type="token">
    <tok_dipl id="t148_d1" trans="hoc" utf="hoc"/>
    <tok_anno ascii="hoc" id="t148_m1" trans="hoc" utf="hoc">
      <norm tag="--"/>
      <lemma tag="hoc"/>
      <lemma_gen tag="hoc"/>
      <lemma_idmwb tag="--"/>
      <pos tag="FM"/>
      <pos_gen tag="FM"/>
      <infl tag="--"/>
      <inflClass tag="--"/>
      <inflClass_gen tag="--"/>
    </tok_anno>
  </token>
  <comment type="K">/L[+]</comment>
  <token id="t149" trans="ter" type="token">
    <tok_dipl id="t149_d1" trans="ter" utf="ter"/>
    <tok_anno ascii="ter" id="t149_m1" trans="ter" utf="ter">
      <norm tag="--"/>
      <lemma tag="ter"/>
      <lemma_gen tag="ter"/>
      <lemma_idmwb tag="--"/>
      <pos tag="FM"/>
      <pos_gen tag="FM"/>
      <infl tag="--"/>
      <inflClass tag="--"/>
      <inflClass_gen tag="--"/>
    </tok_anno>
  </token>
  <token id="t150" trans="fac" type="token">
    <tok_dipl id="t150_d1" trans="fac" utf="fac"/>
    <tok_anno ascii="fac" id="t150_m1" trans="fac" utf="fac">
      <norm tag="--"/>
      <lemma tag="fac"/>
      <lemma_gen tag="fac"/>
      <lemma_idmwb tag="--"/>
      <pos tag="FM"/>
      <pos_gen tag="FM"/>
      <infl tag="--"/>
      <inflClass tag="--"/>
      <inflClass_gen tag="--"/>
    </tok_anno>
  </token>
  <token id="t151" trans="." type="punc">
    <tok_dipl id="t151_d1" trans="." utf="."/>
    <tok_anno ascii="." id="t151_m1" trans="." utf=".">
      <pos tag="$_"/>
      <pos_gen tag="$_"/>
    </tok_anno>
  </token>
  <token id="t152" trans="7" type="token">
    <tok_dipl id="t152_d1" trans="7" utf=""/>
    <tok_anno ascii="et" id="t152_m1" trans="7" utf="">
      <norm tag="--"/>
      <lemma tag="et"/>
      <lemma_gen tag="et"/>
      <lemma_idmwb tag="--"/>
      <pos tag="FM"/>
      <pos_gen tag="FM"/>
      <infl tag="--"/>
      <inflClass tag="--"/>
      <inflClass_gen tag="--"/>
    </tok_anno>
  </token>
  <token id="t153" trans="mox" type="token">
    <tok_dipl id="t153_d1" trans="mox" utf="mox"/>
    <tok_anno ascii="mox" id="t153_m1" trans="mox" utf="mox">
      <norm tag="--"/>
      <lemma tag="mox"/>
      <lemma_gen tag="mox"/>
      <lemma_idmwb tag="--"/>
      <pos tag="FM"/>
      <pos_gen tag="FM"/>
      <infl tag="--"/>
      <inflClass tag="--"/>
      <inflClass_gen tag="--"/>
    </tok_anno>
  </token>
  <token id="t154" trans="uidebi$" type="token">
    <tok_dipl id="t154_d1" trans="uidebi$" utf="uidebiſ"/>
    <tok_anno ascii="uidebis" id="t154_m1" trans="uidebi$" utf="uidebiſ">
      <norm tag="--"/>
      <lemma tag="videbis"/>
      <lemma_gen tag="videbis"/>
      <lemma_idmwb tag="--"/>
      <pos tag="FM"/>
      <pos_gen tag="FM"/>
      <infl tag="--"/>
      <inflClass tag="--"/>
      <inflClass_gen tag="--"/>
    </tok_anno>
  </token>
  <token id="t155" trans="infirmv\-" type="token">
    <tok_dipl id="t155_d1" trans="infirmv\-" utf="infirmv̄"/>
    <tok_anno ascii="infirmvn" id="t155_m1" trans="infirmv\-" utf="infirmv̄">
      <norm tag="--"/>
      <lemma tag="infirmum"/>
      <lemma_gen tag="infirmum"/>
      <lemma_idmwb tag="--"/>
      <pos tag="FM"/>
      <pos_gen tag="FM"/>
      <infl tag="--"/>
      <inflClass tag="--"/>
      <inflClass_gen tag="--"/>
    </tok_anno>
  </token>
  <token id="t156" trans="$urgere" type="token">
    <tok_dipl id="t156_d1" trans="$urgere" utf="ſurgere"/>
    <tok_anno ascii="surgere" id="t156_m1" trans="$urgere" utf="ſurgere">
      <norm tag="--"/>
      <lemma tag="surgere"/>
      <lemma_gen tag="surgere"/>
      <lemma_idmwb tag="--"/>
      <pos tag="FM"/>
      <pos_gen tag="FM"/>
      <infl tag="--"/>
      <inflClass tag="--"/>
      <inflClass_gen tag="--"/>
    </tok_anno>
  </token>
  <token id="t157" trans="$anu\-(.)" type="token">
    <tok_dipl id="t157_d1" trans="$anu\-" utf="ſanū"/>
    <tok_anno ascii="sanun" id="t157_m1" trans="$anu\-" utf="ſanū">
      <norm tag="--"/>
      <lemma tag="sanum"/>
      <lemma_gen tag="sanum"/>
      <lemma_idmwb tag="--"/>
      <pos tag="FM"/>
      <pos_gen tag="FM"/>
      <infl tag="--"/>
      <inflClass tag="--"/>
      <inflClass_gen tag="--"/>
      <punc tag="DE"/>
    </tok_anno>
  </token>
  <comment type="K">/L[@]</comment>
  <token id="t158" trans="." type="punc">
    <tok_dipl id="t158_d1" trans="." utf="."/>
    <tok_anno ascii="." id="t158_m1" trans="." utf=".">
      <pos tag="$_"/>
      <pos_gen tag="$_"/>
      <punc tag="$E"/>
    </tok_anno>
  </token>
</text>
