<?xml version='1.0' encoding='UTF-8'?>
<!DOCTYPE text SYSTEM "cora-xml.dtd">
<text id="M052">
  <header>
    <text>Contra uberbein</text>
    <abbr_ddd>Uberbein</abbr_ddd>
    <abbr_mwb>-</abbr_mwb>
    <topic>Religion, Alltag</topic>
    <text-type>Segen</text-type>
    <genre>P</genre>
    <reference>Handschrift</reference>
    <reference-secondary>Edition [Textnummer+Seite+Zeile]</reference-secondary>
    <library>Paris, Bibl. Nationale</library>
    <library-shelfmark>Ms. nouv. acq. lat. 229</library-shelfmark>
    <online>http://www.handschriftencensus.de/11468</online>
    <medium>Handschrift</medium>
    <extent>9r,13-20</extent>
    <extract>-</extract>
    <language>mhd</language>
    <language-type>mitteldeutsch</language-type>
    <language-region>westmitteldeutsch</language-region>
    <language-area>(süd)rheinfränkisch (?)</language-area>
    <place>-</place>
    <time>12</time>
    <notes-manuscript>-</notes-manuscript>
    <date>-</date>
    <text-place>-</text-place>
    <text-author>-</text-author>
    <text-language>-</text-language>
    <text-source>-</text-source>
    <edition>Elias von Steinmeyer (Hg.), Die kleineren althochdeutschen Sprachdenkmäler, Berlin 1916, S. 386</edition>
    <corpus>ReM I</corpus>
    <notes-transcription>-</notes-transcription>
    <notes-annotation>-</notes-annotation>
    <digitization_by>Thomas Klein (Bonn)</digitization_by>
    <collation_by>Projektgruppe Bonn</collation_by>
    <pre_editing_by>Thomas Klein (Bonn)</pre_editing_by>
    <annotation_by>Thomas Klein (Bonn) [u.B.v. R-M.S.Heffner, A Word-Index to the Texts of Steinmeyer ... 1961]</annotation_by>
    <proofreading_by>Elke Weber (Bonn)</proofreading_by>
  </header>
  <layoutinfo>
    <page id="p1" no="9" range="c1" side="r"/>
    <column id="c1" range="l1..l8"/>
    <line id="l1" name="13" range="t1_d1..t3_d1" loc="9ra,13"/>
    <line id="l2" name="14" range="t4_d1..t13_d1" loc="9ra,14"/>
    <line id="l3" name="15" range="t14_d1..t26_d1" loc="9ra,15"/>
    <line id="l4" name="16" range="t27_d1..t34_d1" loc="9ra,16"/>
    <line id="l5" name="17" range="t35_d1..t39_d1" loc="9ra,17"/>
    <line id="l6" name="18" range="t40_d1..t49_d1" loc="9ra,18"/>
    <line id="l7" name="19" range="t50_d1..t59_d1" loc="9ra,19"/>
    <line id="l8" name="20" range="t60_d1..t61_d1" loc="9ra,20"/>
  </layoutinfo>
  <shifttags>
    <paren range="t27_m3..t28_m1"/>
  </shifttags>
  <token id="t1" trans="Cont'" type="token">
    <tok_dipl id="t1_d1" trans="Cont'" utf="Contˢ"/>
    <tok_anno ascii="Conter" id="t1_m1" trans="Cont'" utf="Contˢ">
      <norm tag="--"/>
      <lemma tag="contra"/>
      <lemma_gen tag="[!!]"/>
      <lemma_idmwb tag="--"/>
      <pos tag="APPR"/>
      <pos_gen tag="FM"/>
      <infl tag="--"/>
      <inflClass tag="--"/>
      <inflClass_gen tag="--"/>
    </tok_anno>
  </token>
  <token id="t2" trans="VBER(=)BEIN(.)" type="token">
    <tok_dipl id="t2_d1" trans="VBERBEIN" utf="VBERBEIN"/>
    <tok_anno ascii="VBERBEIN" id="t2_m1" trans="VBER(=)BEIN" utf="VBERBEIN">
      <norm tag="überbein"/>
      <token_type tag="UL"/>
      <lemma tag="über-bèin"/>
      <lemma_gen tag="über-bèin"/>
      <lemma_idmwb tag="174822000"/>
      <pos tag="NA"/>
      <pos_gen tag="NA"/>
      <infl tag="Akk.Sg"/>
      <inflClass tag="st.Neut"/>
      <inflClass_gen tag="st.Neut"/>
      <punc tag="DE"/>
    </tok_anno>
  </token>
  <comment type="K">/K[VBER(=)BEIN%.: BEIN am Ende der nachsten Zeile]</comment>
  <token id="t3" trans="%." type="punc">
    <tok_dipl id="t3_d1" trans="%." utf="·"/>
    <tok_anno ascii="." id="t3_m1" trans="%." utf="·">
      <pos tag="$_"/>
      <pos_gen tag="$_"/>
      <punc tag="$E"/>
    </tok_anno>
  </token>
  <token id="t4" trans="*{L*}ignu\-" type="token">
    <tok_dipl id="t4_d1" trans="*{L*}ignu\-" utf="Lignū"/>
    <tok_anno ascii="Lignun" id="t4_m1" trans="*{L*}ignu\-" utf="Lignū">
      <norm tag="--"/>
      <lemma tag="lignum"/>
      <lemma_gen tag="[!!]"/>
      <lemma_idmwb tag="--"/>
      <pos tag="FM"/>
      <pos_gen tag="FM"/>
      <infl tag="--"/>
      <inflClass tag="--"/>
      <inflClass_gen tag="--"/>
    </tok_anno>
  </token>
  <comment type="K">/L[+]</comment>
  <token id="t5" trans="de" type="token">
    <tok_dipl id="t5_d1" trans="de" utf="de"/>
    <tok_anno ascii="de" id="t5_m1" trans="de" utf="de">
      <norm tag="--"/>
      <lemma tag="de"/>
      <lemma_gen tag="[!!]"/>
      <lemma_idmwb tag="--"/>
      <pos tag="FM"/>
      <pos_gen tag="FM"/>
      <infl tag="--"/>
      <inflClass tag="--"/>
      <inflClass_gen tag="--"/>
    </tok_anno>
  </token>
  <token id="t6" trans="$epe" type="token">
    <tok_dipl id="t6_d1" trans="$epe" utf="ſepe"/>
    <tok_anno ascii="sepe" id="t6_m1" trans="$epe" utf="ſepe">
      <norm tag="--"/>
      <lemma tag="sepe"/>
      <lemma_gen tag="[!!]"/>
      <lemma_idmwb tag="--"/>
      <pos tag="FM"/>
      <pos_gen tag="FM"/>
      <infl tag="--"/>
      <inflClass tag="--"/>
      <inflClass_gen tag="--"/>
    </tok_anno>
  </token>
  <token id="t7" trans="l\-" type="token">
    <tok_dipl id="t7_d1" trans="l\-" utf="l̄"/>
    <tok_anno ascii="len" id="t7_m1" trans="l\-" utf="l̄">
      <norm tag="--"/>
      <lemma tag="vel"/>
      <lemma_gen tag="[!!]"/>
      <lemma_idmwb tag="--"/>
      <pos tag="FM"/>
      <pos_gen tag="FM"/>
      <infl tag="--"/>
      <inflClass tag="--"/>
      <inflClass_gen tag="--"/>
    </tok_anno>
  </token>
  <token id="t8" trans="aliunde" type="token">
    <tok_dipl id="t8_d1" trans="aliunde" utf="aliunde"/>
    <tok_anno ascii="aliunde" id="t8_m1" trans="aliunde" utf="aliunde">
      <norm tag="--"/>
      <lemma tag="aliunde"/>
      <lemma_gen tag="[!!]"/>
      <lemma_idmwb tag="--"/>
      <pos tag="FM"/>
      <pos_gen tag="FM"/>
      <infl tag="--"/>
      <inflClass tag="--"/>
      <inflClass_gen tag="--"/>
    </tok_anno>
  </token>
  <token id="t9" trans="$umptu\-" type="token">
    <tok_dipl id="t9_d1" trans="$umptu\-" utf="ſumptū"/>
    <tok_anno ascii="sumptun" id="t9_m1" trans="$umptu\-" utf="ſumptū">
      <norm tag="--"/>
      <lemma tag="sumptum"/>
      <lemma_gen tag="[!!]"/>
      <lemma_idmwb tag="--"/>
      <pos tag="FM"/>
      <pos_gen tag="FM"/>
      <infl tag="--"/>
      <inflClass tag="--"/>
      <inflClass_gen tag="--"/>
    </tok_anno>
  </token>
  <token id="t10" trans="pone" type="token">
    <tok_dipl id="t10_d1" trans="pone" utf="pone"/>
    <tok_anno ascii="pone" id="t10_m1" trans="pone" utf="pone">
      <norm tag="--"/>
      <lemma tag="pone"/>
      <lemma_gen tag="[!!]"/>
      <lemma_idmwb tag="--"/>
      <pos tag="FM"/>
      <pos_gen tag="FM"/>
      <infl tag="--"/>
      <inflClass tag="--"/>
      <inflClass_gen tag="--"/>
    </tok_anno>
  </token>
  <token id="t11" trans="$uᵽ" type="token">
    <tok_dipl id="t11_d1" trans="$uᵽ" utf="ſuᵽ"/>
    <tok_anno ascii="suᵽ" id="t11_m1" trans="$uᵽ" utf="ſuᵽ">
      <norm tag="--"/>
      <lemma tag="super"/>
      <lemma_gen tag="[!!]"/>
      <lemma_idmwb tag="--"/>
      <pos tag="FM"/>
      <pos_gen tag="FM"/>
      <infl tag="--"/>
      <inflClass tag="--"/>
      <inflClass_gen tag="--"/>
    </tok_anno>
  </token>
  <comment type="K">/L[@]</comment>
  <token id="t12" trans="uberbein(.)" type="token">
    <tok_dipl id="t12_d1" trans="uberbein" utf="uberbein"/>
    <tok_anno ascii="uberbein" id="t12_m1" trans="uberbein" utf="uberbein">
      <norm tag="überbein"/>
      <lemma tag="über-bèin"/>
      <lemma_gen tag="über-bèin"/>
      <lemma_idmwb tag="174822000"/>
      <pos tag="NA"/>
      <pos_gen tag="NA"/>
      <infl tag="Akk.Sg"/>
      <inflClass tag="st.Neut"/>
      <inflClass_gen tag="st.Neut"/>
      <punc tag="DE"/>
    </tok_anno>
  </token>
  <token id="t13" trans="%." type="punc">
    <tok_dipl id="t13_d1" trans="%." utf="·"/>
    <tok_anno ascii="." id="t13_m1" trans="%." utf="·">
      <pos tag="$_"/>
      <pos_gen tag="$_"/>
      <punc tag="$E"/>
    </tok_anno>
  </token>
  <token id="t14" trans="facien$" type="token">
    <tok_dipl id="t14_d1" trans="facien$" utf="facienſ"/>
    <tok_anno ascii="faciens" id="t14_m1" trans="facien$" utf="facienſ">
      <norm tag="--"/>
      <lemma tag="faciens"/>
      <lemma_gen tag="[!!]"/>
      <lemma_idmwb tag="--"/>
      <pos tag="FM"/>
      <pos_gen tag="FM"/>
      <infl tag="--"/>
      <inflClass tag="--"/>
      <inflClass_gen tag="--"/>
    </tok_anno>
  </token>
  <comment type="K">/L[+]</comment>
  <token id="t15" trans="cruce\-" type="token">
    <tok_dipl id="t15_d1" trans="cruce\-" utf="crucē"/>
    <tok_anno ascii="crucen" id="t15_m1" trans="cruce\-" utf="crucē">
      <norm tag="--"/>
      <lemma tag="crucem"/>
      <lemma_gen tag="[!!]"/>
      <lemma_idmwb tag="--"/>
      <pos tag="FM"/>
      <pos_gen tag="FM"/>
      <infl tag="--"/>
      <inflClass tag="--"/>
      <inflClass_gen tag="--"/>
    </tok_anno>
  </token>
  <token id="t16" trans="et" type="token">
    <tok_dipl id="t16_d1" trans="et" utf="et"/>
    <tok_anno ascii="et" id="t16_m1" trans="et" utf="et">
      <norm tag="--"/>
      <lemma tag="et"/>
      <lemma_gen tag="[!!]"/>
      <lemma_idmwb tag="--"/>
      <pos tag="FM"/>
      <pos_gen tag="FM"/>
      <infl tag="--"/>
      <inflClass tag="--"/>
      <inflClass_gen tag="--"/>
    </tok_anno>
  </token>
  <token id="t17" trans="ter" type="token">
    <tok_dipl id="t17_d1" trans="ter" utf="ter"/>
    <tok_anno ascii="ter" id="t17_m1" trans="ter" utf="ter">
      <norm tag="--"/>
      <lemma tag="ter"/>
      <lemma_gen tag="[!!]"/>
      <lemma_idmwb tag="--"/>
      <pos tag="FM"/>
      <pos_gen tag="FM"/>
      <infl tag="--"/>
      <inflClass tag="--"/>
      <inflClass_gen tag="--"/>
    </tok_anno>
  </token>
  <token id="t18" trans="dicen$" type="token">
    <tok_dipl id="t18_d1" trans="dicen$" utf="dicenſ"/>
    <tok_anno ascii="dicens" id="t18_m1" trans="dicen$" utf="dicenſ">
      <norm tag="--"/>
      <lemma tag="dicens"/>
      <lemma_gen tag="[!!]"/>
      <lemma_idmwb tag="--"/>
      <pos tag="FM"/>
      <pos_gen tag="FM"/>
      <infl tag="--"/>
      <inflClass tag="--"/>
      <inflClass_gen tag="--"/>
    </tok_anno>
  </token>
  <token id="t19" trans="pat\-" type="token">
    <tok_dipl id="t19_d1" trans="pat\-" utf="pat̄"/>
    <tok_anno ascii="paten" id="t19_m1" trans="pat\-" utf="pat̄">
      <norm tag="--"/>
      <lemma tag="pater"/>
      <lemma_gen tag="[!!]"/>
      <lemma_idmwb tag="--"/>
      <pos tag="FM"/>
      <pos_gen tag="FM"/>
      <infl tag="--"/>
      <inflClass tag="--"/>
      <inflClass_gen tag="--"/>
    </tok_anno>
  </token>
  <token id="t20" trans="nr\-,," type="token">
    <tok_dipl id="t20_d1" trans="nr\-" utf="nr̄"/>
    <tok_anno ascii="nren" id="t20_m1" trans="nr\-" utf="nr̄">
      <norm tag="--"/>
      <lemma tag="noster"/>
      <lemma_gen tag="[!!]"/>
      <lemma_idmwb tag="--"/>
      <pos tag="FM"/>
      <pos_gen tag="FM"/>
      <infl tag="--"/>
      <inflClass tag="--"/>
      <inflClass_gen tag="--"/>
      <punc tag="S*"/>
    </tok_anno>
  </token>
  <token id="t21" trans="%." type="punc">
    <tok_dipl id="t21_d1" trans="%." utf="·"/>
    <tok_anno ascii="." id="t21_m1" trans="%." utf="·">
      <pos tag="$_"/>
      <pos_gen tag="$_"/>
    </tok_anno>
  </token>
  <token id="t22" trans="additi$" type="token">
    <tok_dipl id="t22_d1" trans="additi$" utf="additiſ"/>
    <tok_anno ascii="additis" id="t22_m1" trans="additi$" utf="additiſ">
      <norm tag="--"/>
      <lemma tag="additis"/>
      <lemma_gen tag="[!!]"/>
      <lemma_idmwb tag="--"/>
      <pos tag="FM"/>
      <pos_gen tag="FM"/>
      <infl tag="--"/>
      <inflClass tag="--"/>
      <inflClass_gen tag="--"/>
    </tok_anno>
  </token>
  <token id="t23" trans="hi$" type="token">
    <tok_dipl id="t23_d1" trans="hi$" utf="hiſ"/>
    <tok_anno ascii="his" id="t23_m1" trans="hi$" utf="hiſ">
      <norm tag="--"/>
      <lemma tag="his"/>
      <lemma_gen tag="[!!]"/>
      <lemma_idmwb tag="--"/>
      <pos tag="FM"/>
      <pos_gen tag="FM"/>
      <infl tag="--"/>
      <inflClass tag="--"/>
      <inflClass_gen tag="--"/>
    </tok_anno>
  </token>
  <token id="t24" trans="teutonici$" type="token">
    <tok_dipl id="t24_d1" trans="teutonici$" utf="teutoniciſ"/>
    <tok_anno ascii="teutonicis" id="t24_m1" trans="teutonici$" utf="teutoniciſ">
      <norm tag="--"/>
      <lemma tag="teutonicis"/>
      <lemma_gen tag="[!!]"/>
      <lemma_idmwb tag="--"/>
      <pos tag="FM"/>
      <pos_gen tag="FM"/>
      <infl tag="--"/>
      <inflClass tag="--"/>
      <inflClass_gen tag="--"/>
    </tok_anno>
  </token>
  <token id="t25" trans="uer(=)bi$(:)" type="token">
    <tok_dipl id="t25_d1" trans="uerbi$" utf="uerbiſ"/>
    <tok_anno ascii="uerbis" id="t25_m1" trans="uer(=)bi$" utf="uerbiſ">
      <norm tag="--"/>
      <token_type tag="UL"/>
      <lemma tag="verbis"/>
      <lemma_gen tag="[!!]"/>
      <lemma_idmwb tag="--"/>
      <pos tag="FM"/>
      <pos_gen tag="FM"/>
      <infl tag="--"/>
      <inflClass tag="--"/>
      <inflClass_gen tag="--"/>
      <punc tag="DE"/>
    </tok_anno>
  </token>
  <comment type="K">/L[@]</comment>
  <token id="t26" trans="." type="punc">
    <tok_dipl id="t26_d1" trans="." utf="."/>
    <tok_anno ascii="." id="t26_m1" trans="." utf=".">
      <pos tag="$_"/>
      <pos_gen tag="$_"/>
      <punc tag="$E"/>
    </tok_anno>
  </token>
  <token id="t27" trans="Ih||be#$ueren||dich,,(" type="token">
    <tok_dipl id="t27_d1" trans="Ihbe" utf="Ihbe"/>
    <tok_dipl id="t27_d2" trans="$uerendich" utf="ſuerendich"/>
    <tok_anno ascii="Ih" id="t27_m1" trans="Ih|" utf="Ih">
      <norm tag="ich"/>
      <token_type tag="MS1"/>
      <lemma tag="ich"/>
      <lemma_gen tag="ich"/>
      <lemma_idmwb tag="81210000"/>
      <pos tag="PPER"/>
      <pos_gen tag="PPER"/>
      <infl tag="Nom.Sg.1"/>
      <inflClass tag="--"/>
      <inflClass_gen tag="--"/>
    </tok_anno>
    <tok_anno ascii="besueren" id="t27_m2" trans="|be#$ueren|" utf="beſueren">
      <norm tag="besweren"/>
      <token_type tag="MS2 US"/>
      <lemma tag="be-swèr(e)n"/>
      <lemma_gen tag="be-swèr(e)n"/>
      <lemma_idmwb tag="17907000"/>
      <pos tag="VVFIN"/>
      <pos_gen tag="VV"/>
      <infl tag="Ind.Pres.Sg.1"/>
      <inflClass tag="st6b"/>
      <inflClass_gen tag="st6b"/>
    </tok_anno>
    <tok_anno ascii="dich" id="t27_m3" trans="|dich" utf="dich">
      <norm tag="dich"/>
      <token_type tag="MS3"/>
      <lemma tag="dû"/>
      <lemma_gen tag="dû"/>
      <lemma_idmwb tag="32607000"/>
      <pos tag="PPER"/>
      <pos_gen tag="PPER"/>
      <infl tag="Akk.Sg.2"/>
      <inflClass tag="--"/>
      <inflClass_gen tag="--"/>
    </tok_anno>
  </token>
  <token id="t28" trans="uberbein,,)" type="token">
    <tok_dipl id="t28_d1" trans="uberbein" utf="uberbein"/>
    <tok_anno ascii="uberbein" id="t28_m1" trans="uberbein" utf="uberbein">
      <norm tag="überbein"/>
      <lemma tag="über-bèin"/>
      <lemma_gen tag="über-bèin"/>
      <lemma_idmwb tag="174822000"/>
      <pos tag="NA"/>
      <pos_gen tag="NA"/>
      <infl tag="Nom.Sg"/>
      <inflClass tag="st.Neut"/>
      <inflClass_gen tag="st.Neut"/>
    </tok_anno>
  </token>
  <token id="t29" trans="bi" type="token">
    <tok_dipl id="t29_d1" trans="bi" utf="bi"/>
    <tok_anno ascii="bi" id="t29_m1" trans="bi" utf="bi">
      <norm tag="bî"/>
      <lemma tag="bî"/>
      <lemma_gen tag="bî"/>
      <lemma_idmwb tag="19761000"/>
      <pos tag="AVD"/>
      <pos_gen tag="AVD"/>
      <infl tag="--"/>
      <inflClass tag="--"/>
      <inflClass_gen tag="--"/>
    </tok_anno>
  </token>
  <token id="t30" trans="demo" type="token">
    <tok_dipl id="t30_d1" trans="demo" utf="demo"/>
    <tok_anno ascii="demo" id="t30_m1" trans="demo" utf="demo">
      <norm tag="deme"/>
      <lemma tag="dër"/>
      <lemma_gen tag="dër"/>
      <lemma_idmwb tag="29817000"/>
      <pos tag="DDART"/>
      <pos_gen tag="DD"/>
      <infl tag="Neut.Dat.Sg"/>
      <inflClass tag="--"/>
      <inflClass_gen tag="--"/>
    </tok_anno>
  </token>
  <token id="t31" trans="holze,," type="token">
    <tok_dipl id="t31_d1" trans="holze" utf="holze"/>
    <tok_anno ascii="holze" id="t31_m1" trans="holze" utf="holze">
      <norm tag="holze"/>
      <lemma tag="holz"/>
      <lemma_gen tag="holz"/>
      <lemma_idmwb tag="77175000"/>
      <pos tag="NA"/>
      <pos_gen tag="NA"/>
      <infl tag="Dat.Sg"/>
      <inflClass tag="st.Neut"/>
      <inflClass_gen tag="st.Neut"/>
      <punc tag="S*"/>
    </tok_anno>
  </token>
  <token id="t32" trans="da" type="token">
    <tok_dipl id="t32_d1" trans="da" utf="da"/>
    <tok_anno ascii="da" id="t32_m1" trans="da" utf="da">
      <norm tag="dâ"/>
      <lemma tag="dâr/+ane"/>
      <lemma_gen tag="dâr"/>
      <lemma_idmwb tag="28932000"/>
      <pos tag="PAVD"/>
      <pos_gen tag="AVD"/>
      <infl tag="--"/>
      <inflClass tag="--"/>
      <inflClass_gen tag="--"/>
    </tok_anno>
  </token>
  <token id="t33" trans="der" type="token">
    <tok_dipl id="t33_d1" trans="der" utf="der"/>
    <tok_anno ascii="der" id="t33_m1" trans="der" utf="der">
      <norm tag="der"/>
      <lemma tag="dër"/>
      <lemma_gen tag="dër"/>
      <lemma_idmwb tag="29817000"/>
      <pos tag="DDART"/>
      <pos_gen tag="DD"/>
      <infl tag="Masc.Nom.Sg"/>
      <inflClass tag="--"/>
      <inflClass_gen tag="--"/>
    </tok_anno>
  </token>
  <token id="t34" trans="al=mahtigo" type="token">
    <tok_dipl id="t34_d1" trans="al=mahtigo" utf="al=mahtigo"/>
    <tok_anno ascii="al=mahtigo" id="t34_m1" trans="al=mahtigo" utf="al=mahtigo">
      <norm tag="almehtige"/>
      <lemma tag="all-mèhtig"/>
      <lemma_gen tag="all-mèhtig"/>
      <lemma_idmwb tag="4404000"/>
      <pos tag="ADJA"/>
      <pos_gen tag="ADJ"/>
      <infl tag="Pos.Masc.Nom.Sg.wk"/>
      <inflClass tag="--"/>
      <inflClass_gen tag="--"/>
    </tok_anno>
  </token>
  <token id="t35" trans="got" type="token">
    <tok_dipl id="t35_d1" trans="got" utf="got"/>
    <tok_anno ascii="got" id="t35_m1" trans="got" utf="got">
      <norm tag="got"/>
      <lemma tag="got"/>
      <lemma_gen tag="got"/>
      <lemma_idmwb tag="63291000"/>
      <pos tag="NA"/>
      <pos_gen tag="NA"/>
      <infl tag="Nom.Sg"/>
      <inflClass tag="st.Masc"/>
      <inflClass_gen tag="st.Masc"/>
    </tok_anno>
  </token>
  <comment type="K">/K[got: langer Strich über dem Wort]</comment>
  <token id="t36" trans="an||er$terban" type="token">
    <tok_dipl id="t36_d1" trans="aner$terban" utf="anerſterban"/>
    <tok_anno ascii="an" id="t36_m1" trans="an|" utf="an">
      <norm tag="an"/>
      <token_type tag="MS1"/>
      <lemma tag="ane/dâr+"/>
      <lemma_gen tag="ane"/>
      <lemma_idmwb tag="5691000"/>
      <pos tag="PAVAP"/>
      <pos_gen tag="AP"/>
      <infl tag="--"/>
      <inflClass tag="--"/>
      <inflClass_gen tag="--"/>
    </tok_anno>
    <tok_anno ascii="ersterban" id="t36_m2" trans="|er$terban" utf="erſterban">
      <norm tag="ersterben"/>
      <token_type tag="MS2"/>
      <lemma tag="er-stërben"/>
      <lemma_gen tag="er-stërben"/>
      <lemma_idmwb tag="43875000"/>
      <pos tag="VVINF"/>
      <pos_gen tag="VV"/>
      <infl tag="--"/>
      <inflClass tag="st3b"/>
      <inflClass_gen tag="st3b"/>
    </tok_anno>
  </token>
  <token id="t37" trans="wolda" type="token">
    <tok_dipl id="t37_d1" trans="wolda" utf="wolda"/>
    <tok_anno ascii="wolda" id="t37_m1" trans="wolda" utf="wolda">
      <norm tag="wal"/>
      <lemma tag="wëllen"/>
      <lemma_gen tag="wëllen"/>
      <lemma_idmwb tag="224631000"/>
      <pos tag="VVFIN"/>
      <pos_gen tag="VV"/>
      <infl tag="Ind.Past.Sg.3"/>
      <inflClass tag="st3b"/>
      <inflClass_gen tag="st3b"/>
    </tok_anno>
  </token>
  <token id="t38" trans="durich" type="token">
    <tok_dipl id="t38_d1" trans="durich" utf="durich"/>
    <tok_anno ascii="durich" id="t38_m1" trans="durich" utf="durich">
      <norm tag="durch"/>
      <lemma tag="durh"/>
      <lemma_gen tag="durh"/>
      <lemma_idmwb tag="???"/>
      <pos tag="APPR"/>
      <pos_gen tag="AP"/>
      <infl tag="--"/>
      <inflClass tag="--"/>
      <inflClass_gen tag="--"/>
    </tok_anno>
  </token>
  <token id="t39" trans="mene$chon" type="token">
    <tok_dipl id="t39_d1" trans="mene$chon" utf="meneſchon"/>
    <tok_anno ascii="meneschon" id="t39_m1" trans="mene$chon" utf="meneſchon">
      <norm tag="mennischen"/>
      <lemma tag="mèn(ni)sche"/>
      <lemma_gen tag="mèn(ni)sche"/>
      <lemma_idmwb tag="110340000"/>
      <pos tag="NA"/>
      <pos_gen tag="NA"/>
      <infl tag="Gen.Sg"/>
      <inflClass tag="st.Masc,Neut"/>
      <inflClass_gen tag="st.Masc,Neut"/>
    </tok_anno>
  </token>
  <token id="t40" trans="$unda,," type="token">
    <tok_dipl id="t40_d1" trans="$unda" utf="ſunda"/>
    <tok_anno ascii="sunda" id="t40_m1" trans="$unda" utf="ſunda">
      <norm tag="sünde"/>
      <lemma tag="sünte"/>
      <lemma_gen tag="sünte"/>
      <lemma_idmwb tag="162993000"/>
      <pos tag="NA"/>
      <pos_gen tag="NA"/>
      <infl tag="Akk.Pl"/>
      <inflClass tag="st.Fem"/>
      <inflClass_gen tag="*.Fem"/>
      <punc tag="S*"/>
    </tok_anno>
  </token>
  <token id="t41" trans="." type="punc">
    <tok_dipl id="t41_d1" trans="." utf="."/>
    <tok_anno ascii="." id="t41_m1" trans="." utf=".">
      <pos tag="$_"/>
      <pos_gen tag="$_"/>
    </tok_anno>
  </token>
  <token id="t42" trans="daz" type="token">
    <tok_dipl id="t42_d1" trans="daz" utf="daz"/>
    <tok_anno ascii="daz" id="t42_m1" trans="daz" utf="daz">
      <norm tag="daz"/>
      <lemma tag="dazz"/>
      <lemma_gen tag="dazz"/>
      <lemma_idmwb tag="29484000"/>
      <pos tag="KOUS"/>
      <pos_gen tag="KO"/>
      <infl tag="--"/>
      <inflClass tag="--"/>
      <inflClass_gen tag="--"/>
    </tok_anno>
  </token>
  <token id="t43" trans="du" type="token">
    <tok_dipl id="t43_d1" trans="du" utf="du"/>
    <tok_anno ascii="du" id="t43_m1" trans="du" utf="du">
      <norm tag="dû"/>
      <lemma tag="dû"/>
      <lemma_gen tag="dû"/>
      <lemma_idmwb tag="32607000"/>
      <pos tag="PPER"/>
      <pos_gen tag="PPER"/>
      <infl tag="Nom.Sg.2"/>
      <inflClass tag="--"/>
      <inflClass_gen tag="--"/>
    </tok_anno>
  </token>
  <token id="t44" trans="$uine$t" type="token">
    <tok_dipl id="t44_d1" trans="$uine$t" utf="ſuineſt"/>
    <tok_anno ascii="suinest" id="t44_m1" trans="$uine$t" utf="ſuineſt">
      <norm tag="swînest"/>
      <lemma tag="swînen"/>
      <lemma_gen tag="swînen"/>
      <lemma_idmwb tag="165975000"/>
      <pos tag="VVFIN"/>
      <pos_gen tag="VV"/>
      <infl tag="Subj.Pres.Sg.2"/>
      <inflClass tag="st1a"/>
      <inflClass_gen tag="st1a"/>
    </tok_anno>
  </token>
  <token id="t45" trans="%." type="punc">
    <tok_dipl id="t45_d1" trans="%." utf="·"/>
    <tok_anno ascii="." id="t45_m1" trans="%." utf="·">
      <pos tag="$_"/>
      <pos_gen tag="$_"/>
    </tok_anno>
  </token>
  <token id="t46" trans="unde" type="token">
    <tok_dipl id="t46_d1" trans="unde" utf="unde"/>
    <tok_anno ascii="unde" id="t46_m1" trans="unde" utf="unde">
      <norm tag="unde"/>
      <lemma tag="unte"/>
      <lemma_gen tag="unte"/>
      <lemma_idmwb tag="183108000"/>
      <pos tag="KON"/>
      <pos_gen tag="KO"/>
      <infl tag="--"/>
      <inflClass tag="--"/>
      <inflClass_gen tag="--"/>
    </tok_anno>
  </token>
  <token id="t47" trans="in||al" type="token">
    <tok_dipl id="t47_d1" trans="inal" utf="inal"/>
    <tok_anno ascii="in" id="t47_m1" trans="in|" utf="in">
      <norm tag="in"/>
      <token_type tag="MS1"/>
      <lemma tag="in"/>
      <lemma_gen tag="in"/>
      <lemma_idmwb tag="81741000"/>
      <pos tag="APPR"/>
      <pos_gen tag="AP"/>
      <infl tag="--"/>
      <inflClass tag="--"/>
      <inflClass_gen tag="--"/>
    </tok_anno>
    <tok_anno ascii="al" id="t47_m2" trans="|al" utf="al">
      <norm tag="al"/>
      <token_type tag="MS2"/>
      <lemma tag="all"/>
      <lemma_gen tag="all"/>
      <lemma_idmwb tag="3531000"/>
      <pos tag="DIS"/>
      <pos_gen tag="DI"/>
      <infl tag="Neut.Akk.Sg.0"/>
      <inflClass tag="--"/>
      <inflClass_gen tag="--"/>
    </tok_anno>
  </token>
  <token id="t48" trans="$uacchost(.)" type="token">
    <tok_dipl id="t48_d1" trans="$uacchost" utf="ſuacchost"/>
    <tok_anno ascii="suacchost" id="t48_m1" trans="$uacchost" utf="ſuacchost">
      <norm tag="swachest"/>
      <lemma tag="swachen"/>
      <lemma_gen tag="swachen"/>
      <lemma_idmwb tag="164472000"/>
      <pos tag="VVFIN"/>
      <pos_gen tag="VV"/>
      <infl tag="Subj.Pres.Sg.2"/>
      <inflClass tag="wk"/>
      <inflClass_gen tag="wk"/>
      <punc tag="DE"/>
    </tok_anno>
  </token>
  <token id="t49" trans="." type="punc">
    <tok_dipl id="t49_d1" trans="." utf="."/>
    <tok_anno ascii="." id="t49_m1" trans="." utf=".">
      <pos tag="$_"/>
      <pos_gen tag="$_"/>
      <punc tag="$E"/>
    </tok_anno>
  </token>
  <token id="t50" trans="Si" type="token">
    <tok_dipl id="t50_d1" trans="Si" utf="Si"/>
    <tok_anno ascii="Si" id="t50_m1" trans="Si" utf="Si">
      <norm tag="--"/>
      <lemma tag="si"/>
      <lemma_gen tag="[!!]"/>
      <lemma_idmwb tag="--"/>
      <pos tag="FM"/>
      <pos_gen tag="FM"/>
      <infl tag="--"/>
      <inflClass tag="--"/>
      <inflClass_gen tag="--"/>
    </tok_anno>
  </token>
  <comment type="K">/L[+]</comment>
  <token id="t51" trans="hoc" type="token">
    <tok_dipl id="t51_d1" trans="hoc" utf="hoc"/>
    <tok_anno ascii="hoc" id="t51_m1" trans="hoc" utf="hoc">
      <norm tag="--"/>
      <lemma tag="hoc"/>
      <lemma_gen tag="[!!]"/>
      <lemma_idmwb tag="--"/>
      <pos tag="FM"/>
      <pos_gen tag="FM"/>
      <infl tag="--"/>
      <inflClass tag="--"/>
      <inflClass_gen tag="--"/>
    </tok_anno>
  </token>
  <token id="t52" trans="tribu$" type="token">
    <tok_dipl id="t52_d1" trans="tribu$" utf="tribuſ"/>
    <tok_anno ascii="tribus" id="t52_m1" trans="tribu$" utf="tribuſ">
      <norm tag="--"/>
      <lemma tag="tribus"/>
      <lemma_gen tag="[!!]"/>
      <lemma_idmwb tag="--"/>
      <pos tag="FM"/>
      <pos_gen tag="FM"/>
      <infl tag="--"/>
      <inflClass tag="--"/>
      <inflClass_gen tag="--"/>
    </tok_anno>
  </token>
  <token id="t53" trans="dieb%9" type="token">
    <tok_dipl id="t53_d1" trans="dieb%9" utf="diebꝰ"/>
    <tok_anno ascii="diebus" id="t53_m1" trans="dieb%9" utf="diebꝰ">
      <norm tag="--"/>
      <lemma tag="diebus"/>
      <lemma_gen tag="[!!]"/>
      <lemma_idmwb tag="--"/>
      <pos tag="FM"/>
      <pos_gen tag="FM"/>
      <infl tag="--"/>
      <inflClass tag="--"/>
      <inflClass_gen tag="--"/>
    </tok_anno>
  </token>
  <token id="t54" trans="diluculo" type="token">
    <tok_dipl id="t54_d1" trans="diluculo" utf="diluculo"/>
    <tok_anno ascii="diluculo" id="t54_m1" trans="diluculo" utf="diluculo">
      <norm tag="--"/>
      <lemma tag="diluculo"/>
      <lemma_gen tag="[!!]"/>
      <lemma_idmwb tag="--"/>
      <pos tag="FM"/>
      <pos_gen tag="FM"/>
      <infl tag="--"/>
      <inflClass tag="--"/>
      <inflClass_gen tag="--"/>
    </tok_anno>
  </token>
  <token id="t55" trans="feceri$,," type="token">
    <tok_dipl id="t55_d1" trans="feceri$" utf="feceriſ"/>
    <tok_anno ascii="feceris" id="t55_m1" trans="feceri$" utf="feceriſ">
      <norm tag="--"/>
      <lemma tag="feceris"/>
      <lemma_gen tag="[!!]"/>
      <lemma_idmwb tag="--"/>
      <pos tag="FM"/>
      <pos_gen tag="FM"/>
      <infl tag="--"/>
      <inflClass tag="--"/>
      <inflClass_gen tag="--"/>
      <punc tag="S*"/>
    </tok_anno>
  </token>
  <comment type="K">/L[@]</comment>
  <token id="t56" trans="." type="punc">
    <tok_dipl id="t56_d1" trans="." utf="."/>
    <tok_anno ascii="." id="t56_m1" trans="." utf=".">
      <pos tag="$_"/>
      <pos_gen tag="$_"/>
    </tok_anno>
  </token>
  <token id="t57" trans="uberbein" type="token">
    <tok_dipl id="t57_d1" trans="uberbein" utf="uberbein"/>
    <tok_anno ascii="uberbein" id="t57_m1" trans="uberbein" utf="uberbein">
      <norm tag="überbein"/>
      <lemma tag="über-bèin"/>
      <lemma_gen tag="über-bèin"/>
      <lemma_idmwb tag="174822000"/>
      <pos tag="NA"/>
      <pos_gen tag="NA"/>
      <infl tag="Akk.Sg"/>
      <inflClass tag="st.Neut"/>
      <inflClass_gen tag="st.Neut"/>
    </tok_anno>
  </token>
  <token id="t58" trans="euane$cere" type="token">
    <tok_dipl id="t58_d1" trans="euane$cere" utf="euaneſcere"/>
    <tok_anno ascii="euanescere" id="t58_m1" trans="euane$cere" utf="euaneſcere">
      <norm tag="--"/>
      <lemma tag="euanescere"/>
      <lemma_gen tag="[!!]"/>
      <lemma_idmwb tag="--"/>
      <pos tag="FM"/>
      <pos_gen tag="FM"/>
      <infl tag="--"/>
      <inflClass tag="--"/>
      <inflClass_gen tag="--"/>
    </tok_anno>
  </token>
  <comment type="K">/L[+]</comment>
  <token id="t59" trans="citi%9" type="token">
    <tok_dipl id="t59_d1" trans="citi%9" utf="citiꝰ"/>
    <tok_anno ascii="citius" id="t59_m1" trans="citi%9" utf="citiꝰ">
      <norm tag="--"/>
      <lemma tag="citius"/>
      <lemma_gen tag="[!!]"/>
      <lemma_idmwb tag="--"/>
      <pos tag="FM"/>
      <pos_gen tag="FM"/>
      <infl tag="--"/>
      <inflClass tag="--"/>
      <inflClass_gen tag="--"/>
    </tok_anno>
  </token>
  <token id="t60" trans="uidebi$(.)" type="token">
    <tok_dipl id="t60_d1" trans="uidebi$" utf="uidebiſ"/>
    <tok_anno ascii="uidebis" id="t60_m1" trans="uidebi$" utf="uidebiſ">
      <norm tag="--"/>
      <lemma tag="videbis"/>
      <lemma_gen tag="[!!]"/>
      <lemma_idmwb tag="--"/>
      <pos tag="FM"/>
      <pos_gen tag="FM"/>
      <infl tag="--"/>
      <inflClass tag="--"/>
      <inflClass_gen tag="--"/>
      <punc tag="DE"/>
    </tok_anno>
  </token>
  <comment type="K">/L[@]</comment>
  <token id="t61" trans=";" type="punc">
    <tok_dipl id="t61_d1" trans=";" utf=";"/>
    <tok_anno ascii=";" id="t61_m1" trans=";" utf=";">
      <pos tag="$_"/>
      <pos_gen tag="$_"/>
      <punc tag="$E"/>
    </tok_anno>
  </token>
</text>
