<?xml version='1.0' encoding='UTF-8'?>
<!DOCTYPE text SYSTEM "cora-xml.dtd">
<text id="M060">
  <header>
    <text>MF Namenlos I-III</text>
    <abbr_ddd>Denkspruch3</abbr_ddd>
    <abbr_mwb>-</abbr_mwb>
    <topic>Poesie</topic>
    <text-type>Spruchdichtung</text-type>
    <genre>V</genre>
    <reference>Strophe, Vers nach Müllenhoff/Scherer (1892): Denkmäler deutscher Poesie und Prosa aus dem VIII. bis XII. Jahrhundert, s. 149 (Nr. XLIX) [online]</reference>
    <reference-secondary>Hs.: Blatt (r/v), Zeile</reference-secondary>
    <library>Zürich, Zentralbibl.</library>
    <library-shelfmark>Cod. C 58</library-shelfmark>
    <online>http://www.handschriftencensus.de/1282</online>
    <medium>Handschrift</medium>
    <extent>73va</extent>
    <extract>-</extract>
    <language>mhd</language>
    <language-type>oberdeutsch</language-type>
    <language-region>westoberdeutsch</language-region>
    <language-area>alemannisch</language-area>
    <place>-</place>
    <time>12,2</time>
    <notes-manuscript>_</notes-manuscript>
    <date>-</date>
    <text-place>-</text-place>
    <text-author>-</text-author>
    <text-language>-</text-language>
    <text-source>-</text-source>
    <edition>Paul Piper, Aus Sanct Galler Handschriften III, in: Zeitschrift für deutsche Philologie 13 (1882), S. 445-479, hier S. 466-477; Lothar Voetz: Überlieferungsformen mittelhochdeutscher Lyrik, in: Codex Manesse. Katalog zur Ausstellung. Hrsg. von Elmar Mittler und Wilfried Werner. Heidelberg 1988, S. 240f.</edition>
    <corpus>ReM I</corpus>
    <notes-transcription>-</notes-transcription>
    <notes-annotation>-</notes-annotation>
    <digitization_by>Bochum</digitization_by>
    <collation_by>Bochum</collation_by>
    <pre_editing_by>Bochum</pre_editing_by>
    <annotation_by>Bochum</annotation_by>
    <proofreading_by>Bochum</proofreading_by>
  </header>
  <layoutinfo>
    <page id="p1" no="1" range="c1"/>
    <page id="p2" no="2" range="c2"/>
    <page id="p3" no="3" range="c3"/>
    <column id="c1" range="l1..l4"/>
    <column id="c2" range="l5..l8"/>
    <column id="c3" range="l9..l14"/>
    <line id="l1" name="1" range="t1_d1..t7_d1" loc="1a,1"/>
    <line id="l2" name="2" range="t8_d1..t13_d1" loc="1a,2"/>
    <line id="l3" name="3" range="t14_d1..t18_d1" loc="1a,3"/>
    <line id="l4" name="4" range="t19_d1..t21_d1" loc="1a,4"/>
    <line id="l5" name="1" range="t22_d1..t25_d1" loc="2a,1"/>
    <line id="l6" name="2" range="t26_d1..t29_d1" loc="2a,2"/>
    <line id="l7" name="3" range="t30_d1..t35_d1" loc="2a,3"/>
    <line id="l8" name="4" range="t36_d1..t40_d1" loc="2a,4"/>
    <line id="l9" name="1" range="t41_d1..t44_d1" loc="3a,1"/>
    <line id="l10" name="2" range="t45_d1..t50_d1" loc="3a,2"/>
    <line id="l11" name="3" range="t51_d1..t55_d1" loc="3a,3"/>
    <line id="l12" name="4" range="t56_d1..t58_d1" loc="3a,4"/>
    <line id="l13" name="5" range="t59_d1..t63_d1" loc="3a,5"/>
    <line id="l14" name="6" range="t64_d1..t67_d1" loc="3a,6"/>
  </layoutinfo>
  <shifttags/>
  <token id="t1" trans="*(S*)ver" type="token">
    <tok_dipl id="t1_d1" trans="*(S*)ver" utf="Sver"/>
    <tok_anno ascii="Sver" id="t1_m1" trans="*(S*)ver" utf="Sver">
      <norm tag="swer"/>
      <lemma tag="swër"/>
      <lemma_gen tag="swër"/>
      <lemma_idmwb tag="165408000"/>
      <pos tag="PG"/>
      <pos_gen tag="PG"/>
      <infl tag="Masc.Nom.Sg.st"/>
      <inflClass tag="--"/>
      <inflClass_gen tag="--"/>
    </tok_anno>
  </token>
  <comment type="K">/K[*(S*)ver: *(S*) rubriziert]/K[*(S*)ver: *(S*) rubriziert]</comment>
  <token id="t2" trans="an" type="token">
    <tok_dipl id="t2_d1" trans="an" utf="an"/>
    <tok_anno ascii="an" id="t2_m1" trans="an" utf="an">
      <norm tag="an"/>
      <lemma tag="ane"/>
      <lemma_gen tag="ane"/>
      <lemma_idmwb tag="5691000"/>
      <pos tag="AVD"/>
      <pos_gen tag="AVD"/>
      <infl tag="--"/>
      <inflClass tag="--"/>
      <inflClass_gen tag="--"/>
    </tok_anno>
  </token>
  <token id="t3" trans="dem" type="token">
    <tok_dipl id="t3_d1" trans="dem" utf="dem"/>
    <tok_anno ascii="dem" id="t3_m1" trans="dem" utf="dem">
      <norm tag="dem"/>
      <lemma tag="dër"/>
      <lemma_gen tag="dër"/>
      <lemma_idmwb tag="29817000"/>
      <pos tag="DDART"/>
      <pos_gen tag="DD"/>
      <infl tag="Masc.Dat.Sg"/>
      <inflClass tag="--"/>
      <inflClass_gen tag="--"/>
    </tok_anno>
  </token>
  <token id="t4" trans="me\,ntage" type="token">
    <tok_dipl id="t4_d1" trans="me\,ntage" utf="męntage"/>
    <tok_anno ascii="mentage" id="t4_m1" trans="me\,ntage" utf="męntage">
      <norm tag="mentei"/>
      <lemma tag="mèn-tag"/>
      <lemma_gen tag="mèn-tag"/>
      <lemma_idmwb tag="110538000"/>
      <pos tag="NA"/>
      <pos_gen tag="NA"/>
      <infl tag="Dat.Sg"/>
      <inflClass tag="st.Masc"/>
      <inflClass_gen tag="st.Masc"/>
    </tok_anno>
  </token>
  <comment type="K">/K[me\,ntage: {e\,} aus {a} korrgiert, s. Voetz, S. 240]/K[me\,ntage: {e\,} aus {a} korrgiert, s. Voetz, S. 240]</comment>
  <token id="t5" trans="dar" type="token">
    <tok_dipl id="t5_d1" trans="dar" utf="dar"/>
    <tok_anno ascii="dar" id="t5_m1" trans="dar" utf="dar">
      <norm tag="dâr"/>
      <lemma tag="dâr"/>
      <lemma_gen tag="dâr"/>
      <lemma_idmwb tag="28932000"/>
      <pos tag="AVD"/>
      <pos_gen tag="AVD"/>
      <infl tag="--"/>
      <inflClass tag="--"/>
      <inflClass_gen tag="--"/>
    </tok_anno>
  </token>
  <token id="t6" trans="gat,," type="token">
    <tok_dipl id="t6_d1" trans="gat" utf="gat"/>
    <tok_anno ascii="gat" id="t6_m1" trans="gat" utf="gat">
      <norm tag="gât"/>
      <lemma tag="gân"/>
      <lemma_gen tag="gân"/>
      <lemma_idmwb tag="46788000"/>
      <pos tag="VVFIN"/>
      <pos_gen tag="VV"/>
      <infl tag="Ind.Pres.Sg.3"/>
      <inflClass tag="irr"/>
      <inflClass_gen tag="irr"/>
      <punc tag="S*"/>
    </tok_anno>
  </token>
  <token id="t7" trans="%." type="punc">
    <tok_dipl id="t7_d1" trans="%." utf="·"/>
    <tok_anno ascii="." id="t7_m1" trans="%." utf="·">
      <pos tag="$_"/>
      <pos_gen tag="$_"/>
    </tok_anno>
  </token>
  <token id="t8" trans="da" type="token">
    <tok_dipl id="t8_d1" trans="da" utf="da"/>
    <tok_anno ascii="da" id="t8_m1" trans="da" utf="da">
      <norm tag="dâ"/>
      <lemma tag="dâr"/>
      <lemma_gen tag="dâr"/>
      <lemma_idmwb tag="28932000"/>
      <pos tag="AVD"/>
      <pos_gen tag="AVD"/>
      <infl tag="--"/>
      <inflClass tag="--"/>
      <inflClass_gen tag="--"/>
    </tok_anno>
  </token>
  <token id="t9" trans="er" type="token">
    <tok_dipl id="t9_d1" trans="er" utf="er"/>
    <tok_anno ascii="er" id="t9_m1" trans="er" utf="er">
      <norm tag="er"/>
      <lemma tag="ër"/>
      <lemma_gen tag="ër"/>
      <lemma_idmwb tag="40380000"/>
      <pos tag="PPER"/>
      <pos_gen tag="PPER"/>
      <infl tag="Masc.Nom.Sg.3"/>
      <inflClass tag="--"/>
      <inflClass_gen tag="--"/>
    </tok_anno>
  </token>
  <token id="t10" trans="din" type="token">
    <tok_dipl id="t10_d1" trans="din" utf="din"/>
    <tok_anno ascii="din" id="t10_m1" trans="din" utf="din">
      <norm tag="den"/>
      <lemma tag="dër"/>
      <lemma_gen tag="dër"/>
      <lemma_idmwb tag="29817000"/>
      <pos tag="DDART"/>
      <pos_gen tag="DD"/>
      <infl tag="Masc.Akk.Sg"/>
      <inflClass tag="--"/>
      <inflClass_gen tag="--"/>
    </tok_anno>
  </token>
  <token id="t11" trans="fyz" type="token">
    <tok_dipl id="t11_d1" trans="fyz" utf="fyz"/>
    <tok_anno ascii="fyz" id="t11_m1" trans="fyz" utf="fyz">
      <norm tag="vuoz"/>
      <lemma tag="vuoz"/>
      <lemma_gen tag="vuoz"/>
      <lemma_idmwb tag="218250000"/>
      <pos tag="NA"/>
      <pos_gen tag="NA"/>
      <infl tag="Akk.Sg"/>
      <inflClass tag="st(u).Masc"/>
      <inflClass_gen tag="st(u).Masc"/>
    </tok_anno>
  </token>
  <token id="t12" trans="lat,," type="token">
    <tok_dipl id="t12_d1" trans="lat" utf="lat"/>
    <tok_anno ascii="lat" id="t12_m1" trans="lat" utf="lat">
      <norm tag="lât"/>
      <lemma tag="lâzen"/>
      <lemma_gen tag="lâzen"/>
      <lemma_idmwb tag="100122000"/>
      <pos tag="VVFIN"/>
      <pos_gen tag="VV"/>
      <infl tag="Ind.Pres.Sg.3"/>
      <inflClass tag="st7"/>
      <inflClass_gen tag="st7"/>
      <punc tag="S*"/>
    </tok_anno>
  </token>
  <token id="t13" trans="%." type="punc">
    <tok_dipl id="t13_d1" trans="%." utf="·"/>
    <tok_anno ascii="." id="t13_m1" trans="%." utf="·">
      <pos tag="$_"/>
      <pos_gen tag="$_"/>
    </tok_anno>
  </token>
  <token id="t14" trans="deme" type="token">
    <tok_dipl id="t14_d1" trans="deme" utf="deme"/>
    <tok_anno ascii="deme" id="t14_m1" trans="deme" utf="deme">
      <norm tag="deme"/>
      <lemma tag="dër"/>
      <lemma_gen tag="dër"/>
      <lemma_idmwb tag="29823000"/>
      <pos tag="DDS"/>
      <pos_gen tag="DD"/>
      <infl tag="Masc.Dat.Sg"/>
      <inflClass tag="--"/>
      <inflClass_gen tag="--"/>
    </tok_anno>
  </token>
  <token id="t15" trans="iz" type="token">
    <tok_dipl id="t15_d1" trans="iz" utf="iz"/>
    <tok_anno ascii="iz" id="t15_m1" trans="iz" utf="iz">
      <norm tag="is"/>
      <lemma tag="sîn"/>
      <lemma_gen tag="sîn"/>
      <lemma_idmwb tag="150147000"/>
      <pos tag="VAFIN"/>
      <pos_gen tag="VA"/>
      <infl tag="Ind.Pres.Sg.3"/>
      <inflClass tag="irr"/>
      <inflClass_gen tag="irr"/>
    </tok_anno>
  </token>
  <token id="t16" trans="alle" type="token">
    <tok_dipl id="t16_d1" trans="alle" utf="alle"/>
    <tok_anno ascii="alle" id="t16_m1" trans="alle" utf="alle">
      <norm tag="ale"/>
      <lemma tag="al"/>
      <lemma_gen tag="al"/>
      <lemma_idmwb tag="3540000"/>
      <pos tag="AVD"/>
      <pos_gen tag="AVD-KO"/>
      <infl tag="--"/>
      <inflClass tag="--"/>
      <inflClass_gen tag="--"/>
    </tok_anno>
  </token>
  <token id="t17" trans="die" type="token">
    <tok_dipl id="t17_d1" trans="die" utf="die"/>
    <tok_anno ascii="die" id="t17_m1" trans="die" utf="die">
      <norm tag="die"/>
      <lemma tag="dër"/>
      <lemma_gen tag="dër"/>
      <lemma_idmwb tag="29817000"/>
      <pos tag="DDART"/>
      <pos_gen tag="DD"/>
      <infl tag="Fem.Nom.Sg"/>
      <inflClass tag="--"/>
      <inflClass_gen tag="--"/>
    </tok_anno>
  </token>
  <token id="t18" trans="wocun" type="token">
    <tok_dipl id="t18_d1" trans="wocun" utf="wocun"/>
    <tok_anno ascii="wocun" id="t18_m1" trans="wocun" utf="wocun">
      <norm tag="woche"/>
      <lemma tag="woche"/>
      <lemma_gen tag="woche"/>
      <lemma_idmwb tag="232620000"/>
      <pos tag="NA"/>
      <pos_gen tag="NA"/>
      <infl tag="Nom.Sg"/>
      <inflClass tag="*.Fem"/>
      <inflClass_gen tag="*.Fem"/>
    </tok_anno>
  </token>
  <token id="t19" trans="dez$t" type="token">
    <tok_dipl id="t19_d1" trans="dez$t" utf="dezſt"/>
    <tok_anno ascii="dezst" id="t19_m1" trans="dez$t" utf="dezſt">
      <norm tag="deste"/>
      <lemma tag="dëste"/>
      <lemma_gen tag="dëste"/>
      <lemma_idmwb tag="29931000"/>
      <pos tag="AVD"/>
      <pos_gen tag="AVD"/>
      <infl tag="--"/>
      <inflClass tag="--"/>
      <inflClass_gen tag="--"/>
    </tok_anno>
  </token>
  <token id="t20" trans="ungemacher(.)" type="token">
    <tok_dipl id="t20_d1" trans="ungemacher" utf="ungemacher"/>
    <tok_anno ascii="ungemacher" id="t20_m1" trans="ungemacher" utf="ungemacher">
      <norm tag="ungemacherer"/>
      <lemma tag="un-ge-mach"/>
      <lemma_gen tag="un-ge-mach"/>
      <lemma_idmwb tag="186645000"/>
      <pos tag="ADJD"/>
      <pos_gen tag="ADJ"/>
      <infl tag="Pos....0"/>
      <inflClass tag="--"/>
      <inflClass_gen tag="--"/>
      <punc tag="DE"/>
    </tok_anno>
  </token>
  <token id="t21" trans="." type="punc">
    <tok_dipl id="t21_d1" trans="." utf="."/>
    <tok_anno ascii="." id="t21_m1" trans="." utf=".">
      <pos tag="$_"/>
      <pos_gen tag="$_"/>
      <punc tag="$E"/>
    </tok_anno>
  </token>
  <token id="t22" trans="Tif" type="token">
    <tok_dipl id="t22_d1" trans="Tif" utf="Tif"/>
    <tok_anno ascii="Tif" id="t22_m1" trans="Tif" utf="Tif">
      <norm tag="tief"/>
      <lemma tag="tièf"/>
      <lemma_gen tag="tièf"/>
      <lemma_idmwb tag="168114000"/>
      <pos tag="ADJD"/>
      <pos_gen tag="ADJ"/>
      <infl tag="Pos....0"/>
      <inflClass tag="--"/>
      <inflClass_gen tag="--"/>
    </tok_anno>
  </token>
  <token id="t23" trans="furt" type="token">
    <tok_dipl id="t23_d1" trans="furt" utf="furt"/>
    <tok_anno ascii="furt" id="t23_m1" trans="furt" utf="furt">
      <norm tag="vüert"/>
      <lemma tag="vüèren"/>
      <lemma_gen tag="vüèren"/>
      <lemma_idmwb tag="217560000"/>
      <pos tag="VVFIN"/>
      <pos_gen tag="VV"/>
      <infl tag="Ind.Pres.Sg.3"/>
      <inflClass tag="wk"/>
      <inflClass_gen tag="wk"/>
    </tok_anno>
  </token>
  <token id="t24" trans="trybe" type="token">
    <tok_dipl id="t24_d1" trans="trybe" utf="trybe"/>
    <tok_anno ascii="trybe" id="t24_m1" trans="trybe" utf="trybe">
      <norm tag="trüebe"/>
      <lemma tag="trüèbe"/>
      <lemma_gen tag="trüèbe"/>
      <lemma_idmwb tag="172050000"/>
      <pos tag="ADJA"/>
      <pos_gen tag="ADJ"/>
      <infl tag="Pos.Fem.Akk.Sg.0"/>
      <inflClass tag="--"/>
      <inflClass_gen tag="--"/>
    </tok_anno>
  </token>
  <token id="t25" trans="." type="punc">
    <tok_dipl id="t25_d1" trans="." utf="."/>
    <tok_anno ascii="." id="t25_m1" trans="." utf=".">
      <pos tag="$_"/>
      <pos_gen tag="$_"/>
    </tok_anno>
  </token>
  <token id="t26" trans="un\-" type="token">
    <tok_dipl id="t26_d1" trans="un\-" utf="un̄"/>
    <tok_anno ascii="un" id="t26_m1" trans="un\-" utf="un̄">
      <norm tag="und"/>
      <lemma tag="unte"/>
      <lemma_gen tag="unte"/>
      <lemma_idmwb tag="183108000"/>
      <pos tag="KON"/>
      <pos_gen tag="KO"/>
      <infl tag="--"/>
      <inflClass tag="--"/>
      <inflClass_gen tag="--"/>
    </tok_anno>
  </token>
  <token id="t27" trans="$chone" type="token">
    <tok_dipl id="t27_d1" trans="$chone" utf="ſchone"/>
    <tok_anno ascii="schone" id="t27_m1" trans="$chone" utf="ſchone">
      <norm tag="schoene"/>
      <lemma tag="schoène"/>
      <lemma_gen tag="schoène"/>
      <lemma_idmwb tag="144792000"/>
      <pos tag="ADJA"/>
      <pos_gen tag="ADJ"/>
      <infl tag="Pos.Fem.Nom.Sg.0"/>
      <inflClass tag="--"/>
      <inflClass_gen tag="--"/>
    </tok_anno>
  </token>
  <token id="t28" trans="wip#hurre,," type="token">
    <tok_dipl id="t28_d1" trans="wip" utf="wip"/>
    <tok_dipl id="t28_d2" trans="hurre" utf="hurre"/>
    <tok_anno ascii="wiphurre" id="t28_m1" trans="wip#hurre" utf="wiphurre">
      <norm tag="wîphuore"/>
      <token_type tag="US"/>
      <lemma tag="wîb-huore"/>
      <lemma_gen tag="wîb-huore"/>
      <lemma_idmwb tag="231405000"/>
      <pos tag="NA"/>
      <pos_gen tag="NA"/>
      <infl tag="Nom.Sg"/>
      <inflClass tag="*.Fem"/>
      <inflClass_gen tag="*.Fem"/>
      <punc tag="S*"/>
    </tok_anno>
  </token>
  <token id="t29" trans="." type="punc">
    <tok_dipl id="t29_d1" trans="." utf="."/>
    <tok_anno ascii="." id="t29_m1" trans="." utf=".">
      <pos tag="$_"/>
      <pos_gen tag="$_"/>
    </tok_anno>
  </token>
  <token id="t30" trans="$weme" type="token">
    <tok_dipl id="t30_d1" trans="$weme" utf="ſweme"/>
    <tok_anno ascii="sweme" id="t30_m1" trans="$weme" utf="ſweme">
      <norm tag="sweme"/>
      <lemma tag="swër"/>
      <lemma_gen tag="swër"/>
      <lemma_idmwb tag="165408000"/>
      <pos tag="PG"/>
      <pos_gen tag="PG"/>
      <infl tag="Masc.Dat.Sg.st"/>
      <inflClass tag="--"/>
      <inflClass_gen tag="--"/>
    </tok_anno>
  </token>
  <token id="t31" trans="dar" type="token">
    <tok_dipl id="t31_d1" trans="dar" utf="dar"/>
    <tok_anno ascii="dar" id="t31_m1" trans="dar" utf="dar">
      <norm tag="dâr"/>
      <lemma tag="dâr"/>
      <lemma_gen tag="dâr"/>
      <lemma_idmwb tag="28932000"/>
      <pos tag="AVD"/>
      <pos_gen tag="AVD"/>
      <infl tag="--"/>
      <inflClass tag="--"/>
      <inflClass_gen tag="--"/>
    </tok_anno>
  </token>
  <token id="t32" trans="wirt" type="token">
    <tok_dipl id="t32_d1" trans="wirt" utf="wirt"/>
    <tok_anno ascii="wirt" id="t32_m1" trans="wirt" utf="wirt">
      <norm tag="wirdet"/>
      <lemma tag="wërden"/>
      <lemma_gen tag="wërden"/>
      <lemma_idmwb tag="225138000"/>
      <pos tag="VAFIN"/>
      <pos_gen tag="VA"/>
      <infl tag="Ind.Pres.Sg.3"/>
      <inflClass tag="st3b"/>
      <inflClass_gen tag="st3b"/>
    </tok_anno>
  </token>
  <token id="t33" trans="ze" type="token">
    <tok_dipl id="t33_d1" trans="ze" utf="ze"/>
    <tok_anno ascii="ze" id="t33_m1" trans="ze" utf="ze">
      <norm tag="ze"/>
      <lemma tag="ze"/>
      <lemma_gen tag="ze"/>
      <lemma_idmwb tag="235656000"/>
      <pos tag="PTKA"/>
      <pos_gen tag="PTK"/>
      <infl tag="--"/>
      <inflClass tag="--"/>
      <inflClass_gen tag="--"/>
    </tok_anno>
  </token>
  <token id="t34" trans="gach,," type="token">
    <tok_dipl id="t34_d1" trans="gach" utf="gach"/>
    <tok_anno ascii="gach" id="t34_m1" trans="gach" utf="gach">
      <norm tag="gâhe"/>
      <lemma tag="gâhe"/>
      <lemma_gen tag="gâhe"/>
      <lemma_idmwb tag="46311000"/>
      <pos tag="AVD"/>
      <pos_gen tag="AVD"/>
      <infl tag="--"/>
      <inflClass tag="--"/>
      <inflClass_gen tag="--"/>
      <punc tag="S*"/>
    </tok_anno>
  </token>
  <token id="t35" trans="%." type="punc">
    <tok_dipl id="t35_d1" trans="%." utf="·"/>
    <tok_anno ascii="." id="t35_m1" trans="%." utf="·">
      <pos tag="$_"/>
      <pos_gen tag="$_"/>
    </tok_anno>
  </token>
  <token id="t36" trans="den" type="token">
    <tok_dipl id="t36_d1" trans="den" utf="den"/>
    <tok_anno ascii="den" id="t36_m1" trans="den" utf="den">
      <norm tag="den"/>
      <lemma tag="dër"/>
      <lemma_gen tag="dër"/>
      <lemma_idmwb tag="29823000"/>
      <pos tag="DDS"/>
      <pos_gen tag="DD"/>
      <infl tag="Masc.Akk.Sg"/>
      <inflClass tag="--"/>
      <inflClass_gen tag="--"/>
    </tok_anno>
  </token>
  <token id="t37" trans="geruit" type="token">
    <tok_dipl id="t37_d1" trans="geruit" utf="geruit"/>
    <tok_anno ascii="geruit" id="t37_m1" trans="geruit" utf="geruit">
      <norm tag="geriuwet"/>
      <lemma tag="ge-riuwen"/>
      <lemma_gen tag="ge-riuwen"/>
      <lemma_idmwb tag="55089000"/>
      <pos tag="VVFIN"/>
      <pos_gen tag="VV"/>
      <infl tag="Ind.Pres.Sg.3"/>
      <inflClass tag="wk"/>
      <inflClass_gen tag="wk"/>
    </tok_anno>
  </token>
  <token id="t38" trans="iz" type="token">
    <tok_dipl id="t38_d1" trans="iz" utf="iz"/>
    <tok_anno ascii="iz" id="t38_m1" trans="iz" utf="iz">
      <norm tag="iz"/>
      <lemma tag="ër"/>
      <lemma_gen tag="ër"/>
      <lemma_idmwb tag="40380000"/>
      <pos tag="PPER"/>
      <pos_gen tag="PPER"/>
      <infl tag="Neut.Nom.Sg.3"/>
      <inflClass tag="--"/>
      <inflClass_gen tag="--"/>
    </tok_anno>
  </token>
  <token id="t39" trans="$a(.)" type="token">
    <tok_dipl id="t39_d1" trans="$a" utf="ſa"/>
    <tok_anno ascii="sa" id="t39_m1" trans="$a" utf="ſa">
      <norm tag="sô"/>
      <lemma tag="sô"/>
      <lemma_gen tag="sô"/>
      <lemma_idmwb tag="154164000"/>
      <pos tag="AVD"/>
      <pos_gen tag="AVD-KO"/>
      <infl tag="--"/>
      <inflClass tag="--"/>
      <inflClass_gen tag="--"/>
      <punc tag="DE"/>
    </tok_anno>
  </token>
  <token id="t40" trans="%." type="punc">
    <tok_dipl id="t40_d1" trans="%." utf="·"/>
    <tok_anno ascii="." id="t40_m1" trans="%." utf="·">
      <pos tag="$_"/>
      <pos_gen tag="$_"/>
      <punc tag="$E"/>
    </tok_anno>
  </token>
  <token id="t41" trans="*(D*)er" type="token">
    <tok_dipl id="t41_d1" trans="*(D*)er" utf="Der"/>
    <tok_anno ascii="Der" id="t41_m1" trans="*(D*)er" utf="Der">
      <norm tag="der"/>
      <lemma tag="dër"/>
      <lemma_gen tag="dër"/>
      <lemma_idmwb tag="29823000"/>
      <pos tag="DRELS"/>
      <pos_gen tag="DD"/>
      <infl tag="Masc.Nom.Sg"/>
      <inflClass tag="--"/>
      <inflClass_gen tag="--"/>
    </tok_anno>
  </token>
  <comment type="K">/K[*(D*)er: *(D*) ist rubriziert]/K[*(D*)er: *(D*) ist rubriziert]</comment>
  <token id="t42" trans="zi||chilcun" type="token">
    <tok_dipl id="t42_d1" trans="zichilcun" utf="zichilcun"/>
    <tok_anno ascii="zi" id="t42_m1" trans="zi|" utf="zi">
      <norm tag="ze"/>
      <token_type tag="MS1"/>
      <lemma tag="ze"/>
      <lemma_gen tag="ze"/>
      <lemma_idmwb tag="235656000"/>
      <pos tag="APPR"/>
      <pos_gen tag="AP"/>
      <infl tag="--"/>
      <inflClass tag="--"/>
      <inflClass_gen tag="--"/>
    </tok_anno>
    <tok_anno ascii="chilcun" id="t42_m2" trans="|chilcun" utf="chilcun">
      <norm tag="kirechen"/>
      <token_type tag="MS2"/>
      <lemma tag="kir(e)che"/>
      <lemma_gen tag="kir(e)che"/>
      <lemma_idmwb tag="89964000"/>
      <pos tag="NA"/>
      <pos_gen tag="NA"/>
      <infl tag="Dat.Sg"/>
      <inflClass tag="st.Fem"/>
      <inflClass_gen tag="*.Fem"/>
    </tok_anno>
  </token>
  <token id="t43" trans="gat" type="token">
    <tok_dipl id="t43_d1" trans="gat" utf="gat"/>
    <tok_anno ascii="gat" id="t43_m1" trans="gat" utf="gat">
      <norm tag="gât"/>
      <lemma tag="gân"/>
      <lemma_gen tag="gân"/>
      <lemma_idmwb tag="46788000"/>
      <pos tag="VVFIN"/>
      <pos_gen tag="VV"/>
      <infl tag="Ind.Pres.Sg.3"/>
      <inflClass tag="irr"/>
      <inflClass_gen tag="irr"/>
    </tok_anno>
  </token>
  <token id="t44" trans="%." type="punc">
    <tok_dipl id="t44_d1" trans="%." utf="·"/>
    <tok_anno ascii="." id="t44_m1" trans="%." utf="·">
      <pos tag="$_"/>
      <pos_gen tag="$_"/>
    </tok_anno>
  </token>
  <token id="t45" trans="vn\-" type="token">
    <tok_dipl id="t45_d1" trans="vn\-" utf="vn̄"/>
    <tok_anno ascii="vnd" id="t45_m1" trans="vn\-" utf="vn̄">
      <norm tag="und"/>
      <lemma tag="unte"/>
      <lemma_gen tag="unte"/>
      <lemma_idmwb tag="183108000"/>
      <pos tag="KON"/>
      <pos_gen tag="KO"/>
      <infl tag="--"/>
      <inflClass tag="--"/>
      <inflClass_gen tag="--"/>
    </tok_anno>
  </token>
  <token id="t46" trans="ane" type="token">
    <tok_dipl id="t46_d1" trans="ane" utf="ane"/>
    <tok_anno ascii="ane" id="t46_m1" trans="ane" utf="ane">
      <norm tag="âne"/>
      <lemma tag="âne"/>
      <lemma_gen tag="âne"/>
      <lemma_idmwb tag="5700000"/>
      <pos tag="APPR"/>
      <pos_gen tag="AP"/>
      <infl tag="--"/>
      <inflClass tag="--"/>
      <inflClass_gen tag="--"/>
    </tok_anno>
  </token>
  <token id="t47" trans="rye" type="token">
    <tok_dipl id="t47_d1" trans="rye" utf="rye"/>
    <tok_anno ascii="rye" id="t47_m1" trans="rye" utf="rye">
      <norm tag="riuwe"/>
      <lemma tag="riuwe"/>
      <lemma_gen tag="riuwe"/>
      <lemma_idmwb tag="135858000"/>
      <pos tag="NA"/>
      <pos_gen tag="NA"/>
      <infl tag="Akk.Sg"/>
      <inflClass tag="*.Masc,Fem"/>
      <inflClass_gen tag="*.Masc,Fem"/>
    </tok_anno>
  </token>
  <token id="t48" trans="da" type="token">
    <tok_dipl id="t48_d1" trans="da" utf="da"/>
    <tok_anno ascii="da" id="t48_m1" trans="da" utf="da">
      <norm tag="dâ"/>
      <lemma tag="dâr"/>
      <lemma_gen tag="dâr"/>
      <lemma_idmwb tag="28932000"/>
      <pos tag="AVD"/>
      <pos_gen tag="AVD"/>
      <infl tag="--"/>
      <inflClass tag="--"/>
      <inflClass_gen tag="--"/>
    </tok_anno>
  </token>
  <token id="t49" trans="$tat,," type="token">
    <tok_dipl id="t49_d1" trans="$tat" utf="ſtat"/>
    <tok_anno ascii="stat" id="t49_m1" trans="$tat" utf="ſtat">
      <norm tag="stât"/>
      <lemma tag="stân"/>
      <lemma_gen tag="stân"/>
      <lemma_idmwb tag="157380000"/>
      <pos tag="VVFIN"/>
      <pos_gen tag="VV"/>
      <infl tag="Ind.Pres.Sg.3"/>
      <inflClass tag="irr"/>
      <inflClass_gen tag="irr"/>
      <punc tag="S*"/>
    </tok_anno>
  </token>
  <token id="t50" trans="%." type="punc">
    <tok_dipl id="t50_d1" trans="%." utf="·"/>
    <tok_anno ascii="." id="t50_m1" trans="%." utf="·">
      <pos tag="$_"/>
      <pos_gen tag="$_"/>
    </tok_anno>
  </token>
  <token id="t51" trans="der" type="token">
    <tok_dipl id="t51_d1" trans="der" utf="der"/>
    <tok_anno ascii="der" id="t51_m1" trans="der" utf="der">
      <norm tag="der"/>
      <lemma tag="dër"/>
      <lemma_gen tag="dër"/>
      <lemma_idmwb tag="29823000"/>
      <pos tag="DDS"/>
      <pos_gen tag="DD"/>
      <infl tag="Masc.Nom.Sg"/>
      <inflClass tag="--"/>
      <inflClass_gen tag="--"/>
    </tok_anno>
  </token>
  <token id="t52" trans="wirt" type="token">
    <tok_dipl id="t52_d1" trans="wirt" utf="wirt"/>
    <tok_anno ascii="wirt" id="t52_m1" trans="wirt" utf="wirt">
      <norm tag="wirdet"/>
      <lemma tag="wërden"/>
      <lemma_gen tag="wërden"/>
      <lemma_idmwb tag="225138000"/>
      <pos tag="VAFIN"/>
      <pos_gen tag="VA"/>
      <infl tag="Ind.Pres.Sg.3"/>
      <inflClass tag="st3b"/>
      <inflClass_gen tag="st3b"/>
    </tok_anno>
  </token>
  <token id="t53" trans="ze||me" type="token">
    <tok_dipl id="t53_d1" trans="zeme" utf="zeme"/>
    <tok_anno ascii="ze" id="t53_m1" trans="ze|" utf="ze">
      <norm tag="ze"/>
      <token_type tag="MS1"/>
      <lemma tag="ze"/>
      <lemma_gen tag="ze"/>
      <lemma_idmwb tag="235656000"/>
      <pos tag="APPR"/>
      <pos_gen tag="AP"/>
      <infl tag="--"/>
      <inflClass tag="--"/>
      <inflClass_gen tag="--"/>
    </tok_anno>
    <tok_anno ascii="me" id="t53_m2" trans="|me" utf="me">
      <norm tag="deme"/>
      <token_type tag="MS2"/>
      <lemma tag="dër"/>
      <lemma_gen tag="dër"/>
      <lemma_idmwb tag="29817000"/>
      <pos tag="DDART"/>
      <pos_gen tag="DD"/>
      <infl tag="Masc.Dat.Sg"/>
      <inflClass tag="--"/>
      <inflClass_gen tag="--"/>
    </tok_anno>
  </token>
  <token id="t54" trans="iyngi$time" type="token">
    <tok_dipl id="t54_d1" trans="iyngi$time" utf="iyngiſtime"/>
    <tok_anno ascii="iyngistime" id="t54_m1" trans="iyngi$time" utf="iyngiſtime">
      <norm tag="jungeste"/>
      <lemma tag="jungest(e)"/>
      <lemma_gen tag="jungest(e)"/>
      <lemma_idmwb tag="85974000"/>
      <pos tag="AVD"/>
      <pos_gen tag="AVD"/>
      <infl tag="Sup"/>
      <inflClass tag="--"/>
      <inflClass_gen tag="--"/>
    </tok_anno>
  </token>
  <token id="t55" trans="tage" type="token">
    <tok_dipl id="t55_d1" trans="tage" utf="tage"/>
    <tok_anno ascii="tage" id="t55_m1" trans="tage" utf="tage">
      <norm tag="tage"/>
      <lemma tag="tag"/>
      <lemma_gen tag="tag"/>
      <lemma_idmwb tag="166296000"/>
      <pos tag="NA"/>
      <pos_gen tag="NA"/>
      <infl tag="Dat.Sg"/>
      <inflClass tag="st.Masc"/>
      <inflClass_gen tag="st.Masc"/>
    </tok_anno>
  </token>
  <token id="t56" trans="ane" type="token">
    <tok_dipl id="t56_d1" trans="ane" utf="ane"/>
    <tok_anno ascii="ane" id="t56_m1" trans="ane" utf="ane">
      <norm tag="âne"/>
      <lemma tag="âne"/>
      <lemma_gen tag="âne"/>
      <lemma_idmwb tag="5700000"/>
      <pos tag="APPR"/>
      <pos_gen tag="AP"/>
      <infl tag="--"/>
      <inflClass tag="--"/>
      <inflClass_gen tag="--"/>
    </tok_anno>
  </token>
  <token id="t57" trans="wafín" type="token">
    <tok_dipl id="t57_d1" trans="wafín" utf="wafín"/>
    <tok_anno ascii="wafin" id="t57_m1" trans="wafín" utf="wafín">
      <norm tag="wâfen"/>
      <lemma tag="wâfen"/>
      <lemma_gen tag="wâfen"/>
      <lemma_idmwb tag="220203000"/>
      <pos tag="NA"/>
      <pos_gen tag="NA"/>
      <infl tag="Akk.Pl"/>
      <inflClass tag="st.Neut"/>
      <inflClass_gen tag="st.Neut"/>
    </tok_anno>
  </token>
  <token id="t58" trans="re$cagin(.)" type="token">
    <tok_dipl id="t58_d1" trans="re$cagin" utf="reſcagin"/>
    <tok_anno ascii="rescagin" id="t58_m1" trans="re$cagin" utf="reſcagin">
      <norm tag="erslahen"/>
      <lemma tag="er-slahen"/>
      <lemma_gen tag="er-slahen"/>
      <lemma_idmwb tag="43653000"/>
      <pos tag="VVINF"/>
      <pos_gen tag="VV"/>
      <infl tag="--"/>
      <inflClass tag="st6"/>
      <inflClass_gen tag="st6"/>
      <punc tag="DE"/>
    </tok_anno>
  </token>
  <comment type="K">/E[reſagin: l. erſlagin]/E[reſagin: l. erſlagin]</comment>
  <token id="t59" trans="Sver" type="token">
    <tok_dipl id="t59_d1" trans="Sver" utf="Sver"/>
    <tok_anno ascii="Sver" id="t59_m1" trans="Sver" utf="Sver">
      <norm tag="swer"/>
      <lemma tag="swër"/>
      <lemma_gen tag="swër"/>
      <lemma_idmwb tag="165408000"/>
      <pos tag="PG"/>
      <pos_gen tag="PG"/>
      <infl tag="Masc.Nom.Sg.st"/>
      <inflClass tag="--"/>
      <inflClass_gen tag="--"/>
    </tok_anno>
  </token>
  <token id="t60" trans="da" type="token">
    <tok_dipl id="t60_d1" trans="da" utf="da"/>
    <tok_anno ascii="da" id="t60_m1" trans="da" utf="da">
      <norm tag="dâ"/>
      <lemma tag="dâr"/>
      <lemma_gen tag="dâr"/>
      <lemma_idmwb tag="28932000"/>
      <pos tag="AVD"/>
      <pos_gen tag="AVD"/>
      <infl tag="--"/>
      <inflClass tag="--"/>
      <inflClass_gen tag="--"/>
    </tok_anno>
  </token>
  <token id="t61" trans="wirt" type="token">
    <tok_dipl id="t61_d1" trans="wirt" utf="wirt"/>
    <tok_anno ascii="wirt" id="t61_m1" trans="wirt" utf="wirt">
      <norm tag="wirdet"/>
      <lemma tag="wërden"/>
      <lemma_gen tag="wërden"/>
      <lemma_idmwb tag="225138000"/>
      <pos tag="VAFIN"/>
      <pos_gen tag="VA"/>
      <infl tag="Ind.Pres.Sg.3"/>
      <inflClass tag="st3b"/>
      <inflClass_gen tag="st3b"/>
    </tok_anno>
  </token>
  <token id="t62" trans="vir#teilt,," type="token">
    <tok_dipl id="t62_d1" trans="vir" utf="vir"/>
    <tok_dipl id="t62_d2" trans="teilt" utf="teilt"/>
    <tok_anno ascii="virteilt" id="t62_m1" trans="vir#teilt" utf="virteilt">
      <norm tag="verteilt"/>
      <token_type tag="US"/>
      <lemma tag="ver-tèilen"/>
      <lemma_gen tag="ver-tèilen"/>
      <lemma_idmwb tag="206205000"/>
      <pos tag="VVPP"/>
      <pos_gen tag="VV"/>
      <infl tag="--"/>
      <inflClass tag="wk"/>
      <inflClass_gen tag="wk"/>
      <punc tag="S*"/>
    </tok_anno>
  </token>
  <token id="t63" trans="%." type="punc">
    <tok_dipl id="t63_d1" trans="%." utf="·"/>
    <tok_anno ascii="." id="t63_m1" trans="%." utf="·">
      <pos tag="$_"/>
      <pos_gen tag="$_"/>
    </tok_anno>
  </token>
  <token id="t64" trans="der" type="token">
    <tok_dipl id="t64_d1" trans="der" utf="der"/>
    <tok_anno ascii="der" id="t64_m1" trans="der" utf="der">
      <norm tag="der"/>
      <lemma tag="dër"/>
      <lemma_gen tag="dër"/>
      <lemma_idmwb tag="29823000"/>
      <pos tag="DDS"/>
      <pos_gen tag="DD"/>
      <infl tag="Masc.Nom.Sg"/>
      <inflClass tag="--"/>
      <inflClass_gen tag="--"/>
    </tok_anno>
  </token>
  <token id="t65" trans="het" type="token">
    <tok_dipl id="t65_d1" trans="het" utf="het"/>
    <tok_anno ascii="het" id="t65_m1" trans="het" utf="het">
      <norm tag="hât"/>
      <lemma tag="haben"/>
      <lemma_gen tag="haben"/>
      <lemma_idmwb tag="66885000"/>
      <pos tag="VAFIN"/>
      <pos_gen tag="VA"/>
      <infl tag="Ind.Pres.Sg.3"/>
      <inflClass tag="wk"/>
      <inflClass_gen tag="wk"/>
    </tok_anno>
  </token>
  <token id="t66" trans="imir||leit(.)" type="token">
    <tok_dipl id="t66_d1" trans="imirleit" utf="imirleit"/>
    <tok_anno ascii="imir" id="t66_m1" trans="imir|" utf="imir">
      <norm tag="iemer"/>
      <token_type tag="MS1"/>
      <lemma tag="ièmer"/>
      <lemma_gen tag="ièmer"/>
      <lemma_idmwb tag="81339000"/>
      <pos tag="AVD"/>
      <pos_gen tag="AVD"/>
      <infl tag="--"/>
      <inflClass tag="--"/>
      <inflClass_gen tag="--"/>
    </tok_anno>
    <tok_anno ascii="leit" id="t66_m2" trans="|leit" utf="leit">
      <norm tag="leit"/>
      <token_type tag="MS2"/>
      <lemma tag="lèid"/>
      <lemma_gen tag="lèid"/>
      <lemma_idmwb tag="101157000"/>
      <pos tag="NA"/>
      <pos_gen tag="NA"/>
      <infl tag="Akk.Sg"/>
      <inflClass tag="st.Neut"/>
      <inflClass_gen tag="st.Neut"/>
      <punc tag="DE"/>
    </tok_anno>
  </token>
  <token id="t67" trans="%." type="punc">
    <tok_dipl id="t67_d1" trans="%." utf="·"/>
    <tok_anno ascii="." id="t67_m1" trans="%." utf="·">
      <pos tag="$_"/>
      <pos_gen tag="$_"/>
      <punc tag="$E"/>
    </tok_anno>
  </token>
</text>
