<?xml version='1.0' encoding='UTF-8'?>
<!DOCTYPE text SYSTEM "cora-xml.dtd">
<text id="M061W">
  <header>
    <text>Deutung der Meßgebräuche/Wolfenbüttel</text>
    <abbr_ddd>MessgebrW</abbr_ddd>
    <abbr_mwb>-</abbr_mwb>
    <topic>Religion, Poesie</topic>
    <text-type>Lehrdichtung</text-type>
    <genre>V</genre>
    <reference>Hs.: Blatt (r/v), Zeile</reference>
    <reference-secondary>Handschrift [Seite+Spalte+Zeile]</reference-secondary>
    <library>Wolfenbüttel, Herzog August Bibliothek</library>
    <library-shelfmark>Cod. 404.09 (12) Novi</library-shelfmark>
    <online>http://www.handschriftencensus.de/1536</online>
    <medium>Handschrift</medium>
    <extent>1r-1v</extent>
    <extract>-</extract>
    <language>mhd</language>
    <language-type>oberdeutsch</language-type>
    <language-region>ostoberdeutsch</language-region>
    <language-area>bairisch (bairisch-mitteldeutscher Grenzraum mit mitteldeutschen Anklängen)</language-area>
    <place>-</place>
    <time>13,2</time>
    <notes-manuscript>_</notes-manuscript>
    <date>-</date>
    <text-place>-</text-place>
    <text-author>-</text-author>
    <text-language>-</text-language>
    <text-source>-</text-source>
    <edition>Maurer Nr.34, S. 299a und 300a</edition>
    <corpus>ReM I</corpus>
    <notes-transcription>-</notes-transcription>
    <notes-annotation>-</notes-annotation>
    <digitization_by>Bochum</digitization_by>
    <collation_by>Bochum</collation_by>
    <pre_editing_by>Bochum</pre_editing_by>
    <annotation_by>Bochum</annotation_by>
    <proofreading_by>Bochum</proofreading_by>
  </header>
  <layoutinfo>
    <page id="p1" no="1" range="c1" side="r"/>
    <page id="p2" no="1" range="c2" side="v"/>
    <column id="c1" range="l1..l19"/>
    <column id="c2" range="l20..l36"/>
    <line id="l1" name="1" range="t1_d1..t8_d1" loc="1ra,1"/>
    <line id="l2" name="2" range="t9_d1..t14_d1" loc="1ra,2"/>
    <line id="l3" name="3" range="t15_d1..t23_d1" loc="1ra,3"/>
    <line id="l4" name="4" range="t24_d1..t31_d1" loc="1ra,4"/>
    <line id="l5" name="5" range="t32_d1..t38_d1" loc="1ra,5"/>
    <line id="l6" name="6" range="t39_d1..t43_d1" loc="1ra,6"/>
    <line id="l7" name="7" range="t44_d1..t51_d1" loc="1ra,7"/>
    <line id="l8" name="8" range="t52_d1..t59_d1" loc="1ra,8"/>
    <line id="l9" name="9" range="t60_d1..t64_d2" loc="1ra,9"/>
    <line id="l10" name="10" range="t65_d1..t71_d1" loc="1ra,10"/>
    <line id="l11" name="11" range="t72_d1..t78_d1" loc="1ra,11"/>
    <line id="l12" name="12" range="t79_d1..t83_d1" loc="1ra,12"/>
    <line id="l13" name="13" range="t84_d1..t89_d1" loc="1ra,13"/>
    <line id="l14" name="14" range="t90_d1..t96_d1" loc="1ra,14"/>
    <line id="l15" name="15" range="t97_d1..t103_d1" loc="1ra,15"/>
    <line id="l16" name="16" range="t104_d1..t111_d1" loc="1ra,16"/>
    <line id="l17" name="17" range="t112_d1..t120_d1" loc="1ra,17"/>
    <line id="l18" name="18" range="t121_d1..t127_d1" loc="1ra,18"/>
    <line id="l19" name="19" range="t128_d1..t136_d1" loc="1ra,19"/>
    <line id="l20" name="1" range="t137_d1..t143_d1" loc="1va,1"/>
    <line id="l21" name="2" range="t144_d1..t150_d1" loc="1va,2"/>
    <line id="l22" name="3" range="t151_d1..t154_d1" loc="1va,3"/>
    <line id="l23" name="4" range="t155_d1..t157_d1" loc="1va,4"/>
    <line id="l24" name="5" range="t158_d1..t159_d1" loc="1va,5"/>
    <line id="l25" name="6" range="t160_d1" loc="1va,6"/>
    <line id="l26" name="7" range="t161_d1..t166_d1" loc="1va,7"/>
    <line id="l27" name="8" range="t167_d1..t174_d1" loc="1va,8"/>
    <line id="l28" name="9" range="t175_d1..t178_d1" loc="1va,9"/>
    <line id="l29" name="10" range="t179_d1" loc="1va,10"/>
    <line id="l30" name="11" range="t180_d1" loc="1va,11"/>
    <line id="l31" name="12" range="t181_d1" loc="1va,12"/>
    <line id="l32" name="13" range="t182_d1" loc="1va,13"/>
    <line id="l33" name="14" range="t183_d1" loc="1va,14"/>
    <line id="l34" name="15" range="t184_d1" loc="1va,15"/>
    <line id="l35" name="16" range="t185_d1..t190_d1" loc="1va,16"/>
    <line id="l36" name="17" range="t191_d1..t195_d1" loc="1va,17"/>
  </layoutinfo>
  <shifttags>
    <paren range="t107_m1..t112_m1"/>
  </shifttags>
  <token id="t1" trans="...ten" type="token">
    <tok_dipl id="t1_d1" trans="...ten" utf="...ten"/>
    <tok_anno ascii="...ten" id="t1_m1" trans="...ten" utf="...ten">
      <norm tag="--"/>
      <lemma tag="[!]"/>
      <lemma_gen tag="[!]"/>
      <lemma_idmwb tag="--"/>
      <pos tag="--"/>
      <pos_gen tag="--"/>
      <infl tag="--"/>
      <inflClass tag="--"/>
      <inflClass_gen tag="--"/>
    </tok_anno>
  </token>
  <token id="t2" trans="." type="punc">
    <tok_dipl id="t2_d1" trans="." utf="."/>
    <tok_anno ascii="." id="t2_m1" trans="." utf=".">
      <pos tag="$_"/>
      <pos_gen tag="$_"/>
    </tok_anno>
  </token>
  <token id="t3" trans="vn\-" type="token">
    <tok_dipl id="t3_d1" trans="vn\-" utf="vn̄"/>
    <tok_anno ascii="vnd" id="t3_m1" trans="vn\-" utf="vn̄">
      <norm tag="unde"/>
      <lemma tag="unte"/>
      <lemma_gen tag="unte"/>
      <lemma_idmwb tag="183108000"/>
      <pos tag="KON"/>
      <pos_gen tag="KO"/>
      <infl tag="--"/>
      <inflClass tag="--"/>
      <inflClass_gen tag="--"/>
    </tok_anno>
  </token>
  <token id="t4" trans="heizzent" type="token">
    <tok_dipl id="t4_d1" trans="heizzent" utf="heizzent"/>
    <tok_anno ascii="heizzent" id="t4_m1" trans="heizzent" utf="heizzent">
      <norm tag="heizent"/>
      <lemma tag="hèizen"/>
      <lemma_gen tag="hèizen"/>
      <lemma_idmwb tag="70758000"/>
      <pos tag="VVFIN"/>
      <pos_gen tag="VV"/>
      <infl tag="Ind.Pres.Pl.3"/>
      <inflClass tag="st7"/>
      <inflClass_gen tag="st7"/>
    </tok_anno>
  </token>
  <token id="t5" trans="die" type="token">
    <tok_dipl id="t5_d1" trans="die" utf="die"/>
    <tok_anno ascii="die" id="t5_m1" trans="die" utf="die">
      <norm tag="die"/>
      <lemma tag="dër"/>
      <lemma_gen tag="dër"/>
      <lemma_idmwb tag="29817000"/>
      <pos tag="DDART"/>
      <pos_gen tag="DD"/>
      <infl tag="Masc.Akk.Pl"/>
      <inflClass tag="--"/>
      <inflClass_gen tag="--"/>
    </tok_anno>
  </token>
  <token id="t6" trans="biwarten(.)" type="token">
    <tok_dipl id="t6_d1" trans="biwarten" utf="biwarten"/>
    <tok_anno ascii="biwarten" id="t6_m1" trans="biwarten" utf="biwarten">
      <norm tag="êwarten"/>
      <lemma tag="ê(we)-wart(e)"/>
      <lemma_gen tag="ê(we)-wart(e)"/>
      <lemma_idmwb tag="45825000"/>
      <pos tag="NA"/>
      <pos_gen tag="NA"/>
      <infl tag="Akk.Pl"/>
      <inflClass tag="*.Masc"/>
      <inflClass_gen tag="*.Masc"/>
      <punc tag="DE"/>
    </tok_anno>
  </token>
  <comment type="K">/%.[!]</comment>
  <token id="t7" trans="." type="punc">
    <tok_dipl id="t7_d1" trans="." utf="."/>
    <tok_anno ascii="." id="t7_m1" trans="." utf=".">
      <pos tag="$_"/>
      <pos_gen tag="$_"/>
      <punc tag="$E"/>
    </tok_anno>
  </token>
  <token id="t8" trans="$ie" type="token">
    <tok_dipl id="t8_d1" trans="$ie" utf="ſie"/>
    <tok_anno ascii="sie" id="t8_m1" trans="$ie" utf="ſie">
      <norm tag="sie"/>
      <lemma tag="ër"/>
      <lemma_gen tag="ër"/>
      <lemma_idmwb tag="40380000"/>
      <pos tag="PPER"/>
      <pos_gen tag="PPER"/>
      <infl tag="Masc.Nom.Pl.3"/>
      <inflClass tag="--"/>
      <inflClass_gen tag="--"/>
    </tok_anno>
  </token>
  <token id="t9" trans="$ulin" type="token">
    <tok_dipl id="t9_d1" trans="$ulin" utf="ſulin"/>
    <tok_anno ascii="sulin" id="t9_m1" trans="$ulin" utf="ſulin">
      <norm tag="sulen"/>
      <lemma tag="sol(e)n"/>
      <lemma_gen tag="sol(e)n"/>
      <lemma_idmwb tag="154377000"/>
      <pos tag="VMFIN"/>
      <pos_gen tag="VM"/>
      <infl tag="*.Pres.Pl.3"/>
      <inflClass tag="prpr"/>
      <inflClass_gen tag="prpr"/>
    </tok_anno>
  </token>
  <token id="t10" trans="div" type="token">
    <tok_dipl id="t10_d1" trans="div" utf="div"/>
    <tok_anno ascii="div" id="t10_m1" trans="div" utf="div">
      <norm tag="diu"/>
      <lemma tag="dër"/>
      <lemma_gen tag="dër"/>
      <lemma_idmwb tag="29817000"/>
      <pos tag="DDART"/>
      <pos_gen tag="DD"/>
      <infl tag="Neut.Akk.Pl"/>
      <inflClass tag="--"/>
      <inflClass_gen tag="--"/>
    </tok_anno>
  </token>
  <token id="t11" trans="chindelin" type="token">
    <tok_dipl id="t11_d1" trans="chindelin" utf="chindelin"/>
    <tok_anno ascii="chindelin" id="t11_m1" trans="chindelin" utf="chindelin">
      <norm tag="kindelîn"/>
      <lemma tag="kindelîn"/>
      <lemma_gen tag="kindelîn"/>
      <lemma_idmwb tag="89652000"/>
      <pos tag="NA"/>
      <pos_gen tag="NA"/>
      <infl tag="Akk.Pl"/>
      <inflClass tag="st.Neut"/>
      <inflClass_gen tag="st.Neut"/>
    </tok_anno>
  </token>
  <token id="t12" trans="bewaren,," type="token">
    <tok_dipl id="t12_d1" trans="bewaren" utf="bewaren"/>
    <tok_anno ascii="bewaren" id="t12_m1" trans="bewaren" utf="bewaren">
      <norm tag="bewaren"/>
      <lemma tag="be-war(e)n"/>
      <lemma_gen tag="be-war(e)n"/>
      <lemma_idmwb tag="19230000"/>
      <pos tag="VVINF"/>
      <pos_gen tag="VV"/>
      <infl tag="--"/>
      <inflClass tag="wk"/>
      <inflClass_gen tag="wk"/>
      <punc tag="S*"/>
    </tok_anno>
  </token>
  <token id="t13" trans="." type="punc">
    <tok_dipl id="t13_d1" trans="." utf="."/>
    <tok_anno ascii="." id="t13_m1" trans="." utf=".">
      <pos tag="$_"/>
      <pos_gen tag="$_"/>
    </tok_anno>
  </token>
  <token id="t14" trans="daz" type="token">
    <tok_dipl id="t14_d1" trans="daz" utf="daz"/>
    <tok_anno ascii="daz" id="t14_m1" trans="daz" utf="daz">
      <norm tag="daz"/>
      <lemma tag="dazz"/>
      <lemma_gen tag="dazz"/>
      <lemma_idmwb tag="29484000"/>
      <pos tag="KOUS"/>
      <pos_gen tag="KO"/>
      <infl tag="--"/>
      <inflClass tag="--"/>
      <inflClass_gen tag="--"/>
    </tok_anno>
  </token>
  <token id="t15" trans="$ie" type="token">
    <tok_dipl id="t15_d1" trans="$ie" utf="ſie"/>
    <tok_anno ascii="sie" id="t15_m1" trans="$ie" utf="ſie">
      <norm tag="sie"/>
      <lemma tag="ër"/>
      <lemma_gen tag="ër"/>
      <lemma_idmwb tag="40380000"/>
      <pos tag="PPER"/>
      <pos_gen tag="PPER"/>
      <infl tag="Neut.Nom.Pl.3"/>
      <inflClass tag="--"/>
      <inflClass_gen tag="--"/>
    </tok_anno>
  </token>
  <token id="t16" trans="ze" type="token">
    <tok_dipl id="t16_d1" trans="ze" utf="ze"/>
    <tok_anno ascii="ze" id="t16_m1" trans="ze" utf="ze">
      <norm tag="ze"/>
      <lemma tag="ze"/>
      <lemma_gen tag="ze"/>
      <lemma_idmwb tag="235656000"/>
      <pos tag="APPR"/>
      <pos_gen tag="AP"/>
      <infl tag="--"/>
      <inflClass tag="--"/>
      <inflClass_gen tag="--"/>
    </tok_anno>
  </token>
  <token id="t17" trans="der" type="token">
    <tok_dipl id="t17_d1" trans="der" utf="der"/>
    <tok_anno ascii="der" id="t17_m1" trans="der" utf="der">
      <norm tag="der"/>
      <lemma tag="dër"/>
      <lemma_gen tag="dër"/>
      <lemma_idmwb tag="29817000"/>
      <pos tag="DDART"/>
      <pos_gen tag="DD"/>
      <infl tag="Fem.Dat.Sg"/>
      <inflClass tag="--"/>
      <inflClass_gen tag="--"/>
    </tok_anno>
  </token>
  <token id="t18" trans="heren" type="token">
    <tok_dipl id="t18_d1" trans="heren" utf="heren"/>
    <tok_anno ascii="heren" id="t18_m1" trans="heren" utf="heren">
      <norm tag="hêren"/>
      <lemma tag="hêr(e)"/>
      <lemma_gen tag="hêr(e)"/>
      <lemma_idmwb tag="71946000"/>
      <pos tag="ADJA"/>
      <pos_gen tag="ADJ"/>
      <infl tag="Pos.Fem.Dat.Sg.wk"/>
      <inflClass tag="--"/>
      <inflClass_gen tag="--"/>
    </tok_anno>
  </token>
  <token id="t19" trans="tovfe" type="token">
    <tok_dipl id="t19_d1" trans="tovfe" utf="tovfe"/>
    <tok_anno ascii="tovfe" id="t19_m1" trans="tovfe" utf="tovfe">
      <norm tag="toufe"/>
      <lemma tag="toufe"/>
      <lemma_gen tag="toufe"/>
      <lemma_idmwb tag="170031000"/>
      <pos tag="NA"/>
      <pos_gen tag="NA"/>
      <infl tag="Dat.Sg"/>
      <inflClass tag="st.Fem"/>
      <inflClass_gen tag="*.Fem"/>
    </tok_anno>
  </token>
  <token id="t20" trans="v...en" type="token">
    <tok_dipl id="t20_d1" trans="v...en" utf="v...en"/>
    <tok_anno ascii="v...en" id="t20_m1" trans="v...en" utf="v...en">
      <norm tag="--"/>
      <lemma tag="[!]"/>
      <lemma_gen tag="[!]"/>
      <lemma_idmwb tag="--"/>
      <pos tag="--"/>
      <pos_gen tag="--"/>
      <infl tag="--"/>
      <inflClass tag="--"/>
      <inflClass_gen tag="--"/>
    </tok_anno>
  </token>
  <comment type="K">/K[v[...]en.: Textverlust durch Loch im Pergament]</comment>
  <token id="t21" trans="." type="punc">
    <tok_dipl id="t21_d1" trans="." utf="."/>
    <tok_anno ascii="." id="t21_m1" trans="." utf=".">
      <pos tag="$_"/>
      <pos_gen tag="$_"/>
    </tok_anno>
  </token>
  <token id="t22" trans="mit" type="token">
    <tok_dipl id="t22_d1" trans="mit" utf="mit"/>
    <tok_anno ascii="mit" id="t22_m1" trans="mit" utf="mit">
      <norm tag="mit"/>
      <lemma tag="mit"/>
      <lemma_gen tag="mit"/>
      <lemma_idmwb tag="113898000"/>
      <pos tag="APPR"/>
      <pos_gen tag="AP"/>
      <infl tag="--"/>
      <inflClass tag="--"/>
      <inflClass_gen tag="--"/>
    </tok_anno>
  </token>
  <token id="t23" trans="den" type="token">
    <tok_dipl id="t23_d1" trans="den" utf="den"/>
    <tok_anno ascii="den" id="t23_m1" trans="den" utf="den">
      <norm tag="den"/>
      <lemma tag="dër"/>
      <lemma_gen tag="dër"/>
      <lemma_idmwb tag="29817000"/>
      <pos tag="DDART"/>
      <pos_gen tag="DD"/>
      <infl tag="*.Dat.Pl"/>
      <inflClass tag="--"/>
      <inflClass_gen tag="--"/>
    </tok_anno>
  </token>
  <token id="t24" trans="mi$lichen" type="token">
    <tok_dipl id="t24_d1" trans="mi$lichen" utf="miſlichen"/>
    <tok_anno ascii="mislichen" id="t24_m1" trans="mi$lichen" utf="miſlichen">
      <norm tag="misselîchen"/>
      <lemma tag="misse-lich"/>
      <lemma_gen tag="misse-lich"/>
      <lemma_idmwb tag="113427000"/>
      <pos tag="ADJA"/>
      <pos_gen tag="ADJ"/>
      <infl tag="Pos.*.Dat.Pl.*"/>
      <inflClass tag="--"/>
      <inflClass_gen tag="--"/>
    </tok_anno>
  </token>
  <token id="t25" trans="$egen,," type="token">
    <tok_dipl id="t25_d1" trans="$egen" utf="ſegen"/>
    <tok_anno ascii="segen" id="t25_m1" trans="$egen" utf="ſegen">
      <norm tag="segene"/>
      <lemma tag="sëgen"/>
      <lemma_gen tag="sëgen"/>
      <lemma_idmwb tag="147093000"/>
      <pos tag="NA"/>
      <pos_gen tag="NA"/>
      <infl tag="Dat.Pl"/>
      <inflClass tag="st.Masc"/>
      <inflClass_gen tag="st.Masc"/>
      <punc tag="S*"/>
    </tok_anno>
  </token>
  <token id="t26" trans="." type="punc">
    <tok_dipl id="t26_d1" trans="." utf="."/>
    <tok_anno ascii="." id="t26_m1" trans="." utf=".">
      <pos tag="$_"/>
      <pos_gen tag="$_"/>
    </tok_anno>
  </token>
  <token id="t27" trans="die" type="token">
    <tok_dipl id="t27_d1" trans="die" utf="die"/>
    <tok_anno ascii="die" id="t27_m1" trans="die" utf="die">
      <norm tag="die"/>
      <lemma tag="dër"/>
      <lemma_gen tag="dër"/>
      <lemma_idmwb tag="29823000"/>
      <pos tag="DRELS"/>
      <pos_gen tag="DD"/>
      <infl tag="*.Nom.Pl"/>
      <inflClass tag="--"/>
      <inflClass_gen tag="--"/>
    </tok_anno>
  </token>
  <token id="t28" trans="ín" type="token">
    <tok_dipl id="t28_d1" trans="ín" utf="ín"/>
    <tok_anno ascii="in" id="t28_m1" trans="ín" utf="ín">
      <norm tag="in"/>
      <lemma tag="ër"/>
      <lemma_gen tag="ër"/>
      <lemma_idmwb tag="40380000"/>
      <pos tag="PPER"/>
      <pos_gen tag="PPER"/>
      <infl tag="*.Dat.Pl.3"/>
      <inflClass tag="--"/>
      <inflClass_gen tag="--"/>
    </tok_anno>
  </token>
  <token id="t29" trans="dar" type="token">
    <tok_dipl id="t29_d1" trans="dar" utf="dar"/>
    <tok_anno ascii="dar" id="t29_m1" trans="dar" utf="dar">
      <norm tag="dâr"/>
      <lemma tag="dâr/+zuo"/>
      <lemma_gen tag="dâr"/>
      <lemma_idmwb tag="28932000"/>
      <pos tag="PAVD"/>
      <pos_gen tag="AVD"/>
      <infl tag="--"/>
      <inflClass tag="--"/>
      <inflClass_gen tag="--"/>
    </tok_anno>
  </token>
  <token id="t30" trans="zv\o" type="token">
    <tok_dipl id="t30_d1" trans="zv\o" utf="zvͦ"/>
    <tok_anno ascii="zvo" id="t30_m1" trans="zv\o" utf="zvͦ">
      <norm tag="zuo"/>
      <lemma tag="zuo/dâr+"/>
      <lemma_gen tag="zuo"/>
      <lemma_idmwb tag="240651000"/>
      <pos tag="PAVAP"/>
      <pos_gen tag="AP"/>
      <infl tag="--"/>
      <inflClass tag="--"/>
      <inflClass_gen tag="--"/>
    </tok_anno>
  </token>
  <token id="t31" trans="$int" type="token">
    <tok_dipl id="t31_d1" trans="$int" utf="ſint"/>
    <tok_anno ascii="sint" id="t31_m1" trans="$int" utf="ſint">
      <norm tag="sint"/>
      <lemma tag="sîn"/>
      <lemma_gen tag="sîn"/>
      <lemma_idmwb tag="150147000"/>
      <pos tag="VAFIN"/>
      <pos_gen tag="VA"/>
      <infl tag="Ind.Pres.Pl.3"/>
      <inflClass tag="irr"/>
      <inflClass_gen tag="irr"/>
    </tok_anno>
  </token>
  <token id="t32" trans="gigeben(.)" type="token">
    <tok_dipl id="t32_d1" trans="gigeben" utf="gigeben"/>
    <tok_anno ascii="gigeben" id="t32_m1" trans="gigeben" utf="gigeben">
      <norm tag="gegeben"/>
      <lemma tag="gëben"/>
      <lemma_gen tag="gëben"/>
      <lemma_idmwb tag="47766000"/>
      <pos tag="VVPP"/>
      <pos_gen tag="VV"/>
      <infl tag="--"/>
      <inflClass tag="st5"/>
      <inflClass_gen tag="st5"/>
      <punc tag="DE"/>
    </tok_anno>
  </token>
  <token id="t33" trans="." type="punc">
    <tok_dipl id="t33_d1" trans="." utf="."/>
    <tok_anno ascii="." id="t33_m1" trans="." utf=".">
      <pos tag="$_"/>
      <pos_gen tag="$_"/>
      <punc tag="$E"/>
    </tok_anno>
  </token>
  <token id="t34" trans="mit" type="token">
    <tok_dipl id="t34_d1" trans="mit" utf="mit"/>
    <tok_anno ascii="mit" id="t34_m1" trans="mit" utf="mit">
      <norm tag="mit"/>
      <lemma tag="mit"/>
      <lemma_gen tag="mit"/>
      <lemma_idmwb tag="113898000"/>
      <pos tag="APPR"/>
      <pos_gen tag="AP"/>
      <infl tag="--"/>
      <inflClass tag="--"/>
      <inflClass_gen tag="--"/>
    </tok_anno>
  </token>
  <token id="t35" trans="dem#e" type="token">
    <tok_dipl id="t35_d1" trans="dem" utf="dem"/>
    <tok_dipl id="t35_d2" trans="e" utf="e"/>
    <tok_anno ascii="deme" id="t35_m1" trans="dem#e" utf="deme">
      <norm tag="deme"/>
      <token_type tag="US"/>
      <lemma tag="dër"/>
      <lemma_gen tag="dër"/>
      <lemma_idmwb tag="29817000"/>
      <pos tag="DDART"/>
      <pos_gen tag="DD"/>
      <infl tag="Neut.Dat.Sg"/>
      <inflClass tag="--"/>
      <inflClass_gen tag="--"/>
    </tok_anno>
  </token>
  <token id="t36" trans="$elben" type="token">
    <tok_dipl id="t36_d1" trans="$elben" utf="ſelben"/>
    <tok_anno ascii="selben" id="t36_m1" trans="$elben" utf="ſelben">
      <norm tag="selben"/>
      <lemma tag="sëlb"/>
      <lemma_gen tag="sëlb"/>
      <lemma_idmwb tag="147849000"/>
      <pos tag="DDA"/>
      <pos_gen tag="DD"/>
      <infl tag="Neut.Dat.Sg.wk"/>
      <inflClass tag="--"/>
      <inflClass_gen tag="--"/>
    </tok_anno>
  </token>
  <token id="t37" trans="gote$(=)wort" type="token">
    <tok_dipl id="t37_d1" trans="gote$wort" utf="goteſwort"/>
    <tok_anno ascii="goteswort" id="t37_m1" trans="gote$(=)wort" utf="goteſwort">
      <norm tag="gotesworte"/>
      <token_type tag="UL"/>
      <lemma tag="gotes-wort"/>
      <lemma_gen tag="gotes-wort"/>
      <lemma_idmwb tag="63741000"/>
      <pos tag="NA"/>
      <pos_gen tag="NA"/>
      <infl tag="Dat.Sg"/>
      <inflClass tag="st.Neut"/>
      <inflClass_gen tag="st.Neut"/>
    </tok_anno>
  </token>
  <token id="t38" trans="." type="punc">
    <tok_dipl id="t38_d1" trans="." utf="."/>
    <tok_anno ascii="." id="t38_m1" trans="." utf=".">
      <pos tag="$_"/>
      <pos_gen tag="$_"/>
    </tok_anno>
  </token>
  <token id="t39" trans="vertriben" type="token">
    <tok_dipl id="t39_d1" trans="vertriben" utf="vertriben"/>
    <tok_anno ascii="vertriben" id="t39_m1" trans="vertriben" utf="vertriben">
      <norm tag="vertriben"/>
      <lemma tag="ver-trîben"/>
      <lemma_gen tag="ver-trîben"/>
      <lemma_idmwb tag="206391000"/>
      <pos tag="VVFIN"/>
      <pos_gen tag="VV"/>
      <infl tag="*.Pres.Pl.3"/>
      <inflClass tag="st1a"/>
      <inflClass_gen tag="st1a"/>
    </tok_anno>
  </token>
  <token id="t40" trans="$ie" type="token">
    <tok_dipl id="t40_d1" trans="$ie" utf="ſie"/>
    <tok_anno ascii="sie" id="t40_m1" trans="$ie" utf="ſie">
      <norm tag="sie"/>
      <lemma tag="ër"/>
      <lemma_gen tag="ër"/>
      <lemma_idmwb tag="40380000"/>
      <pos tag="PPER"/>
      <pos_gen tag="PPER"/>
      <infl tag="Masc.Nom.Pl.3"/>
      <inflClass tag="--"/>
      <inflClass_gen tag="--"/>
    </tok_anno>
  </token>
  <token id="t41" trans="die" type="token">
    <tok_dipl id="t41_d1" trans="die" utf="die"/>
    <tok_anno ascii="die" id="t41_m1" trans="die" utf="die">
      <norm tag="die"/>
      <lemma tag="dër"/>
      <lemma_gen tag="dër"/>
      <lemma_idmwb tag="29817000"/>
      <pos tag="DDART"/>
      <pos_gen tag="DD"/>
      <infl tag="*.Akk.Pl"/>
      <inflClass tag="--"/>
      <inflClass_gen tag="--"/>
    </tok_anno>
  </token>
  <token id="t42" trans="helle#wart(.)" type="token">
    <tok_dipl id="t42_d1" trans="helle" utf="helle"/>
    <tok_dipl id="t42_d2" trans="wart" utf="wart"/>
    <tok_anno ascii="hellewart" id="t42_m1" trans="helle#wart" utf="hellewart">
      <norm tag="hellewarte"/>
      <token_type tag="US"/>
      <lemma tag="hèlle-warte"/>
      <lemma_gen tag="hèlle-warte"/>
      <lemma_idmwb tag="71433000"/>
      <pos tag="NA"/>
      <pos_gen tag="NA"/>
      <infl tag="Akk.Pl"/>
      <inflClass tag="*.Masc"/>
      <inflClass_gen tag="*.Masc"/>
      <punc tag="DE"/>
    </tok_anno>
  </token>
  <token id="t43" trans="." type="punc">
    <tok_dipl id="t43_d1" trans="." utf="."/>
    <tok_anno ascii="." id="t43_m1" trans="." utf=".">
      <pos tag="$_"/>
      <pos_gen tag="$_"/>
      <punc tag="$E"/>
    </tok_anno>
  </token>
  <token id="t44" trans="$ie" type="token">
    <tok_dipl id="t44_d1" trans="$ie" utf="ſie"/>
    <tok_anno ascii="sie" id="t44_m1" trans="$ie" utf="ſie">
      <norm tag="sie"/>
      <lemma tag="ër"/>
      <lemma_gen tag="ër"/>
      <lemma_idmwb tag="40380000"/>
      <pos tag="PPER"/>
      <pos_gen tag="PPER"/>
      <infl tag="Masc.Nom.Pl.3"/>
      <inflClass tag="--"/>
      <inflClass_gen tag="--"/>
    </tok_anno>
  </token>
  <token id="t45" trans="tovfen" type="token">
    <tok_dipl id="t45_d1" trans="tovfen" utf="tovfen"/>
    <tok_anno ascii="tovfen" id="t45_m1" trans="tovfen" utf="tovfen">
      <norm tag="toufen"/>
      <lemma tag="toufen"/>
      <lemma_gen tag="toufen"/>
      <lemma_idmwb tag="170043000"/>
      <pos tag="VVFIN"/>
      <pos_gen tag="VV"/>
      <infl tag="*.Pres.Pl.3"/>
      <inflClass tag="wk"/>
      <inflClass_gen tag="wk"/>
    </tok_anno>
  </token>
  <token id="t46" trans="vn$" type="token">
    <tok_dipl id="t46_d1" trans="vn$" utf="vnſ"/>
    <tok_anno ascii="vns" id="t46_m1" trans="vn$" utf="vnſ">
      <norm tag="uns"/>
      <lemma tag="wir"/>
      <lemma_gen tag="wir"/>
      <lemma_idmwb tag="231441000"/>
      <pos tag="PPER"/>
      <pos_gen tag="PPER"/>
      <infl tag="Akk.Pl.1"/>
      <inflClass tag="--"/>
      <inflClass_gen tag="--"/>
    </tok_anno>
  </token>
  <token id="t47" trans="mit" type="token">
    <tok_dipl id="t47_d1" trans="mit" utf="mit"/>
    <tok_anno ascii="mit" id="t47_m1" trans="mit" utf="mit">
      <norm tag="mit"/>
      <lemma tag="mit"/>
      <lemma_gen tag="mit"/>
      <lemma_idmwb tag="113898000"/>
      <pos tag="APPR"/>
      <pos_gen tag="AP"/>
      <infl tag="--"/>
      <inflClass tag="--"/>
      <inflClass_gen tag="--"/>
    </tok_anno>
  </token>
  <token id="t48" trans="flize(.)" type="token">
    <tok_dipl id="t48_d1" trans="flize" utf="flize"/>
    <tok_anno ascii="flize" id="t48_m1" trans="flize" utf="flize">
      <norm tag="vlîze"/>
      <lemma tag="vlîz"/>
      <lemma_gen tag="vlîz"/>
      <lemma_idmwb tag="211380000"/>
      <pos tag="NA"/>
      <pos_gen tag="NA"/>
      <infl tag="Dat.Sg"/>
      <inflClass tag="st.Masc"/>
      <inflClass_gen tag="st.Masc"/>
      <punc tag="DE"/>
    </tok_anno>
  </token>
  <token id="t49" trans="." type="punc">
    <tok_dipl id="t49_d1" trans="." utf="."/>
    <tok_anno ascii="." id="t49_m1" trans="." utf=".">
      <pos tag="$_"/>
      <pos_gen tag="$_"/>
      <punc tag="$E"/>
    </tok_anno>
  </token>
  <token id="t50" trans="vn$er" type="token">
    <tok_dipl id="t50_d1" trans="vn$er" utf="vnſer"/>
    <tok_anno ascii="vnser" id="t50_m1" trans="vn$er" utf="vnſer">
      <norm tag="unser"/>
      <lemma tag="unser"/>
      <lemma_gen tag="unser"/>
      <lemma_idmwb tag="190590000"/>
      <pos tag="DPOSA"/>
      <pos_gen tag="DPOS"/>
      <infl tag="Fem.Nom.Sg.0"/>
      <inflClass tag="--"/>
      <inflClass_gen tag="--"/>
    </tok_anno>
  </token>
  <token id="t51" trans="$ele" type="token">
    <tok_dipl id="t51_d1" trans="$ele" utf="ſele"/>
    <tok_anno ascii="sele" id="t51_m1" trans="$ele" utf="ſele">
      <norm tag="sêle"/>
      <lemma tag="sêle"/>
      <lemma_gen tag="sêle"/>
      <lemma_idmwb tag="147720000"/>
      <pos tag="NA"/>
      <pos_gen tag="NA"/>
      <infl tag="Nom.Sg"/>
      <inflClass tag="*.Fem"/>
      <inflClass_gen tag="*.Fem"/>
    </tok_anno>
  </token>
  <token id="t52" trans="wa$" type="token">
    <tok_dipl id="t52_d1" trans="wa$" utf="waſ"/>
    <tok_anno ascii="was" id="t52_m1" trans="wa$" utf="waſ">
      <norm tag="was"/>
      <lemma tag="wësen"/>
      <lemma_gen tag="wësen"/>
      <lemma_idmwb tag="225783000"/>
      <pos tag="VAFIN"/>
      <pos_gen tag="VA"/>
      <infl tag="Ind.Past.Sg.3"/>
      <inflClass tag="st5"/>
      <inflClass_gen tag="st5"/>
    </tok_anno>
  </token>
  <token id="t53" trans="rein" type="token">
    <tok_dipl id="t53_d1" trans="rein" utf="rein"/>
    <tok_anno ascii="rein" id="t53_m1" trans="rein" utf="rein">
      <norm tag="rein"/>
      <lemma tag="rèin(e)"/>
      <lemma_gen tag="rèin(e)"/>
      <lemma_idmwb tag="133287000"/>
      <pos tag="ADJD"/>
      <pos_gen tag="ADJ"/>
      <infl tag="Pos....0"/>
      <inflClass tag="--"/>
      <inflClass_gen tag="--"/>
    </tok_anno>
  </token>
  <token id="t54" trans="vn\-" type="token">
    <tok_dipl id="t54_d1" trans="vn\-" utf="vn̄"/>
    <tok_anno ascii="vnd" id="t54_m1" trans="vn\-" utf="vn̄">
      <norm tag="unde"/>
      <lemma tag="unte"/>
      <lemma_gen tag="unte"/>
      <lemma_idmwb tag="183108000"/>
      <pos tag="KON"/>
      <pos_gen tag="KO"/>
      <infl tag="--"/>
      <inflClass tag="--"/>
      <inflClass_gen tag="--"/>
    </tok_anno>
  </token>
  <token id="t55" trans="wize(.)" type="token">
    <tok_dipl id="t55_d1" trans="wize" utf="wize"/>
    <tok_anno ascii="wize" id="t55_m1" trans="wize" utf="wize">
      <norm tag="wîze"/>
      <lemma tag="wîz"/>
      <lemma_gen tag="wîz"/>
      <lemma_idmwb tag="232389000"/>
      <pos tag="ADJD"/>
      <pos_gen tag="ADJ"/>
      <infl tag="Pos....0"/>
      <inflClass tag="--"/>
      <inflClass_gen tag="--"/>
      <punc tag="DE"/>
    </tok_anno>
  </token>
  <token id="t56" trans="." type="punc">
    <tok_dipl id="t56_d1" trans="." utf="."/>
    <tok_anno ascii="." id="t56_m1" trans="." utf=".">
      <pos tag="$_"/>
      <pos_gen tag="$_"/>
      <punc tag="$E"/>
    </tok_anno>
  </token>
  <token id="t57" trans="$ie||h%iezzen" type="token">
    <tok_dipl id="t57_d1" trans="$ieh%iezzen" utf="ſiehͥezzen"/>
    <tok_anno ascii="sie" id="t57_m1" trans="$ie|" utf="ſie">
      <norm tag="sie"/>
      <token_type tag="MS1"/>
      <lemma tag="ër"/>
      <lemma_gen tag="ër"/>
      <lemma_idmwb tag="40380000"/>
      <pos tag="PPER"/>
      <pos_gen tag="PPER"/>
      <infl tag="Masc.Nom.Pl.3"/>
      <inflClass tag="--"/>
      <inflClass_gen tag="--"/>
    </tok_anno>
    <tok_anno ascii="hiezzen" id="t57_m2" trans="|h%iezzen" utf="hͥezzen">
      <norm tag="hiezen"/>
      <token_type tag="MS2"/>
      <lemma tag="hèizen"/>
      <lemma_gen tag="hèizen"/>
      <lemma_idmwb tag="70758000"/>
      <pos tag="VVFIN"/>
      <pos_gen tag="VV"/>
      <infl tag="*.Past.Pl.3"/>
      <inflClass tag="st7"/>
      <inflClass_gen tag="st7"/>
    </tok_anno>
  </token>
  <token id="t58" trans="vn$" type="token">
    <tok_dipl id="t58_d1" trans="vn$" utf="vnſ"/>
    <tok_anno ascii="vns" id="t58_m1" trans="vn$" utf="vnſ">
      <norm tag="uns"/>
      <lemma tag="wir"/>
      <lemma_gen tag="wir"/>
      <lemma_idmwb tag="231441000"/>
      <pos tag="PPER"/>
      <pos_gen tag="PPER"/>
      <infl tag="Akk.Pl.1"/>
      <inflClass tag="--"/>
      <inflClass_gen tag="--"/>
    </tok_anno>
  </token>
  <token id="t59" trans="lu=terlichen" type="token">
    <tok_dipl id="t59_d1" trans="lu=terlichen" utf="lu=terlichen"/>
    <tok_anno ascii="lu=terlichen" id="t59_m1" trans="lu=terlichen" utf="lu=terlichen">
      <norm tag="lûterlîchen"/>
      <lemma tag="lûter-lîche"/>
      <lemma_gen tag="lûter-lîche"/>
      <lemma_idmwb tag="--"/>
      <pos tag="AVD"/>
      <pos_gen tag="AVD"/>
      <infl tag="--"/>
      <inflClass tag="--"/>
      <inflClass_gen tag="--"/>
    </tok_anno>
  </token>
  <token id="t60" trans="chomen" type="token">
    <tok_dipl id="t60_d1" trans="chomen" utf="chomen"/>
    <tok_anno ascii="chomen" id="t60_m1" trans="chomen" utf="chomen">
      <norm tag="komen"/>
      <lemma tag="komen"/>
      <lemma_gen tag="komen"/>
      <lemma_idmwb tag="93168000"/>
      <pos tag="VVINF"/>
      <pos_gen tag="VV"/>
      <infl tag="--"/>
      <inflClass tag="st4"/>
      <inflClass_gen tag="st4"/>
    </tok_anno>
  </token>
  <token id="t61" trans="." type="punc">
    <tok_dipl id="t61_d1" trans="." utf="."/>
    <tok_anno ascii="." id="t61_m1" trans="." utf=".">
      <pos tag="$_"/>
      <pos_gen tag="$_"/>
    </tok_anno>
  </token>
  <token id="t62" trans="fu\or" type="token">
    <tok_dipl id="t62_d1" trans="fu\or" utf="fuͦr"/>
    <tok_anno ascii="fuor" id="t62_m1" trans="fu\or" utf="fuͦr">
      <norm tag="vore"/>
      <lemma tag="vor(e)"/>
      <lemma_gen tag="vor(e)"/>
      <lemma_idmwb tag="213246000"/>
      <pos tag="APPR"/>
      <pos_gen tag="AP"/>
      <infl tag="--"/>
      <inflClass tag="--"/>
      <inflClass_gen tag="--"/>
    </tok_anno>
  </token>
  <token id="t63" trans="den" type="token">
    <tok_dipl id="t63_d1" trans="den" utf="den"/>
    <tok_anno ascii="den" id="t63_m1" trans="den" utf="den">
      <norm tag="den"/>
      <lemma tag="dër"/>
      <lemma_gen tag="dër"/>
      <lemma_idmwb tag="29817000"/>
      <pos tag="DDART"/>
      <pos_gen tag="DD"/>
      <infl tag="Masc.Akk.Sg"/>
      <inflClass tag="--"/>
      <inflClass_gen tag="--"/>
    </tok_anno>
  </token>
  <token id="t64" trans="aller#her=$ten" type="token">
    <tok_dipl id="t64_d1" trans="aller" utf="aller"/>
    <tok_dipl id="t64_d2" trans="her=$ten" utf="her=ſten"/>
    <tok_anno ascii="allerher=sten" id="t64_m1" trans="aller#her=$ten" utf="allerher=ſten">
      <norm tag="allerhêresten"/>
      <token_type tag="US"/>
      <lemma tag="aller-hêrest"/>
      <lemma_gen tag="aller-hêrest"/>
      <lemma_idmwb tag="4086000"/>
      <pos tag="ADJA"/>
      <pos_gen tag="ADJ"/>
      <infl tag="Sup.Masc.Akk.Sg.*"/>
      <inflClass tag="--"/>
      <inflClass_gen tag="--"/>
    </tok_anno>
  </token>
  <token id="t65" trans="govmen(.)" type="token">
    <tok_dipl id="t65_d1" trans="govmen" utf="govmen"/>
    <tok_anno ascii="govmen" id="t65_m1" trans="govmen" utf="govmen">
      <norm tag="goumen"/>
      <lemma tag="goume"/>
      <lemma_gen tag="gome"/>
      <lemma_idmwb tag="63252000"/>
      <pos tag="NA"/>
      <pos_gen tag="NA"/>
      <infl tag="Akk.Sg"/>
      <inflClass tag="*.Masc"/>
      <inflClass_gen tag="*.Masc"/>
      <punc tag="DE"/>
    </tok_anno>
  </token>
  <token id="t66" trans="." type="punc">
    <tok_dipl id="t66_d1" trans="." utf="."/>
    <tok_anno ascii="." id="t66_m1" trans="." utf=".">
      <pos tag="$_"/>
      <pos_gen tag="$_"/>
      <punc tag="$E"/>
    </tok_anno>
  </token>
  <token id="t67" trans="wir" type="token">
    <tok_dipl id="t67_d1" trans="wir" utf="wir"/>
    <tok_anno ascii="wir" id="t67_m1" trans="wir" utf="wir">
      <norm tag="wir"/>
      <lemma tag="wir"/>
      <lemma_gen tag="wir"/>
      <lemma_idmwb tag="231441000"/>
      <pos tag="PPER"/>
      <pos_gen tag="PPER"/>
      <infl tag="Nom.Pl.1"/>
      <inflClass tag="--"/>
      <inflClass_gen tag="--"/>
    </tok_anno>
  </token>
  <token id="t68" trans="heizzen" type="token">
    <tok_dipl id="t68_d1" trans="heizzen" utf="heizzen"/>
    <tok_anno ascii="heizzen" id="t68_m1" trans="heizzen" utf="heizzen">
      <norm tag="heizen"/>
      <lemma tag="hèizen"/>
      <lemma_gen tag="hèizen"/>
      <lemma_idmwb tag="70761000"/>
      <pos tag="VVFIN"/>
      <pos_gen tag="VV"/>
      <infl tag="*.Pres.Pl.1"/>
      <inflClass tag="wk"/>
      <inflClass_gen tag="wk"/>
    </tok_anno>
  </token>
  <token id="t69" trans="gote$" type="token">
    <tok_dipl id="t69_d1" trans="gote$" utf="goteſ"/>
    <tok_anno ascii="gotes" id="t69_m1" trans="gote$" utf="goteſ">
      <norm tag="gotes"/>
      <lemma tag="got"/>
      <lemma_gen tag="got"/>
      <lemma_idmwb tag="63291000"/>
      <pos tag="NA"/>
      <pos_gen tag="NA"/>
      <infl tag="Gen.Sg"/>
      <inflClass tag="st.Masc"/>
      <inflClass_gen tag="st.Masc"/>
    </tok_anno>
  </token>
  <token id="t70" trans="gi(=)maheln" type="token">
    <tok_dipl id="t70_d1" trans="gimaheln" utf="gimaheln"/>
    <tok_anno ascii="gimaheln" id="t70_m1" trans="gi(=)maheln" utf="gimaheln">
      <norm tag="gemaheln"/>
      <token_type tag="UL"/>
      <lemma tag="ge-mahel(e)"/>
      <lemma_gen tag="ge-mahel(e)"/>
      <lemma_idmwb tag="52716000"/>
      <pos tag="NA"/>
      <pos_gen tag="NA"/>
      <infl tag="Nom.Pl"/>
      <inflClass tag="st.*."/>
      <inflClass_gen tag="st.*."/>
    </tok_anno>
  </token>
  <token id="t71" trans="%." type="punc">
    <tok_dipl id="t71_d1" trans="%." utf="·"/>
    <tok_anno ascii="." id="t71_m1" trans="%." utf="·">
      <pos tag="$_"/>
      <pos_gen tag="$_"/>
    </tok_anno>
  </token>
  <token id="t72" trans="vn\-" type="token">
    <tok_dipl id="t72_d1" trans="vn\-" utf="vn̄"/>
    <tok_anno ascii="vnd" id="t72_m1" trans="vn\-" utf="vn̄">
      <norm tag="unde"/>
      <lemma tag="unte"/>
      <lemma_gen tag="unte"/>
      <lemma_idmwb tag="183108000"/>
      <pos tag="KON"/>
      <pos_gen tag="KO"/>
      <infl tag="--"/>
      <inflClass tag="--"/>
      <inflClass_gen tag="--"/>
    </tok_anno>
  </token>
  <token id="t73" trans="waren" type="token">
    <tok_dipl id="t73_d1" trans="waren" utf="waren"/>
    <tok_anno ascii="waren" id="t73_m1" trans="waren" utf="waren">
      <norm tag="wâren"/>
      <lemma tag="wësen"/>
      <lemma_gen tag="wësen"/>
      <lemma_idmwb tag="225783000"/>
      <pos tag="VAFIN"/>
      <pos_gen tag="VA"/>
      <infl tag="Ind.Past.Pl.3"/>
      <inflClass tag="st5"/>
      <inflClass_gen tag="st5"/>
    </tok_anno>
  </token>
  <token id="t74" trans="ime" type="token">
    <tok_dipl id="t74_d1" trans="ime" utf="ime"/>
    <tok_anno ascii="ime" id="t74_m1" trans="ime" utf="ime">
      <norm tag="ime"/>
      <lemma tag="ër"/>
      <lemma_gen tag="ër"/>
      <lemma_idmwb tag="40380000"/>
      <pos tag="PPER"/>
      <pos_gen tag="PPER"/>
      <infl tag="Masc.Dat.Sg.3"/>
      <inflClass tag="--"/>
      <inflClass_gen tag="--"/>
    </tok_anno>
  </token>
  <token id="t75" trans="vil" type="token">
    <tok_dipl id="t75_d1" trans="vil" utf="vil"/>
    <tok_anno ascii="vil" id="t75_m1" trans="vil" utf="vil">
      <norm tag="vile"/>
      <lemma tag="vil(e)"/>
      <lemma_gen tag="vil(e)"/>
      <lemma_idmwb tag="208917000"/>
      <pos tag="AVD"/>
      <pos_gen tag="AVD"/>
      <infl tag="--"/>
      <inflClass tag="--"/>
      <inflClass_gen tag="--"/>
    </tok_anno>
  </token>
  <token id="t76" trans="liep(.)" type="token">
    <tok_dipl id="t76_d1" trans="liep" utf="liep"/>
    <tok_anno ascii="liep" id="t76_m1" trans="liep" utf="liep">
      <norm tag="liep"/>
      <lemma tag="lièb"/>
      <lemma_gen tag="lièb"/>
      <lemma_idmwb tag="102879000"/>
      <pos tag="ADJD"/>
      <pos_gen tag="ADJ"/>
      <infl tag="Pos....0"/>
      <inflClass tag="--"/>
      <inflClass_gen tag="--"/>
      <punc tag="DE"/>
    </tok_anno>
  </token>
  <token id="t77" trans="." type="punc">
    <tok_dipl id="t77_d1" trans="." utf="."/>
    <tok_anno ascii="." id="t77_m1" trans="." utf=".">
      <pos tag="$_"/>
      <pos_gen tag="$_"/>
      <punc tag="$E"/>
    </tok_anno>
  </token>
  <token id="t78" trans="vn$er" type="token">
    <tok_dipl id="t78_d1" trans="vn$er" utf="vnſer"/>
    <tok_anno ascii="vnser" id="t78_m1" trans="vn$er" utf="vnſer">
      <norm tag="unser"/>
      <lemma tag="unser"/>
      <lemma_gen tag="unser"/>
      <lemma_idmwb tag="190590000"/>
      <pos tag="DPOSA"/>
      <pos_gen tag="DPOS"/>
      <infl tag="*.Nom.Pl.0"/>
      <inflClass tag="--"/>
      <inflClass_gen tag="--"/>
    </tok_anno>
  </token>
  <token id="t79" trans="viande" type="token">
    <tok_dipl id="t79_d1" trans="viande" utf="viande"/>
    <tok_anno ascii="viande" id="t79_m1" trans="viande" utf="viande">
      <norm tag="vînde"/>
      <lemma tag="vîent"/>
      <lemma_gen tag="vîent"/>
      <lemma_idmwb tag="208209000"/>
      <pos tag="NA"/>
      <pos_gen tag="NA"/>
      <infl tag="Nom.Pl"/>
      <inflClass tag="st.Masc"/>
      <inflClass_gen tag="st.Masc"/>
    </tok_anno>
  </token>
  <token id="t80" trans="we$$en" type="token">
    <tok_dipl id="t80_d1" trans="we$$en" utf="weſſen"/>
    <tok_anno ascii="wessen" id="t80_m1" trans="we$$en" utf="weſſen">
      <norm tag="wessen"/>
      <lemma tag="wizzen"/>
      <lemma_gen tag="wizzen"/>
      <lemma_idmwb tag="232557000"/>
      <pos tag="VVFIN"/>
      <pos_gen tag="VV"/>
      <infl tag="*.Past.Pl.3"/>
      <inflClass tag="prpr"/>
      <inflClass_gen tag="prpr"/>
    </tok_anno>
  </token>
  <token id="t81" trans="vn$er" type="token">
    <tok_dipl id="t81_d1" trans="vn$er" utf="vnſer"/>
    <tok_anno ascii="vnser" id="t81_m1" trans="vn$er" utf="vnſer">
      <norm tag="unser"/>
      <lemma tag="wir"/>
      <lemma_gen tag="wir"/>
      <lemma_idmwb tag="231441000"/>
      <pos tag="PPER"/>
      <pos_gen tag="PPER"/>
      <infl tag="Gen.Pl.1"/>
      <inflClass tag="--"/>
      <inflClass_gen tag="--"/>
    </tok_anno>
  </token>
  <token id="t82" trans="niht" type="token">
    <tok_dipl id="t82_d1" trans="niht" utf="niht"/>
    <tok_anno ascii="niht" id="t82_m1" trans="niht" utf="niht">
      <norm tag="niht"/>
      <lemma tag="niht"/>
      <lemma_gen tag="niht"/>
      <lemma_idmwb tag="121446000"/>
      <pos tag="PTKNEG"/>
      <pos_gen tag="PI"/>
      <infl tag="--"/>
      <inflClass tag="--"/>
      <inflClass_gen tag="--"/>
    </tok_anno>
  </token>
  <token id="t83" trans="v...(.)" type="token">
    <tok_dipl id="t83_d1" trans="v..." utf="v..."/>
    <tok_anno ascii="v..." id="t83_m1" trans="v..." utf="v...">
      <norm tag="--"/>
      <lemma tag="[!]"/>
      <lemma_gen tag="[!]"/>
      <lemma_idmwb tag="--"/>
      <pos tag="--"/>
      <pos_gen tag="--"/>
      <infl tag="--"/>
      <inflClass tag="--"/>
      <inflClass_gen tag="--"/>
      <punc tag="DE"/>
    </tok_anno>
  </token>
  <token id="t84" trans="ich" type="token">
    <tok_dipl id="t84_d1" trans="ich" utf="ich"/>
    <tok_anno ascii="ich" id="t84_m1" trans="ich" utf="ich">
      <norm tag="ich"/>
      <lemma tag="ich"/>
      <lemma_gen tag="ich"/>
      <lemma_idmwb tag="81210000"/>
      <pos tag="PPER"/>
      <pos_gen tag="PPER"/>
      <infl tag="Nom.Sg.1"/>
      <inflClass tag="--"/>
      <inflClass_gen tag="--"/>
    </tok_anno>
  </token>
  <token id="t85" trans="vil" type="token">
    <tok_dipl id="t85_d1" trans="vil" utf="vil"/>
    <tok_anno ascii="vil" id="t85_m1" trans="vil" utf="vil">
      <norm tag="vile"/>
      <lemma tag="vil(e)"/>
      <lemma_gen tag="vil(e)"/>
      <lemma_idmwb tag="208917000"/>
      <pos tag="ADJA"/>
      <pos_gen tag="ADJ"/>
      <infl tag="Pos.Masc.Nom.Sg.0"/>
      <inflClass tag="--"/>
      <inflClass_gen tag="--"/>
    </tok_anno>
  </token>
  <token id="t86" trans="weniger" type="token">
    <tok_dipl id="t86_d1" trans="weniger" utf="weniger"/>
    <tok_anno ascii="weniger" id="t86_m1" trans="weniger" utf="weniger">
      <norm tag="wêniger"/>
      <lemma tag="wênig"/>
      <lemma_gen tag="wênig"/>
      <lemma_idmwb tag="224820000"/>
      <pos tag="ADJA"/>
      <pos_gen tag="ADJ"/>
      <infl tag="Pos.Masc.Nom.Sg.st"/>
      <inflClass tag="--"/>
      <inflClass_gen tag="--"/>
    </tok_anno>
  </token>
  <token id="t87" trans="man" type="token">
    <tok_dipl id="t87_d1" trans="man" utf="man"/>
    <tok_anno ascii="man" id="t87_m1" trans="man" utf="man">
      <norm tag="man"/>
      <lemma tag="mann"/>
      <lemma_gen tag="mann"/>
      <lemma_idmwb tag="107373000"/>
      <pos tag="NA"/>
      <pos_gen tag="NA"/>
      <infl tag="Nom.Sg"/>
      <inflClass tag="st.Masc"/>
      <inflClass_gen tag="st.Masc"/>
    </tok_anno>
  </token>
  <token id="t88" trans="." type="punc">
    <tok_dipl id="t88_d1" trans="." utf="."/>
    <tok_anno ascii="." id="t88_m1" trans="." utf=".">
      <pos tag="$_"/>
      <pos_gen tag="$_"/>
    </tok_anno>
  </token>
  <token id="t89" trans="manigen" type="token">
    <tok_dipl id="t89_d1" trans="manigen" utf="manigen"/>
    <tok_anno ascii="manigen" id="t89_m1" trans="manigen" utf="manigen">
      <norm tag="manigen"/>
      <lemma tag="manig"/>
      <lemma_gen tag="manig"/>
      <lemma_idmwb tag="107511000"/>
      <pos tag="DIA"/>
      <pos_gen tag="DI"/>
      <infl tag="Masc.Akk.Sg.st"/>
      <inflClass tag="--"/>
      <inflClass_gen tag="--"/>
    </tok_anno>
  </token>
  <token id="t90" trans="ende" type="token">
    <tok_dipl id="t90_d1" trans="ende" utf="ende"/>
    <tok_anno ascii="ende" id="t90_m1" trans="ende" utf="ende">
      <norm tag="ende"/>
      <lemma tag="ènte"/>
      <lemma_gen tag="ènte"/>
      <lemma_idmwb tag="???"/>
      <pos tag="NA"/>
      <pos_gen tag="NA"/>
      <infl tag="Akk.Sg"/>
      <inflClass tag="*.Masc"/>
      <inflClass_gen tag="*.Masc"/>
    </tok_anno>
  </token>
  <token id="t91" trans="$vn#den" type="token">
    <tok_dipl id="t91_d1" trans="$vn" utf="ſvn"/>
    <tok_dipl id="t91_d2" trans="den" utf="den"/>
    <tok_anno ascii="svnden" id="t91_m1" trans="$vn#den" utf="ſvnden">
      <norm tag="sünden"/>
      <token_type tag="US"/>
      <lemma tag="sünte"/>
      <lemma_gen tag="sünte"/>
      <lemma_idmwb tag="162993000"/>
      <pos tag="NA"/>
      <pos_gen tag="NA"/>
      <infl tag="Akk.Pl"/>
      <inflClass tag="st.Fem"/>
      <inflClass_gen tag="*.Fem"/>
    </tok_anno>
  </token>
  <token id="t92" trans="bigan,," type="token">
    <tok_dipl id="t92_d1" trans="bigan" utf="bigan"/>
    <tok_anno ascii="bigan" id="t92_m1" trans="bigan" utf="bigan">
      <norm tag="begân"/>
      <lemma tag="be-gân"/>
      <lemma_gen tag="be-gân"/>
      <lemma_idmwb tag="12654000"/>
      <pos tag="VVINF"/>
      <pos_gen tag="VV"/>
      <infl tag="--"/>
      <inflClass tag="irr"/>
      <inflClass_gen tag="irr"/>
      <punc tag="S*"/>
    </tok_anno>
  </token>
  <token id="t93" trans="%." type="punc">
    <tok_dipl id="t93_d1" trans="%." utf="·"/>
    <tok_anno ascii="." id="t93_m1" trans="%." utf="·">
      <pos tag="$_"/>
      <pos_gen tag="$_"/>
    </tok_anno>
  </token>
  <token id="t94" trans="$a||ze" type="token">
    <tok_dipl id="t94_d1" trans="$aze" utf="ſaze"/>
    <tok_anno ascii="sa" id="t94_m1" trans="$a|" utf="ſa">
      <norm tag="sâ"/>
      <token_type tag="MS1"/>
      <lemma tag="sâr"/>
      <lemma_gen tag="sâr"/>
      <lemma_idmwb tag="138684000"/>
      <pos tag="AVD"/>
      <pos_gen tag="AVD"/>
      <infl tag="--"/>
      <inflClass tag="--"/>
      <inflClass_gen tag="--"/>
    </tok_anno>
    <tok_anno ascii="ze" id="t94_m2" trans="|ze" utf="ze">
      <norm tag="ze"/>
      <token_type tag="MS2"/>
      <lemma tag="ze"/>
      <lemma_gen tag="ze"/>
      <lemma_idmwb tag="235656000"/>
      <pos tag="APPR"/>
      <pos_gen tag="AP"/>
      <infl tag="--"/>
      <inflClass tag="--"/>
      <inflClass_gen tag="--"/>
    </tok_anno>
  </token>
  <token id="t95" trans="den" type="token">
    <tok_dipl id="t95_d1" trans="den" utf="den"/>
    <tok_anno ascii="den" id="t95_m1" trans="den" utf="den">
      <norm tag="der"/>
      <lemma tag="dër"/>
      <lemma_gen tag="dër"/>
      <lemma_idmwb tag="29817000"/>
      <pos tag="DDART"/>
      <pos_gen tag="DD"/>
      <infl tag="Fem.Dat.Sg"/>
      <inflClass tag="--"/>
      <inflClass_gen tag="--"/>
    </tok_anno>
  </token>
  <comment type="K">/^[!]</comment>
  <token id="t96" trans="$elben" type="token">
    <tok_dipl id="t96_d1" trans="$elben" utf="ſelben"/>
    <tok_anno ascii="selben" id="t96_m1" trans="$elben" utf="ſelben">
      <norm tag="selben"/>
      <lemma tag="sëlb"/>
      <lemma_gen tag="sëlb"/>
      <lemma_idmwb tag="147849000"/>
      <pos tag="DDA"/>
      <pos_gen tag="DD"/>
      <infl tag="Fem.Dat.Sg.wk"/>
      <inflClass tag="--"/>
      <inflClass_gen tag="--"/>
    </tok_anno>
  </token>
  <token id="t97" trans="$tunde" type="token">
    <tok_dipl id="t97_d1" trans="$tunde" utf="ſtunde"/>
    <tok_anno ascii="stunde" id="t97_m1" trans="$tunde" utf="ſtunde">
      <norm tag="stunte"/>
      <lemma tag="stunt(e)"/>
      <lemma_gen tag="stunt(e)"/>
      <lemma_idmwb tag="161682000"/>
      <pos tag="NA"/>
      <pos_gen tag="NA"/>
      <infl tag="Dat.Sg"/>
      <inflClass tag="st.Fem"/>
      <inflClass_gen tag="*.Fem"/>
    </tok_anno>
  </token>
  <token id="t98" trans="." type="punc">
    <tok_dipl id="t98_d1" trans="." utf="."/>
    <tok_anno ascii="." id="t98_m1" trans="." utf=".">
      <pos tag="$_"/>
      <pos_gen tag="$_"/>
    </tok_anno>
  </token>
  <token id="t99" trans="habeten" type="token">
    <tok_dipl id="t99_d1" trans="habeten" utf="habeten"/>
    <tok_anno ascii="habeten" id="t99_m1" trans="habeten" utf="habeten">
      <norm tag="habeten"/>
      <lemma tag="haben"/>
      <lemma_gen tag="haben"/>
      <lemma_idmwb tag="66885000"/>
      <pos tag="VAFIN"/>
      <pos_gen tag="VA"/>
      <infl tag="*.Past.Pl.3"/>
      <inflClass tag="wk"/>
      <inflClass_gen tag="wk"/>
    </tok_anno>
  </token>
  <token id="t100" trans="$ie" type="token">
    <tok_dipl id="t100_d1" trans="$ie" utf="ſie"/>
    <tok_anno ascii="sie" id="t100_m1" trans="$ie" utf="ſie">
      <norm tag="sie"/>
      <lemma tag="ër"/>
      <lemma_gen tag="ër"/>
      <lemma_idmwb tag="40380000"/>
      <pos tag="PPER"/>
      <pos_gen tag="PPER"/>
      <infl tag="*.Nom.Pl.3"/>
      <inflClass tag="--"/>
      <inflClass_gen tag="--"/>
    </tok_anno>
  </token>
  <token id="t101" trans="mich" type="token">
    <tok_dipl id="t101_d1" trans="mich" utf="mich"/>
    <tok_anno ascii="mich" id="t101_m1" trans="mich" utf="mich">
      <norm tag="mich"/>
      <lemma tag="ich"/>
      <lemma_gen tag="ich"/>
      <lemma_idmwb tag="81210000"/>
      <pos tag="PPER"/>
      <pos_gen tag="PPER"/>
      <infl tag="Akk.Sg.1"/>
      <inflClass tag="--"/>
      <inflClass_gen tag="--"/>
    </tok_anno>
  </token>
  <token id="t102" trans="funden(.)" type="token">
    <tok_dipl id="t102_d1" trans="funden" utf="funden"/>
    <tok_anno ascii="funden" id="t102_m1" trans="funden" utf="funden">
      <norm tag="vunden"/>
      <lemma tag="vinden"/>
      <lemma_gen tag="vinden"/>
      <lemma_idmwb tag="209181000"/>
      <pos tag="VVPP"/>
      <pos_gen tag="VV"/>
      <infl tag="--"/>
      <inflClass tag="st3a"/>
      <inflClass_gen tag="st3a"/>
      <punc tag="DE"/>
    </tok_anno>
  </token>
  <token id="t103" trans="%." type="punc">
    <tok_dipl id="t103_d1" trans="%." utf="·"/>
    <tok_anno ascii="." id="t103_m1" trans="%." utf="·">
      <pos tag="$_"/>
      <pos_gen tag="$_"/>
      <punc tag="$E"/>
    </tok_anno>
  </token>
  <token id="t104" trans="$ie" type="token">
    <tok_dipl id="t104_d1" trans="$ie" utf="ſie"/>
    <tok_anno ascii="sie" id="t104_m1" trans="$ie" utf="ſie">
      <norm tag="sie"/>
      <lemma tag="ër"/>
      <lemma_gen tag="ër"/>
      <lemma_idmwb tag="40380000"/>
      <pos tag="PPER"/>
      <pos_gen tag="PPER"/>
      <infl tag="*.Nom.Pl.3"/>
      <inflClass tag="--"/>
      <inflClass_gen tag="--"/>
    </tok_anno>
  </token>
  <token id="t105" trans="houten" type="token">
    <tok_dipl id="t105_d1" trans="houten" utf="houten"/>
    <tok_anno ascii="houten" id="t105_m1" trans="houten" utf="houten">
      <norm tag="houweten"/>
      <lemma tag="houwen"/>
      <lemma_gen tag="houwen"/>
      <lemma_idmwb tag="78771000"/>
      <pos tag="VVFIN"/>
      <pos_gen tag="VV"/>
      <infl tag="*.Past.Pl.3"/>
      <inflClass tag="wk"/>
      <inflClass_gen tag="wk"/>
    </tok_anno>
  </token>
  <token id="t106" trans="min" type="token">
    <tok_dipl id="t106_d1" trans="min" utf="min"/>
    <tok_anno ascii="min" id="t106_m1" trans="min" utf="min">
      <norm tag="mîn"/>
      <lemma tag="ich"/>
      <lemma_gen tag="ich"/>
      <lemma_idmwb tag="81210000"/>
      <pos tag="PPER"/>
      <pos_gen tag="PPER"/>
      <infl tag="Gen.Sg.1"/>
      <inflClass tag="--"/>
      <inflClass_gen tag="--"/>
    </tok_anno>
  </token>
  <token id="t107" trans="gen#ote,,(" type="token">
    <tok_dipl id="t107_d1" trans="gen" utf="gen"/>
    <tok_dipl id="t107_d2" trans="ote" utf="ote"/>
    <tok_anno ascii="genote" id="t107_m1" trans="gen#ote" utf="genote">
      <norm tag="genôte"/>
      <token_type tag="US"/>
      <lemma tag="ge-nôte"/>
      <lemma_gen tag="ge-nôte"/>
      <lemma_idmwb tag="53961000"/>
      <pos tag="AVD"/>
      <pos_gen tag="AVD"/>
      <infl tag="--"/>
      <inflClass tag="--"/>
      <inflClass_gen tag="--"/>
    </tok_anno>
  </token>
  <token id="t108" trans="." type="punc">
    <tok_dipl id="t108_d1" trans="." utf="."/>
    <tok_anno ascii="." id="t108_m1" trans="." utf=".">
      <pos tag="$_"/>
      <pos_gen tag="$_"/>
    </tok_anno>
  </token>
  <token id="t109" trans="frv\o" type="token">
    <tok_dipl id="t109_d1" trans="frv\o" utf="frvͦ"/>
    <tok_anno ascii="frvo" id="t109_m1" trans="frv\o" utf="frvͦ">
      <norm tag="vruo"/>
      <lemma tag="vruo"/>
      <lemma_gen tag="vruo"/>
      <lemma_idmwb tag="217440000"/>
      <pos tag="AVD"/>
      <pos_gen tag="AVD"/>
      <infl tag="--"/>
      <inflClass tag="--"/>
      <inflClass_gen tag="--"/>
    </tok_anno>
  </token>
  <token id="t110" trans="vn\-" type="token">
    <tok_dipl id="t110_d1" trans="vn\-" utf="vn̄"/>
    <tok_anno ascii="vnd" id="t110_m1" trans="vn\-" utf="vn̄">
      <norm tag="unde"/>
      <lemma tag="unte"/>
      <lemma_gen tag="unte"/>
      <lemma_idmwb tag="183108000"/>
      <pos tag="KON"/>
      <pos_gen tag="KO"/>
      <infl tag="--"/>
      <inflClass tag="--"/>
      <inflClass_gen tag="--"/>
    </tok_anno>
  </token>
  <token id="t111" trans="." type="punc">
    <tok_dipl id="t111_d1" trans="." utf="."/>
    <tok_anno ascii="." id="t111_m1" trans="." utf=".">
      <pos tag="$_"/>
      <pos_gen tag="$_"/>
    </tok_anno>
  </token>
  <token id="t112" trans="$pate,,)" type="token">
    <tok_dipl id="t112_d1" trans="$pate" utf="ſpate"/>
    <tok_anno ascii="spate" id="t112_m1" trans="$pate" utf="ſpate">
      <norm tag="spâte"/>
      <lemma tag="spâte"/>
      <lemma_gen tag="spâte"/>
      <lemma_idmwb tag="155010000"/>
      <pos tag="AVD"/>
      <pos_gen tag="AVD"/>
      <infl tag="--"/>
      <inflClass tag="--"/>
      <inflClass_gen tag="--"/>
    </tok_anno>
  </token>
  <token id="t113" trans="." type="punc">
    <tok_dipl id="t113_d1" trans="." utf="."/>
    <tok_anno ascii="." id="t113_m1" trans="." utf=".">
      <pos tag="$_"/>
      <pos_gen tag="$_"/>
    </tok_anno>
  </token>
  <token id="t114" trans="vn\-" type="token">
    <tok_dipl id="t114_d1" trans="vn\-" utf="vn̄"/>
    <tok_anno ascii="vnd" id="t114_m1" trans="vn\-" utf="vn̄">
      <norm tag="unde"/>
      <lemma tag="unte"/>
      <lemma_gen tag="unte"/>
      <lemma_idmwb tag="183108000"/>
      <pos tag="KON"/>
      <pos_gen tag="KO"/>
      <infl tag="--"/>
      <inflClass tag="--"/>
      <inflClass_gen tag="--"/>
    </tok_anno>
  </token>
  <token id="t115" trans="rieten" type="token">
    <tok_dipl id="t115_d1" trans="rieten" utf="rieten"/>
    <tok_anno ascii="rieten" id="t115_m1" trans="rieten" utf="rieten">
      <norm tag="rieten"/>
      <lemma tag="râten"/>
      <lemma_gen tag="râten"/>
      <lemma_idmwb tag="131946000"/>
      <pos tag="VVFIN"/>
      <pos_gen tag="VV"/>
      <infl tag="*.Past.Pl.3"/>
      <inflClass tag="st7"/>
      <inflClass_gen tag="st7"/>
    </tok_anno>
  </token>
  <token id="t116" trans="mir" type="token">
    <tok_dipl id="t116_d1" trans="mir" utf="mir"/>
    <tok_anno ascii="mir" id="t116_m1" trans="mir" utf="mir">
      <norm tag="mir"/>
      <lemma tag="ich"/>
      <lemma_gen tag="ich"/>
      <lemma_idmwb tag="81210000"/>
      <pos tag="PPER"/>
      <pos_gen tag="PPER"/>
      <infl tag="Dat.Sg.1"/>
      <inflClass tag="--"/>
      <inflClass_gen tag="--"/>
    </tok_anno>
  </token>
  <token id="t117" trans="ie" type="token">
    <tok_dipl id="t117_d1" trans="ie" utf="ie"/>
    <tok_anno ascii="ie" id="t117_m1" trans="ie" utf="ie">
      <norm tag="ie"/>
      <lemma tag="iè"/>
      <lemma_gen tag="iè"/>
      <lemma_idmwb tag="81276000"/>
      <pos tag="AVD"/>
      <pos_gen tag="AVD"/>
      <infl tag="--"/>
      <inflClass tag="--"/>
      <inflClass_gen tag="--"/>
    </tok_anno>
  </token>
  <token id="t118" trans="mere" type="token">
    <tok_dipl id="t118_d1" trans="mere" utf="mere"/>
    <tok_anno ascii="mere" id="t118_m1" trans="mere" utf="mere">
      <norm tag="mêre"/>
      <lemma tag="mêr(e)"/>
      <lemma_gen tag="mêr(e)"/>
      <lemma_idmwb tag="110610000"/>
      <pos tag="AVD"/>
      <pos_gen tag="AVD"/>
      <infl tag="Comp"/>
      <inflClass tag="--"/>
      <inflClass_gen tag="--"/>
    </tok_anno>
  </token>
  <token id="t119" trans="vn\-" type="token">
    <tok_dipl id="t119_d1" trans="vn\-" utf="vn̄"/>
    <tok_anno ascii="vnd" id="t119_m1" trans="vn\-" utf="vn̄">
      <norm tag="unde"/>
      <lemma tag="unte"/>
      <lemma_gen tag="unte"/>
      <lemma_idmwb tag="183108000"/>
      <pos tag="KON"/>
      <pos_gen tag="KO"/>
      <infl tag="--"/>
      <inflClass tag="--"/>
      <inflClass_gen tag="--"/>
    </tok_anno>
  </token>
  <token id="t120" trans="%." type="punc">
    <tok_dipl id="t120_d1" trans="%." utf="·"/>
    <tok_anno ascii="." id="t120_m1" trans="%." utf="·">
      <pos tag="$_"/>
      <pos_gen tag="$_"/>
    </tok_anno>
  </token>
  <token id="t121" trans="mer,," type="token">
    <tok_dipl id="t121_d1" trans="mer" utf="mer"/>
    <tok_anno ascii="mer" id="t121_m1" trans="mer" utf="mer">
      <norm tag="mêr"/>
      <lemma tag="mêr(e)"/>
      <lemma_gen tag="mêr(e)"/>
      <lemma_idmwb tag="110610000"/>
      <pos tag="AVD"/>
      <pos_gen tag="AVD"/>
      <infl tag="Comp"/>
      <inflClass tag="--"/>
      <inflClass_gen tag="--"/>
      <punc tag="S*"/>
    </tok_anno>
  </token>
  <token id="t122" trans="." type="punc">
    <tok_dipl id="t122_d1" trans="." utf="."/>
    <tok_anno ascii="." id="t122_m1" trans="." utf=".">
      <pos tag="$_"/>
      <pos_gen tag="$_"/>
    </tok_anno>
  </token>
  <token id="t123" trans="$waz" type="token">
    <tok_dipl id="t123_d1" trans="$waz" utf="ſwaz"/>
    <tok_anno ascii="swaz" id="t123_m1" trans="$waz" utf="ſwaz">
      <norm tag="swaz"/>
      <lemma tag="swër"/>
      <lemma_gen tag="swër"/>
      <lemma_idmwb tag="165408000"/>
      <pos tag="PG"/>
      <pos_gen tag="PG"/>
      <infl tag="Neut.Akk.Sg.st"/>
      <inflClass tag="--"/>
      <inflClass_gen tag="--"/>
    </tok_anno>
  </token>
  <token id="t124" trans="$ie" type="token">
    <tok_dipl id="t124_d1" trans="$ie" utf="ſie"/>
    <tok_anno ascii="sie" id="t124_m1" trans="$ie" utf="ſie">
      <norm tag="sie"/>
      <lemma tag="ër"/>
      <lemma_gen tag="ër"/>
      <lemma_idmwb tag="40380000"/>
      <pos tag="PPER"/>
      <pos_gen tag="PPER"/>
      <infl tag="*.Nom.Pl.3"/>
      <inflClass tag="--"/>
      <inflClass_gen tag="--"/>
    </tok_anno>
  </token>
  <token id="t125" trans="mohten" type="token">
    <tok_dipl id="t125_d1" trans="mohten" utf="mohten"/>
    <tok_anno ascii="mohten" id="t125_m1" trans="mohten" utf="mohten">
      <norm tag="mohten"/>
      <lemma tag="mügen"/>
      <lemma_gen tag="mügen"/>
      <lemma_idmwb tag="116097000"/>
      <pos tag="VMFIN"/>
      <pos_gen tag="VM"/>
      <infl tag="*.Past.Pl.3"/>
      <inflClass tag="prpr"/>
      <inflClass_gen tag="prpr"/>
    </tok_anno>
  </token>
  <token id="t126" trans="er||ze" type="token">
    <tok_dipl id="t126_d1" trans="erze" utf="erze"/>
    <tok_anno ascii="er" id="t126_m1" trans="er|" utf="er">
      <norm tag="êr"/>
      <token_type tag="MS1"/>
      <lemma tag="êr"/>
      <lemma_gen tag="êr"/>
      <lemma_idmwb tag="???"/>
      <pos tag="AVD"/>
      <pos_gen tag="AVD"/>
      <infl tag="--"/>
      <inflClass tag="--"/>
      <inflClass_gen tag="--"/>
    </tok_anno>
    <tok_anno ascii="ze" id="t126_m2" trans="|ze" utf="ze">
      <norm tag="ze"/>
      <token_type tag="MS2"/>
      <lemma tag="ze"/>
      <lemma_gen tag="ze"/>
      <lemma_idmwb tag="235656000"/>
      <pos tag="APPR"/>
      <pos_gen tag="AP"/>
      <infl tag="--"/>
      <inflClass tag="--"/>
      <inflClass_gen tag="--"/>
    </tok_anno>
  </token>
  <token id="t127" trans="v\obele(.)" type="token">
    <tok_dipl id="t127_d1" trans="v\obele" utf="vͦbele"/>
    <tok_anno ascii="vobele" id="t127_m1" trans="v\obele" utf="vͦbele">
      <norm tag="übele"/>
      <lemma tag="übel"/>
      <lemma_gen tag="übel"/>
      <lemma_idmwb tag="174645000"/>
      <pos tag="NA"/>
      <pos_gen tag="NA"/>
      <infl tag="Dat.Sg"/>
      <inflClass tag="st.Neut"/>
      <inflClass_gen tag="st.Neut"/>
      <punc tag="DE"/>
    </tok_anno>
  </token>
  <token id="t128" trans="daz" type="token">
    <tok_dipl id="t128_d1" trans="daz" utf="daz"/>
    <tok_anno ascii="daz" id="t128_m1" trans="daz" utf="daz">
      <norm tag="daz"/>
      <lemma tag="dër"/>
      <lemma_gen tag="dër"/>
      <lemma_idmwb tag="29823000"/>
      <pos tag="DDS"/>
      <pos_gen tag="DD"/>
      <infl tag="Neut.Nom.Sg"/>
      <inflClass tag="--"/>
      <inflClass_gen tag="--"/>
    </tok_anno>
  </token>
  <token id="t129" trans="min" type="token">
    <tok_dipl id="t129_d1" trans="min" utf="min"/>
    <tok_anno ascii="min" id="t129_m1" trans="min" utf="min">
      <norm tag="mîn"/>
      <lemma tag="mîn"/>
      <lemma_gen tag="mîn"/>
      <lemma_idmwb tag="112026000"/>
      <pos tag="DPOSA"/>
      <pos_gen tag="DPOS"/>
      <infl tag="Neut.Nom.Sg.0"/>
      <inflClass tag="--"/>
      <inflClass_gen tag="--"/>
    </tok_anno>
  </token>
  <token id="t130" trans="vil" type="token">
    <tok_dipl id="t130_d1" trans="vil" utf="vil"/>
    <tok_anno ascii="vil" id="t130_m1" trans="vil" utf="vil">
      <norm tag="vile"/>
      <lemma tag="vil(e)"/>
      <lemma_gen tag="vil(e)"/>
      <lemma_idmwb tag="208917000"/>
      <pos tag="AVD"/>
      <pos_gen tag="AVD"/>
      <infl tag="--"/>
      <inflClass tag="--"/>
      <inflClass_gen tag="--"/>
    </tok_anno>
  </token>
  <token id="t131" trans="her" type="token">
    <tok_dipl id="t131_d1" trans="her" utf="her"/>
    <tok_anno ascii="her" id="t131_m1" trans="her" utf="her">
      <norm tag="hêr"/>
      <lemma tag="hêr(e)"/>
      <lemma_gen tag="hêr(e)"/>
      <lemma_idmwb tag="71946000"/>
      <pos tag="ADJA"/>
      <pos_gen tag="ADJ"/>
      <infl tag="Pos.Neut.Nom.Sg.0"/>
      <inflClass tag="--"/>
      <inflClass_gen tag="--"/>
    </tok_anno>
  </token>
  <token id="t132" trans="olvaz,," type="token">
    <tok_dipl id="t132_d1" trans="olvaz" utf="olvaz"/>
    <tok_anno ascii="olvaz" id="t132_m1" trans="olvaz" utf="olvaz">
      <norm tag="ölevaz"/>
      <lemma tag="öl(e)-vazz"/>
      <lemma_gen tag="öl(e)-vazz"/>
      <lemma_idmwb tag="123969000"/>
      <pos tag="NA"/>
      <pos_gen tag="NA"/>
      <infl tag="Nom.Sg"/>
      <inflClass tag="st.Neut"/>
      <inflClass_gen tag="st.Neut"/>
      <punc tag="S*"/>
    </tok_anno>
  </token>
  <token id="t133" trans="." type="punc">
    <tok_dipl id="t133_d1" trans="." utf="."/>
    <tok_anno ascii="." id="t133_m1" trans="." utf=".">
      <pos tag="$_"/>
      <pos_gen tag="$_"/>
    </tok_anno>
  </token>
  <token id="t134" trans="mit" type="token">
    <tok_dipl id="t134_d1" trans="mit" utf="mit"/>
    <tok_anno ascii="mit" id="t134_m1" trans="mit" utf="mit">
      <norm tag="mit"/>
      <lemma tag="mit"/>
      <lemma_gen tag="mit"/>
      <lemma_idmwb tag="113898000"/>
      <pos tag="APPR"/>
      <pos_gen tag="AP"/>
      <infl tag="--"/>
      <inflClass tag="--"/>
      <inflClass_gen tag="--"/>
    </tok_anno>
  </token>
  <token id="t135" trans="aiter" type="token">
    <tok_dipl id="t135_d1" trans="aiter" utf="aiter"/>
    <tok_anno ascii="aiter" id="t135_m1" trans="aiter" utf="aiter">
      <norm tag="eiter"/>
      <lemma tag="èiter"/>
      <lemma_gen tag="èiter"/>
      <lemma_idmwb tag="36651000"/>
      <pos tag="NA"/>
      <pos_gen tag="NA"/>
      <infl tag="Dat.Sg"/>
      <inflClass tag="st.Neut"/>
      <inflClass_gen tag="st.Neut"/>
    </tok_anno>
  </token>
  <token id="t136" trans="." type="punc">
    <tok_dipl id="t136_d1" trans="." utf="."/>
    <tok_anno ascii="." id="t136_m1" trans="." utf=".">
      <pos tag="$_"/>
      <pos_gen tag="$_"/>
    </tok_anno>
  </token>
  <token id="t137" trans="wolten" type="token">
    <tok_dipl id="t137_d1" trans="wolten" utf="wolten"/>
    <tok_anno ascii="wolten" id="t137_m1" trans="wolten" utf="wolten">
      <norm tag="wolten"/>
      <lemma tag="wèllen"/>
      <lemma_gen tag="wèllen"/>
      <lemma_idmwb tag="224625000"/>
      <pos tag="VMFIN"/>
      <pos_gen tag="VM"/>
      <infl tag="*.Past.Pl.3"/>
      <inflClass tag="irr"/>
      <inflClass_gen tag="irr"/>
    </tok_anno>
  </token>
  <token id="t138" trans="$ie" type="token">
    <tok_dipl id="t138_d1" trans="$ie" utf="ſie"/>
    <tok_anno ascii="sie" id="t138_m1" trans="$ie" utf="ſie">
      <norm tag="sie"/>
      <lemma tag="ër"/>
      <lemma_gen tag="ër"/>
      <lemma_idmwb tag="40380000"/>
      <pos tag="PPER"/>
      <pos_gen tag="PPER"/>
      <infl tag="*.Nom.Pl.3"/>
      <inflClass tag="--"/>
      <inflClass_gen tag="--"/>
    </tok_anno>
  </token>
  <token id="t139" trans="daz.(!)" type="token">
    <tok_dipl id="t139_d1" trans="daz." utf="daz."/>
    <tok_anno ascii="daz." id="t139_m1" trans="daz." utf="daz.">
      <norm tag="daz"/>
      <lemma tag="dër"/>
      <lemma_gen tag="dër"/>
      <lemma_idmwb tag="29823000"/>
      <pos tag="DDS"/>
      <pos_gen tag="DD"/>
      <infl tag="Neut.Akk.Sg"/>
      <inflClass tag="--"/>
      <inflClass_gen tag="--"/>
      <punc tag="EE"/>
    </tok_anno>
  </token>
  <token id="t140" trans="$ie" type="token">
    <tok_dipl id="t140_d1" trans="$ie" utf="ſie"/>
    <tok_anno ascii="sie" id="t140_m1" trans="$ie" utf="ſie">
      <norm tag="sie"/>
      <lemma tag="ër"/>
      <lemma_gen tag="ër"/>
      <lemma_idmwb tag="40380000"/>
      <pos tag="PPER"/>
      <pos_gen tag="PPER"/>
      <infl tag="*.Nom.Pl.3"/>
      <inflClass tag="--"/>
      <inflClass_gen tag="--"/>
    </tok_anno>
  </token>
  <token id="t141" trans="gv\o.zen" type="token">
    <tok_dipl id="t141_d1" trans="gv\o.zen" utf="gvͦ.zen"/>
    <tok_anno ascii="gvo.zen" id="t141_m1" trans="gv\o.zen" utf="gvͦ.zen">
      <norm tag="guzzen"/>
      <lemma tag="gièzen"/>
      <lemma_gen tag="gièzen"/>
      <lemma_idmwb tag="61365000"/>
      <pos tag="VVFIN"/>
      <pos_gen tag="VV"/>
      <infl tag="*.Past.Pl.3"/>
      <inflClass tag="st2b"/>
      <inflClass_gen tag="st2b"/>
    </tok_anno>
  </token>
  <token id="t142" trans="dar" type="token">
    <tok_dipl id="t142_d1" trans="dar" utf="dar"/>
    <tok_anno ascii="dar" id="t142_m1" trans="dar" utf="dar">
      <norm tag="dâr"/>
      <lemma tag="dâr"/>
      <lemma_gen tag="dâr"/>
      <lemma_idmwb tag="28932000"/>
      <pos tag="AVD"/>
      <pos_gen tag="AVD"/>
      <infl tag="--"/>
      <inflClass tag="--"/>
      <inflClass_gen tag="--"/>
    </tok_anno>
  </token>
  <token id="t143" trans=".." type="token">
    <tok_dipl id="t143_d1" trans=".." utf=".."/>
    <tok_anno ascii=".." id="t143_m1" trans=".." utf="..">
      <norm tag="--"/>
      <lemma tag="[!]"/>
      <lemma_gen tag="[!]"/>
      <lemma_idmwb tag="--"/>
      <pos tag="--"/>
      <pos_gen tag="--"/>
      <infl tag="--"/>
      <inflClass tag="--"/>
      <inflClass_gen tag="--"/>
    </tok_anno>
  </token>
  <token id="t144" trans="haz" type="token">
    <tok_dipl id="t144_d1" trans="haz" utf="haz"/>
    <tok_anno ascii="haz" id="t144_m1" trans="haz" utf="haz">
      <norm tag="haz"/>
      <lemma tag="hazz"/>
      <lemma_gen tag="hazz"/>
      <lemma_idmwb tag="69507000"/>
      <pos tag="NA"/>
      <pos_gen tag="NA"/>
      <infl tag="Akk.Sg"/>
      <inflClass tag="st.Masc"/>
      <inflClass_gen tag="st.Masc"/>
    </tok_anno>
  </token>
  <token id="t145" trans="vnte" type="token">
    <tok_dipl id="t145_d1" trans="vnte" utf="vnte"/>
    <tok_anno ascii="vnte" id="t145_m1" trans="vnte" utf="vnte">
      <norm tag="unde"/>
      <lemma tag="unte"/>
      <lemma_gen tag="unte"/>
      <lemma_idmwb tag="183108000"/>
      <pos tag="KON"/>
      <pos_gen tag="KO"/>
      <infl tag="--"/>
      <inflClass tag="--"/>
      <inflClass_gen tag="--"/>
    </tok_anno>
  </token>
  <token id="t146" trans="niht(;)" type="token">
    <tok_dipl id="t146_d1" trans="niht" utf="niht"/>
    <tok_anno ascii="niht" id="t146_m1" trans="niht" utf="niht">
      <norm tag="niht"/>
      <lemma tag="niht"/>
      <lemma_gen tag="niht"/>
      <lemma_idmwb tag="121446000"/>
      <pos tag="PTKNEG"/>
      <pos_gen tag="PI"/>
      <infl tag="--"/>
      <inflClass tag="--"/>
      <inflClass_gen tag="--"/>
      <punc tag="S*"/>
    </tok_anno>
  </token>
  <token id="t147" trans="." type="punc">
    <tok_dipl id="t147_d1" trans="." utf="."/>
    <tok_anno ascii="." id="t147_m1" trans="." utf=".">
      <pos tag="$_"/>
      <pos_gen tag="$_"/>
    </tok_anno>
  </token>
  <token id="t148" trans="daz" type="token">
    <tok_dipl id="t148_d1" trans="daz" utf="daz"/>
    <tok_anno ascii="daz" id="t148_m1" trans="daz" utf="daz">
      <norm tag="daz"/>
      <lemma tag="dër"/>
      <lemma_gen tag="dër"/>
      <lemma_idmwb tag="29823000"/>
      <pos tag="DDS"/>
      <pos_gen tag="DD"/>
      <infl tag="Neut.Nom.Sg"/>
      <inflClass tag="--"/>
      <inflClass_gen tag="--"/>
    </tok_anno>
  </token>
  <token id="t149" trans="..." type="token">
    <tok_dipl id="t149_d1" trans="..." utf="..."/>
    <tok_anno ascii="..." id="t149_m1" trans="..." utf="...">
      <norm tag="--"/>
      <lemma tag="[!]"/>
      <lemma_gen tag="[!]"/>
      <lemma_idmwb tag="--"/>
      <pos tag="--"/>
      <pos_gen tag="--"/>
      <infl tag="--"/>
      <inflClass tag="--"/>
      <inflClass_gen tag="--"/>
    </tok_anno>
  </token>
  <token id="t150" trans=".wi" type="token">
    <tok_dipl id="t150_d1" trans=".wi" utf=".wi"/>
    <tok_anno ascii=".wi" id="t150_m1" trans=".wi" utf=".wi">
      <norm tag="--"/>
      <lemma tag="[!]"/>
      <lemma_gen tag="wiè"/>
      <lemma_idmwb tag="229263000"/>
      <pos tag="AVW"/>
      <pos_gen tag="AVW"/>
      <infl tag="--"/>
      <inflClass tag="--"/>
      <inflClass_gen tag="--"/>
    </tok_anno>
  </token>
  <token id="t151" trans="...en" type="token">
    <tok_dipl id="t151_d1" trans="...en" utf="...en"/>
    <tok_anno ascii="...en" id="t151_m1" trans="...en" utf="...en">
      <norm tag="--"/>
      <lemma tag="[!]"/>
      <lemma_gen tag="[!]"/>
      <lemma_idmwb tag="--"/>
      <pos tag="--"/>
      <pos_gen tag="--"/>
      <infl tag="--"/>
      <inflClass tag="--"/>
      <inflClass_gen tag="--"/>
    </tok_anno>
  </token>
  <token id="t152" trans="d....ch" type="token">
    <tok_dipl id="t152_d1" trans="d....ch" utf="d....ch"/>
    <tok_anno ascii="d....ch" id="t152_m1" trans="d....ch" utf="d....ch">
      <norm tag="--"/>
      <lemma tag="[!]"/>
      <lemma_gen tag="dch"/>
      <lemma_idmwb tag="???"/>
      <pos tag="--"/>
      <pos_gen tag="--"/>
      <infl tag="[]"/>
      <inflClass tag="--"/>
      <inflClass_gen tag="--"/>
    </tok_anno>
  </token>
  <token id="t153" trans="......." type="token">
    <tok_dipl id="t153_d1" trans="......." utf="......."/>
    <tok_anno ascii="......." id="t153_m1" trans="......." utf=".......">
      <norm tag="--"/>
      <lemma tag="[!]"/>
      <lemma_gen tag="[!]"/>
      <lemma_idmwb tag="--"/>
      <pos tag="--"/>
      <pos_gen tag="--"/>
      <infl tag="--"/>
      <inflClass tag="--"/>
      <inflClass_gen tag="--"/>
    </tok_anno>
  </token>
  <token id="t154" trans="alle" type="token">
    <tok_dipl id="t154_d1" trans="alle" utf="alle"/>
    <tok_anno ascii="alle" id="t154_m1" trans="alle" utf="alle">
      <norm tag="alle"/>
      <lemma tag="all"/>
      <lemma_gen tag="all"/>
      <lemma_idmwb tag="3531000"/>
      <pos tag="DIA"/>
      <pos_gen tag="DI"/>
      <infl tag="*.Nom.Pl.st"/>
      <inflClass tag="--"/>
      <inflClass_gen tag="--"/>
    </tok_anno>
  </token>
  <token id="t155" trans="ich" type="token">
    <tok_dipl id="t155_d1" trans="ich" utf="ich"/>
    <tok_anno ascii="ich" id="t155_m1" trans="ich" utf="ich">
      <norm tag="ich"/>
      <lemma tag="ich"/>
      <lemma_gen tag="ich"/>
      <lemma_idmwb tag="81210000"/>
      <pos tag="PPER"/>
      <pos_gen tag="PPER"/>
      <infl tag="Nom.Sg.1"/>
      <inflClass tag="--"/>
      <inflClass_gen tag="--"/>
    </tok_anno>
  </token>
  <token id="t156" trans="bin" type="token">
    <tok_dipl id="t156_d1" trans="bin" utf="bin"/>
    <tok_anno ascii="bin" id="t156_m1" trans="bin" utf="bin">
      <norm tag="bin"/>
      <lemma tag="sîn"/>
      <lemma_gen tag="sîn"/>
      <lemma_idmwb tag="150147000"/>
      <pos tag="VAFIN"/>
      <pos_gen tag="VA"/>
      <infl tag="Ind.Pres.Sg.1"/>
      <inflClass tag="irr"/>
      <inflClass_gen tag="irr"/>
    </tok_anno>
  </token>
  <token id="t157" trans="..." type="token">
    <tok_dipl id="t157_d1" trans="..." utf="..."/>
    <tok_anno ascii="..." id="t157_m1" trans="..." utf="...">
      <norm tag="--"/>
      <lemma tag="[!]"/>
      <lemma_gen tag="[!]"/>
      <lemma_idmwb tag="--"/>
      <pos tag="--"/>
      <pos_gen tag="--"/>
      <infl tag="--"/>
      <inflClass tag="--"/>
      <inflClass_gen tag="--"/>
    </tok_anno>
  </token>
  <token id="t158" trans="Wo" type="token">
    <tok_dipl id="t158_d1" trans="Wo" utf="Wo"/>
    <tok_anno ascii="Wo" id="t158_m1" trans="Wo" utf="Wo">
      <norm tag="--"/>
      <lemma tag="[!]"/>
      <lemma_gen tag="wâr"/>
      <lemma_idmwb tag="220017000"/>
      <pos tag="AVW"/>
      <pos_gen tag="AVW"/>
      <infl tag="--"/>
      <inflClass tag="--"/>
      <inflClass_gen tag="--"/>
    </tok_anno>
  </token>
  <token id="t159" trans="..." type="token">
    <tok_dipl id="t159_d1" trans="..." utf="..."/>
    <tok_anno ascii="..." id="t159_m1" trans="..." utf="...">
      <norm tag="--"/>
      <lemma tag="[!]"/>
      <lemma_gen tag="[!]"/>
      <lemma_idmwb tag="--"/>
      <pos tag="--"/>
      <pos_gen tag="--"/>
      <infl tag="--"/>
      <inflClass tag="--"/>
      <inflClass_gen tag="--"/>
    </tok_anno>
  </token>
  <token id="t160" trans="..." type="token">
    <tok_dipl id="t160_d1" trans="..." utf="..."/>
    <tok_anno ascii="..." id="t160_m1" trans="..." utf="...">
      <norm tag="--"/>
      <lemma tag="[!]"/>
      <lemma_gen tag="[!]"/>
      <lemma_idmwb tag="--"/>
      <pos tag="--"/>
      <pos_gen tag="--"/>
      <infl tag="--"/>
      <inflClass tag="--"/>
      <inflClass_gen tag="--"/>
    </tok_anno>
  </token>
  <token id="t161" trans=".." type="token">
    <tok_dipl id="t161_d1" trans=".." utf=".."/>
    <tok_anno ascii=".." id="t161_m1" trans=".." utf="..">
      <norm tag="--"/>
      <lemma tag="[!]"/>
      <lemma_gen tag="[!]"/>
      <lemma_idmwb tag="--"/>
      <pos tag="--"/>
      <pos_gen tag="--"/>
      <infl tag="--"/>
      <inflClass tag="--"/>
      <inflClass_gen tag="--"/>
    </tok_anno>
  </token>
  <token id="t162" trans="erde" type="token">
    <tok_dipl id="t162_d1" trans="erde" utf="erde"/>
    <tok_anno ascii="erde" id="t162_m1" trans="erde" utf="erde">
      <norm tag="erde"/>
      <lemma tag="ërde"/>
      <lemma_gen tag="ërde"/>
      <lemma_idmwb tag="41217000"/>
      <pos tag="NA"/>
      <pos_gen tag="NA"/>
      <infl tag="Nom.Sg"/>
      <inflClass tag="*.Fem"/>
      <inflClass_gen tag="*.Fem"/>
    </tok_anno>
  </token>
  <token id="t163" trans="." type="punc">
    <tok_dipl id="t163_d1" trans="." utf="."/>
    <tok_anno ascii="." id="t163_m1" trans="." utf=".">
      <pos tag="$_"/>
      <pos_gen tag="$_"/>
    </tok_anno>
  </token>
  <token id="t164" trans="die" type="token">
    <tok_dipl id="t164_d1" trans="die" utf="die"/>
    <tok_anno ascii="die" id="t164_m1" trans="die" utf="die">
      <norm tag="die"/>
      <lemma tag="dër"/>
      <lemma_gen tag="dër"/>
      <lemma_idmwb tag="29817000"/>
      <pos tag="DDART"/>
      <pos_gen tag="DD"/>
      <infl tag="Masc.Nom.Sg"/>
      <inflClass tag="--"/>
      <inflClass_gen tag="--"/>
    </tok_anno>
  </token>
  <token id="t165" trans="b...." type="token">
    <tok_dipl id="t165_d1" trans="b...." utf="b...."/>
    <tok_anno ascii="b...." id="t165_m1" trans="b...." utf="b....">
      <norm tag="--"/>
      <lemma tag="[!]"/>
      <lemma_gen tag="Petrus"/>
      <lemma_idmwb tag="--"/>
      <pos tag="NE"/>
      <pos_gen tag="NE"/>
      <infl tag="--"/>
      <inflClass tag="--"/>
      <inflClass_gen tag="--"/>
    </tok_anno>
  </token>
  <token id="t166" trans="..." type="token">
    <tok_dipl id="t166_d1" trans="..." utf="..."/>
    <tok_anno ascii="..." id="t166_m1" trans="..." utf="...">
      <norm tag="--"/>
      <lemma tag="[!]"/>
      <lemma_gen tag="[!]"/>
      <lemma_idmwb tag="--"/>
      <pos tag="--"/>
      <pos_gen tag="--"/>
      <infl tag="--"/>
      <inflClass tag="--"/>
      <inflClass_gen tag="--"/>
    </tok_anno>
  </token>
  <token id="t167" trans=".t" type="token">
    <tok_dipl id="t167_d1" trans=".t" utf=".t"/>
    <tok_anno ascii=".t" id="t167_m1" trans=".t" utf=".t">
      <norm tag="--"/>
      <lemma tag="[!]"/>
      <lemma_gen tag="dazz"/>
      <lemma_idmwb tag="29484000"/>
      <pos tag="KOUS"/>
      <pos_gen tag="KO"/>
      <infl tag="--"/>
      <inflClass tag="--"/>
      <inflClass_gen tag="--"/>
    </tok_anno>
  </token>
  <token id="t168" trans="$alt..." type="token">
    <tok_dipl id="t168_d1" trans="$alt..." utf="ſalt..."/>
    <tok_anno ascii="salt..." id="t168_m1" trans="$alt..." utf="ſalt...">
      <norm tag="--"/>
      <lemma tag="[!]"/>
      <lemma_gen tag="[!]"/>
      <lemma_idmwb tag="--"/>
      <pos tag="--"/>
      <pos_gen tag="--"/>
      <infl tag="--"/>
      <inflClass tag="--"/>
      <inflClass_gen tag="--"/>
    </tok_anno>
  </token>
  <token id="t169" trans="." type="punc">
    <tok_dipl id="t169_d1" trans="." utf="."/>
    <tok_anno ascii="." id="t169_m1" trans="." utf=".">
      <pos tag="$_"/>
      <pos_gen tag="$_"/>
    </tok_anno>
  </token>
  <token id="t170" trans="bigiengen" type="token">
    <tok_dipl id="t170_d1" trans="bigiengen" utf="bigiengen"/>
    <tok_anno ascii="bigiengen" id="t170_m1" trans="bigiengen" utf="bigiengen">
      <norm tag="begiengen"/>
      <lemma tag="be-gân"/>
      <lemma_gen tag="be-gân"/>
      <lemma_idmwb tag="12654000"/>
      <pos tag="VVFIN"/>
      <pos_gen tag="VV"/>
      <infl tag="*.Past.Pl.3"/>
      <inflClass tag="irr"/>
      <inflClass_gen tag="irr"/>
    </tok_anno>
  </token>
  <token id="t171" trans="$ie" type="token">
    <tok_dipl id="t171_d1" trans="$ie" utf="ſie"/>
    <tok_anno ascii="sie" id="t171_m1" trans="$ie" utf="ſie">
      <norm tag="sie"/>
      <lemma tag="ër"/>
      <lemma_gen tag="ër"/>
      <lemma_idmwb tag="40380000"/>
      <pos tag="PPER"/>
      <pos_gen tag="PPER"/>
      <infl tag="*.Nom.Pl.3"/>
      <inflClass tag="--"/>
      <inflClass_gen tag="--"/>
    </tok_anno>
  </token>
  <token id="t172" trans="d.." type="token">
    <tok_dipl id="t172_d1" trans="d.." utf="d.."/>
    <tok_anno ascii="d.." id="t172_m1" trans="d.." utf="d..">
      <norm tag="--"/>
      <lemma tag="[!]"/>
      <lemma_gen tag="dazz"/>
      <lemma_idmwb tag="29484000"/>
      <pos tag="KOUS"/>
      <pos_gen tag="KO"/>
      <infl tag="--"/>
      <inflClass tag="--"/>
      <inflClass_gen tag="--"/>
    </tok_anno>
  </token>
  <token id="t173" trans="..hen" type="token">
    <tok_dipl id="t173_d1" trans="..hen" utf="..hen"/>
    <tok_anno ascii="..hen" id="t173_m1" trans="..hen" utf="..hen">
      <norm tag="--"/>
      <lemma tag="[!]"/>
      <lemma_gen tag="hêr(e)"/>
      <lemma_idmwb tag="71946000"/>
      <pos tag="ADJA"/>
      <pos_gen tag="ADJ"/>
      <infl tag="Pos.*..st"/>
      <inflClass tag="--"/>
      <inflClass_gen tag="--"/>
    </tok_anno>
  </token>
  <token id="t174" trans="." type="punc">
    <tok_dipl id="t174_d1" trans="." utf="."/>
    <tok_anno ascii="." id="t174_m1" trans="." utf=".">
      <pos tag="$_"/>
      <pos_gen tag="$_"/>
    </tok_anno>
  </token>
  <token id="t175" trans="..." type="token">
    <tok_dipl id="t175_d1" trans="..." utf="..."/>
    <tok_anno ascii="..." id="t175_m1" trans="..." utf="...">
      <norm tag="--"/>
      <lemma tag="[!]"/>
      <lemma_gen tag="[!]"/>
      <lemma_idmwb tag="--"/>
      <pos tag="--"/>
      <pos_gen tag="--"/>
      <infl tag="--"/>
      <inflClass tag="--"/>
      <inflClass_gen tag="--"/>
    </tok_anno>
  </token>
  <token id="t176" trans=".re" type="token">
    <tok_dipl id="t176_d1" trans=".re" utf=".re"/>
    <tok_anno ascii=".re" id="t176_m1" trans=".re" utf=".re">
      <norm tag="--"/>
      <lemma tag="[!]"/>
      <lemma_gen tag="[!]"/>
      <lemma_idmwb tag="--"/>
      <pos tag="--"/>
      <pos_gen tag="--"/>
      <infl tag="--"/>
      <inflClass tag="--"/>
      <inflClass_gen tag="--"/>
    </tok_anno>
  </token>
  <comment type="K">/K[[.]re: danach Verlust]</comment>
  <token id="t177" trans="vil" type="token">
    <tok_dipl id="t177_d1" trans="vil" utf="vil"/>
    <tok_anno ascii="vil" id="t177_m1" trans="vil" utf="vil">
      <norm tag="vile"/>
      <lemma tag="vil(e)"/>
      <lemma_gen tag="vil(e)"/>
      <lemma_idmwb tag="208917000"/>
      <pos tag="AVD"/>
      <pos_gen tag="AVD"/>
      <infl tag="--"/>
      <inflClass tag="--"/>
      <inflClass_gen tag="--"/>
    </tok_anno>
  </token>
  <token id="t178" trans="liep." type="token">
    <tok_dipl id="t178_d1" trans="liep." utf="liep."/>
    <tok_anno ascii="liep." id="t178_m1" trans="liep." utf="liep.">
      <norm tag="liep"/>
      <lemma tag="lièb"/>
      <lemma_gen tag="lièb"/>
      <lemma_idmwb tag="102879000"/>
      <pos tag="ADJD"/>
      <pos_gen tag="ADJ"/>
      <infl tag="Pos....0"/>
      <inflClass tag="--"/>
      <inflClass_gen tag="--"/>
    </tok_anno>
  </token>
  <token id="t179" trans="...h..." type="token">
    <tok_dipl id="t179_d1" trans="...h..." utf="...h..."/>
    <tok_anno ascii="...h..." id="t179_m1" trans="...h..." utf="...h...">
      <norm tag="--"/>
      <lemma tag="[!]"/>
      <lemma_gen tag="[!]"/>
      <lemma_idmwb tag="--"/>
      <pos tag="--"/>
      <pos_gen tag="--"/>
      <infl tag="--"/>
      <inflClass tag="--"/>
      <inflClass_gen tag="--"/>
    </tok_anno>
  </token>
  <token id="t180" trans="..." type="token">
    <tok_dipl id="t180_d1" trans="..." utf="..."/>
    <tok_anno ascii="..." id="t180_m1" trans="..." utf="...">
      <norm tag="--"/>
      <lemma tag="[!]"/>
      <lemma_gen tag="[!]"/>
      <lemma_idmwb tag="--"/>
      <pos tag="--"/>
      <pos_gen tag="--"/>
      <infl tag="--"/>
      <inflClass tag="--"/>
      <inflClass_gen tag="--"/>
    </tok_anno>
  </token>
  <token id="t181" trans="..." type="token">
    <tok_dipl id="t181_d1" trans="..." utf="..."/>
    <tok_anno ascii="..." id="t181_m1" trans="..." utf="...">
      <norm tag="--"/>
      <lemma tag="[!]"/>
      <lemma_gen tag="[!]"/>
      <lemma_idmwb tag="--"/>
      <pos tag="--"/>
      <pos_gen tag="--"/>
      <infl tag="--"/>
      <inflClass tag="--"/>
      <inflClass_gen tag="--"/>
    </tok_anno>
  </token>
  <token id="t182" trans="..." type="token">
    <tok_dipl id="t182_d1" trans="..." utf="..."/>
    <tok_anno ascii="..." id="t182_m1" trans="..." utf="...">
      <norm tag="--"/>
      <lemma tag="[!]"/>
      <lemma_gen tag="[!]"/>
      <lemma_idmwb tag="--"/>
      <pos tag="--"/>
      <pos_gen tag="--"/>
      <infl tag="--"/>
      <inflClass tag="--"/>
      <inflClass_gen tag="--"/>
    </tok_anno>
  </token>
  <token id="t183" trans="..." type="token">
    <tok_dipl id="t183_d1" trans="..." utf="..."/>
    <tok_anno ascii="..." id="t183_m1" trans="..." utf="...">
      <norm tag="--"/>
      <lemma tag="[!]"/>
      <lemma_gen tag="[!]"/>
      <lemma_idmwb tag="--"/>
      <pos tag="--"/>
      <pos_gen tag="--"/>
      <infl tag="--"/>
      <inflClass tag="--"/>
      <inflClass_gen tag="--"/>
    </tok_anno>
  </token>
  <token id="t184" trans="..." type="token">
    <tok_dipl id="t184_d1" trans="..." utf="..."/>
    <tok_anno ascii="..." id="t184_m1" trans="..." utf="...">
      <norm tag="--"/>
      <lemma tag="[!]"/>
      <lemma_gen tag="[!]"/>
      <lemma_idmwb tag="--"/>
      <pos tag="--"/>
      <pos_gen tag="--"/>
      <infl tag="--"/>
      <inflClass tag="--"/>
      <inflClass_gen tag="--"/>
    </tok_anno>
  </token>
  <token id="t185" trans="......en" type="token">
    <tok_dipl id="t185_d1" trans="......en" utf="......en"/>
    <tok_anno ascii="......en" id="t185_m1" trans="......en" utf="......en">
      <norm tag="--"/>
      <lemma tag="[!]"/>
      <lemma_gen tag="ne"/>
      <lemma_idmwb tag="119841000"/>
      <pos tag="PTKNEG"/>
      <pos_gen tag="PTK"/>
      <infl tag="[]"/>
      <inflClass tag="--"/>
      <inflClass_gen tag="--"/>
    </tok_anno>
  </token>
  <token id="t186" trans="$tvnden" type="token">
    <tok_dipl id="t186_d1" trans="$tvnden" utf="ſtvnden"/>
    <tok_anno ascii="stvnden" id="t186_m1" trans="$tvnden" utf="ſtvnden">
      <norm tag="stunten"/>
      <lemma tag="stunt(e)"/>
      <lemma_gen tag="stunt(e)"/>
      <lemma_idmwb tag="161682000"/>
      <pos tag="NA"/>
      <pos_gen tag="NA"/>
      <infl tag="Dat.Pl"/>
      <inflClass tag="*.Fem"/>
      <inflClass_gen tag="*.Fem"/>
    </tok_anno>
  </token>
  <token id="t187" trans="." type="punc">
    <tok_dipl id="t187_d1" trans="." utf="."/>
    <tok_anno ascii="." id="t187_m1" trans="." utf=".">
      <pos tag="$_"/>
      <pos_gen tag="$_"/>
    </tok_anno>
  </token>
  <token id="t188" trans="diz" type="token">
    <tok_dipl id="t188_d1" trans="diz" utf="diz"/>
    <tok_anno ascii="diz" id="t188_m1" trans="diz" utf="diz">
      <norm tag="diz"/>
      <lemma tag="dise"/>
      <lemma_gen tag="dise"/>
      <lemma_idmwb tag="30921000"/>
      <pos tag="DDA"/>
      <pos_gen tag="DD"/>
      <infl tag="Neut.Nom.Sg"/>
      <inflClass tag="--"/>
      <inflClass_gen tag="--"/>
    </tok_anno>
  </token>
  <token id="t189" trans="h....in" type="token">
    <tok_dipl id="t189_d1" trans="h....in" utf="h....in"/>
    <tok_anno ascii="h....in" id="t189_m1" trans="h....in" utf="h....in">
      <norm tag="--"/>
      <lemma tag="[!]"/>
      <lemma_gen tag="hin(e)"/>
      <lemma_idmwb tag="74673000"/>
      <pos tag="AVD"/>
      <pos_gen tag="AVD"/>
      <infl tag="--"/>
      <inflClass tag="--"/>
      <inflClass_gen tag="--"/>
    </tok_anno>
  </token>
  <token id="t190" trans="$ini." type="token">
    <tok_dipl id="t190_d1" trans="$ini." utf="ſini."/>
    <tok_anno ascii="sini." id="t190_m1" trans="$ini." utf="ſini.">
      <norm tag="--"/>
      <lemma tag="[!]"/>
      <lemma_gen tag="sîn"/>
      <lemma_idmwb tag="150153000"/>
      <pos tag="DPOSA"/>
      <pos_gen tag="DPOS"/>
      <infl tag="*..st"/>
      <inflClass tag="--"/>
      <inflClass_gen tag="--"/>
    </tok_anno>
  </token>
  <token id="t191" trans=".......ge" type="token">
    <tok_dipl id="t191_d1" trans=".......ge" utf=".......ge"/>
    <tok_anno ascii=".......ge" id="t191_m1" trans=".......ge" utf=".......ge">
      <norm tag="--"/>
      <lemma tag="[!]"/>
      <lemma_gen tag="gân"/>
      <lemma_idmwb tag="46788000"/>
      <pos tag="ADJA"/>
      <pos_gen tag="VVPS"/>
      <infl tag="Pos.*..st"/>
      <inflClass tag="irr"/>
      <inflClass_gen tag="irr"/>
    </tok_anno>
  </token>
  <token id="t192" trans="...n" type="token">
    <tok_dipl id="t192_d1" trans="...n" utf="...n"/>
    <tok_anno ascii="...n" id="t192_m1" trans="...n" utf="...n">
      <norm tag="--"/>
      <lemma tag="[!]"/>
      <lemma_gen tag="[!]"/>
      <lemma_idmwb tag="--"/>
      <pos tag="--"/>
      <pos_gen tag="--"/>
      <infl tag="--"/>
      <inflClass tag="--"/>
      <inflClass_gen tag="--"/>
    </tok_anno>
  </token>
  <token id="t193" trans="$alze" type="token">
    <tok_dipl id="t193_d1" trans="$alze" utf="ſalze"/>
    <tok_anno ascii="salze" id="t193_m1" trans="$alze" utf="ſalze">
      <norm tag="salze"/>
      <lemma tag="salz"/>
      <lemma_gen tag="salz"/>
      <lemma_idmwb tag="139518000"/>
      <pos tag="NA"/>
      <pos_gen tag="NA"/>
      <infl tag="Dat.Sg"/>
      <inflClass tag="st.Neut"/>
      <inflClass_gen tag="st.Neut"/>
    </tok_anno>
  </token>
  <token id="t194" trans="daz" type="token">
    <tok_dipl id="t194_d1" trans="daz" utf="daz"/>
    <tok_anno ascii="daz" id="t194_m1" trans="daz" utf="daz">
      <norm tag="daz"/>
      <lemma tag="dër"/>
      <lemma_gen tag="dër"/>
      <lemma_idmwb tag="29823000"/>
      <pos tag="DDS"/>
      <pos_gen tag="DD"/>
      <infl tag="Neut.Nom.Sg"/>
      <inflClass tag="--"/>
      <inflClass_gen tag="--"/>
    </tok_anno>
  </token>
  <token id="t195" trans="$..." type="token">
    <tok_dipl id="t195_d1" trans="$..." utf="ſ..."/>
    <tok_anno ascii="s..." id="t195_m1" trans="$..." utf="ſ...">
      <norm tag="--"/>
      <lemma tag="[!]"/>
      <lemma_gen tag="[!]"/>
      <lemma_idmwb tag="--"/>
      <pos tag="--"/>
      <pos_gen tag="--"/>
      <infl tag="--"/>
      <inflClass tag="--"/>
      <inflClass_gen tag="--"/>
    </tok_anno>
  </token>
</text>
