<?xml version='1.0' encoding='UTF-8'?>
<!DOCTYPE text SYSTEM "cora-xml.dtd">
<text id="M071W">
  <header>
    <text>Uppsalaer Frauengebete</text>
    <abbr_ddd>UppsGeb W</abbr_ddd>
    <abbr_mwb>-</abbr_mwb>
    <topic>Religion</topic>
    <text-type>Gebet</text-type>
    <genre>P</genre>
    <reference>Hs.: Blatt (r), Zeile</reference>
    <reference-secondary>-</reference-secondary>
    <library>Wien, Österr. Nationalbibl.</library>
    <library-shelfmark>Cod. Ser. nova 4242</library-shelfmark>
    <online>http://www.handschriftencensus.de/1474</online>
    <medium>Handschrift</medium>
    <extent>8r</extent>
    <extract>-</extract>
    <language>mhd</language>
    <language-type>oberdeutsch</language-type>
    <language-region>ostoberdeutsch</language-region>
    <language-area>bairisch (donauländischer Raum)</language-area>
    <place>-</place>
    <time>13,1</time>
    <notes-manuscript>_</notes-manuscript>
    <date>-</date>
    <text-place>-</text-place>
    <text-author>-</text-author>
    <text-language>-</text-language>
    <text-source>-</text-source>
    <edition>Friedrich Wilhelm (Hg.), Denkmäler deutscher Prosa des 11. und 12. Jahrhunderts, Abteilung A: Text; Abteilung B: Kommentar (Münchener Texte 8), München 1914/16 (Nachdruck in einem Band München 1960 [Germanistische Bücherei 3]) (B) S. 173-177.; Hjalmar Psilander, Mittelhochdeutsche Frauengebete in Upsala, in: ZfdA 49 (1908), S. 363-375</edition>
    <corpus>ReM I</corpus>
    <notes-transcription>gehört mit M071U zusammen</notes-transcription>
    <notes-annotation>-</notes-annotation>
    <digitization_by>Bochum</digitization_by>
    <collation_by>Bochum</collation_by>
    <pre_editing_by>Bochum</pre_editing_by>
    <annotation_by>Bochum</annotation_by>
    <proofreading_by>Bochum</proofreading_by>
  </header>
  <layoutinfo>
    <page id="p1" no="8" range="c1" side="r"/>
    <column id="c1" range="l1..l20"/>
    <line id="l1" name="1" range="t1_d1..t8_d1" loc="8ra,1"/>
    <line id="l2" name="2" range="t9_d1..t15_d1" loc="8ra,2"/>
    <line id="l3" name="3" range="t16_d1..t23_d1" loc="8ra,3"/>
    <line id="l4" name="4" range="t24_d1..t32_d1" loc="8ra,4"/>
    <line id="l5" name="5" range="t33_d1..t39_d1" loc="8ra,5"/>
    <line id="l6" name="6" range="t40_d1..t49_d1" loc="8ra,6"/>
    <line id="l7" name="7" range="t50_d1..t57_d1" loc="8ra,7"/>
    <line id="l8" name="8" range="t58_d1..t67_d1" loc="8ra,8"/>
    <line id="l9" name="9" range="t68_d1..t74_d1" loc="8ra,9"/>
    <line id="l10" name="10" range="t75_d1..t81_d1" loc="8ra,10"/>
    <line id="l11" name="11" range="t82_d1..t88_d1" loc="8ra,11"/>
    <line id="l12" name="12" range="t89_d1..t98_d1" loc="8ra,12"/>
    <line id="l13" name="13" range="t99_d1..t107_d1" loc="8ra,13"/>
    <line id="l14" name="14" range="t108_d1..t114_d1" loc="8ra,14"/>
    <line id="l15" name="15" range="t115_d1..t122_d1" loc="8ra,15"/>
    <line id="l16" name="16" range="t123_d1..t126_d1" loc="8ra,16"/>
    <line id="l17" name="17" range="t127_d1..t132_d1" loc="8ra,17"/>
    <line id="l18" name="18" range="t133_d1..t136_d1" loc="8ra,18"/>
    <line id="l19" name="19" range="t137_d1..t142_d1" loc="8ra,19"/>
    <line id="l20" name="20" range="t143_d1..t150_d1" loc="8ra,20"/>
  </layoutinfo>
  <shifttags>
    <paren range="t26_m1..t28_m1"/>
    <paren range="t45_m1..t50_m1"/>
  </shifttags>
  <token id="t1" trans="..." type="token">
    <tok_dipl id="t1_d1" trans="..." utf="..."/>
    <tok_anno ascii="..." id="t1_m1" trans="..." utf="...">
      <norm tag="--"/>
      <lemma tag="[!]"/>
      <lemma_gen tag="[!]"/>
      <lemma_idmwb tag="--"/>
      <pos tag="--"/>
      <pos_gen tag="--"/>
      <infl tag="--"/>
      <inflClass tag="--"/>
      <inflClass_gen tag="--"/>
    </tok_anno>
  </token>
  <token id="t2" trans="willen" type="token">
    <tok_dipl id="t2_d1" trans="willen" utf="willen"/>
    <tok_anno ascii="willen" id="t2_m1" trans="willen" utf="willen">
      <norm tag="willen"/>
      <lemma tag="wille"/>
      <lemma_gen tag="wille"/>
      <lemma_idmwb tag="229650000"/>
      <pos tag="NA"/>
      <pos_gen tag="NA"/>
      <infl tag="Akk.Sg"/>
      <inflClass tag="*.Masc"/>
      <inflClass_gen tag="*.Masc"/>
    </tok_anno>
  </token>
  <token id="t3" trans="." type="punc">
    <tok_dipl id="t3_d1" trans="." utf="."/>
    <tok_anno ascii="." id="t3_m1" trans="." utf=".">
      <pos tag="$_"/>
      <pos_gen tag="$_"/>
    </tok_anno>
  </token>
  <token id="t4" trans="mit" type="token">
    <tok_dipl id="t4_d1" trans="mit" utf="mit"/>
    <tok_anno ascii="mit" id="t4_m1" trans="mit" utf="mit">
      <norm tag="mit"/>
      <lemma tag="mit"/>
      <lemma_gen tag="mit"/>
      <lemma_idmwb tag="113898000"/>
      <pos tag="APPR"/>
      <pos_gen tag="AP"/>
      <infl tag="--"/>
      <inflClass tag="--"/>
      <inflClass_gen tag="--"/>
    </tok_anno>
  </token>
  <token id="t5" trans="cri$tenlichin" type="token">
    <tok_dipl id="t5_d1" trans="cri$tenlichin" utf="criſtenlichin"/>
    <tok_anno ascii="cristenlichin" id="t5_m1" trans="cri$tenlichin" utf="criſtenlichin">
      <norm tag="kristenlîchen"/>
      <lemma tag="kristen-lich"/>
      <lemma_gen tag="kristen-lich"/>
      <lemma_idmwb tag="95709000"/>
      <pos tag="ADJA"/>
      <pos_gen tag="ADJ"/>
      <infl tag="Pos.*.Dat.Pl.*"/>
      <inflClass tag="--"/>
      <inflClass_gen tag="--"/>
    </tok_anno>
  </token>
  <token id="t6" trans="girden" type="token">
    <tok_dipl id="t6_d1" trans="girden" utf="girden"/>
    <tok_anno ascii="girden" id="t6_m1" trans="girden" utf="girden">
      <norm tag="gireden"/>
      <lemma tag="gir(e)de"/>
      <lemma_gen tag="gir(e)de"/>
      <lemma_idmwb tag="61716000"/>
      <pos tag="NA"/>
      <pos_gen tag="NA"/>
      <infl tag="Dat.Pl"/>
      <inflClass tag="*.Fem"/>
      <inflClass_gen tag="*.Fem"/>
    </tok_anno>
  </token>
  <token id="t7" trans="..." type="token">
    <tok_dipl id="t7_d1" trans="..." utf="..."/>
    <tok_anno ascii="..." id="t7_m1" trans="..." utf="...">
      <norm tag="--"/>
      <lemma tag="[!]"/>
      <lemma_gen tag="[!]"/>
      <lemma_idmwb tag="--"/>
      <pos tag="--"/>
      <pos_gen tag="--"/>
      <infl tag="--"/>
      <inflClass tag="--"/>
      <inflClass_gen tag="--"/>
    </tok_anno>
  </token>
  <token id="t8" trans="heili=gen" type="token">
    <tok_dipl id="t8_d1" trans="heili=gen" utf="heili=gen"/>
    <tok_anno ascii="heili=gen" id="t8_m1" trans="heili=gen" utf="heili=gen">
      <norm tag="heiligen"/>
      <lemma tag="hèilig"/>
      <lemma_gen tag="hèilig"/>
      <lemma_idmwb tag="70113000"/>
      <pos tag="ADJA"/>
      <pos_gen tag="ADJ"/>
      <infl tag="Pos.Masc.Akk.Sg.*"/>
      <inflClass tag="--"/>
      <inflClass_gen tag="--"/>
    </tok_anno>
  </token>
  <token id="t9" trans="gotes" type="token">
    <tok_dipl id="t9_d1" trans="gotes" utf="gotes"/>
    <tok_anno ascii="gotes" id="t9_m1" trans="gotes" utf="gotes">
      <norm tag="gotes"/>
      <lemma tag="got"/>
      <lemma_gen tag="got"/>
      <lemma_idmwb tag="63291000"/>
      <pos tag="NA"/>
      <pos_gen tag="NA"/>
      <infl tag="Gen.Sg"/>
      <inflClass tag="st.Masc"/>
      <inflClass_gen tag="st.Masc"/>
    </tok_anno>
  </token>
  <token id="t10" trans="lichnamen" type="token">
    <tok_dipl id="t10_d1" trans="lichnamen" utf="lichnamen"/>
    <tok_anno ascii="lichnamen" id="t10_m1" trans="lichnamen" utf="lichnamen">
      <norm tag="lîchnamen"/>
      <lemma tag="lîchnam(e)"/>
      <lemma_gen tag="lîchnam(e)"/>
      <lemma_idmwb tag="102234000"/>
      <pos tag="NA"/>
      <pos_gen tag="NA"/>
      <infl tag="Akk.Sg"/>
      <inflClass tag="st.Masc,Neut"/>
      <inflClass_gen tag="st.Masc,Neut"/>
    </tok_anno>
  </token>
  <token id="t11" trans="." type="punc">
    <tok_dipl id="t11_d1" trans="." utf="."/>
    <tok_anno ascii="." id="t11_m1" trans="." utf=".">
      <pos tag="$_"/>
      <pos_gen tag="$_"/>
    </tok_anno>
  </token>
  <token id="t12" trans="unt" type="token">
    <tok_dipl id="t12_d1" trans="unt" utf="unt"/>
    <tok_anno ascii="unt" id="t12_m1" trans="unt" utf="unt">
      <norm tag="und"/>
      <lemma tag="unte"/>
      <lemma_gen tag="unte"/>
      <lemma_idmwb tag="183108000"/>
      <pos tag="KON"/>
      <pos_gen tag="KO"/>
      <infl tag="--"/>
      <inflClass tag="--"/>
      <inflClass_gen tag="--"/>
    </tok_anno>
  </token>
  <token id="t13" trans="daz" type="token">
    <tok_dipl id="t13_d1" trans="daz" utf="daz"/>
    <tok_anno ascii="daz" id="t13_m1" trans="daz" utf="daz">
      <norm tag="daz"/>
      <lemma tag="dër"/>
      <lemma_gen tag="dër"/>
      <lemma_idmwb tag="29817000"/>
      <pos tag="DDART"/>
      <pos_gen tag="DD"/>
      <infl tag="Neut.Akk.Sg"/>
      <inflClass tag="--"/>
      <inflClass_gen tag="--"/>
    </tok_anno>
  </token>
  <token id="t14" trans="heilige" type="token">
    <tok_dipl id="t14_d1" trans="heilige" utf="heilige"/>
    <tok_anno ascii="heilige" id="t14_m1" trans="heilige" utf="heilige">
      <norm tag="heilige"/>
      <lemma tag="hèilig"/>
      <lemma_gen tag="hèilig"/>
      <lemma_idmwb tag="70113000"/>
      <pos tag="ADJA"/>
      <pos_gen tag="ADJ"/>
      <infl tag="Pos.Neut.Akk.Sg.wk"/>
      <inflClass tag="--"/>
      <inflClass_gen tag="--"/>
    </tok_anno>
  </token>
  <token id="t15" trans="go(=)tes" type="token">
    <tok_dipl id="t15_d1" trans="gotes" utf="gotes"/>
    <tok_anno ascii="gotes" id="t15_m1" trans="go(=)tes" utf="gotes">
      <norm tag="gotes"/>
      <token_type tag="UL"/>
      <lemma tag="got"/>
      <lemma_gen tag="got"/>
      <lemma_idmwb tag="63291000"/>
      <pos tag="NA"/>
      <pos_gen tag="NA"/>
      <infl tag="Gen.Sg"/>
      <inflClass tag="st.Masc"/>
      <inflClass_gen tag="st.Masc"/>
    </tok_anno>
  </token>
  <token id="t16" trans="plut(.)" type="token">
    <tok_dipl id="t16_d1" trans="plut" utf="plut"/>
    <tok_anno ascii="plut" id="t16_m1" trans="plut" utf="plut">
      <norm tag="bluot"/>
      <lemma tag="bluot"/>
      <lemma_gen tag="bluot"/>
      <lemma_idmwb tag="22908000"/>
      <pos tag="NA"/>
      <pos_gen tag="NA"/>
      <infl tag="Akk.Sg"/>
      <inflClass tag="st.Neut"/>
      <inflClass_gen tag="st.Neut"/>
      <punc tag="DE"/>
    </tok_anno>
  </token>
  <token id="t17" trans="%." type="punc">
    <tok_dipl id="t17_d1" trans="%." utf="·"/>
    <tok_anno ascii="." id="t17_m1" trans="%." utf="·">
      <pos tag="$_"/>
      <pos_gen tag="$_"/>
      <punc tag="$E"/>
    </tok_anno>
  </token>
  <token id="t18" trans="confe$$ione" type="token">
    <tok_dipl id="t18_d1" trans="confe$$ione" utf="confeſſione"/>
    <tok_anno ascii="confessione" id="t18_m1" trans="confe$$ione" utf="confeſſione">
      <norm tag="--"/>
      <lemma tag="[!]"/>
      <lemma_gen tag="[!]"/>
      <lemma_idmwb tag="--"/>
      <pos tag="FM"/>
      <pos_gen tag="FM"/>
      <infl tag="--"/>
      <inflClass tag="--"/>
      <inflClass_gen tag="--"/>
    </tok_anno>
  </token>
  <comment type="K">/L[+]</comment>
  <token id="t19" trans="pura" type="token">
    <tok_dipl id="t19_d1" trans="pura" utf="pura"/>
    <tok_anno ascii="pura" id="t19_m1" trans="pura" utf="pura">
      <norm tag="--"/>
      <lemma tag="[!]"/>
      <lemma_gen tag="[!]"/>
      <lemma_idmwb tag="--"/>
      <pos tag="FM"/>
      <pos_gen tag="FM"/>
      <infl tag="--"/>
      <inflClass tag="--"/>
      <inflClass_gen tag="--"/>
    </tok_anno>
  </token>
  <token id="t20" trans="." type="punc">
    <tok_dipl id="t20_d1" trans="." utf="."/>
    <tok_anno ascii="." id="t20_m1" trans="." utf=".">
      <pos tag="$_"/>
      <pos_gen tag="$_"/>
    </tok_anno>
  </token>
  <token id="t21" trans="fide" type="token">
    <tok_dipl id="t21_d1" trans="fide" utf="fide"/>
    <tok_anno ascii="fide" id="t21_m1" trans="fide" utf="fide">
      <norm tag="--"/>
      <lemma tag="[!]"/>
      <lemma_gen tag="[!]"/>
      <lemma_idmwb tag="--"/>
      <pos tag="FM"/>
      <pos_gen tag="FM"/>
      <infl tag="--"/>
      <inflClass tag="--"/>
      <inflClass_gen tag="--"/>
    </tok_anno>
  </token>
  <token id="t22" trans="recta(.)" type="token">
    <tok_dipl id="t22_d1" trans="recta" utf="recta"/>
    <tok_anno ascii="recta" id="t22_m1" trans="recta" utf="recta">
      <norm tag="--"/>
      <lemma tag="[!]"/>
      <lemma_gen tag="[!]"/>
      <lemma_idmwb tag="--"/>
      <pos tag="FM"/>
      <pos_gen tag="FM"/>
      <infl tag="--"/>
      <inflClass tag="--"/>
      <inflClass_gen tag="--"/>
      <punc tag="DE"/>
    </tok_anno>
  </token>
  <comment type="K">/L[@]</comment>
  <token id="t23" trans="%." type="punc">
    <tok_dipl id="t23_d1" trans="%." utf="·"/>
    <tok_anno ascii="." id="t23_m1" trans="%." utf="·">
      <pos tag="$_"/>
      <pos_gen tag="$_"/>
      <punc tag="$E"/>
    </tok_anno>
  </token>
  <token id="t24" trans="*(I*)ch" type="token">
    <tok_dipl id="t24_d1" trans="*(I*)ch" utf="Ich"/>
    <tok_anno ascii="Ich" id="t24_m1" trans="*(I*)ch" utf="Ich">
      <norm tag="ich"/>
      <lemma tag="ich"/>
      <lemma_gen tag="ich"/>
      <lemma_idmwb tag="81210000"/>
      <pos tag="PPER"/>
      <pos_gen tag="PPER"/>
      <infl tag="Nom.Sg.1"/>
      <inflClass tag="--"/>
      <inflClass_gen tag="--"/>
    </tok_anno>
  </token>
  <token id="t25" trans="bit" type="token">
    <tok_dipl id="t25_d1" trans="bit" utf="bit"/>
    <tok_anno ascii="bit" id="t25_m1" trans="bit" utf="bit">
      <norm tag="bite"/>
      <lemma tag="biten"/>
      <lemma_gen tag="biten"/>
      <lemma_idmwb tag="21261000"/>
      <pos tag="VVFIN"/>
      <pos_gen tag="VV"/>
      <infl tag="*.Pres.Sg.1"/>
      <inflClass tag="st5b"/>
      <inflClass_gen tag="st5b"/>
    </tok_anno>
  </token>
  <token id="t26" trans="dich,,(" type="token">
    <tok_dipl id="t26_d1" trans="dich" utf="dich"/>
    <tok_anno ascii="dich" id="t26_m1" trans="dich" utf="dich">
      <norm tag="dich"/>
      <lemma tag="dû"/>
      <lemma_gen tag="dû"/>
      <lemma_idmwb tag="32607000"/>
      <pos tag="PPER"/>
      <pos_gen tag="PPER"/>
      <infl tag="Akk.Sg.2"/>
      <inflClass tag="--"/>
      <inflClass_gen tag="--"/>
    </tok_anno>
  </token>
  <token id="t27" trans="heiliger" type="token">
    <tok_dipl id="t27_d1" trans="heiliger" utf="heiliger"/>
    <tok_anno ascii="heiliger" id="t27_m1" trans="heiliger" utf="heiliger">
      <norm tag="heiliger"/>
      <lemma tag="hèilig"/>
      <lemma_gen tag="hèilig"/>
      <lemma_idmwb tag="70113000"/>
      <pos tag="ADJA"/>
      <pos_gen tag="ADJ"/>
      <infl tag="Pos.Masc.Nom.Sg.st"/>
      <inflClass tag="--"/>
      <inflClass_gen tag="--"/>
    </tok_anno>
  </token>
  <token id="t28" trans="got,,)" type="token">
    <tok_dipl id="t28_d1" trans="got" utf="got"/>
    <tok_anno ascii="got" id="t28_m1" trans="got" utf="got">
      <norm tag="got"/>
      <lemma tag="got"/>
      <lemma_gen tag="got"/>
      <lemma_idmwb tag="63291000"/>
      <pos tag="NA"/>
      <pos_gen tag="NA"/>
      <infl tag="Nom.Sg"/>
      <inflClass tag="st.Masc"/>
      <inflClass_gen tag="st.Masc"/>
    </tok_anno>
  </token>
  <comment type="K">/K[got: arR*]</comment>
  <token id="t29" trans="durch" type="token">
    <tok_dipl id="t29_d1" trans="durch" utf="durch"/>
    <tok_anno ascii="durch" id="t29_m1" trans="durch" utf="durch">
      <norm tag="durch"/>
      <lemma tag="durh"/>
      <lemma_gen tag="durh"/>
      <lemma_idmwb tag="32826000"/>
      <pos tag="APPR"/>
      <pos_gen tag="AP"/>
      <infl tag="--"/>
      <inflClass tag="--"/>
      <inflClass_gen tag="--"/>
    </tok_anno>
  </token>
  <token id="t30" trans="der" type="token">
    <tok_dipl id="t30_d1" trans="der" utf="der"/>
    <tok_anno ascii="der" id="t30_m1" trans="der" utf="der">
      <norm tag="der"/>
      <lemma tag="dër"/>
      <lemma_gen tag="dër"/>
      <lemma_idmwb tag="29817000"/>
      <pos tag="DDART"/>
      <pos_gen tag="DD"/>
      <infl tag="Fem.Gen.Sg"/>
      <inflClass tag="--"/>
      <inflClass_gen tag="--"/>
    </tok_anno>
  </token>
  <token id="t31" trans="ange$t" type="token">
    <tok_dipl id="t31_d1" trans="ange$t" utf="angeſt"/>
    <tok_anno ascii="angest" id="t31_m1" trans="ange$t" utf="angeſt">
      <norm tag="angest"/>
      <lemma tag="angest"/>
      <lemma_gen tag="angest"/>
      <lemma_idmwb tag="7374000"/>
      <pos tag="NA"/>
      <pos_gen tag="NA"/>
      <infl tag="Gen.Sg"/>
      <inflClass tag="st(u).Fem"/>
      <inflClass_gen tag="st(u).Masc,Fem"/>
    </tok_anno>
  </token>
  <token id="t32" trans="ere,," type="token">
    <tok_dipl id="t32_d1" trans="ere" utf="ere"/>
    <tok_anno ascii="ere" id="t32_m1" trans="ere" utf="ere">
      <norm tag="êre"/>
      <lemma tag="êre"/>
      <lemma_gen tag="êre"/>
      <lemma_idmwb tag="41379000"/>
      <pos tag="NA"/>
      <pos_gen tag="NA"/>
      <infl tag="Akk.Sg"/>
      <inflClass tag="st.Fem"/>
      <inflClass_gen tag="*.Fem"/>
      <punc tag="S*"/>
    </tok_anno>
  </token>
  <token id="t33" trans="do" type="token">
    <tok_dipl id="t33_d1" trans="do" utf="do"/>
    <tok_anno ascii="do" id="t33_m1" trans="do" utf="do">
      <norm tag="dô"/>
      <lemma tag="dô"/>
      <lemma_gen tag="dô"/>
      <lemma_idmwb tag="31164000"/>
      <pos tag="KOUS"/>
      <pos_gen tag="KO"/>
      <infl tag="--"/>
      <inflClass tag="--"/>
      <inflClass_gen tag="--"/>
    </tok_anno>
  </token>
  <token id="t34" trans="du" type="token">
    <tok_dipl id="t34_d1" trans="du" utf="du"/>
    <tok_anno ascii="du" id="t34_m1" trans="du" utf="du">
      <norm tag="dû"/>
      <lemma tag="dû"/>
      <lemma_gen tag="dû"/>
      <lemma_idmwb tag="32607000"/>
      <pos tag="PPER"/>
      <pos_gen tag="PPER"/>
      <infl tag="Nom.Sg.2"/>
      <inflClass tag="--"/>
      <inflClass_gen tag="--"/>
    </tok_anno>
  </token>
  <token id="t35" trans="den" type="token">
    <tok_dipl id="t35_d1" trans="den" utf="den"/>
    <tok_anno ascii="den" id="t35_m1" trans="den" utf="den">
      <norm tag="den"/>
      <lemma tag="dër"/>
      <lemma_gen tag="dër"/>
      <lemma_idmwb tag="29817000"/>
      <pos tag="DDART"/>
      <pos_gen tag="DD"/>
      <infl tag="Masc.Akk.Sg"/>
      <inflClass tag="--"/>
      <inflClass_gen tag="--"/>
    </tok_anno>
  </token>
  <token id="t36" trans="gotes#$un" type="token">
    <tok_dipl id="t36_d1" trans="gotes" utf="gotes"/>
    <tok_dipl id="t36_d2" trans="$un" utf="ſun"/>
    <tok_anno ascii="gotessun" id="t36_m1" trans="gotes#$un" utf="gotesſun">
      <norm tag="gotessun"/>
      <token_type tag="US"/>
      <lemma tag="gotes-sun"/>
      <lemma_gen tag="gotes-sun"/>
      <lemma_idmwb tag="63666000"/>
      <pos tag="NA"/>
      <pos_gen tag="NA"/>
      <infl tag="Akk.Sg"/>
      <inflClass tag="stu.Masc"/>
      <inflClass_gen tag="stu.Masc"/>
    </tok_anno>
  </token>
  <token id="t37" trans="$a_ehe" type="token">
    <tok_dipl id="t37_d1" trans="$a_ehe" utf="ſa‍ehe"/>
    <tok_anno ascii="saehe" id="t37_m1" trans="$a_ehe" utf="ſa‍ehe">
      <norm tag="sæhe"/>
      <lemma tag="sëhen"/>
      <lemma_gen tag="sëhen"/>
      <lemma_idmwb tag="147189000"/>
      <pos tag="VVFIN"/>
      <pos_gen tag="VV"/>
      <infl tag="Ind.Past.Sg.2"/>
      <inflClass tag="st5"/>
      <inflClass_gen tag="st5"/>
    </tok_anno>
  </token>
  <token id="t38" trans="hahen" type="token">
    <tok_dipl id="t38_d1" trans="hahen" utf="hahen"/>
    <tok_anno ascii="hahen" id="t38_m1" trans="hahen" utf="hahen">
      <norm tag="hâhen"/>
      <lemma tag="hâhen"/>
      <lemma_gen tag="hâhen"/>
      <lemma_idmwb tag="67344000"/>
      <pos tag="VVINF"/>
      <pos_gen tag="VV"/>
      <infl tag="--"/>
      <inflClass tag="st7"/>
      <inflClass_gen tag="st7"/>
    </tok_anno>
  </token>
  <token id="t39" trans="in||$iner" type="token">
    <tok_dipl id="t39_d1" trans="in$iner" utf="inſiner"/>
    <tok_anno ascii="in" id="t39_m1" trans="in|" utf="in">
      <norm tag="in"/>
      <token_type tag="MS1"/>
      <lemma tag="in"/>
      <lemma_gen tag="in"/>
      <lemma_idmwb tag="81741000"/>
      <pos tag="APPR"/>
      <pos_gen tag="AP"/>
      <infl tag="--"/>
      <inflClass tag="--"/>
      <inflClass_gen tag="--"/>
    </tok_anno>
    <tok_anno ascii="siner" id="t39_m2" trans="|$iner" utf="ſiner">
      <norm tag="sîner"/>
      <token_type tag="MS2"/>
      <lemma tag="sîn"/>
      <lemma_gen tag="sîn"/>
      <lemma_idmwb tag="150153000"/>
      <pos tag="DPOSA"/>
      <pos_gen tag="DPOS"/>
      <infl tag="Fem.Dat.Sg.st"/>
      <inflClass tag="--"/>
      <inflClass_gen tag="--"/>
    </tok_anno>
  </token>
  <token id="t40" trans="agonia,," type="token">
    <tok_dipl id="t40_d1" trans="agonia" utf="agonia"/>
    <tok_anno ascii="agonia" id="t40_m1" trans="agonia" utf="agonia">
      <norm tag="--"/>
      <lemma tag="agonia"/>
      <lemma_gen tag="agonia"/>
      <lemma_idmwb tag="--"/>
      <pos tag="NA"/>
      <pos_gen tag="FM"/>
      <infl tag="Dat.Sg"/>
      <inflClass tag="Fem"/>
      <inflClass_gen tag="Fem"/>
      <punc tag="S*"/>
    </tok_anno>
  </token>
  <token id="t41" trans="." type="punc">
    <tok_dipl id="t41_d1" trans="." utf="."/>
    <tok_anno ascii="." id="t41_m1" trans="." utf=".">
      <pos tag="$_"/>
      <pos_gen tag="$_"/>
    </tok_anno>
  </token>
  <token id="t42" trans="chum" type="token">
    <tok_dipl id="t42_d1" trans="chum" utf="chum"/>
    <tok_anno ascii="chum" id="t42_m1" trans="chum" utf="chum">
      <norm tag="kum"/>
      <lemma tag="komen"/>
      <lemma_gen tag="komen"/>
      <lemma_idmwb tag="93168000"/>
      <pos tag="VVIMP"/>
      <pos_gen tag="VV"/>
      <infl tag="Sg.2"/>
      <inflClass tag="st4"/>
      <inflClass_gen tag="st4"/>
    </tok_anno>
  </token>
  <token id="t43" trans="mir" type="token">
    <tok_dipl id="t43_d1" trans="mir" utf="mir"/>
    <tok_anno ascii="mir" id="t43_m1" trans="mir" utf="mir">
      <norm tag="mir"/>
      <lemma tag="ich"/>
      <lemma_gen tag="ich"/>
      <lemma_idmwb tag="81210000"/>
      <pos tag="PPER"/>
      <pos_gen tag="PPER"/>
      <infl tag="Dat.Sg.1"/>
      <inflClass tag="--"/>
      <inflClass_gen tag="--"/>
    </tok_anno>
  </token>
  <token id="t44" trans="an||der" type="token">
    <tok_dipl id="t44_d1" trans="ander" utf="ander"/>
    <tok_anno ascii="an" id="t44_m1" trans="an|" utf="an">
      <norm tag="an"/>
      <token_type tag="MS1"/>
      <lemma tag="ane"/>
      <lemma_gen tag="ane"/>
      <lemma_idmwb tag="5691000"/>
      <pos tag="APPR"/>
      <pos_gen tag="AP"/>
      <infl tag="--"/>
      <inflClass tag="--"/>
      <inflClass_gen tag="--"/>
    </tok_anno>
    <tok_anno ascii="der" id="t44_m2" trans="|der" utf="der">
      <norm tag="der"/>
      <token_type tag="MS2"/>
      <lemma tag="dër"/>
      <lemma_gen tag="dër"/>
      <lemma_idmwb tag="29817000"/>
      <pos tag="DDART"/>
      <pos_gen tag="DD"/>
      <infl tag="Fem.Dat.Sg"/>
      <inflClass tag="--"/>
      <inflClass_gen tag="--"/>
    </tok_anno>
  </token>
  <token id="t45" trans="$tat,,(" type="token">
    <tok_dipl id="t45_d1" trans="$tat" utf="ſtat"/>
    <tok_anno ascii="stat" id="t45_m1" trans="$tat" utf="ſtat">
      <norm tag="stat"/>
      <lemma tag="stat"/>
      <lemma_gen tag="stat"/>
      <lemma_idmwb tag="157578000"/>
      <pos tag="NA"/>
      <pos_gen tag="NA"/>
      <infl tag="Dat.Sg"/>
      <inflClass tag="stu.Fem"/>
      <inflClass_gen tag="stu.Fem"/>
    </tok_anno>
  </token>
  <token id="t46" trans="%." type="punc">
    <tok_dipl id="t46_d1" trans="%." utf="·"/>
    <tok_anno ascii="." id="t46_m1" trans="%." utf="·">
      <pos tag="$_"/>
      <pos_gen tag="$_"/>
    </tok_anno>
  </token>
  <token id="t47" trans="da" type="token">
    <tok_dipl id="t47_d1" trans="da" utf="da"/>
    <tok_anno ascii="da" id="t47_m1" trans="da" utf="da">
      <norm tag="dâ"/>
      <lemma tag="dâr"/>
      <lemma_gen tag="dâr"/>
      <lemma_idmwb tag="28932000"/>
      <pos tag="AVD"/>
      <pos_gen tag="AVD"/>
      <infl tag="--"/>
      <inflClass tag="--"/>
      <inflClass_gen tag="--"/>
    </tok_anno>
  </token>
  <token id="t48" trans="ich" type="token">
    <tok_dipl id="t48_d1" trans="ich" utf="ich"/>
    <tok_anno ascii="ich" id="t48_m1" trans="ich" utf="ich">
      <norm tag="ich"/>
      <lemma tag="ich"/>
      <lemma_gen tag="ich"/>
      <lemma_idmwb tag="81210000"/>
      <pos tag="PPER"/>
      <pos_gen tag="PPER"/>
      <infl tag="Nom.Sg.1"/>
      <inflClass tag="--"/>
      <inflClass_gen tag="--"/>
    </tok_anno>
  </token>
  <token id="t49" trans="an=ge$t" type="token">
    <tok_dipl id="t49_d1" trans="an=ge$t" utf="an=geſt"/>
    <tok_anno ascii="an=gest" id="t49_m1" trans="an=ge$t" utf="an=geſt">
      <norm tag="angest"/>
      <lemma tag="angest"/>
      <lemma_gen tag="angest"/>
      <lemma_idmwb tag="7374000"/>
      <pos tag="NA"/>
      <pos_gen tag="NA"/>
      <infl tag="Akk.Sg"/>
      <inflClass tag="st(u).Masc,Fem"/>
      <inflClass_gen tag="st(u).Masc,Fem"/>
    </tok_anno>
  </token>
  <token id="t50" trans="han,,)" type="token">
    <tok_dipl id="t50_d1" trans="han" utf="han"/>
    <tok_anno ascii="han" id="t50_m1" trans="han" utf="han">
      <norm tag="hân"/>
      <lemma tag="haben"/>
      <lemma_gen tag="haben"/>
      <lemma_idmwb tag="66885000"/>
      <pos tag="VAFIN"/>
      <pos_gen tag="VA"/>
      <infl tag="Ind.Pres.Sg.1"/>
      <inflClass tag="wk"/>
      <inflClass_gen tag="wk"/>
    </tok_anno>
  </token>
  <token id="t51" trans="%." type="punc">
    <tok_dipl id="t51_d1" trans="%." utf="·"/>
    <tok_anno ascii="." id="t51_m1" trans="%." utf="·">
      <pos tag="$_"/>
      <pos_gen tag="$_"/>
    </tok_anno>
  </token>
  <token id="t52" trans="ze" type="token">
    <tok_dipl id="t52_d1" trans="ze" utf="ze"/>
    <tok_anno ascii="ze" id="t52_m1" trans="ze" utf="ze">
      <norm tag="ze"/>
      <lemma tag="ze"/>
      <lemma_gen tag="ze"/>
      <lemma_idmwb tag="235656000"/>
      <pos tag="APPR"/>
      <pos_gen tag="AP"/>
      <infl tag="--"/>
      <inflClass tag="--"/>
      <inflClass_gen tag="--"/>
    </tok_anno>
  </token>
  <token id="t53" trans="mines" type="token">
    <tok_dipl id="t53_d1" trans="mines" utf="mines"/>
    <tok_anno ascii="mines" id="t53_m1" trans="mines" utf="mines">
      <norm tag="mînes"/>
      <lemma tag="mîn"/>
      <lemma_gen tag="mîn"/>
      <lemma_idmwb tag="112026000"/>
      <pos tag="DPOSA"/>
      <pos_gen tag="DPOS"/>
      <infl tag="Masc.Gen.Sg.st"/>
      <inflClass tag="--"/>
      <inflClass_gen tag="--"/>
    </tok_anno>
  </token>
  <token id="t54" trans="$chepheres" type="token">
    <tok_dipl id="t54_d1" trans="$chepheres" utf="ſchepheres"/>
    <tok_anno ascii="schepheres" id="t54_m1" trans="$chepheres" utf="ſchepheres">
      <norm tag="schepfæres"/>
      <lemma tag="schèpfære"/>
      <lemma_gen tag="schèpfære"/>
      <lemma_idmwb tag="142953000"/>
      <pos tag="NA"/>
      <pos_gen tag="NA"/>
      <infl tag="Gen.Sg"/>
      <inflClass tag="st.Masc"/>
      <inflClass_gen tag="st.Masc"/>
    </tok_anno>
  </token>
  <token id="t55" trans="gerihte" type="token">
    <tok_dipl id="t55_d1" trans="gerihte" utf="gerihte"/>
    <tok_anno ascii="gerihte" id="t55_m1" trans="gerihte" utf="gerihte">
      <norm tag="gerihte"/>
      <lemma tag="ge-riht(e)"/>
      <lemma_gen tag="ge-riht(e)"/>
      <lemma_idmwb tag="54921000"/>
      <pos tag="NA"/>
      <pos_gen tag="NA"/>
      <infl tag="Dat.Sg"/>
      <inflClass tag="st.Neut"/>
      <inflClass_gen tag="st.Neut"/>
    </tok_anno>
  </token>
  <token id="t56" trans="." type="punc">
    <tok_dipl id="t56_d1" trans="." utf="."/>
    <tok_anno ascii="." id="t56_m1" trans="." utf=".">
      <pos tag="$_"/>
      <pos_gen tag="$_"/>
    </tok_anno>
  </token>
  <token id="t57" trans="unt" type="token">
    <tok_dipl id="t57_d1" trans="unt" utf="unt"/>
    <tok_anno ascii="unt" id="t57_m1" trans="unt" utf="unt">
      <norm tag="und"/>
      <lemma tag="unte"/>
      <lemma_gen tag="unte"/>
      <lemma_idmwb tag="183108000"/>
      <pos tag="KON"/>
      <pos_gen tag="KO"/>
      <infl tag="--"/>
      <inflClass tag="--"/>
      <inflClass_gen tag="--"/>
    </tok_anno>
  </token>
  <token id="t58" trans="zu" type="token">
    <tok_dipl id="t58_d1" trans="zu" utf="zu"/>
    <tok_anno ascii="zu" id="t58_m1" trans="zu" utf="zu">
      <norm tag="zuo"/>
      <lemma tag="ze"/>
      <lemma_gen tag="ze"/>
      <lemma_idmwb tag="235656000"/>
      <pos tag="APPR"/>
      <pos_gen tag="AP"/>
      <infl tag="--"/>
      <inflClass tag="--"/>
      <inflClass_gen tag="--"/>
    </tok_anno>
  </token>
  <token id="t59" trans="des" type="token">
    <tok_dipl id="t59_d1" trans="des" utf="des"/>
    <tok_anno ascii="des" id="t59_m1" trans="des" utf="des">
      <norm tag="des"/>
      <lemma tag="dër"/>
      <lemma_gen tag="dër"/>
      <lemma_idmwb tag="29817000"/>
      <pos tag="DDART"/>
      <pos_gen tag="DD"/>
      <infl tag="Masc.Gen.Sg"/>
      <inflClass tag="--"/>
      <inflClass_gen tag="--"/>
    </tok_anno>
  </token>
  <token id="t60" trans="tuiuels" type="token">
    <tok_dipl id="t60_d1" trans="tuiuels" utf="tuiuels"/>
    <tok_anno ascii="tuiuels" id="t60_m1" trans="tuiuels" utf="tuiuels">
      <norm tag="tiuvels"/>
      <lemma tag="tiuvel"/>
      <lemma_gen tag="tiuvel"/>
      <lemma_idmwb tag="168678000"/>
      <pos tag="NA"/>
      <pos_gen tag="NA"/>
      <infl tag="Gen.Sg"/>
      <inflClass tag="st.Masc"/>
      <inflClass_gen tag="st.Masc"/>
    </tok_anno>
  </token>
  <token id="t61" trans="ange$ihte" type="token">
    <tok_dipl id="t61_d1" trans="ange$ihte" utf="angeſihte"/>
    <tok_anno ascii="angesihte" id="t61_m1" trans="ange$ihte" utf="angeſihte">
      <norm tag="anegesihte"/>
      <lemma tag="ane-ge-siht(e)"/>
      <lemma_gen tag="ane-ge-siht(e)"/>
      <lemma_idmwb tag="7353000"/>
      <pos tag="NA"/>
      <pos_gen tag="NA"/>
      <infl tag="Dat.Sg"/>
      <inflClass tag="st.Fem,Neut"/>
      <inflClass_gen tag="st.Fem,Neut"/>
    </tok_anno>
  </token>
  <token id="t62" trans="." type="punc">
    <tok_dipl id="t62_d1" trans="." utf="."/>
    <tok_anno ascii="." id="t62_m1" trans="." utf=".">
      <pos tag="$_"/>
      <pos_gen tag="$_"/>
    </tok_anno>
  </token>
  <token id="t63" trans="unt" type="token">
    <tok_dipl id="t63_d1" trans="unt" utf="unt"/>
    <tok_anno ascii="unt" id="t63_m1" trans="unt" utf="unt">
      <norm tag="und"/>
      <lemma tag="unte"/>
      <lemma_gen tag="unte"/>
      <lemma_idmwb tag="183108000"/>
      <pos tag="KON"/>
      <pos_gen tag="KO"/>
      <infl tag="--"/>
      <inflClass tag="--"/>
      <inflClass_gen tag="--"/>
    </tok_anno>
  </token>
  <token id="t64" trans="ze" type="token">
    <tok_dipl id="t64_d1" trans="ze" utf="ze"/>
    <tok_anno ascii="ze" id="t64_m1" trans="ze" utf="ze">
      <norm tag="ze"/>
      <lemma tag="ze"/>
      <lemma_gen tag="ze"/>
      <lemma_idmwb tag="235656000"/>
      <pos tag="APPR"/>
      <pos_gen tag="AP"/>
      <infl tag="--"/>
      <inflClass tag="--"/>
      <inflClass_gen tag="--"/>
    </tok_anno>
  </token>
  <token id="t65" trans="$iner" type="token">
    <tok_dipl id="t65_d1" trans="$iner" utf="ſiner"/>
    <tok_anno ascii="siner" id="t65_m1" trans="$iner" utf="ſiner">
      <norm tag="sîner"/>
      <lemma tag="sîn"/>
      <lemma_gen tag="sîn"/>
      <lemma_idmwb tag="150153000"/>
      <pos tag="DPOSA"/>
      <pos_gen tag="DPOS"/>
      <infl tag="Fem.Dat.Sg.st"/>
      <inflClass tag="--"/>
      <inflClass_gen tag="--"/>
    </tok_anno>
  </token>
  <token id="t66" trans="ite=wizze,," type="token">
    <tok_dipl id="t66_d1" trans="ite=wizze" utf="ite=wizze"/>
    <tok_anno ascii="ite=wizze" id="t66_m1" trans="ite=wizze" utf="ite=wizze">
      <norm tag="itewîze"/>
      <lemma tag="ite-wîz(e)"/>
      <lemma_gen tag="ite-wîz(e)"/>
      <lemma_idmwb tag="???"/>
      <pos tag="NA"/>
      <pos_gen tag="NA"/>
      <infl tag="Dat.Sg"/>
      <inflClass tag="st.Fem"/>
      <inflClass_gen tag="st.Fem,Neut"/>
      <punc tag="S*"/>
    </tok_anno>
  </token>
  <token id="t67" trans="." type="punc">
    <tok_dipl id="t67_d1" trans="." utf="."/>
    <tok_anno ascii="." id="t67_m1" trans="." utf=".">
      <pos tag="$_"/>
      <pos_gen tag="$_"/>
    </tok_anno>
  </token>
  <token id="t68" trans="daz" type="token">
    <tok_dipl id="t68_d1" trans="daz" utf="daz"/>
    <tok_anno ascii="daz" id="t68_m1" trans="daz" utf="daz">
      <norm tag="daz"/>
      <lemma tag="dazz"/>
      <lemma_gen tag="dazz"/>
      <lemma_idmwb tag="29484000"/>
      <pos tag="KOUS"/>
      <pos_gen tag="KO"/>
      <infl tag="--"/>
      <inflClass tag="--"/>
      <inflClass_gen tag="--"/>
    </tok_anno>
  </token>
  <token id="t69" trans="er" type="token">
    <tok_dipl id="t69_d1" trans="er" utf="er"/>
    <tok_anno ascii="er" id="t69_m1" trans="er" utf="er">
      <norm tag="er"/>
      <lemma tag="ër"/>
      <lemma_gen tag="ër"/>
      <lemma_idmwb tag="40380000"/>
      <pos tag="PPER"/>
      <pos_gen tag="PPER"/>
      <infl tag="Masc.Nom.Sg.3"/>
      <inflClass tag="--"/>
      <inflClass_gen tag="--"/>
    </tok_anno>
  </token>
  <token id="t70" trans="deheinen" type="token">
    <tok_dipl id="t70_d1" trans="deheinen" utf="deheinen"/>
    <tok_anno ascii="deheinen" id="t70_m1" trans="deheinen" utf="deheinen">
      <norm tag="decheinen"/>
      <lemma tag="deh-èin"/>
      <lemma_gen tag="deh-èin"/>
      <lemma_idmwb tag="29649000"/>
      <pos tag="DIA"/>
      <pos_gen tag="DI"/>
      <infl tag="Masc.Akk.Sg.st"/>
      <inflClass tag="--"/>
      <inflClass_gen tag="--"/>
    </tok_anno>
  </token>
  <token id="t71" trans="gwalt" type="token">
    <tok_dipl id="t71_d1" trans="gwalt" utf="gwalt"/>
    <tok_anno ascii="gwalt" id="t71_m1" trans="gwalt" utf="gwalt">
      <norm tag="gewalt"/>
      <lemma tag="ge-walt"/>
      <lemma_gen tag="ge-walt"/>
      <lemma_idmwb tag="???"/>
      <pos tag="NA"/>
      <pos_gen tag="NA"/>
      <infl tag="Akk.Sg"/>
      <inflClass tag="stu.Masc"/>
      <inflClass_gen tag="stu.Masc"/>
    </tok_anno>
  </token>
  <token id="t72" trans="mugen" type="token">
    <tok_dipl id="t72_d1" trans="mugen" utf="mugen"/>
    <tok_anno ascii="mugen" id="t72_m1" trans="mugen" utf="mugen">
      <norm tag="mügen"/>
      <lemma tag="mügen"/>
      <lemma_gen tag="mügen"/>
      <lemma_idmwb tag="116097000"/>
      <pos tag="VMFIN"/>
      <pos_gen tag="VM"/>
      <infl tag="*.Pres.Sg.3"/>
      <inflClass tag="prpr"/>
      <inflClass_gen tag="prpr"/>
    </tok_anno>
  </token>
  <token id="t73" trans="ha=ben" type="token">
    <tok_dipl id="t73_d1" trans="ha=ben" utf="ha=ben"/>
    <tok_anno ascii="ha=ben" id="t73_m1" trans="ha=ben" utf="ha=ben">
      <norm tag="haben"/>
      <lemma tag="haben"/>
      <lemma_gen tag="haben"/>
      <lemma_idmwb tag="66885000"/>
      <pos tag="VAINF"/>
      <pos_gen tag="VA"/>
      <infl tag="--"/>
      <inflClass tag="wk"/>
      <inflClass_gen tag="wk"/>
    </tok_anno>
  </token>
  <token id="t74" trans="." type="punc">
    <tok_dipl id="t74_d1" trans="." utf="."/>
    <tok_anno ascii="." id="t74_m1" trans="." utf=".">
      <pos tag="$_"/>
      <pos_gen tag="$_"/>
    </tok_anno>
  </token>
  <token id="t75" trans="an" type="token">
    <tok_dipl id="t75_d1" trans="an" utf="an"/>
    <tok_anno ascii="an" id="t75_m1" trans="an" utf="an">
      <norm tag="an"/>
      <lemma tag="ane"/>
      <lemma_gen tag="ane"/>
      <lemma_idmwb tag="5691000"/>
      <pos tag="APPR"/>
      <pos_gen tag="AP"/>
      <infl tag="--"/>
      <inflClass tag="--"/>
      <inflClass_gen tag="--"/>
    </tok_anno>
  </token>
  <token id="t76" trans="minem" type="token">
    <tok_dipl id="t76_d1" trans="minem" utf="minem"/>
    <tok_anno ascii="minem" id="t76_m1" trans="minem" utf="minem">
      <norm tag="mînem"/>
      <lemma tag="mîn"/>
      <lemma_gen tag="mîn"/>
      <lemma_idmwb tag="112026000"/>
      <pos tag="DPOSA"/>
      <pos_gen tag="DPOS"/>
      <infl tag="Masc.Dat.Sg.st"/>
      <inflClass tag="--"/>
      <inflClass_gen tag="--"/>
    </tok_anno>
  </token>
  <token id="t77" trans="gelovben" type="token">
    <tok_dipl id="t77_d1" trans="gelovben" utf="gelovben"/>
    <tok_anno ascii="gelovben" id="t77_m1" trans="gelovben" utf="gelovben">
      <norm tag="gelouben"/>
      <lemma tag="ge-loube"/>
      <lemma_gen tag="ge-loube"/>
      <lemma_idmwb tag="???"/>
      <pos tag="NA"/>
      <pos_gen tag="NA"/>
      <infl tag="Dat.Sg"/>
      <inflClass tag="*.Masc"/>
      <inflClass_gen tag="*.Masc"/>
    </tok_anno>
  </token>
  <token id="t78" trans="." type="punc">
    <tok_dipl id="t78_d1" trans="." utf="."/>
    <tok_anno ascii="." id="t78_m1" trans="." utf=".">
      <pos tag="$_"/>
      <pos_gen tag="$_"/>
    </tok_anno>
  </token>
  <token id="t79" trans="noch" type="token">
    <tok_dipl id="t79_d1" trans="noch" utf="noch"/>
    <tok_anno ascii="noch" id="t79_m1" trans="noch" utf="noch">
      <norm tag="noch"/>
      <lemma tag="noh"/>
      <lemma_gen tag="noh"/>
      <lemma_idmwb tag="121980000"/>
      <pos tag="KON"/>
      <pos_gen tag="KO"/>
      <infl tag="--"/>
      <inflClass tag="--"/>
      <inflClass_gen tag="--"/>
    </tok_anno>
  </token>
  <token id="t80" trans="an" type="token">
    <tok_dipl id="t80_d1" trans="an" utf="an"/>
    <tok_anno ascii="an" id="t80_m1" trans="an" utf="an">
      <norm tag="an"/>
      <lemma tag="ane"/>
      <lemma_gen tag="ane"/>
      <lemma_idmwb tag="5691000"/>
      <pos tag="APPR"/>
      <pos_gen tag="AP"/>
      <infl tag="--"/>
      <inflClass tag="--"/>
      <inflClass_gen tag="--"/>
    </tok_anno>
  </token>
  <token id="t81" trans="miner" type="token">
    <tok_dipl id="t81_d1" trans="miner" utf="miner"/>
    <tok_anno ascii="miner" id="t81_m1" trans="miner" utf="miner">
      <norm tag="mîner"/>
      <lemma tag="mîn"/>
      <lemma_gen tag="mîn"/>
      <lemma_idmwb tag="112026000"/>
      <pos tag="DPOSA"/>
      <pos_gen tag="DPOS"/>
      <infl tag="Fem.Dat.Sg.st"/>
      <inflClass tag="--"/>
      <inflClass_gen tag="--"/>
    </tok_anno>
  </token>
  <token id="t82" trans="$ele" type="token">
    <tok_dipl id="t82_d1" trans="$ele" utf="ſele"/>
    <tok_anno ascii="sele" id="t82_m1" trans="$ele" utf="ſele">
      <norm tag="sêle"/>
      <lemma tag="sêle"/>
      <lemma_gen tag="sêle"/>
      <lemma_idmwb tag="147720000"/>
      <pos tag="NA"/>
      <pos_gen tag="NA"/>
      <infl tag="Dat.Sg"/>
      <inflClass tag="st.Fem"/>
      <inflClass_gen tag="*.Fem"/>
    </tok_anno>
  </token>
  <token id="t83" trans="%." type="punc">
    <tok_dipl id="t83_d1" trans="%." utf="·"/>
    <tok_anno ascii="." id="t83_m1" trans="%." utf="·">
      <pos tag="$_"/>
      <pos_gen tag="$_"/>
    </tok_anno>
  </token>
  <token id="t84" trans="noch" type="token">
    <tok_dipl id="t84_d1" trans="noch" utf="noch"/>
    <tok_anno ascii="noch" id="t84_m1" trans="noch" utf="noch">
      <norm tag="noch"/>
      <lemma tag="noh"/>
      <lemma_gen tag="noh"/>
      <lemma_idmwb tag="121980000"/>
      <pos tag="KON"/>
      <pos_gen tag="KO"/>
      <infl tag="--"/>
      <inflClass tag="--"/>
      <inflClass_gen tag="--"/>
    </tok_anno>
  </token>
  <token id="t85" trans="an||minem" type="token">
    <tok_dipl id="t85_d1" trans="anminem" utf="anminem"/>
    <tok_anno ascii="an" id="t85_m1" trans="an|" utf="an">
      <norm tag="an"/>
      <token_type tag="MS1"/>
      <lemma tag="ane"/>
      <lemma_gen tag="ane"/>
      <lemma_idmwb tag="5691000"/>
      <pos tag="APPR"/>
      <pos_gen tag="AP"/>
      <infl tag="--"/>
      <inflClass tag="--"/>
      <inflClass_gen tag="--"/>
    </tok_anno>
    <tok_anno ascii="minem" id="t85_m2" trans="|minem" utf="minem">
      <norm tag="mînem"/>
      <token_type tag="MS2"/>
      <lemma tag="mîn"/>
      <lemma_gen tag="mîn"/>
      <lemma_idmwb tag="112026000"/>
      <pos tag="DPOSA"/>
      <pos_gen tag="DPOS"/>
      <infl tag="Masc.Dat.Sg.st"/>
      <inflClass tag="--"/>
      <inflClass_gen tag="--"/>
    </tok_anno>
  </token>
  <token id="t86" trans="lichnamen(.)" type="token">
    <tok_dipl id="t86_d1" trans="lichnamen" utf="lichnamen"/>
    <tok_anno ascii="lichnamen" id="t86_m1" trans="lichnamen" utf="lichnamen">
      <norm tag="lîchnamen"/>
      <lemma tag="lîchnam(e)"/>
      <lemma_gen tag="lîchnam(e)"/>
      <lemma_idmwb tag="102234000"/>
      <pos tag="NA"/>
      <pos_gen tag="NA"/>
      <infl tag="Dat.Sg"/>
      <inflClass tag="st.Masc"/>
      <inflClass_gen tag="st.Masc,Neut"/>
      <punc tag="DE"/>
    </tok_anno>
  </token>
  <token id="t87" trans="." type="punc">
    <tok_dipl id="t87_d1" trans="." utf="."/>
    <tok_anno ascii="." id="t87_m1" trans="." utf=".">
      <pos tag="$_"/>
      <pos_gen tag="$_"/>
      <punc tag="$E"/>
    </tok_anno>
  </token>
  <token id="t88" trans="*(H*)eiliger" type="token">
    <tok_dipl id="t88_d1" trans="*(H*)eiliger" utf="Heiliger"/>
    <tok_anno ascii="Heiliger" id="t88_m1" trans="*(H*)eiliger" utf="Heiliger">
      <norm tag="heiliger"/>
      <lemma tag="hèilig"/>
      <lemma_gen tag="hèilig"/>
      <lemma_idmwb tag="70113000"/>
      <pos tag="ADJA"/>
      <pos_gen tag="ADJ"/>
      <infl tag="Pos.Masc.Nom.Sg.st"/>
      <inflClass tag="--"/>
      <inflClass_gen tag="--"/>
    </tok_anno>
  </token>
  <token id="t89" trans="engel,," type="token">
    <tok_dipl id="t89_d1" trans="engel" utf="engel"/>
    <tok_anno ascii="engel" id="t89_m1" trans="engel" utf="engel">
      <norm tag="engel"/>
      <lemma tag="èngel"/>
      <lemma_gen tag="èngel"/>
      <lemma_idmwb tag="37740000"/>
      <pos tag="NA"/>
      <pos_gen tag="NA"/>
      <infl tag="Nom.Sg"/>
      <inflClass tag="st.Masc"/>
      <inflClass_gen tag="st.Masc"/>
      <punc tag="S*"/>
    </tok_anno>
  </token>
  <token id="t90" trans="." type="punc">
    <tok_dipl id="t90_d1" trans="." utf="."/>
    <tok_anno ascii="." id="t90_m1" trans="." utf=".">
      <pos tag="$_"/>
      <pos_gen tag="$_"/>
    </tok_anno>
  </token>
  <token id="t91" trans="durch" type="token">
    <tok_dipl id="t91_d1" trans="durch" utf="durch"/>
    <tok_anno ascii="durch" id="t91_m1" trans="durch" utf="durch">
      <norm tag="durch"/>
      <lemma tag="durh"/>
      <lemma_gen tag="durh"/>
      <lemma_idmwb tag="32826000"/>
      <pos tag="APPR"/>
      <pos_gen tag="AP"/>
      <infl tag="--"/>
      <inflClass tag="--"/>
      <inflClass_gen tag="--"/>
    </tok_anno>
  </token>
  <token id="t92" trans="des" type="token">
    <tok_dipl id="t92_d1" trans="des" utf="des"/>
    <tok_anno ascii="des" id="t92_m1" trans="des" utf="des">
      <norm tag="des"/>
      <lemma tag="dër"/>
      <lemma_gen tag="dër"/>
      <lemma_idmwb tag="29817000"/>
      <pos tag="DDART"/>
      <pos_gen tag="DD"/>
      <infl tag="Masc.Gen.Sg"/>
      <inflClass tag="--"/>
      <inflClass_gen tag="--"/>
    </tok_anno>
  </token>
  <token id="t93" trans="frides" type="token">
    <tok_dipl id="t93_d1" trans="frides" utf="frides"/>
    <tok_anno ascii="frides" id="t93_m1" trans="frides" utf="frides">
      <norm tag="vrides"/>
      <lemma tag="vride"/>
      <lemma_gen tag="vride"/>
      <lemma_idmwb tag="215664000"/>
      <pos tag="NA"/>
      <pos_gen tag="NA"/>
      <infl tag="Gen.Sg"/>
      <inflClass tag="*.Masc"/>
      <inflClass_gen tag="*.Masc"/>
    </tok_anno>
  </token>
  <token id="t94" trans="ere,," type="token">
    <tok_dipl id="t94_d1" trans="ere" utf="ere"/>
    <tok_anno ascii="ere" id="t94_m1" trans="ere" utf="ere">
      <norm tag="êre"/>
      <lemma tag="êre"/>
      <lemma_gen tag="êre"/>
      <lemma_idmwb tag="41379000"/>
      <pos tag="NA"/>
      <pos_gen tag="NA"/>
      <infl tag="Akk.Sg"/>
      <inflClass tag="st.Fem"/>
      <inflClass_gen tag="*.Fem"/>
      <punc tag="S*"/>
    </tok_anno>
  </token>
  <token id="t95" trans="den" type="token">
    <tok_dipl id="t95_d1" trans="den" utf="den"/>
    <tok_anno ascii="den" id="t95_m1" trans="den" utf="den">
      <norm tag="den"/>
      <lemma tag="danne"/>
      <lemma_gen tag="danne"/>
      <lemma_idmwb tag="???"/>
      <pos tag="AVD"/>
      <pos_gen tag="AVD"/>
      <infl tag="--"/>
      <inflClass tag="--"/>
      <inflClass_gen tag="--"/>
    </tok_anno>
  </token>
  <token id="t96" trans="du" type="token">
    <tok_dipl id="t96_d1" trans="du" utf="du"/>
    <tok_anno ascii="du" id="t96_m1" trans="du" utf="du">
      <norm tag="dû"/>
      <lemma tag="dû"/>
      <lemma_gen tag="dû"/>
      <lemma_idmwb tag="32607000"/>
      <pos tag="PPER"/>
      <pos_gen tag="PPER"/>
      <infl tag="Nom.Sg.2"/>
      <inflClass tag="--"/>
      <inflClass_gen tag="--"/>
    </tok_anno>
  </token>
  <token id="t97" trans="$a_ehe" type="token">
    <tok_dipl id="t97_d1" trans="$a_ehe" utf="ſa‍ehe"/>
    <tok_anno ascii="saehe" id="t97_m1" trans="$a_ehe" utf="ſa‍ehe">
      <norm tag="sæhe"/>
      <lemma tag="sëhen"/>
      <lemma_gen tag="sëhen"/>
      <lemma_idmwb tag="147189000"/>
      <pos tag="VVFIN"/>
      <pos_gen tag="VV"/>
      <infl tag="Ind.Past.Sg.2"/>
      <inflClass tag="st5"/>
      <inflClass_gen tag="st5"/>
    </tok_anno>
  </token>
  <token id="t98" trans="den" type="token">
    <tok_dipl id="t98_d1" trans="den" utf="den"/>
    <tok_anno ascii="den" id="t98_m1" trans="den" utf="den">
      <norm tag="den"/>
      <lemma tag="dër"/>
      <lemma_gen tag="dër"/>
      <lemma_idmwb tag="29817000"/>
      <pos tag="DDART"/>
      <pos_gen tag="DD"/>
      <infl tag="Masc.Akk.Sg"/>
      <inflClass tag="--"/>
      <inflClass_gen tag="--"/>
    </tok_anno>
  </token>
  <token id="t99" trans="gotes#$un" type="token">
    <tok_dipl id="t99_d1" trans="gotes" utf="gotes"/>
    <tok_dipl id="t99_d2" trans="$un" utf="ſun"/>
    <tok_anno ascii="gotessun" id="t99_m1" trans="gotes#$un" utf="gotesſun">
      <norm tag="gotessun"/>
      <token_type tag="US"/>
      <lemma tag="gotes-sun"/>
      <lemma_gen tag="gotes-sun"/>
      <lemma_idmwb tag="63666000"/>
      <pos tag="NA"/>
      <pos_gen tag="NA"/>
      <infl tag="Akk.Sg"/>
      <inflClass tag="stu.Masc"/>
      <inflClass_gen tag="stu.Masc"/>
    </tok_anno>
  </token>
  <token id="t100" trans="chovfen" type="token">
    <tok_dipl id="t100_d1" trans="chovfen" utf="chovfen"/>
    <tok_anno ascii="chovfen" id="t100_m1" trans="chovfen" utf="chovfen">
      <norm tag="koufen"/>
      <lemma tag="koufen"/>
      <lemma_gen tag="koufen"/>
      <lemma_idmwb tag="94245000"/>
      <pos tag="VVINF"/>
      <pos_gen tag="VV"/>
      <infl tag="--"/>
      <inflClass tag="wk"/>
      <inflClass_gen tag="wk"/>
    </tok_anno>
  </token>
  <token id="t101" trans="." type="punc">
    <tok_dipl id="t101_d1" trans="." utf="."/>
    <tok_anno ascii="." id="t101_m1" trans="." utf=".">
      <pos tag="$_"/>
      <pos_gen tag="$_"/>
    </tok_anno>
  </token>
  <token id="t102" trans="mit" type="token">
    <tok_dipl id="t102_d1" trans="mit" utf="mit"/>
    <tok_anno ascii="mit" id="t102_m1" trans="mit" utf="mit">
      <norm tag="mit"/>
      <lemma tag="mit"/>
      <lemma_gen tag="mit"/>
      <lemma_idmwb tag="113898000"/>
      <pos tag="APPR"/>
      <pos_gen tag="AP"/>
      <infl tag="--"/>
      <inflClass tag="--"/>
      <inflClass_gen tag="--"/>
    </tok_anno>
  </token>
  <token id="t103" trans="$in" type="token">
    <tok_dipl id="t103_d1" trans="$in" utf="ſin"/>
    <tok_anno ascii="sin" id="t103_m1" trans="$in" utf="ſin">
      <norm tag="sîn"/>
      <lemma tag="ër"/>
      <lemma_gen tag="ër"/>
      <lemma_idmwb tag="40380000"/>
      <pos tag="PPER"/>
      <pos_gen tag="PPER"/>
      <infl tag="Masc.Gen.Sg.3"/>
      <inflClass tag="--"/>
      <inflClass_gen tag="--"/>
    </tok_anno>
  </token>
  <token id="t104" trans="$elbis" type="token">
    <tok_dipl id="t104_d1" trans="$elbis" utf="ſelbis"/>
    <tok_anno ascii="selbis" id="t104_m1" trans="$elbis" utf="ſelbis">
      <norm tag="selbes"/>
      <lemma tag="sëlb"/>
      <lemma_gen tag="sëlb"/>
      <lemma_idmwb tag="147849000"/>
      <pos tag="DDA"/>
      <pos_gen tag="DD"/>
      <infl tag="Masc.Gen.Sg.st"/>
      <inflClass tag="--"/>
      <inflClass_gen tag="--"/>
    </tok_anno>
  </token>
  <token id="t105" trans="libe" type="token">
    <tok_dipl id="t105_d1" trans="libe" utf="libe"/>
    <tok_anno ascii="libe" id="t105_m1" trans="libe" utf="libe">
      <norm tag="lîbes"/>
      <lemma tag="lîb"/>
      <lemma_gen tag="lîb"/>
      <lemma_idmwb tag="103638000"/>
      <pos tag="NA"/>
      <pos_gen tag="NA"/>
      <infl tag="Gen.Sg"/>
      <inflClass tag="st.Masc"/>
      <inflClass_gen tag="st.Masc,Neut"/>
    </tok_anno>
  </token>
  <token id="t106" trans="%." type="punc">
    <tok_dipl id="t106_d1" trans="%." utf="·"/>
    <tok_anno ascii="." id="t106_m1" trans="%." utf="·">
      <pos tag="$_"/>
      <pos_gen tag="$_"/>
    </tok_anno>
  </token>
  <token id="t107" trans="zui$=chen" type="token">
    <tok_dipl id="t107_d1" trans="zui$=chen" utf="zuiſ=chen"/>
    <tok_anno ascii="zuis=chen" id="t107_m1" trans="zui$=chen" utf="zuiſ=chen">
      <norm tag="zwischen"/>
      <lemma tag="zwischen"/>
      <lemma_gen tag="zwischen"/>
      <lemma_idmwb tag="243024000"/>
      <pos tag="APPR"/>
      <pos_gen tag="AP"/>
      <infl tag="--"/>
      <inflClass tag="--"/>
      <inflClass_gen tag="--"/>
    </tok_anno>
  </token>
  <token id="t108" trans="dem" type="token">
    <tok_dipl id="t108_d1" trans="dem" utf="dem"/>
    <tok_anno ascii="dem" id="t108_m1" trans="dem" utf="dem">
      <norm tag="dem"/>
      <lemma tag="dër"/>
      <lemma_gen tag="dër"/>
      <lemma_idmwb tag="29817000"/>
      <pos tag="DDART"/>
      <pos_gen tag="DD"/>
      <infl tag="Masc.Dat.Sg"/>
      <inflClass tag="--"/>
      <inflClass_gen tag="--"/>
    </tok_anno>
  </token>
  <token id="t109" trans="engel" type="token">
    <tok_dipl id="t109_d1" trans="engel" utf="engel"/>
    <tok_anno ascii="engel" id="t109_m1" trans="engel" utf="engel">
      <norm tag="engel"/>
      <lemma tag="èngel"/>
      <lemma_gen tag="èngel"/>
      <lemma_idmwb tag="37740000"/>
      <pos tag="NA"/>
      <pos_gen tag="NA"/>
      <infl tag="Dat.Sg"/>
      <inflClass tag="st.Masc"/>
      <inflClass_gen tag="st.Masc"/>
    </tok_anno>
  </token>
  <token id="t110" trans="unt" type="token">
    <tok_dipl id="t110_d1" trans="unt" utf="unt"/>
    <tok_anno ascii="unt" id="t110_m1" trans="unt" utf="unt">
      <norm tag="und"/>
      <lemma tag="unte"/>
      <lemma_gen tag="unte"/>
      <lemma_idmwb tag="183108000"/>
      <pos tag="KON"/>
      <pos_gen tag="KO"/>
      <infl tag="--"/>
      <inflClass tag="--"/>
      <inflClass_gen tag="--"/>
    </tok_anno>
  </token>
  <token id="t111" trans="dem" type="token">
    <tok_dipl id="t111_d1" trans="dem" utf="dem"/>
    <tok_anno ascii="dem" id="t111_m1" trans="dem" utf="dem">
      <norm tag="dem"/>
      <lemma tag="dër"/>
      <lemma_gen tag="dër"/>
      <lemma_idmwb tag="29817000"/>
      <pos tag="DDART"/>
      <pos_gen tag="DD"/>
      <infl tag="Masc.Dat.Sg"/>
      <inflClass tag="--"/>
      <inflClass_gen tag="--"/>
    </tok_anno>
  </token>
  <token id="t112" trans="men$chen,," type="token">
    <tok_dipl id="t112_d1" trans="men$chen" utf="menſchen"/>
    <tok_anno ascii="menschen" id="t112_m1" trans="men$chen" utf="menſchen">
      <norm tag="mennischen"/>
      <lemma tag="mèn(ni)sche"/>
      <lemma_gen tag="mèn(ni)sche"/>
      <lemma_idmwb tag="110340000"/>
      <pos tag="NA"/>
      <pos_gen tag="NA"/>
      <infl tag="Dat.Sg"/>
      <inflClass tag="st.Masc"/>
      <inflClass_gen tag="st.Masc,Neut"/>
      <punc tag="S*"/>
    </tok_anno>
  </token>
  <token id="t113" trans="." type="punc">
    <tok_dipl id="t113_d1" trans="." utf="."/>
    <tok_anno ascii="." id="t113_m1" trans="." utf=".">
      <pos tag="$_"/>
      <pos_gen tag="$_"/>
    </tok_anno>
  </token>
  <token id="t114" trans="daz" type="token">
    <tok_dipl id="t114_d1" trans="daz" utf="daz"/>
    <tok_anno ascii="daz" id="t114_m1" trans="daz" utf="daz">
      <norm tag="daz"/>
      <lemma tag="dazz"/>
      <lemma_gen tag="dazz"/>
      <lemma_idmwb tag="29484000"/>
      <pos tag="KOUS"/>
      <pos_gen tag="KO"/>
      <infl tag="--"/>
      <inflClass tag="--"/>
      <inflClass_gen tag="--"/>
    </tok_anno>
  </token>
  <token id="t115" trans="du" type="token">
    <tok_dipl id="t115_d1" trans="du" utf="du"/>
    <tok_anno ascii="du" id="t115_m1" trans="du" utf="du">
      <norm tag="dû"/>
      <lemma tag="dû"/>
      <lemma_gen tag="dû"/>
      <lemma_idmwb tag="32607000"/>
      <pos tag="PPER"/>
      <pos_gen tag="PPER"/>
      <infl tag="Nom.Sg.2"/>
      <inflClass tag="--"/>
      <inflClass_gen tag="--"/>
    </tok_anno>
  </token>
  <token id="t116" trans="mir" type="token">
    <tok_dipl id="t116_d1" trans="mir" utf="mir"/>
    <tok_anno ascii="mir" id="t116_m1" trans="mir" utf="mir">
      <norm tag="mir"/>
      <lemma tag="ich"/>
      <lemma_gen tag="ich"/>
      <lemma_idmwb tag="81210000"/>
      <pos tag="PPER"/>
      <pos_gen tag="PPER"/>
      <infl tag="Dat.Sg.1"/>
      <inflClass tag="--"/>
      <inflClass_gen tag="--"/>
    </tok_anno>
  </token>
  <token id="t117" trans="fride" type="token">
    <tok_dipl id="t117_d1" trans="fride" utf="fride"/>
    <tok_anno ascii="fride" id="t117_m1" trans="fride" utf="fride">
      <norm tag="vride"/>
      <lemma tag="vride"/>
      <lemma_gen tag="vride"/>
      <lemma_idmwb tag="215664000"/>
      <pos tag="NA"/>
      <pos_gen tag="NA"/>
      <infl tag="Akk.Sg"/>
      <inflClass tag="*.Masc"/>
      <inflClass_gen tag="*.Masc"/>
    </tok_anno>
  </token>
  <token id="t118" trans="$caffe$t" type="token">
    <tok_dipl id="t118_d1" trans="$caffe$t" utf="ſcaffeſt"/>
    <tok_anno ascii="scaffest" id="t118_m1" trans="$caffe$t" utf="ſcaffeſt">
      <norm tag="schaffest"/>
      <lemma tag="schaffen"/>
      <lemma_gen tag="schaffen"/>
      <lemma_idmwb tag="140976000"/>
      <pos tag="VVFIN"/>
      <pos_gen tag="VV"/>
      <infl tag="*.Pres.Sg.2"/>
      <inflClass tag="wk"/>
      <inflClass_gen tag="wk"/>
    </tok_anno>
  </token>
  <token id="t119" trans="uo_r" type="token">
    <tok_dipl id="t119_d1" trans="uo_r" utf="uo‍r"/>
    <tok_anno ascii="uor" id="t119_m1" trans="uo_r" utf="uo‍r">
      <norm tag="vore"/>
      <lemma tag="vor(e)"/>
      <lemma_gen tag="vor(e)"/>
      <lemma_idmwb tag="213246000"/>
      <pos tag="APPR"/>
      <pos_gen tag="AP"/>
      <infl tag="--"/>
      <inflClass tag="--"/>
      <inflClass_gen tag="--"/>
    </tok_anno>
  </token>
  <token id="t120" trans="dem" type="token">
    <tok_dipl id="t120_d1" trans="dem" utf="dem"/>
    <tok_anno ascii="dem" id="t120_m1" trans="dem" utf="dem">
      <norm tag="dem"/>
      <lemma tag="dër"/>
      <lemma_gen tag="dër"/>
      <lemma_idmwb tag="29817000"/>
      <pos tag="DDART"/>
      <pos_gen tag="DD"/>
      <infl tag="Masc.Dat.Sg"/>
      <inflClass tag="--"/>
      <inflClass_gen tag="--"/>
    </tok_anno>
  </token>
  <token id="t121" trans="tieuel" type="token">
    <tok_dipl id="t121_d1" trans="tieuel" utf="tieuel"/>
    <tok_anno ascii="tieuel" id="t121_m1" trans="tieuel" utf="tieuel">
      <norm tag="tiuvel"/>
      <lemma tag="tiuvel"/>
      <lemma_gen tag="tiuvel"/>
      <lemma_idmwb tag="168678000"/>
      <pos tag="NA"/>
      <pos_gen tag="NA"/>
      <infl tag="Dat.Sg"/>
      <inflClass tag="st.Masc"/>
      <inflClass_gen tag="st.Masc"/>
    </tok_anno>
  </token>
  <token id="t122" trans="an" type="token">
    <tok_dipl id="t122_d1" trans="an" utf="an"/>
    <tok_anno ascii="an" id="t122_m1" trans="an" utf="an">
      <norm tag="an"/>
      <lemma tag="ane"/>
      <lemma_gen tag="ane"/>
      <lemma_idmwb tag="5691000"/>
      <pos tag="APPR"/>
      <pos_gen tag="AP"/>
      <infl tag="--"/>
      <inflClass tag="--"/>
      <inflClass_gen tag="--"/>
    </tok_anno>
  </token>
  <token id="t123" trans="míner" type="token">
    <tok_dipl id="t123_d1" trans="míner" utf="míner"/>
    <tok_anno ascii="miner" id="t123_m1" trans="míner" utf="míner">
      <norm tag="mîner"/>
      <lemma tag="mîn"/>
      <lemma_gen tag="mîn"/>
      <lemma_idmwb tag="112026000"/>
      <pos tag="DPOSA"/>
      <pos_gen tag="DPOS"/>
      <infl tag="Fem.Dat.Sg.st"/>
      <inflClass tag="--"/>
      <inflClass_gen tag="--"/>
    </tok_anno>
  </token>
  <token id="t124" trans="iungi$ten" type="token">
    <tok_dipl id="t124_d1" trans="iungi$ten" utf="iungiſten"/>
    <tok_anno ascii="iungisten" id="t124_m1" trans="iungi$ten" utf="iungiſten">
      <norm tag="jungesten"/>
      <lemma tag="jung"/>
      <lemma_gen tag="jung"/>
      <lemma_idmwb tag="85869000"/>
      <pos tag="ADJA"/>
      <pos_gen tag="ADJ"/>
      <infl tag="Pos.Fem.Dat.Sg.wk"/>
      <inflClass tag="--"/>
      <inflClass_gen tag="--"/>
    </tok_anno>
  </token>
  <token id="t125" trans="wile(.)" type="token">
    <tok_dipl id="t125_d1" trans="wile" utf="wile"/>
    <tok_anno ascii="wile" id="t125_m1" trans="wile" utf="wile">
      <norm tag="wîle"/>
      <lemma tag="wîl(e)"/>
      <lemma_gen tag="wîl(e)"/>
      <lemma_idmwb tag="229614000"/>
      <pos tag="NA"/>
      <pos_gen tag="NA"/>
      <infl tag="Dat.Sg"/>
      <inflClass tag="st.Fem"/>
      <inflClass_gen tag="*.Fem"/>
      <punc tag="DE"/>
    </tok_anno>
  </token>
  <token id="t126" trans="%." type="punc">
    <tok_dipl id="t126_d1" trans="%." utf="·"/>
    <tok_anno ascii="." id="t126_m1" trans="%." utf="·">
      <pos tag="$_"/>
      <pos_gen tag="$_"/>
      <punc tag="$E"/>
    </tok_anno>
  </token>
  <token id="t127" trans="*{D*2}s\-" type="token">
    <tok_dipl id="t127_d1" trans="*{D*2}s\-" utf="Ds̄"/>
    <tok_anno ascii="Dsen" id="t127_m1" trans="*{D*2}s\-" utf="Ds̄">
      <norm tag="--"/>
      <lemma tag="[!]"/>
      <lemma_gen tag="[!]"/>
      <lemma_idmwb tag="--"/>
      <pos tag="FM"/>
      <pos_gen tag="FM"/>
      <infl tag="--"/>
      <inflClass tag="--"/>
      <inflClass_gen tag="--"/>
    </tok_anno>
  </token>
  <comment type="K">/L[+]</comment>
  <token id="t128" trans="cui%9" type="token">
    <tok_dipl id="t128_d1" trans="cui%9" utf="cuiꝰ"/>
    <tok_anno ascii="cuius" id="t128_m1" trans="cui%9" utf="cuiꝰ">
      <norm tag="--"/>
      <lemma tag="[!]"/>
      <lemma_gen tag="[!]"/>
      <lemma_idmwb tag="--"/>
      <pos tag="FM"/>
      <pos_gen tag="FM"/>
      <infl tag="--"/>
      <inflClass tag="--"/>
      <inflClass_gen tag="--"/>
    </tok_anno>
  </token>
  <token id="t129" trans="ᵱuidentia" type="token">
    <tok_dipl id="t129_d1" trans="ᵱuidentia" utf="ᵱuidentia"/>
    <tok_anno ascii="ᵱuidentia" id="t129_m1" trans="ᵱuidentia" utf="ᵱuidentia">
      <norm tag="--"/>
      <lemma tag="[!]"/>
      <lemma_gen tag="[!]"/>
      <lemma_idmwb tag="--"/>
      <pos tag="FM"/>
      <pos_gen tag="FM"/>
      <infl tag="--"/>
      <inflClass tag="--"/>
      <inflClass_gen tag="--"/>
    </tok_anno>
  </token>
  <token id="t130" trans="humano" type="token">
    <tok_dipl id="t130_d1" trans="humano" utf="humano"/>
    <tok_anno ascii="humano" id="t130_m1" trans="humano" utf="humano">
      <norm tag="--"/>
      <lemma tag="[!]"/>
      <lemma_gen tag="[!]"/>
      <lemma_idmwb tag="--"/>
      <pos tag="FM"/>
      <pos_gen tag="FM"/>
      <infl tag="--"/>
      <inflClass tag="--"/>
      <inflClass_gen tag="--"/>
    </tok_anno>
  </token>
  <token id="t131" trans="generi" type="token">
    <tok_dipl id="t131_d1" trans="generi" utf="generi"/>
    <tok_anno ascii="generi" id="t131_m1" trans="generi" utf="generi">
      <norm tag="--"/>
      <lemma tag="[!]"/>
      <lemma_gen tag="[!]"/>
      <lemma_idmwb tag="--"/>
      <pos tag="FM"/>
      <pos_gen tag="FM"/>
      <infl tag="--"/>
      <inflClass tag="--"/>
      <inflClass_gen tag="--"/>
    </tok_anno>
  </token>
  <token id="t132" trans="an(=)gelica" type="token">
    <tok_dipl id="t132_d1" trans="angelica" utf="angelica"/>
    <tok_anno ascii="angelica" id="t132_m1" trans="an(=)gelica" utf="angelica">
      <norm tag="--"/>
      <token_type tag="UL"/>
      <lemma tag="[!]"/>
      <lemma_gen tag="[!]"/>
      <lemma_idmwb tag="--"/>
      <pos tag="FM"/>
      <pos_gen tag="FM"/>
      <infl tag="--"/>
      <inflClass tag="--"/>
      <inflClass_gen tag="--"/>
    </tok_anno>
  </token>
  <token id="t133" trans="mini$teria" type="token">
    <tok_dipl id="t133_d1" trans="mini$teria" utf="miniſteria"/>
    <tok_anno ascii="ministeria" id="t133_m1" trans="mini$teria" utf="miniſteria">
      <norm tag="--"/>
      <lemma tag="[!]"/>
      <lemma_gen tag="[!]"/>
      <lemma_idmwb tag="--"/>
      <pos tag="FM"/>
      <pos_gen tag="FM"/>
      <infl tag="--"/>
      <inflClass tag="--"/>
      <inflClass_gen tag="--"/>
    </tok_anno>
  </token>
  <token id="t134" trans="$ub" type="token">
    <tok_dipl id="t134_d1" trans="$ub" utf="ſub"/>
    <tok_anno ascii="sub" id="t134_m1" trans="$ub" utf="ſub">
      <norm tag="--"/>
      <lemma tag="[!]"/>
      <lemma_gen tag="[!]"/>
      <lemma_idmwb tag="--"/>
      <pos tag="FM"/>
      <pos_gen tag="FM"/>
      <infl tag="--"/>
      <inflClass tag="--"/>
      <inflClass_gen tag="--"/>
    </tok_anno>
  </token>
  <token id="t135" trans="míni$trant" type="token">
    <tok_dipl id="t135_d1" trans="míni$trant" utf="míniſtrant"/>
    <tok_anno ascii="ministrant" id="t135_m1" trans="míni$trant" utf="míniſtrant">
      <norm tag="--"/>
      <lemma tag="[!]"/>
      <lemma_gen tag="[!]"/>
      <lemma_idmwb tag="--"/>
      <pos tag="FM"/>
      <pos_gen tag="FM"/>
      <infl tag="--"/>
      <inflClass tag="--"/>
      <inflClass_gen tag="--"/>
    </tok_anno>
  </token>
  <token id="t136" trans="conce(=)de" type="token">
    <tok_dipl id="t136_d1" trans="concede" utf="concede"/>
    <tok_anno ascii="concede" id="t136_m1" trans="conce(=)de" utf="concede">
      <norm tag="--"/>
      <token_type tag="UL"/>
      <lemma tag="[!]"/>
      <lemma_gen tag="[!]"/>
      <lemma_idmwb tag="--"/>
      <pos tag="FM"/>
      <pos_gen tag="FM"/>
      <infl tag="--"/>
      <inflClass tag="--"/>
      <inflClass_gen tag="--"/>
    </tok_anno>
  </token>
  <token id="t137" trans="ᵱ_picius" type="token">
    <tok_dipl id="t137_d1" trans="ᵱ_picius" utf="ᵱ‍picius"/>
    <tok_anno ascii="ᵱpicius" id="t137_m1" trans="ᵱ_picius" utf="ᵱ‍picius">
      <norm tag="--"/>
      <lemma tag="[!]"/>
      <lemma_gen tag="[!]"/>
      <lemma_idmwb tag="--"/>
      <pos tag="FM"/>
      <pos_gen tag="FM"/>
      <infl tag="--"/>
      <inflClass tag="--"/>
      <inflClass_gen tag="--"/>
    </tok_anno>
  </token>
  <token id="t138" trans="ut" type="token">
    <tok_dipl id="t138_d1" trans="ut" utf="ut"/>
    <tok_anno ascii="ut" id="t138_m1" trans="ut" utf="ut">
      <norm tag="--"/>
      <lemma tag="[!]"/>
      <lemma_gen tag="[!]"/>
      <lemma_idmwb tag="--"/>
      <pos tag="FM"/>
      <pos_gen tag="FM"/>
      <infl tag="--"/>
      <inflClass tag="--"/>
      <inflClass_gen tag="--"/>
    </tok_anno>
  </token>
  <token id="t139" trans="$c\-m" type="token">
    <tok_dipl id="t139_d1" trans="$c\-m" utf="ſc̄m"/>
    <tok_anno ascii="scem" id="t139_m1" trans="$c\-m" utf="ſc̄m">
      <norm tag="--"/>
      <lemma tag="[!]"/>
      <lemma_gen tag="[!]"/>
      <lemma_idmwb tag="--"/>
      <pos tag="FM"/>
      <pos_gen tag="FM"/>
      <infl tag="--"/>
      <inflClass tag="--"/>
      <inflClass_gen tag="--"/>
    </tok_anno>
  </token>
  <token id="t140" trans="angelum" type="token">
    <tok_dipl id="t140_d1" trans="angelum" utf="angelum"/>
    <tok_anno ascii="angelum" id="t140_m1" trans="angelum" utf="angelum">
      <norm tag="--"/>
      <lemma tag="[!]"/>
      <lemma_gen tag="[!]"/>
      <lemma_idmwb tag="--"/>
      <pos tag="FM"/>
      <pos_gen tag="FM"/>
      <infl tag="--"/>
      <inflClass tag="--"/>
      <inflClass_gen tag="--"/>
    </tok_anno>
  </token>
  <token id="t141" trans="mee" type="token">
    <tok_dipl id="t141_d1" trans="mee" utf="mee"/>
    <tok_anno ascii="mee" id="t141_m1" trans="mee" utf="mee">
      <norm tag="--"/>
      <lemma tag="[!]"/>
      <lemma_gen tag="[!]"/>
      <lemma_idmwb tag="--"/>
      <pos tag="FM"/>
      <pos_gen tag="FM"/>
      <infl tag="--"/>
      <inflClass tag="--"/>
      <inflClass_gen tag="--"/>
    </tok_anno>
  </token>
  <token id="t142" trans="cu$todie" type="token">
    <tok_dipl id="t142_d1" trans="cu$todie" utf="cuſtodie"/>
    <tok_anno ascii="custodie" id="t142_m1" trans="cu$todie" utf="cuſtodie">
      <norm tag="--"/>
      <lemma tag="[!]"/>
      <lemma_gen tag="[!]"/>
      <lemma_idmwb tag="--"/>
      <pos tag="FM"/>
      <pos_gen tag="FM"/>
      <infl tag="--"/>
      <inflClass tag="--"/>
      <inflClass_gen tag="--"/>
    </tok_anno>
  </token>
  <token id="t143" trans="deputatatum" type="token">
    <tok_dipl id="t143_d1" trans="deputatatum" utf="deputatatum"/>
    <tok_anno ascii="deputatatum" id="t143_m1" trans="deputatatum" utf="deputatatum">
      <norm tag="--"/>
      <lemma tag="[!]"/>
      <lemma_gen tag="[!]"/>
      <lemma_idmwb tag="--"/>
      <pos tag="FM"/>
      <pos_gen tag="FM"/>
      <infl tag="--"/>
      <inflClass tag="--"/>
      <inflClass_gen tag="--"/>
    </tok_anno>
  </token>
  <token id="t144" trans="." type="punc">
    <tok_dipl id="t144_d1" trans="." utf="."/>
    <tok_anno ascii="." id="t144_m1" trans="." utf=".">
      <pos tag="$_"/>
      <pos_gen tag="$_"/>
    </tok_anno>
  </token>
  <token id="t145" trans="&amp;" type="token">
    <tok_dipl id="t145_d1" trans="&amp;" utf="&amp;"/>
    <tok_anno ascii="&amp;" id="t145_m1" trans="&amp;" utf="&amp;">
      <norm tag="--"/>
      <lemma tag="[!]"/>
      <lemma_gen tag="[!]"/>
      <lemma_idmwb tag="--"/>
      <pos tag="FM"/>
      <pos_gen tag="FM"/>
      <infl tag="--"/>
      <inflClass tag="--"/>
      <inflClass_gen tag="--"/>
    </tok_anno>
  </token>
  <token id="t146" trans="$c\-m" type="token">
    <tok_dipl id="t146_d1" trans="$c\-m" utf="ſc̄m"/>
    <tok_anno ascii="scem" id="t146_m1" trans="$c\-m" utf="ſc̄m">
      <norm tag="--"/>
      <lemma tag="[!]"/>
      <lemma_gen tag="[!]"/>
      <lemma_idmwb tag="--"/>
      <pos tag="FM"/>
      <pos_gen tag="FM"/>
      <infl tag="--"/>
      <inflClass tag="--"/>
      <inflClass_gen tag="--"/>
    </tok_anno>
  </token>
  <token id="t147" trans="michaelem" type="token">
    <tok_dipl id="t147_d1" trans="michaelem" utf="michaelem"/>
    <tok_anno ascii="michaelem" id="t147_m1" trans="michaelem" utf="michaelem">
      <norm tag="--"/>
      <lemma tag="[!]"/>
      <lemma_gen tag="[!]"/>
      <lemma_idmwb tag="--"/>
      <pos tag="FM"/>
      <pos_gen tag="FM"/>
      <infl tag="--"/>
      <inflClass tag="--"/>
      <inflClass_gen tag="--"/>
    </tok_anno>
  </token>
  <token id="t148" trans="." type="punc">
    <tok_dipl id="t148_d1" trans="." utf="."/>
    <tok_anno ascii="." id="t148_m1" trans="." utf=".">
      <pos tag="$_"/>
      <pos_gen tag="$_"/>
    </tok_anno>
  </token>
  <token id="t149" trans="$c\-m" type="token">
    <tok_dipl id="t149_d1" trans="$c\-m" utf="ſc̄m"/>
    <tok_anno ascii="scem" id="t149_m1" trans="$c\-m" utf="ſc̄m">
      <norm tag="--"/>
      <lemma tag="[!]"/>
      <lemma_gen tag="[!]"/>
      <lemma_idmwb tag="--"/>
      <pos tag="FM"/>
      <pos_gen tag="FM"/>
      <infl tag="--"/>
      <inflClass tag="--"/>
      <inflClass_gen tag="--"/>
    </tok_anno>
  </token>
  <token id="t150" trans="q\/(.)" type="token">
    <tok_dipl id="t150_d1" trans="q\/" utf="ꝙ"/>
    <tok_anno ascii="que" id="t150_m1" trans="q\/" utf="ꝙ">
      <norm tag="--"/>
      <lemma tag="[!]"/>
      <lemma_gen tag="[!]"/>
      <lemma_idmwb tag="--"/>
      <pos tag="FM"/>
      <pos_gen tag="FM"/>
      <infl tag="--"/>
      <inflClass tag="--"/>
      <inflClass_gen tag="--"/>
      <punc tag="DE"/>
    </tok_anno>
  </token>
  <comment type="K">/L[@]</comment>
</text>
