<?xml version='1.0' encoding='UTF-8'?>
<!DOCTYPE text SYSTEM "cora-xml.dtd">
<text id="M076B">
  <header>
    <text>Gebetbuch Hildegard von Bingen (Mariengebete)</text>
    <abbr_ddd>HildegGeb</abbr_ddd>
    <abbr_mwb>-</abbr_mwb>
    <topic>Religion</topic>
    <text-type>Bildbeischriften</text-type>
    <genre>P</genre>
    <reference>Hs.: Blatt (r/v), Zeile</reference>
    <reference-secondary>-</reference-secondary>
    <library>München, Staatsbibl.</library>
    <library-shelfmark>Clm 935</library-shelfmark>
    <online>http://www.handschriftencensus.de/1925</online>
    <medium>Handschrift</medium>
    <extent>23r; 24r</extent>
    <extract>-</extract>
    <language>mhd</language>
    <language-type>mitteldeutsch</language-type>
    <language-region>westmitteldeutsch</language-region>
    <language-area>rheinfränkisch</language-area>
    <place>Raum Bingen-Worms</place>
    <time>13,1</time>
    <notes-manuscript>_</notes-manuscript>
    <date>-</date>
    <text-place>-</text-place>
    <text-author>-</text-author>
    <text-language>-</text-language>
    <text-source>-</text-source>
    <edition>Karin Schneider, Die deutschen Texte in Clm 935, in: Hildegard-Gebetbuch. Faksimile-Ausgabe des Codex-Latinus Monacensis 935 der Bayerischen Staatsbibliothek München, Kommentarband, Wiesbaden 1987, S. 51-69; auch in: Waag, Albert: Kleinere deutsche Gedichte des XI. und XII. Jahrhunderts (1890), Altdeutsche Textbibliothek (10); Maurer I, Nr. 20, S. 453ff (S. 458a u. 460).</edition>
    <corpus>ReM I</corpus>
    <notes-transcription>-</notes-transcription>
    <notes-annotation>-</notes-annotation>
    <digitization_by>Elfriede Döring (Bonn)</digitization_by>
    <collation_by>Bochum</collation_by>
    <pre_editing_by>Bochum</pre_editing_by>
    <annotation_by>Bochum</annotation_by>
    <proofreading_by>Bochum</proofreading_by>
  </header>
  <layoutinfo>
    <page id="p1" no="23" range="c1" side="r"/>
    <page id="p2" no="24" range="c2" side="r"/>
    <column id="c1" range="l1..l11"/>
    <column id="c2" range="l12..l18"/>
    <line id="l1" name="1" range="t1_d1..t5_d1" loc="23ra,1"/>
    <line id="l2" name="2" range="t6_d1..t11_d1" loc="23ra,2"/>
    <line id="l3" name="3" range="t12_d1..t17_d1" loc="23ra,3"/>
    <line id="l4" name="4" range="t18_d1..t25_d1" loc="23ra,4"/>
    <line id="l5" name="5" range="t26_d1..t33_d1" loc="23ra,5"/>
    <line id="l6" name="6" range="t34_d1..t39_d1" loc="23ra,6"/>
    <line id="l7" name="7" range="t40_d1..t46_d1" loc="23ra,7"/>
    <line id="l8" name="8" range="t47_d1..t52_d1" loc="23ra,8"/>
    <line id="l9" name="9" range="t53_d1..t57_d1" loc="23ra,9"/>
    <line id="l10" name="10" range="t58_d1..t64_d1" loc="23ra,10"/>
    <line id="l11" name="11" range="t65_d1..t68_d1" loc="23ra,11"/>
    <line id="l12" name="1" range="t69_d1..t75_d1" loc="24ra,1"/>
    <line id="l13" name="2" range="t76_d1..t83_d1" loc="24ra,2"/>
    <line id="l14" name="3" range="t84_d1..t88_d1" loc="24ra,3"/>
    <line id="l15" name="4" range="t89_d1..t96_d1" loc="24ra,4"/>
    <line id="l16" name="5" range="t97_d1..t101_d1" loc="24ra,5"/>
    <line id="l17" name="6" range="t102_d1..t109_d1" loc="24ra,6"/>
    <line id="l18" name="7" range="t110_d1..t116_d1" loc="24ra,7"/>
  </layoutinfo>
  <shifttags>
    <paren range="t13_m2..t15_m1"/>
  </shifttags>
  <token id="t1" trans="*(A*2)ller" type="token">
    <tok_dipl id="t1_d1" trans="*(A*2)ller" utf="Aller"/>
    <tok_anno ascii="Aller" id="t1_m1" trans="*(A*2)ller" utf="Aller">
      <norm tag="aller"/>
      <lemma tag="all"/>
      <lemma_gen tag="all"/>
      <lemma_idmwb tag="3531000"/>
      <pos tag="DIA"/>
      <pos_gen tag="DI"/>
      <infl tag="*.Gen.Pl.st"/>
      <inflClass tag="--"/>
      <inflClass_gen tag="--"/>
    </tok_anno>
  </token>
  <token id="t2" trans="mageda" type="token">
    <tok_dipl id="t2_d1" trans="mageda" utf="mageda"/>
    <tok_anno ascii="mageda" id="t2_m1" trans="mageda" utf="mageda">
      <norm tag="megede"/>
      <lemma tag="maged"/>
      <lemma_gen tag="maged"/>
      <lemma_idmwb tag="106875000"/>
      <pos tag="NA"/>
      <pos_gen tag="NA"/>
      <infl tag="Gen.Pl"/>
      <inflClass tag="stu.Fem"/>
      <inflClass_gen tag="stu.Fem"/>
    </tok_anno>
  </token>
  <token id="t3" trans="reín$da,," type="token">
    <tok_dipl id="t3_d1" trans="reín$da" utf="reínſda"/>
    <tok_anno ascii="reinsda" id="t3_m1" trans="reín$da" utf="reínſda">
      <norm tag="reineste"/>
      <lemma tag="rèin(e)"/>
      <lemma_gen tag="rèin(e)"/>
      <lemma_idmwb tag="???"/>
      <pos tag="ADJA"/>
      <pos_gen tag="ADJ"/>
      <infl tag="Sup.Fem.Nom.Sg.wk"/>
      <inflClass tag="--"/>
      <inflClass_gen tag="--"/>
      <punc tag="S*"/>
    </tok_anno>
  </token>
  <token id="t4" trans="aller" type="token">
    <tok_dipl id="t4_d1" trans="aller" utf="aller"/>
    <tok_anno ascii="aller" id="t4_m1" trans="aller" utf="aller">
      <norm tag="aller"/>
      <lemma tag="all"/>
      <lemma_gen tag="all"/>
      <lemma_idmwb tag="3531000"/>
      <pos tag="DIA"/>
      <pos_gen tag="DI"/>
      <infl tag="*.Gen.Pl.st"/>
      <inflClass tag="--"/>
      <inflClass_gen tag="--"/>
    </tok_anno>
  </token>
  <token id="t5" trans="iuncfrowen" type="token">
    <tok_dipl id="t5_d1" trans="iuncfrowen" utf="iuncfrowen"/>
    <tok_anno ascii="iuncfrowen" id="t5_m1" trans="iuncfrowen" utf="iuncfrowen">
      <norm tag="juncvrouwen"/>
      <lemma tag="jung-vrouwe"/>
      <lemma_gen tag="jung-vrouwe"/>
      <lemma_idmwb tag="85905000"/>
      <pos tag="NA"/>
      <pos_gen tag="NA"/>
      <infl tag="Gen.Pl"/>
      <inflClass tag="*.Fem"/>
      <inflClass_gen tag="*.Fem"/>
    </tok_anno>
  </token>
  <token id="t6" trans="mín$#$ame$ta,," type="token">
    <tok_dipl id="t6_d1" trans="mín$" utf="mínſ"/>
    <tok_dipl id="t6_d2" trans="$ame$ta" utf="ſameſta"/>
    <tok_anno ascii="minssamesta" id="t6_m1" trans="mín$#$ame$ta" utf="mínſſameſta">
      <norm tag="minnensameste"/>
      <token_type tag="US"/>
      <lemma tag="minne(n)-sam"/>
      <lemma_gen tag="minne(n)-sam"/>
      <lemma_idmwb tag="???"/>
      <pos tag="ADJA"/>
      <pos_gen tag="ADJ"/>
      <infl tag="Sup.Fem.Nom.Sg.wk"/>
      <inflClass tag="--"/>
      <inflClass_gen tag="--"/>
      <punc tag="S*"/>
    </tok_anno>
  </token>
  <token id="t7" trans="aller" type="token">
    <tok_dipl id="t7_d1" trans="aller" utf="aller"/>
    <tok_anno ascii="aller" id="t7_m1" trans="aller" utf="aller">
      <norm tag="aller"/>
      <lemma tag="all"/>
      <lemma_gen tag="all"/>
      <lemma_idmwb tag="3531000"/>
      <pos tag="DIA"/>
      <pos_gen tag="DI"/>
      <infl tag="*.Gen.Pl.st"/>
      <inflClass tag="--"/>
      <inflClass_gen tag="--"/>
    </tok_anno>
  </token>
  <token id="t8" trans="wibe" type="token">
    <tok_dipl id="t8_d1" trans="wibe" utf="wibe"/>
    <tok_anno ascii="wibe" id="t8_m1" trans="wibe" utf="wibe">
      <norm tag="wîbe"/>
      <lemma tag="wîb"/>
      <lemma_gen tag="wîb"/>
      <lemma_idmwb tag="231363000"/>
      <pos tag="NA"/>
      <pos_gen tag="NA"/>
      <infl tag="Gen.Pl"/>
      <inflClass tag="st.Neut"/>
      <inflClass_gen tag="st.Neut"/>
    </tok_anno>
  </token>
  <token id="t9" trans="be$$e$da,," type="token">
    <tok_dipl id="t9_d1" trans="be$$e$da" utf="beſſeſda"/>
    <tok_anno ascii="bessesda" id="t9_m1" trans="be$$e$da" utf="beſſeſda">
      <norm tag="bezziste"/>
      <lemma tag="bè(zzi)ste"/>
      <lemma_gen tag="bè(zzi)ste"/>
      <lemma_idmwb tag="???"/>
      <pos tag="ADJA"/>
      <pos_gen tag="ADJ"/>
      <infl tag="Sup.Fem.Nom.Sg.st"/>
      <inflClass tag="--"/>
      <inflClass_gen tag="--"/>
      <punc tag="S*"/>
    </tok_anno>
  </token>
  <token id="t10" trans="aue" type="token">
    <tok_dipl id="t10_d1" trans="aue" utf="aue"/>
    <tok_anno ascii="aue" id="t10_m1" trans="aue" utf="aue">
      <norm tag="--"/>
      <lemma tag="ave"/>
      <lemma_gen tag="ave"/>
      <lemma_idmwb tag="--"/>
      <pos tag="ITJ"/>
      <pos_gen tag="FM"/>
      <infl tag="--"/>
      <inflClass tag="--"/>
      <inflClass_gen tag="--"/>
    </tok_anno>
  </token>
  <token id="t11" trans="Maria(!)" type="token">
    <tok_dipl id="t11_d1" trans="Maria" utf="Maria"/>
    <tok_anno ascii="Maria" id="t11_m1" trans="Maria" utf="Maria">
      <norm tag="--"/>
      <lemma tag="Maria"/>
      <lemma_gen tag="Maria"/>
      <lemma_idmwb tag="--"/>
      <pos tag="NE"/>
      <pos_gen tag="FM"/>
      <infl tag="Nom.Sg"/>
      <inflClass tag="--"/>
      <inflClass_gen tag="--"/>
      <punc tag="EE"/>
    </tok_anno>
  </token>
  <token id="t12" trans="weget" type="token">
    <tok_dipl id="t12_d1" trans="weget" utf="weget"/>
    <tok_anno ascii="weget" id="t12_m1" trans="weget" utf="weget">
      <norm tag="weget"/>
      <lemma tag="wëgen"/>
      <lemma_gen tag="wëgen"/>
      <lemma_idmwb tag="223656000"/>
      <pos tag="VVIMP"/>
      <pos_gen tag="VV"/>
      <infl tag="Pl.2"/>
      <inflClass tag="wk"/>
      <inflClass_gen tag="wk"/>
    </tok_anno>
  </token>
  <token id="t13" trans="for||mich,,(" type="token">
    <tok_dipl id="t13_d1" trans="formich" utf="formich"/>
    <tok_anno ascii="for" id="t13_m1" trans="for|" utf="for">
      <norm tag="vore"/>
      <token_type tag="MS1"/>
      <lemma tag="vor(e)"/>
      <lemma_gen tag="vor(e)"/>
      <lemma_idmwb tag="213246000"/>
      <pos tag="APPR"/>
      <pos_gen tag="AP"/>
      <infl tag="--"/>
      <inflClass tag="--"/>
      <inflClass_gen tag="--"/>
    </tok_anno>
    <tok_anno ascii="mich" id="t13_m2" trans="|mich" utf="mich">
      <norm tag="mich"/>
      <token_type tag="MS2"/>
      <lemma tag="ich"/>
      <lemma_gen tag="ich"/>
      <lemma_idmwb tag="81210000"/>
      <pos tag="PPER"/>
      <pos_gen tag="PPER"/>
      <infl tag="Akk.Sg.1"/>
      <inflClass tag="--"/>
      <inflClass_gen tag="--"/>
    </tok_anno>
  </token>
  <token id="t14" trans="gnedege" type="token">
    <tok_dipl id="t14_d1" trans="gnedege" utf="gnedege"/>
    <tok_anno ascii="gnedege" id="t14_m1" trans="gnedege" utf="gnedege">
      <norm tag="genædige"/>
      <lemma tag="ge-nædig"/>
      <lemma_gen tag="ge-nædig"/>
      <lemma_idmwb tag="53418000"/>
      <pos tag="ADJA"/>
      <pos_gen tag="ADJ"/>
      <infl tag="Pos.Fem.Nom.Sg.wk"/>
      <inflClass tag="--"/>
      <inflClass_gen tag="--"/>
    </tok_anno>
  </token>
  <token id="t15" trans="frowa,,)" type="token">
    <tok_dipl id="t15_d1" trans="frowa" utf="frowa"/>
    <tok_anno ascii="frowa" id="t15_m1" trans="frowa" utf="frowa">
      <norm tag="vrouwe"/>
      <lemma tag="vrouwe"/>
      <lemma_gen tag="vrouwe"/>
      <lemma_idmwb tag="217017000"/>
      <pos tag="NA"/>
      <pos_gen tag="NA"/>
      <infl tag="Nom.Sg"/>
      <inflClass tag="*.Fem"/>
      <inflClass_gen tag="*.Fem"/>
    </tok_anno>
  </token>
  <comment type="K">/K[&lt;fr&gt;owa: V-ähnliches, nicht näher bestimmbares Zeichen zwischen {frowa} und {wand_e}]</comment>
  <token id="t16" trans="wand_e" type="token">
    <tok_dipl id="t16_d1" trans="wand_e" utf="wandᵉ"/>
    <tok_anno ascii="wande" id="t16_m1" trans="wand_e" utf="wandᵉ">
      <norm tag="wande"/>
      <lemma tag="wante"/>
      <lemma_gen tag="wante"/>
      <lemma_idmwb tag="221532000"/>
      <pos tag="KO*"/>
      <pos_gen tag="KO"/>
      <infl tag="--"/>
      <inflClass tag="--"/>
      <inflClass_gen tag="--"/>
    </tok_anno>
  </token>
  <token id="t17" trans="o\vch" type="token">
    <tok_dipl id="t17_d1" trans="o\vch" utf="oͮch"/>
    <tok_anno ascii="ovch" id="t17_m1" trans="o\vch" utf="oͮch">
      <norm tag="ouch"/>
      <lemma tag="ouch"/>
      <lemma_gen tag="ouch"/>
      <lemma_idmwb tag="125211000"/>
      <pos tag="AVD"/>
      <pos_gen tag="AVD-KO"/>
      <infl tag="--"/>
      <inflClass tag="--"/>
      <inflClass_gen tag="--"/>
    </tok_anno>
  </token>
  <token id="t18" trans="mínnet" type="token">
    <tok_dipl id="t18_d1" trans="mínnet" utf="mínnet"/>
    <tok_anno ascii="minnet" id="t18_m1" trans="mínnet" utf="mínnet">
      <norm tag="minnet"/>
      <lemma tag="minnen"/>
      <lemma_gen tag="minnen"/>
      <lemma_idmwb tag="112365000"/>
      <pos tag="VVFIN"/>
      <pos_gen tag="VV"/>
      <infl tag="Ind.Pres.Sg.3"/>
      <inflClass tag="wk"/>
      <inflClass_gen tag="wk"/>
    </tok_anno>
  </token>
  <token id="t19" trans="min" type="token">
    <tok_dipl id="t19_d1" trans="min" utf="min"/>
    <tok_anno ascii="min" id="t19_m1" trans="min" utf="min">
      <norm tag="mîn"/>
      <lemma tag="mîn"/>
      <lemma_gen tag="mîn"/>
      <lemma_idmwb tag="112026000"/>
      <pos tag="DPOSA"/>
      <pos_gen tag="DPOS"/>
      <infl tag="Neut.Nom.Sg.0"/>
      <inflClass tag="--"/>
      <inflClass_gen tag="--"/>
    </tok_anno>
  </token>
  <token id="t20" trans="herza," type="token">
    <tok_dipl id="t20_d1" trans="herza" utf="herza"/>
    <tok_anno ascii="herza" id="t20_m1" trans="herza" utf="herza">
      <norm tag="herze"/>
      <lemma tag="hërze"/>
      <lemma_gen tag="hërze"/>
      <lemma_idmwb tag="73221000"/>
      <pos tag="NA"/>
      <pos_gen tag="NA"/>
      <infl tag="Nom.Sg"/>
      <inflClass tag="wk.Neut"/>
      <inflClass_gen tag="wk.Neut"/>
      <punc tag="N*"/>
    </tok_anno>
  </token>
  <token id="t21" trans="wand_e" type="token">
    <tok_dipl id="t21_d1" trans="wand_e" utf="wandᵉ"/>
    <tok_anno ascii="wande" id="t21_m1" trans="wand_e" utf="wandᵉ">
      <norm tag="wande"/>
      <lemma tag="wante"/>
      <lemma_gen tag="wante"/>
      <lemma_idmwb tag="221532000"/>
      <pos tag="KO*"/>
      <pos_gen tag="KO"/>
      <infl tag="--"/>
      <inflClass tag="--"/>
      <inflClass_gen tag="--"/>
    </tok_anno>
  </token>
  <token id="t22" trans="och" type="token">
    <tok_dipl id="t22_d1" trans="och" utf="och"/>
    <tok_anno ascii="och" id="t22_m1" trans="och" utf="och">
      <norm tag="ouch"/>
      <lemma tag="ouch"/>
      <lemma_gen tag="ouch"/>
      <lemma_idmwb tag="125211000"/>
      <pos tag="AVD"/>
      <pos_gen tag="AVD-KO"/>
      <infl tag="--"/>
      <inflClass tag="--"/>
      <inflClass_gen tag="--"/>
    </tok_anno>
  </token>
  <token id="t23" trans="lobet" type="token">
    <tok_dipl id="t23_d1" trans="lobet" utf="lobet"/>
    <tok_anno ascii="lobet" id="t23_m1" trans="lobet" utf="lobet">
      <norm tag="lobet"/>
      <lemma tag="loben"/>
      <lemma_gen tag="loben"/>
      <lemma_idmwb tag="104421000"/>
      <pos tag="VVFIN"/>
      <pos_gen tag="VV"/>
      <infl tag="Ind.Pres.Sg.3"/>
      <inflClass tag="wk"/>
      <inflClass_gen tag="wk"/>
    </tok_anno>
  </token>
  <token id="t24" trans="min" type="token">
    <tok_dipl id="t24_d1" trans="min" utf="min"/>
    <tok_anno ascii="min" id="t24_m1" trans="min" utf="min">
      <norm tag="mîn"/>
      <lemma tag="mîn"/>
      <lemma_gen tag="mîn"/>
      <lemma_idmwb tag="112026000"/>
      <pos tag="DPOSA"/>
      <pos_gen tag="DPOS"/>
      <infl tag="Fem.Nom.Sg.0"/>
      <inflClass tag="--"/>
      <inflClass_gen tag="--"/>
    </tok_anno>
  </token>
  <token id="t25" trans="zun(=)ga," type="token">
    <tok_dipl id="t25_d1" trans="zunga" utf="zunga"/>
    <tok_anno ascii="zunga" id="t25_m1" trans="zun(=)ga" utf="zunga">
      <norm tag="zunge"/>
      <token_type tag="UL"/>
      <lemma tag="zunge"/>
      <lemma_gen tag="zunge"/>
      <lemma_idmwb tag="240570000"/>
      <pos tag="NA"/>
      <pos_gen tag="NA"/>
      <infl tag="Nom.Sg"/>
      <inflClass tag="*.Fem"/>
      <inflClass_gen tag="*.Fem"/>
      <punc tag="N*"/>
    </tok_anno>
  </token>
  <token id="t26" trans="wande" type="token">
    <tok_dipl id="t26_d1" trans="wande" utf="wande"/>
    <tok_anno ascii="wande" id="t26_m1" trans="wande" utf="wande">
      <norm tag="wande"/>
      <lemma tag="wante"/>
      <lemma_gen tag="wante"/>
      <lemma_idmwb tag="221532000"/>
      <pos tag="KO*"/>
      <pos_gen tag="KO"/>
      <infl tag="--"/>
      <inflClass tag="--"/>
      <inflClass_gen tag="--"/>
    </tok_anno>
  </token>
  <token id="t27" trans="an*1" type="token">
    <tok_dipl id="t27_d1" trans="an" utf="an"/>
    <tok_anno ascii="an" id="t27_m1" trans="an*1" utf="an">
      <norm tag="an"/>
      <lemma tag="ane/&gt;.+dingen"/>
      <lemma_gen tag="ane"/>
      <lemma_idmwb tag="5691000"/>
      <pos tag="APPR"/>
      <pos_gen tag="AP"/>
      <infl tag="--"/>
      <inflClass tag="--"/>
      <inflClass_gen tag="--"/>
      <link target="t29_m1" type="vptk"/>
    </tok_anno>
  </token>
  <token id="t28" trans="ovch" type="token">
    <tok_dipl id="t28_d1" trans="ovch" utf="ovch"/>
    <tok_anno ascii="ovch" id="t28_m1" trans="ovch" utf="ovch">
      <norm tag="ouch"/>
      <lemma tag="ouch"/>
      <lemma_gen tag="ouch"/>
      <lemma_idmwb tag="125211000"/>
      <pos tag="AVD"/>
      <pos_gen tag="AVD-KO"/>
      <infl tag="--"/>
      <inflClass tag="--"/>
      <inflClass_gen tag="--"/>
    </tok_anno>
  </token>
  <token id="t29" trans="di\-get*2" type="token">
    <tok_dipl id="t29_d1" trans="di\-get" utf="dīget"/>
    <tok_anno ascii="dinget" id="t29_m1" trans="di\-get*2" utf="dīget">
      <norm tag="dinget"/>
      <lemma tag="dingen/ane&gt;+."/>
      <lemma_gen tag="dingen"/>
      <lemma_idmwb tag="30780000"/>
      <pos tag="VVFIN"/>
      <pos_gen tag="VV"/>
      <infl tag="Ind.Pres.Sg.3"/>
      <inflClass tag="wk"/>
      <inflClass_gen tag="wk"/>
      <link target="t27_m1" type="vptk"/>
    </tok_anno>
  </token>
  <token id="t30" trans="min" type="token">
    <tok_dipl id="t30_d1" trans="min" utf="min"/>
    <tok_anno ascii="min" id="t30_m1" trans="min" utf="min">
      <norm tag="mîn"/>
      <lemma tag="mîn"/>
      <lemma_gen tag="mîn"/>
      <lemma_idmwb tag="112026000"/>
      <pos tag="DPOSA"/>
      <pos_gen tag="DPOS"/>
      <infl tag="Fem.Nom.Sg.0"/>
      <inflClass tag="--"/>
      <inflClass_gen tag="--"/>
    </tok_anno>
  </token>
  <token id="t31" trans="$ela(.)" type="token">
    <tok_dipl id="t31_d1" trans="$ela" utf="ſela"/>
    <tok_anno ascii="sela" id="t31_m1" trans="$ela" utf="ſela">
      <norm tag="sêle"/>
      <lemma tag="sêle"/>
      <lemma_gen tag="sêle"/>
      <lemma_idmwb tag="147720000"/>
      <pos tag="NA"/>
      <pos_gen tag="NA"/>
      <infl tag="Nom.Sg"/>
      <inflClass tag="*.Fem"/>
      <inflClass_gen tag="*.Fem"/>
      <punc tag="DE"/>
    </tok_anno>
  </token>
  <token id="t32" trans="." type="punc">
    <tok_dipl id="t32_d1" trans="." utf="."/>
    <tok_anno ascii="." id="t32_m1" trans="." utf=".">
      <pos tag="$_"/>
      <pos_gen tag="$_"/>
      <punc tag="$E"/>
    </tok_anno>
  </token>
  <token id="t33" trans="...o\vge" type="token">
    <tok_dipl id="t33_d1" trans="...o\vge" utf="...oͮge"/>
    <tok_anno ascii="...ovge" id="t33_m1" trans="...o\vge" utf="...oͮge">
      <norm tag="--"/>
      <lemma tag="[!]"/>
      <lemma_gen tag="[!]"/>
      <lemma_idmwb tag="--"/>
      <pos tag="--"/>
      <pos_gen tag="--"/>
      <infl tag="--"/>
      <inflClass tag="--"/>
      <inflClass_gen tag="--"/>
    </tok_anno>
  </token>
  <token id="t34" trans="maget" type="token">
    <tok_dipl id="t34_d1" trans="maget" utf="maget"/>
    <tok_anno ascii="maget" id="t34_m1" trans="maget" utf="maget">
      <norm tag="maget"/>
      <lemma tag="maged"/>
      <lemma_gen tag="maged"/>
      <lemma_idmwb tag="106875000"/>
      <pos tag="NA"/>
      <pos_gen tag="NA"/>
      <infl tag="Nom.Sg"/>
      <inflClass tag="stu.Fem"/>
      <inflClass_gen tag="stu.Fem"/>
    </tok_anno>
  </token>
  <token id="t35" trans="reine,," type="token">
    <tok_dipl id="t35_d1" trans="reine" utf="reine"/>
    <tok_anno ascii="reine" id="t35_m1" trans="reine" utf="reine">
      <norm tag="reine"/>
      <lemma tag="rèin(e)"/>
      <lemma_gen tag="rèin(e)"/>
      <lemma_idmwb tag="133287000"/>
      <pos tag="ADJN"/>
      <pos_gen tag="ADJ"/>
      <infl tag="Pos.Fem.Nom.Sg.0"/>
      <inflClass tag="--"/>
      <inflClass_gen tag="--"/>
      <punc tag="S*"/>
    </tok_anno>
  </token>
  <token id="t36" trans="liether" type="token">
    <tok_dipl id="t36_d1" trans="liether" utf="liether"/>
    <tok_anno ascii="liether" id="t36_m1" trans="liether" utf="liether">
      <norm tag="liehter"/>
      <lemma tag="lièht"/>
      <lemma_gen tag="lièht"/>
      <lemma_idmwb tag="???"/>
      <pos tag="ADJA"/>
      <pos_gen tag="ADJ"/>
      <infl tag="Comp.Fem.Nom.Sg.st"/>
      <inflClass tag="--"/>
      <inflClass_gen tag="--"/>
    </tok_anno>
  </token>
  <token id="t37" trans="danne" type="token">
    <tok_dipl id="t37_d1" trans="danne" utf="danne"/>
    <tok_anno ascii="danne" id="t37_m1" trans="danne" utf="danne">
      <norm tag="danne"/>
      <lemma tag="danne"/>
      <lemma_gen tag="danne"/>
      <lemma_idmwb tag="28863000"/>
      <pos tag="KOKOM"/>
      <pos_gen tag="KO"/>
      <infl tag="--"/>
      <inflClass tag="--"/>
      <inflClass_gen tag="--"/>
    </tok_anno>
  </token>
  <token id="t38" trans="$unna," type="token">
    <tok_dipl id="t38_d1" trans="$unna" utf="ſunna"/>
    <tok_anno ascii="sunna" id="t38_m1" trans="$unna" utf="ſunna">
      <norm tag="sunne"/>
      <lemma tag="sunne"/>
      <lemma_gen tag="sunne"/>
      <lemma_idmwb tag="163761000"/>
      <pos tag="NA"/>
      <pos_gen tag="NA"/>
      <infl tag="Nom.Sg"/>
      <inflClass tag="*.Masc,Fem"/>
      <inflClass_gen tag="*.Masc,Fem"/>
      <punc tag="N*"/>
    </tok_anno>
  </token>
  <token id="t39" trans="$coner" type="token">
    <tok_dipl id="t39_d1" trans="$coner" utf="ſconer"/>
    <tok_anno ascii="sconer" id="t39_m1" trans="$coner" utf="ſconer">
      <norm tag="schoener"/>
      <lemma tag="schoène"/>
      <lemma_gen tag="schoène"/>
      <lemma_idmwb tag="???"/>
      <pos tag="ADJA"/>
      <pos_gen tag="ADJ"/>
      <infl tag="Comp.Fem.Nom.Sg.st"/>
      <inflClass tag="--"/>
      <inflClass_gen tag="--"/>
    </tok_anno>
  </token>
  <token id="t40" trans="danne" type="token">
    <tok_dipl id="t40_d1" trans="danne" utf="danne"/>
    <tok_anno ascii="danne" id="t40_m1" trans="danne" utf="danne">
      <norm tag="danne"/>
      <lemma tag="danne"/>
      <lemma_gen tag="danne"/>
      <lemma_idmwb tag="28863000"/>
      <pos tag="KOKOM"/>
      <pos_gen tag="KO"/>
      <infl tag="--"/>
      <inflClass tag="--"/>
      <inflClass_gen tag="--"/>
    </tok_anno>
  </token>
  <token id="t41" trans="du" type="token">
    <tok_dipl id="t41_d1" trans="du" utf="du"/>
    <tok_anno ascii="du" id="t41_m1" trans="du" utf="du">
      <norm tag="diu"/>
      <lemma tag="dër"/>
      <lemma_gen tag="dër"/>
      <lemma_idmwb tag="29817000"/>
      <pos tag="DDART"/>
      <pos_gen tag="DD"/>
      <infl tag="Fem.Nom.Sg"/>
      <inflClass tag="--"/>
      <inflClass_gen tag="--"/>
    </tok_anno>
  </token>
  <token id="t42" trans="morgenroda,," type="token">
    <tok_dipl id="t42_d1" trans="morgenroda" utf="morgenroda"/>
    <tok_anno ascii="morgenroda" id="t42_m1" trans="morgenroda" utf="morgenroda">
      <norm tag="morgenroete"/>
      <lemma tag="morgen-roète"/>
      <lemma_gen tag="morgen-roète"/>
      <lemma_idmwb tag="115371000"/>
      <pos tag="NA"/>
      <pos_gen tag="NA"/>
      <infl tag="Nom.Sg"/>
      <inflClass tag="*.Fem"/>
      <inflClass_gen tag="*.Fem"/>
      <punc tag="S*"/>
    </tok_anno>
  </token>
  <token id="t43" trans="." type="punc">
    <tok_dipl id="t43_d1" trans="." utf="."/>
    <tok_anno ascii="." id="t43_m1" trans="." utf=".">
      <pos tag="$_"/>
      <pos_gen tag="$_"/>
    </tok_anno>
  </token>
  <token id="t44" trans="*(M*)ilde" type="token">
    <tok_dipl id="t44_d1" trans="*(M*)ilde" utf="Milde"/>
    <tok_anno ascii="Milde" id="t44_m1" trans="*(M*)ilde" utf="Milde">
      <norm tag="milte"/>
      <lemma tag="milte"/>
      <lemma_gen tag="milte"/>
      <lemma_idmwb tag="111924000"/>
      <pos tag="ADJA"/>
      <pos_gen tag="ADJ"/>
      <infl tag="Pos.Neut.Nom.Sg.0"/>
      <inflClass tag="--"/>
      <inflClass_gen tag="--"/>
    </tok_anno>
  </token>
  <token id="t45" trans="wib" type="token">
    <tok_dipl id="t45_d1" trans="wib" utf="wib"/>
    <tok_anno ascii="wib" id="t45_m1" trans="wib" utf="wib">
      <norm tag="wîp"/>
      <lemma tag="wîb"/>
      <lemma_gen tag="wîb"/>
      <lemma_idmwb tag="231363000"/>
      <pos tag="NA"/>
      <pos_gen tag="NA"/>
      <infl tag="Nom.Sg"/>
      <inflClass tag="st.Neut"/>
      <inflClass_gen tag="st.Neut"/>
    </tok_anno>
  </token>
  <token id="t46" trans="$eliga,," type="token">
    <tok_dipl id="t46_d1" trans="$eliga" utf="ſeliga"/>
    <tok_anno ascii="seliga" id="t46_m1" trans="$eliga" utf="ſeliga">
      <norm tag="sælige"/>
      <lemma tag="sælig"/>
      <lemma_gen tag="sælig"/>
      <lemma_idmwb tag="139293000"/>
      <pos tag="ADJN"/>
      <pos_gen tag="ADJ"/>
      <infl tag="Pos.Neut.Nom.Sg.wk"/>
      <inflClass tag="--"/>
      <inflClass_gen tag="--"/>
      <punc tag="S*"/>
    </tok_anno>
  </token>
  <token id="t47" trans="kunecliche" type="token">
    <tok_dipl id="t47_d1" trans="kunecliche" utf="kunecliche"/>
    <tok_anno ascii="kunecliche" id="t47_m1" trans="kunecliche" utf="kunecliche">
      <norm tag="küninclîche"/>
      <lemma tag="küni(n)g-lich"/>
      <lemma_gen tag="küni(n)g-lich"/>
      <lemma_idmwb tag="97236000"/>
      <pos tag="ADJA"/>
      <pos_gen tag="ADJ"/>
      <infl tag="Pos.Fem.Nom.Sg.st"/>
      <inflClass tag="--"/>
      <inflClass_gen tag="--"/>
    </tok_anno>
  </token>
  <token id="t48" trans="frowa," type="token">
    <tok_dipl id="t48_d1" trans="frowa" utf="frowa"/>
    <tok_anno ascii="frowa" id="t48_m1" trans="frowa" utf="frowa">
      <norm tag="vrouwe"/>
      <lemma tag="vrouwe"/>
      <lemma_gen tag="vrouwe"/>
      <lemma_idmwb tag="217017000"/>
      <pos tag="NA"/>
      <pos_gen tag="NA"/>
      <infl tag="Nom.Sg"/>
      <inflClass tag="*.Fem"/>
      <inflClass_gen tag="*.Fem"/>
      <punc tag="N*"/>
    </tok_anno>
  </token>
  <token id="t49" trans="aller" type="token">
    <tok_dipl id="t49_d1" trans="aller" utf="aller"/>
    <tok_anno ascii="aller" id="t49_m1" trans="aller" utf="aller">
      <norm tag="aller"/>
      <lemma tag="all"/>
      <lemma_gen tag="all"/>
      <lemma_idmwb tag="3531000"/>
      <pos tag="DIA"/>
      <pos_gen tag="DI"/>
      <infl tag="*.Gen.Pl.st"/>
      <inflClass tag="--"/>
      <inflClass_gen tag="--"/>
    </tok_anno>
  </token>
  <token id="t50" trans="gnaden" type="token">
    <tok_dipl id="t50_d1" trans="gnaden" utf="gnaden"/>
    <tok_anno ascii="gnaden" id="t50_m1" trans="gnaden" utf="gnaden">
      <norm tag="genâden"/>
      <lemma tag="ge-nâde"/>
      <lemma_gen tag="ge-nâde"/>
      <lemma_idmwb tag="53412000"/>
      <pos tag="NA"/>
      <pos_gen tag="NA"/>
      <infl tag="Gen.Pl"/>
      <inflClass tag="*.Fem"/>
      <inflClass_gen tag="*.Fem"/>
    </tok_anno>
  </token>
  <token id="t51" trans="volla," type="token">
    <tok_dipl id="t51_d1" trans="volla" utf="volla"/>
    <tok_anno ascii="volla" id="t51_m1" trans="volla" utf="volla">
      <norm tag="volle"/>
      <lemma tag="volle"/>
      <lemma_gen tag="volle"/>
      <lemma_idmwb tag="212334000"/>
      <pos tag="AVD"/>
      <pos_gen tag="AVD"/>
      <infl tag="--"/>
      <inflClass tag="--"/>
      <inflClass_gen tag="--"/>
      <punc tag="N*"/>
    </tok_anno>
  </token>
  <token id="t52" trans="*(A*)l(=)ler" type="token">
    <tok_dipl id="t52_d1" trans="*(A*)ller" utf="Aller"/>
    <tok_anno ascii="Aller" id="t52_m1" trans="*(A*)l(=)ler" utf="Aller">
      <norm tag="aller"/>
      <token_type tag="UL"/>
      <lemma tag="all"/>
      <lemma_gen tag="all"/>
      <lemma_idmwb tag="3531000"/>
      <pos tag="DIA"/>
      <pos_gen tag="DI"/>
      <infl tag="*.Gen.Pl.st"/>
      <inflClass tag="--"/>
      <inflClass_gen tag="--"/>
    </tok_anno>
  </token>
  <token id="t53" trans="engele" type="token">
    <tok_dipl id="t53_d1" trans="engele" utf="engele"/>
    <tok_anno ascii="engele" id="t53_m1" trans="engele" utf="engele">
      <norm tag="engele"/>
      <lemma tag="èngel"/>
      <lemma_gen tag="èngel"/>
      <lemma_idmwb tag="37740000"/>
      <pos tag="NA"/>
      <pos_gen tag="NA"/>
      <infl tag="Gen.Pl"/>
      <inflClass tag="st.Masc"/>
      <inflClass_gen tag="st.Masc"/>
    </tok_anno>
  </token>
  <token id="t54" trans="froweda," type="token">
    <tok_dipl id="t54_d1" trans="froweda" utf="froweda"/>
    <tok_anno ascii="froweda" id="t54_m1" trans="froweda" utf="froweda">
      <norm tag="vröuwede"/>
      <lemma tag="vröu(we)de"/>
      <lemma_gen tag="vröu(we)de"/>
      <lemma_idmwb tag="216696000"/>
      <pos tag="NA"/>
      <pos_gen tag="NA"/>
      <infl tag="Nom.Sg"/>
      <inflClass tag="*.Fem"/>
      <inflClass_gen tag="*.Fem"/>
      <punc tag="N*"/>
    </tok_anno>
  </token>
  <token id="t55" trans="aller" type="token">
    <tok_dipl id="t55_d1" trans="aller" utf="aller"/>
    <tok_anno ascii="aller" id="t55_m1" trans="aller" utf="aller">
      <norm tag="aller"/>
      <lemma tag="all"/>
      <lemma_gen tag="all"/>
      <lemma_idmwb tag="3531000"/>
      <pos tag="DIA"/>
      <pos_gen tag="DI"/>
      <infl tag="*.Gen.Pl.st"/>
      <inflClass tag="--"/>
      <inflClass_gen tag="--"/>
    </tok_anno>
  </token>
  <token id="t56" trans="heligen" type="token">
    <tok_dipl id="t56_d1" trans="heligen" utf="heligen"/>
    <tok_anno ascii="heligen" id="t56_m1" trans="heligen" utf="heligen">
      <norm tag="heiligen"/>
      <lemma tag="hèilig"/>
      <lemma_gen tag="hèilig"/>
      <lemma_idmwb tag="70113000"/>
      <pos tag="ADJA"/>
      <pos_gen tag="ADJ"/>
      <infl tag="Pos.*.Gen.Pl..%.wk"/>
      <inflClass tag="--"/>
      <inflClass_gen tag="--"/>
    </tok_anno>
  </token>
  <token id="t57" trans="mandunga," type="token">
    <tok_dipl id="t57_d1" trans="mandunga" utf="mandunga"/>
    <tok_anno ascii="mandunga" id="t57_m1" trans="mandunga" utf="mandunga">
      <norm tag="mandunge"/>
      <lemma tag="mandunge"/>
      <lemma_gen tag="mandunge"/>
      <lemma_idmwb tag="107502000"/>
      <pos tag="NA"/>
      <pos_gen tag="NA"/>
      <infl tag="Nom.Sg"/>
      <inflClass tag="*.Fem"/>
      <inflClass_gen tag="*.Fem"/>
      <punc tag="N*"/>
    </tok_anno>
  </token>
  <token id="t58" trans="aller" type="token">
    <tok_dipl id="t58_d1" trans="aller" utf="aller"/>
    <tok_anno ascii="aller" id="t58_m1" trans="aller" utf="aller">
      <norm tag="aller"/>
      <lemma tag="all"/>
      <lemma_gen tag="all"/>
      <lemma_idmwb tag="3531000"/>
      <pos tag="DIA"/>
      <pos_gen tag="DI"/>
      <infl tag="*.Gen.Pl.st"/>
      <inflClass tag="--"/>
      <inflClass_gen tag="--"/>
    </tok_anno>
  </token>
  <token id="t59" trans="cri$tenun" type="token">
    <tok_dipl id="t59_d1" trans="cri$tenun" utf="criſtenun"/>
    <tok_anno ascii="cristenun" id="t59_m1" trans="cri$tenun" utf="criſtenun">
      <norm tag="kristene"/>
      <lemma tag="kristen"/>
      <lemma_gen tag="kristen"/>
      <lemma_idmwb tag="95640000"/>
      <pos tag="NA"/>
      <pos_gen tag="NA"/>
      <infl tag="Gen.Pl"/>
      <inflClass tag="st.Masc,Fem"/>
      <inflClass_gen tag="st.Masc,Fem"/>
    </tok_anno>
  </token>
  <token id="t60" trans="heilfa,," type="token">
    <tok_dipl id="t60_d1" trans="heilfa" utf="heilfa"/>
    <tok_anno ascii="heilfa" id="t60_m1" trans="heilfa" utf="heilfa">
      <norm tag="helfe"/>
      <lemma tag="hëlfe"/>
      <lemma_gen tag="hëlfe"/>
      <lemma_idmwb tag="70869000"/>
      <pos tag="NA"/>
      <pos_gen tag="NA"/>
      <infl tag="Nom.Sg"/>
      <inflClass tag="*.Fem"/>
      <inflClass_gen tag="*.Fem"/>
      <punc tag="S*"/>
    </tok_anno>
  </token>
  <token id="t61" trans="°aue" type="token">
    <tok_dipl id="t61_d1" trans="°aue" utf="°aue"/>
    <tok_anno ascii="°aue" id="t61_m1" trans="°aue" utf="°aue">
      <norm tag="--"/>
      <lemma tag="ave"/>
      <lemma_gen tag="ave"/>
      <lemma_idmwb tag="--"/>
      <pos tag="ITJ"/>
      <pos_gen tag="FM"/>
      <infl tag="[]"/>
      <inflClass tag="--"/>
      <inflClass_gen tag="--"/>
    </tok_anno>
  </token>
  <token id="t62" trans="MaRIa,," type="token">
    <tok_dipl id="t62_d1" trans="MaRIa" utf="MaRIa"/>
    <tok_anno ascii="MaRIa" id="t62_m1" trans="MaRIa" utf="MaRIa">
      <norm tag="--"/>
      <lemma tag="Maria"/>
      <lemma_gen tag="Maria"/>
      <lemma_idmwb tag="--"/>
      <pos tag="NE"/>
      <pos_gen tag="FM"/>
      <infl tag="Nom.Sg"/>
      <inflClass tag="--"/>
      <inflClass_gen tag="--"/>
      <punc tag="S*"/>
    </tok_anno>
  </token>
  <token id="t63" trans="weget" type="token">
    <tok_dipl id="t63_d1" trans="weget" utf="weget"/>
    <tok_anno ascii="weget" id="t63_m1" trans="weget" utf="weget">
      <norm tag="weget"/>
      <lemma tag="wëgen"/>
      <lemma_gen tag="wëgen"/>
      <lemma_idmwb tag="223656000"/>
      <pos tag="VVIMP"/>
      <pos_gen tag="VV"/>
      <infl tag="Pl.2"/>
      <inflClass tag="wk"/>
      <inflClass_gen tag="wk"/>
    </tok_anno>
  </token>
  <token id="t64" trans="vo_r" type="token">
    <tok_dipl id="t64_d1" trans="vo_r" utf="vo‍r"/>
    <tok_anno ascii="vor" id="t64_m1" trans="vo_r" utf="vo‍r">
      <norm tag="vore"/>
      <lemma tag="vor(e)"/>
      <lemma_gen tag="vor(e)"/>
      <lemma_idmwb tag="213246000"/>
      <pos tag="APPR"/>
      <pos_gen tag="AP"/>
      <infl tag="--"/>
      <inflClass tag="--"/>
      <inflClass_gen tag="--"/>
    </tok_anno>
  </token>
  <token id="t65" trans="mich,," type="token">
    <tok_dipl id="t65_d1" trans="mich" utf="mich"/>
    <tok_anno ascii="mich" id="t65_m1" trans="mich" utf="mich">
      <norm tag="mich"/>
      <lemma tag="ich"/>
      <lemma_gen tag="ich"/>
      <lemma_idmwb tag="81210000"/>
      <pos tag="PPER"/>
      <pos_gen tag="PPER"/>
      <infl tag="Akk.Sg.1"/>
      <inflClass tag="--"/>
      <inflClass_gen tag="--"/>
      <punc tag="S*"/>
    </tok_anno>
  </token>
  <token id="t66" trans="gnedege" type="token">
    <tok_dipl id="t66_d1" trans="gnedege" utf="gnedege"/>
    <tok_anno ascii="gnedege" id="t66_m1" trans="gnedege" utf="gnedege">
      <norm tag="genædige"/>
      <lemma tag="ge-nædig"/>
      <lemma_gen tag="ge-nædig"/>
      <lemma_idmwb tag="53418000"/>
      <pos tag="ADJA"/>
      <pos_gen tag="ADJ"/>
      <infl tag="Pos.Fem.Nom.Sg.wk"/>
      <inflClass tag="--"/>
      <inflClass_gen tag="--"/>
    </tok_anno>
  </token>
  <token id="t67" trans="frowa(!)" type="token">
    <tok_dipl id="t67_d1" trans="frowa" utf="frowa"/>
    <tok_anno ascii="frowa" id="t67_m1" trans="frowa" utf="frowa">
      <norm tag="vrouwe"/>
      <lemma tag="vrouwe"/>
      <lemma_gen tag="vrouwe"/>
      <lemma_idmwb tag="217017000"/>
      <pos tag="NA"/>
      <pos_gen tag="NA"/>
      <infl tag="Nom.Sg"/>
      <inflClass tag="*.Fem"/>
      <inflClass_gen tag="*.Fem"/>
      <punc tag="IE"/>
    </tok_anno>
  </token>
  <token id="t68" trans="." type="punc">
    <tok_dipl id="t68_d1" trans="." utf="."/>
    <tok_anno ascii="." id="t68_m1" trans="." utf=".">
      <pos tag="$_"/>
      <pos_gen tag="$_"/>
      <punc tag="$E"/>
    </tok_anno>
  </token>
  <token id="t69" trans="*(R*)eine" type="token">
    <tok_dipl id="t69_d1" trans="*(R*)eine" utf="Reine"/>
    <tok_anno ascii="Reine" id="t69_m1" trans="*(R*)eine" utf="Reine">
      <norm tag="reine"/>
      <lemma tag="rèin(e)"/>
      <lemma_gen tag="rèin(e)"/>
      <lemma_idmwb tag="133287000"/>
      <pos tag="ADJA"/>
      <pos_gen tag="ADJ"/>
      <infl tag="Pos.Fem.Nom.Sg.0"/>
      <inflClass tag="--"/>
      <inflClass_gen tag="--"/>
    </tok_anno>
  </token>
  <token id="t70" trans="mu\oter" type="token">
    <tok_dipl id="t70_d1" trans="mu\oter" utf="muͦter"/>
    <tok_anno ascii="muoter" id="t70_m1" trans="mu\oter" utf="muͦter">
      <norm tag="muoter"/>
      <lemma tag="muoter"/>
      <lemma_gen tag="muoter"/>
      <lemma_idmwb tag="116949000"/>
      <pos tag="NA"/>
      <pos_gen tag="NA"/>
      <infl tag="Nom.Sg"/>
      <inflClass tag="st(u).Fem"/>
      <inflClass_gen tag="st(u).Fem"/>
    </tok_anno>
  </token>
  <token id="t71" trans="milda,," type="token">
    <tok_dipl id="t71_d1" trans="milda" utf="milda"/>
    <tok_anno ascii="milda" id="t71_m1" trans="milda" utf="milda">
      <norm tag="milte"/>
      <lemma tag="milte"/>
      <lemma_gen tag="milte"/>
      <lemma_idmwb tag="111924000"/>
      <pos tag="ADJN"/>
      <pos_gen tag="ADJ"/>
      <infl tag="Pos.Fem.Nom.Sg.0"/>
      <inflClass tag="--"/>
      <inflClass_gen tag="--"/>
      <punc tag="S*"/>
    </tok_anno>
  </token>
  <token id="t72" trans="wand_e" type="token">
    <tok_dipl id="t72_d1" trans="wand_e" utf="wandᵉ"/>
    <tok_anno ascii="wande" id="t72_m1" trans="wand_e" utf="wandᵉ">
      <norm tag="wande"/>
      <lemma tag="wante"/>
      <lemma_gen tag="wante"/>
      <lemma_idmwb tag="221532000"/>
      <pos tag="KO*"/>
      <pos_gen tag="KO"/>
      <infl tag="--"/>
      <inflClass tag="--"/>
      <inflClass_gen tag="--"/>
    </tok_anno>
  </token>
  <token id="t73" trans="mich" type="token">
    <tok_dipl id="t73_d1" trans="mich" utf="mich"/>
    <tok_anno ascii="mich" id="t73_m1" trans="mich" utf="mich">
      <norm tag="mich"/>
      <lemma tag="ich"/>
      <lemma_gen tag="ich"/>
      <lemma_idmwb tag="81210000"/>
      <pos tag="PPER"/>
      <pos_gen tag="PPER"/>
      <infl tag="Akk.Sg.1"/>
      <inflClass tag="--"/>
      <inflClass_gen tag="--"/>
    </tok_anno>
  </token>
  <token id="t74" trans="ruwet" type="token">
    <tok_dipl id="t74_d1" trans="ruwet" utf="ruwet"/>
    <tok_anno ascii="ruwet" id="t74_m1" trans="ruwet" utf="ruwet">
      <norm tag="riuwet"/>
      <lemma tag="riuwen"/>
      <lemma_gen tag="riuwen"/>
      <lemma_idmwb tag="135897000"/>
      <pos tag="VVFIN"/>
      <pos_gen tag="VV"/>
      <infl tag="Ind.Pres.Sg.3"/>
      <inflClass tag="st2c"/>
      <inflClass_gen tag="st2c"/>
    </tok_anno>
  </token>
  <token id="t75" trans="mín" type="token">
    <tok_dipl id="t75_d1" trans="mín" utf="mín"/>
    <tok_anno ascii="min" id="t75_m1" trans="mín" utf="mín">
      <norm tag="mîn"/>
      <lemma tag="mîn"/>
      <lemma_gen tag="mîn"/>
      <lemma_idmwb tag="112026000"/>
      <pos tag="DPOSA"/>
      <pos_gen tag="DPOS"/>
      <infl tag="Fem.Nom.Sg.0"/>
      <inflClass tag="--"/>
      <inflClass_gen tag="--"/>
    </tok_anno>
  </token>
  <token id="t76" trans="$unda,," type="token">
    <tok_dipl id="t76_d1" trans="$unda" utf="ſunda"/>
    <tok_anno ascii="sunda" id="t76_m1" trans="$unda" utf="ſunda">
      <norm tag="sünde"/>
      <lemma tag="sünte"/>
      <lemma_gen tag="sünte"/>
      <lemma_idmwb tag="162993000"/>
      <pos tag="NA"/>
      <pos_gen tag="NA"/>
      <infl tag="Nom.Sg"/>
      <inflClass tag="*.Fem"/>
      <inflClass_gen tag="*.Fem"/>
      <punc tag="S*"/>
    </tok_anno>
  </token>
  <token id="t77" trans="wande" type="token">
    <tok_dipl id="t77_d1" trans="wande" utf="wande"/>
    <tok_anno ascii="wande" id="t77_m1" trans="wande" utf="wande">
      <norm tag="wande"/>
      <lemma tag="wante"/>
      <lemma_gen tag="wante"/>
      <lemma_idmwb tag="221532000"/>
      <pos tag="KO*"/>
      <pos_gen tag="KO"/>
      <infl tag="--"/>
      <inflClass tag="--"/>
      <inflClass_gen tag="--"/>
    </tok_anno>
  </token>
  <token id="t78" trans="$vchen" type="token">
    <tok_dipl id="t78_d1" trans="$vchen" utf="ſvchen"/>
    <tok_anno ascii="svchen" id="t78_m1" trans="$vchen" utf="ſvchen">
      <norm tag="suochen"/>
      <lemma tag="suochen"/>
      <lemma_gen tag="suochen"/>
      <lemma_idmwb tag="164055000"/>
      <pos tag="VVFIN"/>
      <pos_gen tag="VV"/>
      <infl tag="Ind.Pres.Sg.1"/>
      <inflClass tag="wk"/>
      <inflClass_gen tag="wk"/>
    </tok_anno>
  </token>
  <token id="t79" trans="ich" type="token">
    <tok_dipl id="t79_d1" trans="ich" utf="ich"/>
    <tok_anno ascii="ich" id="t79_m1" trans="ich" utf="ich">
      <norm tag="ich"/>
      <lemma tag="ich"/>
      <lemma_gen tag="ich"/>
      <lemma_idmwb tag="81210000"/>
      <pos tag="PPER"/>
      <pos_gen tag="PPER"/>
      <infl tag="Nom.Sg.1"/>
      <inflClass tag="--"/>
      <inflClass_gen tag="--"/>
    </tok_anno>
  </token>
  <token id="t80" trans="vwer" type="token">
    <tok_dipl id="t80_d1" trans="vwer" utf="vwer"/>
    <tok_anno ascii="vwer" id="t80_m1" trans="vwer" utf="vwer">
      <norm tag="iuwer"/>
      <lemma tag="iuwer"/>
      <lemma_gen tag="iuwer"/>
      <lemma_idmwb tag="84771000"/>
      <pos tag="DPOSA"/>
      <pos_gen tag="DPOS"/>
      <infl tag="Fem.Akk.Sg.0"/>
      <inflClass tag="--"/>
      <inflClass_gen tag="--"/>
    </tok_anno>
  </token>
  <token id="t81" trans="gnada" type="token">
    <tok_dipl id="t81_d1" trans="gnada" utf="gnada"/>
    <tok_anno ascii="gnada" id="t81_m1" trans="gnada" utf="gnada">
      <norm tag="genâde"/>
      <lemma tag="ge-nâde"/>
      <lemma_gen tag="ge-nâde"/>
      <lemma_idmwb tag="53412000"/>
      <pos tag="NA"/>
      <pos_gen tag="NA"/>
      <infl tag="Akk.Sg"/>
      <inflClass tag="st.Fem"/>
      <inflClass_gen tag="*.Fem"/>
    </tok_anno>
  </token>
  <token id="t82" trans="." type="punc">
    <tok_dipl id="t82_d1" trans="." utf="."/>
    <tok_anno ascii="." id="t82_m1" trans="." utf=".">
      <pos tag="$_"/>
      <pos_gen tag="$_"/>
    </tok_anno>
  </token>
  <token id="t83" trans="*(E*)...(.)" type="token">
    <tok_dipl id="t83_d1" trans="*(E*)..." utf="E..."/>
    <tok_anno ascii="E..." id="t83_m1" trans="*(E*)..." utf="E...">
      <norm tag="--"/>
      <lemma tag="[!]"/>
      <lemma_gen tag="[!]"/>
      <lemma_idmwb tag="--"/>
      <pos tag="--"/>
      <pos_gen tag="--"/>
      <infl tag="--"/>
      <inflClass tag="--"/>
      <inflClass_gen tag="--"/>
      <punc tag="DE"/>
    </tok_anno>
  </token>
  <token id="t84" trans="..........doge" type="token">
    <tok_dipl id="t84_d1" trans="..........doge" utf="..........doge"/>
    <tok_anno ascii="..........doge" id="t84_m1" trans="..........doge" utf="..........doge">
      <norm tag="--"/>
      <lemma tag="[!]"/>
      <lemma_gen tag="[!]"/>
      <lemma_idmwb tag="--"/>
      <pos tag="--"/>
      <pos_gen tag="--"/>
      <infl tag="--"/>
      <inflClass tag="--"/>
      <inflClass_gen tag="--"/>
    </tok_anno>
  </token>
  <token id="t85" trans="...lo$et" type="token">
    <tok_dipl id="t85_d1" trans="...lo$et" utf="...loſet"/>
    <tok_anno ascii="...loset" id="t85_m1" trans="...lo$et" utf="...loſet">
      <norm tag="--"/>
      <lemma tag="[!]"/>
      <lemma_gen tag="[!]"/>
      <lemma_idmwb tag="--"/>
      <pos tag="--"/>
      <pos_gen tag="--"/>
      <infl tag="--"/>
      <inflClass tag="--"/>
      <inflClass_gen tag="--"/>
    </tok_anno>
  </token>
  <token id="t86" trans="míne" type="token">
    <tok_dipl id="t86_d1" trans="míne" utf="míne"/>
    <tok_anno ascii="mine" id="t86_m1" trans="míne" utf="míne">
      <norm tag="mîne"/>
      <lemma tag="mîn"/>
      <lemma_gen tag="mîn"/>
      <lemma_idmwb tag="112026000"/>
      <pos tag="DPOSA"/>
      <pos_gen tag="DPOS"/>
      <infl tag="Fem.Akk.Sg.st"/>
      <inflClass tag="--"/>
      <inflClass_gen tag="--"/>
    </tok_anno>
  </token>
  <token id="t87" trans="$unda" type="token">
    <tok_dipl id="t87_d1" trans="$unda" utf="ſunda"/>
    <tok_anno ascii="sunda" id="t87_m1" trans="$unda" utf="ſunda">
      <norm tag="sünde"/>
      <lemma tag="sünte"/>
      <lemma_gen tag="sünte"/>
      <lemma_idmwb tag="162993000"/>
      <pos tag="NA"/>
      <pos_gen tag="NA"/>
      <infl tag="Akk.Sg"/>
      <inflClass tag="st.Fem"/>
      <inflClass_gen tag="*.Fem"/>
    </tok_anno>
  </token>
  <token id="t88" trans="vnd_e" type="token">
    <tok_dipl id="t88_d1" trans="vnd_e" utf="vndᵉ"/>
    <tok_anno ascii="vnde" id="t88_m1" trans="vnd_e" utf="vndᵉ">
      <norm tag="unde"/>
      <lemma tag="unte"/>
      <lemma_gen tag="unte"/>
      <lemma_idmwb tag="183108000"/>
      <pos tag="KON"/>
      <pos_gen tag="KO"/>
      <infl tag="--"/>
      <inflClass tag="--"/>
      <inflClass_gen tag="--"/>
    </tok_anno>
  </token>
  <token id="t89" trans="inzundet" type="token">
    <tok_dipl id="t89_d1" trans="inzundet" utf="inzundet"/>
    <tok_anno ascii="inzundet" id="t89_m1" trans="inzundet" utf="inzundet">
      <norm tag="entzündet"/>
      <lemma tag="ent-zünten"/>
      <lemma_gen tag="ent-zünten"/>
      <lemma_idmwb tag="246785000"/>
      <pos tag="VVFIN"/>
      <pos_gen tag="VV"/>
      <infl tag="Ind.Pres.Sg.3"/>
      <inflClass tag="wk"/>
      <inflClass_gen tag="wk"/>
    </tok_anno>
  </token>
  <token id="t90" trans="an" type="token">
    <tok_dipl id="t90_d1" trans="an" utf="an"/>
    <tok_anno ascii="an" id="t90_m1" trans="an" utf="an">
      <norm tag="an"/>
      <lemma tag="ane"/>
      <lemma_gen tag="ane"/>
      <lemma_idmwb tag="5691000"/>
      <pos tag="APPR"/>
      <pos_gen tag="AP"/>
      <infl tag="--"/>
      <inflClass tag="--"/>
      <inflClass_gen tag="--"/>
    </tok_anno>
  </token>
  <token id="t91" trans="mír" type="token">
    <tok_dipl id="t91_d1" trans="mír" utf="mír"/>
    <tok_anno ascii="mir" id="t91_m1" trans="mír" utf="mír">
      <norm tag="mir"/>
      <lemma tag="ich"/>
      <lemma_gen tag="ich"/>
      <lemma_idmwb tag="81210000"/>
      <pos tag="PPER"/>
      <pos_gen tag="PPER"/>
      <infl tag="Dat.Sg.1"/>
      <inflClass tag="--"/>
      <inflClass_gen tag="--"/>
    </tok_anno>
  </token>
  <token id="t92" trans="di" type="token">
    <tok_dipl id="t92_d1" trans="di" utf="di"/>
    <tok_anno ascii="di" id="t92_m1" trans="di" utf="di">
      <norm tag="di"/>
      <lemma tag="dër"/>
      <lemma_gen tag="dër"/>
      <lemma_idmwb tag="29817000"/>
      <pos tag="DDART"/>
      <pos_gen tag="DD"/>
      <infl tag="Fem.Akk.Sg"/>
      <inflClass tag="--"/>
      <inflClass_gen tag="--"/>
    </tok_anno>
  </token>
  <token id="t93" trans=".." type="token">
    <tok_dipl id="t93_d1" trans=".." utf=".."/>
    <tok_anno ascii=".." id="t93_m1" trans=".." utf="..">
      <norm tag="--"/>
      <lemma tag="[!]"/>
      <lemma_gen tag="[!]"/>
      <lemma_idmwb tag="--"/>
      <pos tag="--"/>
      <pos_gen tag="--"/>
      <infl tag="--"/>
      <inflClass tag="--"/>
      <inflClass_gen tag="--"/>
    </tok_anno>
  </token>
  <token id="t94" trans="heligen" type="token">
    <tok_dipl id="t94_d1" trans="heligen" utf="heligen"/>
    <tok_anno ascii="heligen" id="t94_m1" trans="heligen" utf="heligen">
      <norm tag="heiligen"/>
      <lemma tag="hèilig"/>
      <lemma_gen tag="hèilig"/>
      <lemma_idmwb tag="70113000"/>
      <pos tag="ADJA"/>
      <pos_gen tag="ADJ"/>
      <infl tag="Pos.Fem.Akk.Sg.wk"/>
      <inflClass tag="--"/>
      <inflClass_gen tag="--"/>
    </tok_anno>
  </token>
  <token id="t95" trans="mínna(.)" type="token">
    <tok_dipl id="t95_d1" trans="mínna" utf="mínna"/>
    <tok_anno ascii="minna" id="t95_m1" trans="mínna" utf="mínna">
      <norm tag="minne"/>
      <lemma tag="minne"/>
      <lemma_gen tag="minne"/>
      <lemma_idmwb tag="112086000"/>
      <pos tag="NA"/>
      <pos_gen tag="NA"/>
      <infl tag="Akk.Sg"/>
      <inflClass tag="st.Fem"/>
      <inflClass_gen tag="*.Fem"/>
      <punc tag="DE"/>
    </tok_anno>
  </token>
  <token id="t96" trans="." type="punc">
    <tok_dipl id="t96_d1" trans="." utf="."/>
    <tok_anno ascii="." id="t96_m1" trans="." utf=".">
      <pos tag="$_"/>
      <pos_gen tag="$_"/>
      <punc tag="$E"/>
    </tok_anno>
  </token>
  <token id="t97" trans="*(A*)ller" type="token">
    <tok_dipl id="t97_d1" trans="*(A*)ller" utf="Aller"/>
    <tok_anno ascii="Aller" id="t97_m1" trans="*(A*)ller" utf="Aller">
      <norm tag="aller"/>
      <lemma tag="all"/>
      <lemma_gen tag="all"/>
      <lemma_idmwb tag="3531000"/>
      <pos tag="DIA"/>
      <pos_gen tag="DI"/>
      <infl tag="*.Gen.Pl.st"/>
      <inflClass tag="--"/>
      <inflClass_gen tag="--"/>
    </tok_anno>
  </token>
  <token id="t98" trans="mu\otere" type="token">
    <tok_dipl id="t98_d1" trans="mu\otere" utf="muͦtere"/>
    <tok_anno ascii="muotere" id="t98_m1" trans="mu\otere" utf="muͦtere">
      <norm tag="muotere"/>
      <lemma tag="muoter"/>
      <lemma_gen tag="muoter"/>
      <lemma_idmwb tag="116949000"/>
      <pos tag="NA"/>
      <pos_gen tag="NA"/>
      <infl tag="Gen.Pl"/>
      <inflClass tag="st(u).Fem"/>
      <inflClass_gen tag="st(u).Fem"/>
    </tok_anno>
  </token>
  <token id="t99" trans="$eligi$ta,," type="token">
    <tok_dipl id="t99_d1" trans="$eligi$ta" utf="ſeligiſta"/>
    <tok_anno ascii="seligista" id="t99_m1" trans="$eligi$ta" utf="ſeligiſta">
      <norm tag="sæligeste"/>
      <lemma tag="sælig"/>
      <lemma_gen tag="sælig"/>
      <lemma_idmwb tag="???"/>
      <pos tag="ADJA"/>
      <pos_gen tag="ADJ"/>
      <infl tag="Sup.Fem.Nom.Sg.st"/>
      <inflClass tag="--"/>
      <inflClass_gen tag="--"/>
      <punc tag="S*"/>
    </tok_anno>
  </token>
  <token id="t100" trans="aller" type="token">
    <tok_dipl id="t100_d1" trans="aller" utf="aller"/>
    <tok_anno ascii="aller" id="t100_m1" trans="aller" utf="aller">
      <norm tag="aller"/>
      <lemma tag="all"/>
      <lemma_gen tag="all"/>
      <lemma_idmwb tag="3531000"/>
      <pos tag="DIA"/>
      <pos_gen tag="DI"/>
      <infl tag="*.Gen.Pl.st"/>
      <inflClass tag="--"/>
      <inflClass_gen tag="--"/>
    </tok_anno>
  </token>
  <token id="t101" trans="cuneginnen" type="token">
    <tok_dipl id="t101_d1" trans="cuneginnen" utf="cuneginnen"/>
    <tok_anno ascii="cuneginnen" id="t101_m1" trans="cuneginnen" utf="cuneginnen">
      <norm tag="küninginne"/>
      <lemma tag="küni(n)ginne"/>
      <lemma_gen tag="küni(n)ginne"/>
      <lemma_idmwb tag="97323000"/>
      <pos tag="NA"/>
      <pos_gen tag="NA"/>
      <infl tag="Gen.Pl"/>
      <inflClass tag="st.Fem"/>
      <inflClass_gen tag="*.Fem"/>
    </tok_anno>
  </token>
  <token id="t102" trans="lu$$am$ta,," type="token">
    <tok_dipl id="t102_d1" trans="lu$$am$ta" utf="luſſamſta"/>
    <tok_anno ascii="lussamsta" id="t102_m1" trans="lu$$am$ta" utf="luſſamſta">
      <norm tag="lustsameste"/>
      <lemma tag="lust-sam"/>
      <lemma_gen tag="lust-sam"/>
      <lemma_idmwb tag="???"/>
      <pos tag="ADJA"/>
      <pos_gen tag="ADJ"/>
      <infl tag="Sup.Fem.Nom.Sg.st"/>
      <inflClass tag="--"/>
      <inflClass_gen tag="--"/>
      <punc tag="S*"/>
    </tok_anno>
  </token>
  <token id="t103" trans="aller" type="token">
    <tok_dipl id="t103_d1" trans="aller" utf="aller"/>
    <tok_anno ascii="aller" id="t103_m1" trans="aller" utf="aller">
      <norm tag="aller"/>
      <lemma tag="all"/>
      <lemma_gen tag="all"/>
      <lemma_idmwb tag="3531000"/>
      <pos tag="DIA"/>
      <pos_gen tag="DI"/>
      <infl tag="*.Gen.Pl.st"/>
      <inflClass tag="--"/>
      <inflClass_gen tag="--"/>
    </tok_anno>
  </token>
  <token id="t104" trans="heligen" type="token">
    <tok_dipl id="t104_d1" trans="heligen" utf="heligen"/>
    <tok_anno ascii="heligen" id="t104_m1" trans="heligen" utf="heligen">
      <norm tag="heiligen"/>
      <lemma tag="hèilig"/>
      <lemma_gen tag="hèilig"/>
      <lemma_idmwb tag="70113000"/>
      <pos tag="ADJA"/>
      <pos_gen tag="ADJ"/>
      <infl tag="Pos.*.Gen.Pl..%.wk"/>
      <inflClass tag="--"/>
      <inflClass_gen tag="--"/>
    </tok_anno>
  </token>
  <token id="t105" trans="helegi$ta,," type="token">
    <tok_dipl id="t105_d1" trans="helegi$ta" utf="helegiſta"/>
    <tok_anno ascii="helegista" id="t105_m1" trans="helegi$ta" utf="helegiſta">
      <norm tag="heiligeste"/>
      <lemma tag="hèilig"/>
      <lemma_gen tag="hèilig"/>
      <lemma_idmwb tag="???"/>
      <pos tag="ADJA"/>
      <pos_gen tag="ADJ"/>
      <infl tag="Sup.Fem.Nom.Sg.st"/>
      <inflClass tag="--"/>
      <inflClass_gen tag="--"/>
      <punc tag="S*"/>
    </tok_anno>
  </token>
  <token id="t106" trans="." type="punc">
    <tok_dipl id="t106_d1" trans="." utf="."/>
    <tok_anno ascii="." id="t106_m1" trans="." utf=".">
      <pos tag="$_"/>
      <pos_gen tag="$_"/>
    </tok_anno>
  </token>
  <token id="t107" trans="*(A*)ue" type="token">
    <tok_dipl id="t107_d1" trans="*(A*)ue" utf="Aue"/>
    <tok_anno ascii="Aue" id="t107_m1" trans="*(A*)ue" utf="Aue">
      <norm tag="--"/>
      <lemma tag="ave"/>
      <lemma_gen tag="ave"/>
      <lemma_idmwb tag="--"/>
      <pos tag="ITJ"/>
      <pos_gen tag="FM"/>
      <infl tag="--"/>
      <inflClass tag="--"/>
      <inflClass_gen tag="--"/>
    </tok_anno>
  </token>
  <token id="t108" trans="M%a,," type="token">
    <tok_dipl id="t108_d1" trans="M%a" utf="Mͣ"/>
    <tok_anno ascii="Ma" id="t108_m1" trans="M%a" utf="Mͣ">
      <norm tag="--"/>
      <lemma tag="Maria"/>
      <lemma_gen tag="Maria"/>
      <lemma_idmwb tag="--"/>
      <pos tag="NE"/>
      <pos_gen tag="FM"/>
      <infl tag="Nom.Sg"/>
      <inflClass tag="--"/>
      <inflClass_gen tag="--"/>
      <punc tag="S*"/>
    </tok_anno>
  </token>
  <token id="t109" trans="." type="punc">
    <tok_dipl id="t109_d1" trans="." utf="."/>
    <tok_anno ascii="." id="t109_m1" trans="." utf=".">
      <pos tag="$_"/>
      <pos_gen tag="$_"/>
    </tok_anno>
  </token>
  <token id="t110" trans="weget" type="token">
    <tok_dipl id="t110_d1" trans="weget" utf="weget"/>
    <tok_anno ascii="weget" id="t110_m1" trans="weget" utf="weget">
      <norm tag="weget"/>
      <lemma tag="wëgen"/>
      <lemma_gen tag="wëgen"/>
      <lemma_idmwb tag="223656000"/>
      <pos tag="VVIMP"/>
      <pos_gen tag="VV"/>
      <infl tag="Pl.2"/>
      <inflClass tag="wk"/>
      <inflClass_gen tag="wk"/>
    </tok_anno>
  </token>
  <token id="t111" trans="vor" type="token">
    <tok_dipl id="t111_d1" trans="vor" utf="vor"/>
    <tok_anno ascii="vor" id="t111_m1" trans="vor" utf="vor">
      <norm tag="vore"/>
      <lemma tag="vor(e)"/>
      <lemma_gen tag="vor(e)"/>
      <lemma_idmwb tag="213246000"/>
      <pos tag="APPR"/>
      <pos_gen tag="AP"/>
      <infl tag="--"/>
      <inflClass tag="--"/>
      <inflClass_gen tag="--"/>
    </tok_anno>
  </token>
  <token id="t112" trans="mich,," type="token">
    <tok_dipl id="t112_d1" trans="mich" utf="mich"/>
    <tok_anno ascii="mich" id="t112_m1" trans="mich" utf="mich">
      <norm tag="mich"/>
      <lemma tag="ich"/>
      <lemma_gen tag="ich"/>
      <lemma_idmwb tag="81210000"/>
      <pos tag="PPER"/>
      <pos_gen tag="PPER"/>
      <infl tag="Akk.Sg.1"/>
      <inflClass tag="--"/>
      <inflClass_gen tag="--"/>
      <punc tag="S*"/>
    </tok_anno>
  </token>
  <token id="t113" trans="gnedega" type="token">
    <tok_dipl id="t113_d1" trans="gnedega" utf="gnedega"/>
    <tok_anno ascii="gnedega" id="t113_m1" trans="gnedega" utf="gnedega">
      <norm tag="genædige"/>
      <lemma tag="ge-nædig"/>
      <lemma_gen tag="ge-nædig"/>
      <lemma_idmwb tag="53418000"/>
      <pos tag="ADJA"/>
      <pos_gen tag="ADJ"/>
      <infl tag="Pos.Fem.Nom.Sg.wk"/>
      <inflClass tag="--"/>
      <inflClass_gen tag="--"/>
    </tok_anno>
  </token>
  <token id="t114" trans="frowa" type="token">
    <tok_dipl id="t114_d1" trans="frowa" utf="frowa"/>
    <tok_anno ascii="frowa" id="t114_m1" trans="frowa" utf="frowa">
      <norm tag="vrouwe"/>
      <lemma tag="vrouwe"/>
      <lemma_gen tag="vrouwe"/>
      <lemma_idmwb tag="217017000"/>
      <pos tag="NA"/>
      <pos_gen tag="NA"/>
      <infl tag="Nom.Sg"/>
      <inflClass tag="*.Fem"/>
      <inflClass_gen tag="*.Fem"/>
    </tok_anno>
  </token>
  <token id="t115" trans="cuneg\-(!)" type="token">
    <tok_dipl id="t115_d1" trans="cuneg\-" utf="cuneḡ"/>
    <tok_anno ascii="cunegen" id="t115_m1" trans="cuneg\-" utf="cuneḡ">
      <norm tag="küninginne"/>
      <lemma tag="küni(n)ginne"/>
      <lemma_gen tag="küni(n)ginne"/>
      <lemma_idmwb tag="97323000"/>
      <pos tag="NA"/>
      <pos_gen tag="NA"/>
      <infl tag="Nom.Sg"/>
      <inflClass tag="*.Fem"/>
      <inflClass_gen tag="*.Fem"/>
      <punc tag="IE"/>
    </tok_anno>
  </token>
  <token id="t116" trans="." type="punc">
    <tok_dipl id="t116_d1" trans="." utf="."/>
    <tok_anno ascii="." id="t116_m1" trans="." utf=".">
      <pos tag="$_"/>
      <pos_gen tag="$_"/>
      <punc tag="$E"/>
    </tok_anno>
  </token>
</text>
