<?xml version='1.0' encoding='UTF-8'?>
<!DOCTYPE text SYSTEM "cora-xml.dtd">
<text id="M084B">
  <header>
    <text>Gebetsanweisungen zum Psalter Beuron</text>
    <abbr_ddd>GebetsanwBeu</abbr_ddd>
    <abbr_mwb>-</abbr_mwb>
    <topic>Religion</topic>
    <text-type>Gebetsanweisung</text-type>
    <genre>P</genre>
    <reference>Hs.: Blatt (r/v), Zeile</reference>
    <reference-secondary>-</reference-secondary>
    <library>Beuron, Bibl. der Erzabtei</library>
    <library-shelfmark>Fragm. 110</library-shelfmark>
    <online>http://www.handschriftencensus.de/15465</online>
    <medium>Handschrift</medium>
    <extent>1v; 3r</extent>
    <extract>-</extract>
    <language>mhd</language>
    <language-type>oberdeutsch</language-type>
    <language-region>-</language-region>
    <language-area>-</language-area>
    <place>-</place>
    <time>12,2</time>
    <notes-manuscript>Bl. 1v und 3r = 'Gebetsanweisungen in lateinischer Psalterhandschrift', nach Dold: Deutsche Gebetsanweisungen zu Texten für das kirchliche Offizium der Laudes, hier Cantica für Donnerstag, Freitag und Samstag; nach Eis (1953) unter Hinweis auf die Parallelüberlieferung: Cantica einer Psalter-Hs. Die beiden erhaltenen deutschen Beischriften stehen in und um die großen, roten Initialbuchstaben für das Canticum Habacuc (Hab 3,1-19, Freitag) und das Canticum filiorum Israel (Dt. 32, 1-43, Samstag). Erhalten sind vom lat. Text Ex 15,14-19, Hab 3,1-19 und Dt 32,1-22.</notes-manuscript>
    <date>-</date>
    <text-place>-</text-place>
    <text-author>-</text-author>
    <text-language>-</text-language>
    <text-source>-</text-source>
    <edition>Gerhard Eis: Ein weiterer Psalter-Codex mit gereimten frühmittelhochdeutschen Marginalien. In: Beiträge zur Geschichte der deutschen Sprache und Literatur 78 (Tüb. 1956), S. 61-64 (mit Abdruck).</edition>
    <corpus>ReM I</corpus>
    <notes-transcription>-</notes-transcription>
    <notes-annotation>-</notes-annotation>
    <digitization_by>Bochum</digitization_by>
    <collation_by>Bochum</collation_by>
    <pre_editing_by>Bochum</pre_editing_by>
    <annotation_by>Bochum</annotation_by>
    <proofreading_by>Bochum</proofreading_by>
  </header>
  <layoutinfo>
    <page id="p1" no="1" range="c1" side="v"/>
    <page id="p2" no="3" range="c2" side="r"/>
    <column id="c1" range="l1..l8"/>
    <column id="c2" range="l9..l21"/>
    <line id="l1" name="1" range="t1_d1..t3_d1" loc="1va,1"/>
    <line id="l2" name="2" range="t4_d1..t6_d1" loc="1va,2"/>
    <line id="l3" name="3" range="t7_d1..t13_d1" loc="1va,3"/>
    <line id="l4" name="4" range="t14_d1..t16_d1" loc="1va,4"/>
    <line id="l5" name="5" range="t17_d1..t18_d1" loc="1va,5"/>
    <line id="l6" name="6" range="t19_d1..t22_d1" loc="1va,6"/>
    <line id="l7" name="7" range="t23_d1..t25_d1" loc="1va,7"/>
    <line id="l8" name="8" range="t26_d1..t28_d1" loc="1va,8"/>
    <line id="l9" name="1" range="t29_d1..t31_d1" loc="3ra,1"/>
    <line id="l10" name="2" range="t32_d1..t33_d1" loc="3ra,2"/>
    <line id="l11" name="3" range="t34_d1..t35_d1" loc="3ra,3"/>
    <line id="l12" name="4" range="t36_d1..t37_d1" loc="3ra,4"/>
    <line id="l13" name="5" range="t38_d1..t39_d1" loc="3ra,5"/>
    <line id="l14" name="6" range="t40_d1..t41_d1" loc="3ra,6"/>
    <line id="l15" name="7" range="t42_d1" loc="3ra,7"/>
    <line id="l16" name="8" range="t43_d1" loc="3ra,8"/>
    <line id="l17" name="9" range="t44_d1..t46_d1" loc="3ra,9"/>
    <line id="l18" name="10" range="t47_d1..t50_d1" loc="3ra,10"/>
    <line id="l19" name="11" range="t51_d1..t54_d1" loc="3ra,11"/>
    <line id="l20" name="12" range="t55_d1..t56_d1" loc="3ra,12"/>
    <line id="l21" name="13" range="t57_d1..t58_d1" loc="3ra,13"/>
  </layoutinfo>
  <shifttags/>
  <token id="t1" trans="*(I*)ih" type="token">
    <tok_dipl id="t1_d1" trans="*(I*)ih" utf="Iih"/>
    <tok_anno ascii="Iih" id="t1_m1" trans="*(I*)ih" utf="Iih">
      <norm tag="ich"/>
      <lemma tag="ich"/>
      <lemma_gen tag="ich"/>
      <lemma_idmwb tag="81210000"/>
      <pos tag="PPER"/>
      <pos_gen tag="PPER"/>
      <infl tag="Nom.Sg.1"/>
      <inflClass tag="--"/>
      <inflClass_gen tag="--"/>
    </tok_anno>
  </token>
  <token id="t2" trans="weiz" type="token">
    <tok_dipl id="t2_d1" trans="weiz" utf="weiz"/>
    <tok_anno ascii="weiz" id="t2_m1" trans="weiz" utf="weiz">
      <norm tag="weiz"/>
      <lemma tag="wizzen"/>
      <lemma_gen tag="wizzen"/>
      <lemma_idmwb tag="232557000"/>
      <pos tag="VVFIN"/>
      <pos_gen tag="VV"/>
      <infl tag="Ind.Pres.Sg.1"/>
      <inflClass tag="prpr"/>
      <inflClass_gen tag="prpr"/>
    </tok_anno>
  </token>
  <token id="t3" trans="wol,," type="token">
    <tok_dipl id="t3_d1" trans="wol" utf="wol"/>
    <tok_anno ascii="wol" id="t3_m1" trans="wol" utf="wol">
      <norm tag="wole"/>
      <lemma tag="wol(e)"/>
      <lemma_gen tag="wol(e)"/>
      <lemma_idmwb tag="232695000"/>
      <pos tag="AVD"/>
      <pos_gen tag="AVD-KO"/>
      <infl tag="--"/>
      <inflClass tag="--"/>
      <inflClass_gen tag="--"/>
      <punc tag="S*"/>
    </tok_anno>
  </token>
  <token id="t4" trans="daz" type="token">
    <tok_dipl id="t4_d1" trans="daz" utf="daz"/>
    <tok_anno ascii="daz" id="t4_m1" trans="daz" utf="daz">
      <norm tag="daz"/>
      <lemma tag="dazz"/>
      <lemma_gen tag="dazz"/>
      <lemma_idmwb tag="29484000"/>
      <pos tag="KOUS"/>
      <pos_gen tag="KO"/>
      <infl tag="--"/>
      <inflClass tag="--"/>
      <inflClass_gen tag="--"/>
    </tok_anno>
  </token>
  <token id="t5" trans="ada\-" type="token">
    <tok_dipl id="t5_d1" trans="ada\-" utf="adā"/>
    <tok_anno ascii="adan" id="t5_m1" trans="ada\-" utf="adā">
      <norm tag="Adâm"/>
      <lemma tag="Adâm"/>
      <lemma_gen tag="Adâm"/>
      <lemma_idmwb tag="--"/>
      <pos tag="NE"/>
      <pos_gen tag="NE"/>
      <infl tag="Nom.Sg"/>
      <inflClass tag="--"/>
      <inflClass_gen tag="--"/>
    </tok_anno>
  </token>
  <token id="t6" trans="di$iv" type="token">
    <tok_dipl id="t6_d1" trans="di$iv" utf="diſiv"/>
    <tok_anno ascii="disiv" id="t6_m1" trans="di$iv" utf="diſiv">
      <norm tag="disiu"/>
      <lemma tag="dise"/>
      <lemma_gen tag="dise"/>
      <lemma_idmwb tag="30921000"/>
      <pos tag="DDA"/>
      <pos_gen tag="DD"/>
      <infl tag="Neut.Akk.Pl"/>
      <inflClass tag="--"/>
      <inflClass_gen tag="--"/>
    </tok_anno>
  </token>
  <token id="t7" trans="wort" type="token">
    <tok_dipl id="t7_d1" trans="wort" utf="wort"/>
    <tok_anno ascii="wort" id="t7_m1" trans="wort" utf="wort">
      <norm tag="wort"/>
      <lemma tag="wort"/>
      <lemma_gen tag="wort"/>
      <lemma_idmwb tag="233604000"/>
      <pos tag="NA"/>
      <pos_gen tag="NA"/>
      <infl tag="Akk.Pl"/>
      <inflClass tag="st.Neut"/>
      <inflClass_gen tag="st.Neut"/>
    </tok_anno>
  </token>
  <token id="t8" trans="$pr%%ch,," type="token">
    <tok_dipl id="t8_d1" trans="$pr%%ch" utf="ſpr%ͨh"/>
    <tok_anno ascii="spr%ch" id="t8_m1" trans="$pr%%ch" utf="ſpr%ͨh">
      <norm tag="sprach"/>
      <lemma tag="sprëchen"/>
      <lemma_gen tag="sprëchen"/>
      <lemma_idmwb tag="156540000"/>
      <pos tag="VVFIN"/>
      <pos_gen tag="VV"/>
      <infl tag="Ind.Past.Sg.3"/>
      <inflClass tag="st4"/>
      <inflClass_gen tag="st4"/>
      <punc tag="S*"/>
    </tok_anno>
  </token>
  <token id="t9" trans="do" type="token">
    <tok_dipl id="t9_d1" trans="do" utf="do"/>
    <tok_anno ascii="do" id="t9_m1" trans="do" utf="do">
      <norm tag="dô"/>
      <lemma tag="dô"/>
      <lemma_gen tag="dô"/>
      <lemma_idmwb tag="31164000"/>
      <pos tag="KOUS"/>
      <pos_gen tag="KO"/>
      <infl tag="--"/>
      <inflClass tag="--"/>
      <inflClass_gen tag="--"/>
    </tok_anno>
  </token>
  <token id="t10" trans="er" type="token">
    <tok_dipl id="t10_d1" trans="er" utf="er"/>
    <tok_anno ascii="er" id="t10_m1" trans="er" utf="er">
      <norm tag="er"/>
      <lemma tag="ër"/>
      <lemma_gen tag="ër"/>
      <lemma_idmwb tag="40380000"/>
      <pos tag="PPER"/>
      <pos_gen tag="PPER"/>
      <infl tag="Masc.Nom.Sg.3"/>
      <inflClass tag="--"/>
      <inflClass_gen tag="--"/>
    </tok_anno>
  </token>
  <token id="t11" trans="gotes" type="token">
    <tok_dipl id="t11_d1" trans="gotes" utf="gotes"/>
    <tok_anno ascii="gotes" id="t11_m1" trans="gotes" utf="gotes">
      <norm tag="gotes"/>
      <lemma tag="got"/>
      <lemma_gen tag="got"/>
      <lemma_idmwb tag="63291000"/>
      <pos tag="NA"/>
      <pos_gen tag="NA"/>
      <infl tag="Gen.Sg"/>
      <inflClass tag="st.Masc"/>
      <inflClass_gen tag="st.Masc"/>
    </tok_anno>
  </token>
  <token id="t12" trans="gebot" type="token">
    <tok_dipl id="t12_d1" trans="gebot" utf="gebot"/>
    <tok_anno ascii="gebot" id="t12_m1" trans="gebot" utf="gebot">
      <norm tag="gebot"/>
      <lemma tag="ge-bot"/>
      <lemma_gen tag="ge-bot"/>
      <lemma_idmwb tag="48189000"/>
      <pos tag="NA"/>
      <pos_gen tag="NA"/>
      <infl tag="Akk.Sg"/>
      <inflClass tag="st.Neut"/>
      <inflClass_gen tag="st.Neut"/>
    </tok_anno>
  </token>
  <token id="t13" trans="zebrach(.)" type="token">
    <tok_dipl id="t13_d1" trans="zebrach" utf="zebrach"/>
    <tok_anno ascii="zebrach" id="t13_m1" trans="zebrach" utf="zebrach">
      <norm tag="zebrach"/>
      <lemma tag="zer-brëchen"/>
      <lemma_gen tag="zer-brëchen"/>
      <lemma_idmwb tag="236604000"/>
      <pos tag="VVFIN"/>
      <pos_gen tag="VV"/>
      <infl tag="Ind.Past.Sg.3"/>
      <inflClass tag="st4"/>
      <inflClass_gen tag="st4"/>
      <punc tag="DE"/>
    </tok_anno>
  </token>
  <token id="t14" trans="dar||v\-be" type="token">
    <tok_dipl id="t14_d1" trans="darv\-be" utf="darv̄be"/>
    <tok_anno ascii="dar" id="t14_m1" trans="dar|" utf="dar">
      <norm tag="dâr"/>
      <token_type tag="MS1"/>
      <lemma tag="dâr/+umbe"/>
      <lemma_gen tag="dâr"/>
      <lemma_idmwb tag="28932000"/>
      <pos tag="PAVD"/>
      <pos_gen tag="AVD"/>
      <infl tag="--"/>
      <inflClass tag="--"/>
      <inflClass_gen tag="--"/>
    </tok_anno>
    <tok_anno ascii="vnbe" id="t14_m2" trans="|v\-be" utf="v̄be">
      <norm tag="umbe"/>
      <token_type tag="MS2"/>
      <lemma tag="umbe/dâr+"/>
      <lemma_gen tag="umbe"/>
      <lemma_idmwb tag="180267000"/>
      <pos tag="PAVAP"/>
      <pos_gen tag="AP"/>
      <infl tag="--"/>
      <inflClass tag="--"/>
      <inflClass_gen tag="--"/>
    </tok_anno>
  </token>
  <token id="t15" trans="$olt||v" type="token">
    <tok_dipl id="t15_d1" trans="$oltv" utf="ſoltv"/>
    <tok_anno ascii="solt" id="t15_m1" trans="$olt|" utf="ſolt">
      <norm tag="solt"/>
      <token_type tag="MS1"/>
      <lemma tag="sol(e)n"/>
      <lemma_gen tag="sol(e)n"/>
      <lemma_idmwb tag="154377000"/>
      <pos tag="VMFIN"/>
      <pos_gen tag="VM"/>
      <infl tag="Ind.Pres.Sg.2"/>
      <inflClass tag="prpr"/>
      <inflClass_gen tag="prpr"/>
    </tok_anno>
    <tok_anno ascii="v" id="t15_m2" trans="|v" utf="v">
      <norm tag="dû"/>
      <token_type tag="MS2"/>
      <lemma tag="dû"/>
      <lemma_gen tag="dû"/>
      <lemma_idmwb tag="32607000"/>
      <pos tag="PPER"/>
      <pos_gen tag="PPER"/>
      <infl tag="Nom.Sg.2"/>
      <inflClass tag="--"/>
      <inflClass_gen tag="--"/>
    </tok_anno>
  </token>
  <token id="t16" trans="di(=)$en" type="token">
    <tok_dipl id="t16_d1" trans="di$en" utf="diſen"/>
    <tok_anno ascii="disen" id="t16_m1" trans="di(=)$en" utf="diſen">
      <norm tag="disen"/>
      <token_type tag="UL"/>
      <lemma tag="dise"/>
      <lemma_gen tag="dise"/>
      <lemma_idmwb tag="30921000"/>
      <pos tag="DDA"/>
      <pos_gen tag="DD"/>
      <infl tag="Masc.Akk.Sg"/>
      <inflClass tag="--"/>
      <inflClass_gen tag="--"/>
    </tok_anno>
  </token>
  <token id="t17" trans="$alm\-" type="token">
    <tok_dipl id="t17_d1" trans="$alm\-" utf="ſalm̄"/>
    <tok_anno ascii="salem" id="t17_m1" trans="$alm\-" utf="ſalm̄">
      <norm tag="salmen"/>
      <lemma tag="salm(e)"/>
      <lemma_gen tag="salm(e)"/>
      <lemma_idmwb tag="???"/>
      <pos tag="NA"/>
      <pos_gen tag="NA"/>
      <infl tag="Akk.Sg"/>
      <inflClass tag="st(u).Masc"/>
      <inflClass_gen tag="st(u).Masc"/>
    </tok_anno>
  </token>
  <token id="t18" trans="le$in,," type="token">
    <tok_dipl id="t18_d1" trans="le$in" utf="leſin"/>
    <tok_anno ascii="lesin" id="t18_m1" trans="le$in" utf="leſin">
      <norm tag="lesen"/>
      <lemma tag="lësen"/>
      <lemma_gen tag="lësen"/>
      <lemma_idmwb tag="101871000"/>
      <pos tag="VVINF"/>
      <pos_gen tag="VV"/>
      <infl tag="--"/>
      <inflClass tag="st5"/>
      <inflClass_gen tag="st5"/>
      <punc tag="S*"/>
    </tok_anno>
  </token>
  <token id="t19" trans="daz" type="token">
    <tok_dipl id="t19_d1" trans="daz" utf="daz"/>
    <tok_anno ascii="daz" id="t19_m1" trans="daz" utf="daz">
      <norm tag="daz"/>
      <lemma tag="dazz"/>
      <lemma_gen tag="dazz"/>
      <lemma_idmwb tag="29484000"/>
      <pos tag="KOUS"/>
      <pos_gen tag="KO"/>
      <infl tag="--"/>
      <inflClass tag="--"/>
      <inflClass_gen tag="--"/>
    </tok_anno>
  </token>
  <token id="t20" trans="got" type="token">
    <tok_dipl id="t20_d1" trans="got" utf="got"/>
    <tok_anno ascii="got" id="t20_m1" trans="got" utf="got">
      <norm tag="got"/>
      <lemma tag="got"/>
      <lemma_gen tag="got"/>
      <lemma_idmwb tag="63291000"/>
      <pos tag="NA"/>
      <pos_gen tag="NA"/>
      <infl tag="Nom.Sg"/>
      <inflClass tag="st.Masc"/>
      <inflClass_gen tag="st.Masc"/>
    </tok_anno>
  </token>
  <token id="t21" trans="d_en" type="token">
    <tok_dipl id="t21_d1" trans="d_en" utf="dᵉn"/>
    <tok_anno ascii="den" id="t21_m1" trans="d_en" utf="dᵉn">
      <norm tag="den"/>
      <lemma tag="dër"/>
      <lemma_gen tag="dër"/>
      <lemma_idmwb tag="29817000"/>
      <pos tag="DDART"/>
      <pos_gen tag="DD"/>
      <infl tag="Masc.Akk.Sg"/>
      <inflClass tag="--"/>
      <inflClass_gen tag="--"/>
    </tok_anno>
  </token>
  <token id="t22" trans="$el(=)bin" type="token">
    <tok_dipl id="t22_d1" trans="$elbin" utf="ſelbin"/>
    <tok_anno ascii="selbin" id="t22_m1" trans="$el(=)bin" utf="ſelbin">
      <norm tag="selben"/>
      <token_type tag="UL"/>
      <lemma tag="sëlb"/>
      <lemma_gen tag="sëlb"/>
      <lemma_idmwb tag="147849000"/>
      <pos tag="DDA"/>
      <pos_gen tag="DD"/>
      <infl tag="Masc.Akk.Sg.st"/>
      <inflClass tag="--"/>
      <inflClass_gen tag="--"/>
    </tok_anno>
  </token>
  <token id="t23" trans="zorn" type="token">
    <tok_dipl id="t23_d1" trans="zorn" utf="zorn"/>
    <tok_anno ascii="zorn" id="t23_m1" trans="zorn" utf="zorn">
      <norm tag="zorn"/>
      <lemma tag="zorn"/>
      <lemma_gen tag="zorn"/>
      <lemma_idmwb tag="???"/>
      <pos tag="NA"/>
      <pos_gen tag="NA"/>
      <infl tag="Akk.Sg"/>
      <inflClass tag="st.Masc"/>
      <inflClass_gen tag="st.Masc"/>
    </tok_anno>
  </token>
  <token id="t24" trans="an" type="token">
    <tok_dipl id="t24_d1" trans="an" utf="an"/>
    <tok_anno ascii="an" id="t24_m1" trans="an" utf="an">
      <norm tag="an"/>
      <lemma tag="ane"/>
      <lemma_gen tag="ane"/>
      <lemma_idmwb tag="5691000"/>
      <pos tag="APPR"/>
      <pos_gen tag="AP"/>
      <infl tag="--"/>
      <inflClass tag="--"/>
      <inflClass_gen tag="--"/>
    </tok_anno>
  </token>
  <token id="t25" trans="dir" type="token">
    <tok_dipl id="t25_d1" trans="dir" utf="dir"/>
    <tok_anno ascii="dir" id="t25_m1" trans="dir" utf="dir">
      <norm tag="dir"/>
      <lemma tag="dû"/>
      <lemma_gen tag="dû"/>
      <lemma_idmwb tag="32607000"/>
      <pos tag="PPER"/>
      <pos_gen tag="PPER"/>
      <infl tag="Dat.Sg.2"/>
      <inflClass tag="--"/>
      <inflClass_gen tag="--"/>
    </tok_anno>
  </token>
  <token id="t26" trans="iht" type="token">
    <tok_dipl id="t26_d1" trans="iht" utf="iht"/>
    <tok_anno ascii="iht" id="t26_m1" trans="iht" utf="iht">
      <norm tag="iht"/>
      <lemma tag="iht"/>
      <lemma_gen tag="iht"/>
      <lemma_idmwb tag="81573000"/>
      <pos tag="AVD"/>
      <pos_gen tag="AVD"/>
      <infl tag="--"/>
      <inflClass tag="--"/>
      <inflClass_gen tag="--"/>
    </tok_anno>
  </token>
  <token id="t27" trans="rechi(.)" type="token">
    <tok_dipl id="t27_d1" trans="rechi" utf="rechi"/>
    <tok_anno ascii="rechi" id="t27_m1" trans="rechi" utf="rechi">
      <norm tag="reche"/>
      <lemma tag="rëchen"/>
      <lemma_gen tag="rëchen"/>
      <lemma_idmwb tag="132405000"/>
      <pos tag="VVFIN"/>
      <pos_gen tag="VV"/>
      <infl tag="Subj.Pres.Sg.3"/>
      <inflClass tag="st4"/>
      <inflClass_gen tag="st4"/>
      <punc tag="DE"/>
    </tok_anno>
  </token>
  <token id="t28" trans="." type="punc">
    <tok_dipl id="t28_d1" trans="." utf="."/>
    <tok_anno ascii="." id="t28_m1" trans="." utf=".">
      <pos tag="$_"/>
      <pos_gen tag="$_"/>
      <punc tag="$E"/>
    </tok_anno>
  </token>
  <token id="t29" trans="ut" type="token">
    <tok_dipl id="t29_d1" trans="ut" utf="ut"/>
    <tok_anno ascii="ut" id="t29_m1" trans="ut" utf="ut">
      <norm tag="und"/>
      <lemma tag="unte"/>
      <lemma_gen tag="unte"/>
      <lemma_idmwb tag="183108000"/>
      <pos tag="KON"/>
      <pos_gen tag="KO"/>
      <infl tag="--"/>
      <inflClass tag="--"/>
      <inflClass_gen tag="--"/>
    </tok_anno>
  </token>
  <comment type="K">/%.[?]</comment>
  <token id="t30" trans="von" type="token">
    <tok_dipl id="t30_d1" trans="von" utf="von"/>
    <tok_anno ascii="von" id="t30_m1" trans="von" utf="von">
      <norm tag="von"/>
      <lemma tag="von"/>
      <lemma_gen tag="von"/>
      <lemma_idmwb tag="213186000"/>
      <pos tag="APPR"/>
      <pos_gen tag="AP"/>
      <infl tag="--"/>
      <inflClass tag="--"/>
      <inflClass_gen tag="--"/>
    </tok_anno>
  </token>
  <token id="t31" trans="d_er" type="token">
    <tok_dipl id="t31_d1" trans="d_er" utf="dᵉr"/>
    <tok_anno ascii="der" id="t31_m1" trans="d_er" utf="dᵉr">
      <norm tag="der"/>
      <lemma tag="dër"/>
      <lemma_gen tag="dër"/>
      <lemma_idmwb tag="29817000"/>
      <pos tag="DDART"/>
      <pos_gen tag="DD"/>
      <infl tag="Fem.Dat.Sg"/>
      <inflClass tag="--"/>
      <inflClass_gen tag="--"/>
    </tok_anno>
  </token>
  <token id="t32" trans="vrteild_e(.)" type="token">
    <tok_dipl id="t32_d1" trans="vrteild_e" utf="vrteildᵉ"/>
    <tok_anno ascii="vrteilde" id="t32_m1" trans="vrteild_e" utf="vrteildᵉ">
      <norm tag="urteilede"/>
      <lemma tag="ur-tèil(e)de"/>
      <lemma_gen tag="ur-tèil(e)de"/>
      <lemma_idmwb tag="194619000"/>
      <pos tag="NA"/>
      <pos_gen tag="NA"/>
      <infl tag="Dat.Sg"/>
      <inflClass tag="st.Fem"/>
      <inflClass_gen tag="st.Fem,Neut"/>
      <punc tag="DE"/>
    </tok_anno>
  </token>
  <token id="t33" trans="da" type="token">
    <tok_dipl id="t33_d1" trans="da" utf="da"/>
    <tok_anno ascii="da" id="t33_m1" trans="da" utf="da">
      <norm tag="dâ"/>
      <lemma tag="dâr/.+mit(e)"/>
      <lemma_gen tag="dâr"/>
      <lemma_idmwb tag="28932000"/>
      <pos tag="PAVD"/>
      <pos_gen tag="AVD"/>
      <infl tag="--"/>
      <inflClass tag="--"/>
      <inflClass_gen tag="--"/>
    </tok_anno>
  </token>
  <token id="t34" trans="mite" type="token">
    <tok_dipl id="t34_d1" trans="mite" utf="mite"/>
    <tok_anno ascii="mite" id="t34_m1" trans="mite" utf="mite">
      <norm tag="mite"/>
      <lemma tag="mit(e)/dâr.+"/>
      <lemma_gen tag="mit(e)"/>
      <lemma_idmwb tag="113898000"/>
      <pos tag="PAVAP"/>
      <pos_gen tag="AP"/>
      <infl tag="--"/>
      <inflClass tag="--"/>
      <inflClass_gen tag="--"/>
    </tok_anno>
  </token>
  <token id="t35" trans="$olt||v" type="token">
    <tok_dipl id="t35_d1" trans="$oltv" utf="ſoltv"/>
    <tok_anno ascii="solt" id="t35_m1" trans="$olt|" utf="ſolt">
      <norm tag="solt"/>
      <token_type tag="MS1"/>
      <lemma tag="sol(e)n"/>
      <lemma_gen tag="sol(e)n"/>
      <lemma_idmwb tag="154377000"/>
      <pos tag="VMFIN"/>
      <pos_gen tag="VM"/>
      <infl tag="Ind.Pres.Sg.2"/>
      <inflClass tag="prpr"/>
      <inflClass_gen tag="prpr"/>
    </tok_anno>
    <tok_anno ascii="v" id="t35_m2" trans="|v" utf="v">
      <norm tag="dû"/>
      <token_type tag="MS2"/>
      <lemma tag="dû"/>
      <lemma_gen tag="dû"/>
      <lemma_idmwb tag="32607000"/>
      <pos tag="PPER"/>
      <pos_gen tag="PPER"/>
      <infl tag="Nom.Sg.2"/>
      <inflClass tag="--"/>
      <inflClass_gen tag="--"/>
    </tok_anno>
  </token>
  <token id="t36" trans="got" type="token">
    <tok_dipl id="t36_d1" trans="got" utf="got"/>
    <tok_anno ascii="got" id="t36_m1" trans="got" utf="got">
      <norm tag="got"/>
      <lemma tag="got"/>
      <lemma_gen tag="got"/>
      <lemma_idmwb tag="63291000"/>
      <pos tag="NA"/>
      <pos_gen tag="NA"/>
      <infl tag="Akk.Sg"/>
      <inflClass tag="st.Masc"/>
      <inflClass_gen tag="st.Masc"/>
    </tok_anno>
  </token>
  <token id="t37" trans="biten,," type="token">
    <tok_dipl id="t37_d1" trans="biten" utf="biten"/>
    <tok_anno ascii="biten" id="t37_m1" trans="biten" utf="biten">
      <norm tag="biten"/>
      <lemma tag="biten"/>
      <lemma_gen tag="biten"/>
      <lemma_idmwb tag="21261000"/>
      <pos tag="VVINF"/>
      <pos_gen tag="VV"/>
      <infl tag="--"/>
      <inflClass tag="st5b"/>
      <inflClass_gen tag="st5b"/>
      <punc tag="S*"/>
    </tok_anno>
  </token>
  <token id="t38" trans="daz" type="token">
    <tok_dipl id="t38_d1" trans="daz" utf="daz"/>
    <tok_anno ascii="daz" id="t38_m1" trans="daz" utf="daz">
      <norm tag="daz"/>
      <lemma tag="dazz"/>
      <lemma_gen tag="dazz"/>
      <lemma_idmwb tag="29484000"/>
      <pos tag="KOUS"/>
      <pos_gen tag="KO"/>
      <infl tag="--"/>
      <inflClass tag="--"/>
      <inflClass_gen tag="--"/>
    </tok_anno>
  </token>
  <token id="t39" trans="wir" type="token">
    <tok_dipl id="t39_d1" trans="wir" utf="wir"/>
    <tok_anno ascii="wir" id="t39_m1" trans="wir" utf="wir">
      <norm tag="wir"/>
      <lemma tag="wir"/>
      <lemma_gen tag="wir"/>
      <lemma_idmwb tag="231441000"/>
      <pos tag="PPER"/>
      <pos_gen tag="PPER"/>
      <infl tag="Nom.Pl.1"/>
      <inflClass tag="--"/>
      <inflClass_gen tag="--"/>
    </tok_anno>
  </token>
  <token id="t40" trans="dar" type="token">
    <tok_dipl id="t40_d1" trans="dar" utf="dar"/>
    <tok_anno ascii="dar" id="t40_m1" trans="dar" utf="dar">
      <norm tag="dâr"/>
      <lemma tag="dâr"/>
      <lemma_gen tag="dâr"/>
      <lemma_idmwb tag="28932000"/>
      <pos tag="AVD"/>
      <pos_gen tag="AVD"/>
      <infl tag="--"/>
      <inflClass tag="--"/>
      <inflClass_gen tag="--"/>
    </tok_anno>
  </token>
  <token id="t41" trans="cho(=)min" type="token">
    <tok_dipl id="t41_d1" trans="chomin" utf="chomin"/>
    <tok_anno ascii="chomin" id="t41_m1" trans="cho(=)min" utf="chomin">
      <norm tag="komen"/>
      <token_type tag="UL"/>
      <lemma tag="komen"/>
      <lemma_gen tag="komen"/>
      <lemma_idmwb tag="93168000"/>
      <pos tag="VVFIN"/>
      <pos_gen tag="VV"/>
      <infl tag="*.Pres.Pl.1"/>
      <inflClass tag="st4"/>
      <inflClass_gen tag="st4"/>
    </tok_anno>
  </token>
  <token id="t42" trans="rei(=)ne(.)" type="token">
    <tok_dipl id="t42_d1" trans="reine" utf="reine"/>
    <tok_anno ascii="reine" id="t42_m1" trans="rei(=)ne" utf="reine">
      <norm tag="reine"/>
      <token_type tag="UL"/>
      <lemma tag="rèine"/>
      <lemma_gen tag="rèine"/>
      <lemma_idmwb tag="133290000"/>
      <pos tag="AVD"/>
      <pos_gen tag="AVD"/>
      <infl tag="--"/>
      <inflClass tag="--"/>
      <inflClass_gen tag="--"/>
      <punc tag="DE"/>
    </tok_anno>
  </token>
  <token id="t43" trans="Wer(=)din" type="token">
    <tok_dipl id="t43_d1" trans="Werdin" utf="Werdin"/>
    <tok_anno ascii="Werdin" id="t43_m1" trans="Wer(=)din" utf="Werdin">
      <norm tag="werden"/>
      <token_type tag="UL"/>
      <lemma tag="wërden"/>
      <lemma_gen tag="wërden"/>
      <lemma_idmwb tag="225138000"/>
      <pos tag="VAFIN"/>
      <pos_gen tag="VA"/>
      <infl tag="*.Pres.Pl.1"/>
      <inflClass tag="st3b"/>
      <inflClass_gen tag="st3b"/>
    </tok_anno>
  </token>
  <token id="t44" trans="wir" type="token">
    <tok_dipl id="t44_d1" trans="wir" utf="wir"/>
    <tok_anno ascii="wir" id="t44_m1" trans="wir" utf="wir">
      <norm tag="wir"/>
      <lemma tag="wir"/>
      <lemma_gen tag="wir"/>
      <lemma_idmwb tag="231441000"/>
      <pos tag="PPER"/>
      <pos_gen tag="PPER"/>
      <infl tag="Nom.Pl.1"/>
      <inflClass tag="--"/>
      <inflClass_gen tag="--"/>
    </tok_anno>
  </token>
  <token id="t45" trans="den#ni" type="token">
    <tok_dipl id="t45_d1" trans="den" utf="den"/>
    <tok_dipl id="t45_d2" trans="ni" utf="ni"/>
    <tok_anno ascii="denni" id="t45_m1" trans="den#ni" utf="denni">
      <norm tag="denne"/>
      <token_type tag="US"/>
      <lemma tag="danne"/>
      <lemma_gen tag="danne"/>
      <lemma_idmwb tag="28863000"/>
      <pos tag="AVD"/>
      <pos_gen tag="AVD-KO"/>
      <infl tag="--"/>
      <inflClass tag="--"/>
      <inflClass_gen tag="--"/>
    </tok_anno>
  </token>
  <token id="t46" trans="$chvl(=)dich" type="token">
    <tok_dipl id="t46_d1" trans="$chvldich" utf="ſchvldich"/>
    <tok_anno ascii="schvldich" id="t46_m1" trans="$chvl(=)dich" utf="ſchvldich">
      <norm tag="schuldic"/>
      <token_type tag="UL"/>
      <lemma tag="schuldig"/>
      <lemma_gen tag="schuldig"/>
      <lemma_idmwb tag="145929000"/>
      <pos tag="ADJD"/>
      <pos_gen tag="ADJ"/>
      <infl tag="Pos....0"/>
      <inflClass tag="--"/>
      <inflClass_gen tag="--"/>
    </tok_anno>
  </token>
  <token id="t47" trans="wr" type="token">
    <tok_dipl id="t47_d1" trans="wr" utf="wr"/>
    <tok_anno ascii="wr" id="t47_m1" trans="wr" utf="wr">
      <norm tag="vüre"/>
      <lemma tag="vür(e)"/>
      <lemma_gen tag="vür(e)"/>
      <lemma_idmwb tag="218466000"/>
      <pos tag="APPR"/>
      <pos_gen tag="AP"/>
      <infl tag="--"/>
      <inflClass tag="--"/>
      <inflClass_gen tag="--"/>
    </tok_anno>
  </token>
  <token id="t48" trans="in" type="token">
    <tok_dipl id="t48_d1" trans="in" utf="in"/>
    <tok_anno ascii="in" id="t48_m1" trans="in" utf="in">
      <norm tag="in"/>
      <lemma tag="ër"/>
      <lemma_gen tag="ër"/>
      <lemma_idmwb tag="40380000"/>
      <pos tag="PPER"/>
      <pos_gen tag="PPER"/>
      <infl tag="Masc.Akk.Sg.3"/>
      <inflClass tag="--"/>
      <inflClass_gen tag="--"/>
    </tok_anno>
  </token>
  <token id="t49" trans="braht,," type="token">
    <tok_dipl id="t49_d1" trans="braht" utf="braht"/>
    <tok_anno ascii="braht" id="t49_m1" trans="braht" utf="braht">
      <norm tag="brâht"/>
      <lemma tag="bringen"/>
      <lemma_gen tag="bringen"/>
      <lemma_idmwb tag="25206000"/>
      <pos tag="VVPP"/>
      <pos_gen tag="VV"/>
      <infl tag="--"/>
      <inflClass tag="irr"/>
      <inflClass_gen tag="irr"/>
      <punc tag="S*"/>
    </tok_anno>
  </token>
  <token id="t50" trans="$o||ne" type="token">
    <tok_dipl id="t50_d1" trans="$one" utf="ſone"/>
    <tok_anno ascii="so" id="t50_m1" trans="$o|" utf="ſo">
      <norm tag="sô"/>
      <token_type tag="MS1"/>
      <lemma tag="sô"/>
      <lemma_gen tag="sô"/>
      <lemma_idmwb tag="154164000"/>
      <pos tag="KO*"/>
      <pos_gen tag="KO"/>
      <infl tag="--"/>
      <inflClass tag="--"/>
      <inflClass_gen tag="--"/>
    </tok_anno>
    <tok_anno ascii="ne" id="t50_m2" trans="|ne" utf="ne">
      <norm tag="ne"/>
      <token_type tag="MS2"/>
      <lemma tag="ne"/>
      <lemma_gen tag="ne"/>
      <lemma_idmwb tag="119841000"/>
      <pos tag="PTKNEG"/>
      <pos_gen tag="PTK"/>
      <infl tag="--"/>
      <inflClass tag="--"/>
      <inflClass_gen tag="--"/>
    </tok_anno>
  </token>
  <token id="t51" trans="wirt" type="token">
    <tok_dipl id="t51_d1" trans="wirt" utf="wirt"/>
    <tok_anno ascii="wirt" id="t51_m1" trans="wirt" utf="wirt">
      <norm tag="wirdet"/>
      <lemma tag="wërden"/>
      <lemma_gen tag="wërden"/>
      <lemma_idmwb tag="225138000"/>
      <pos tag="VAFIN"/>
      <pos_gen tag="VA"/>
      <infl tag="Ind.Pres.Sg.3"/>
      <inflClass tag="st3b"/>
      <inflClass_gen tag="st3b"/>
    </tok_anno>
  </token>
  <token id="t52" trans="vn$er" type="token">
    <tok_dipl id="t52_d1" trans="vn$er" utf="vnſer"/>
    <tok_anno ascii="vnser" id="t52_m1" trans="vn$er" utf="vnſer">
      <norm tag="unser"/>
      <lemma tag="wir"/>
      <lemma_gen tag="wir"/>
      <lemma_idmwb tag="231441000"/>
      <pos tag="PPER"/>
      <pos_gen tag="PPER"/>
      <infl tag="Gen.Pl.1"/>
      <inflClass tag="--"/>
      <inflClass_gen tag="--"/>
    </tok_anno>
  </token>
  <token id="t53" trans="niemir" type="token">
    <tok_dipl id="t53_d1" trans="niemir" utf="niemir"/>
    <tok_anno ascii="niemir" id="t53_m1" trans="niemir" utf="niemir">
      <norm tag="niemer"/>
      <lemma tag="nièmer"/>
      <lemma_gen tag="nièmer"/>
      <lemma_idmwb tag="121290000"/>
      <pos tag="AVD"/>
      <pos_gen tag="AVD"/>
      <infl tag="--"/>
      <inflClass tag="--"/>
      <inflClass_gen tag="--"/>
    </tok_anno>
  </token>
  <token id="t54" trans="ze" type="token">
    <tok_dipl id="t54_d1" trans="ze" utf="ze"/>
    <tok_anno ascii="ze" id="t54_m1" trans="ze" utf="ze">
      <norm tag="ze"/>
      <lemma tag="ze"/>
      <lemma_gen tag="ze"/>
      <lemma_idmwb tag="235656000"/>
      <pos tag="APPR"/>
      <pos_gen tag="AP"/>
      <infl tag="--"/>
      <inflClass tag="--"/>
      <inflClass_gen tag="--"/>
    </tok_anno>
  </token>
  <token id="t55" trans="cheinime" type="token">
    <tok_dipl id="t55_d1" trans="cheinime" utf="cheinime"/>
    <tok_anno ascii="cheinime" id="t55_m1" trans="cheinime" utf="cheinime">
      <norm tag="keineme"/>
      <lemma tag="kèin"/>
      <lemma_gen tag="kèin"/>
      <lemma_idmwb tag="88134000"/>
      <pos tag="DIA"/>
      <pos_gen tag="DI"/>
      <infl tag="Neut.Dat.Sg.st"/>
      <inflClass tag="--"/>
      <inflClass_gen tag="--"/>
    </tok_anno>
  </token>
  <token id="t56" trans="go\vte" type="token">
    <tok_dipl id="t56_d1" trans="go\vte" utf="goͮte"/>
    <tok_anno ascii="govte" id="t56_m1" trans="go\vte" utf="goͮte">
      <norm tag="guote"/>
      <lemma tag="guot"/>
      <lemma_gen tag="guot"/>
      <lemma_idmwb tag="66531000"/>
      <pos tag="NA"/>
      <pos_gen tag="NA"/>
      <infl tag="Dat.Sg"/>
      <inflClass tag="st.Neut"/>
      <inflClass_gen tag="st.Neut"/>
    </tok_anno>
  </token>
  <token id="t57" trans="gedaht(.)" type="token">
    <tok_dipl id="t57_d1" trans="gedaht" utf="gedaht"/>
    <tok_anno ascii="gedaht" id="t57_m1" trans="gedaht" utf="gedaht">
      <norm tag="gedâht"/>
      <lemma tag="ge-dènken"/>
      <lemma_gen tag="ge-dènken"/>
      <lemma_idmwb tag="48876000"/>
      <pos tag="VVPP"/>
      <pos_gen tag="VV"/>
      <infl tag="--"/>
      <inflClass tag="wk"/>
      <inflClass_gen tag="wk"/>
      <punc tag="DE"/>
    </tok_anno>
  </token>
  <token id="t58" trans="." type="punc">
    <tok_dipl id="t58_d1" trans="." utf="."/>
    <tok_anno ascii="." id="t58_m1" trans="." utf=".">
      <pos tag="$_"/>
      <pos_gen tag="$_"/>
      <punc tag="$E"/>
    </tok_anno>
  </token>
</text>
