<?xml version='1.0' encoding='UTF-8'?>
<!DOCTYPE text SYSTEM "cora-xml.dtd">
<text id="M084L">
  <header>
    <text>Gebetsanweisungen zum Psalter London</text>
    <abbr_ddd>GebetsanwLo</abbr_ddd>
    <abbr_mwb>-</abbr_mwb>
    <topic>Religion</topic>
    <text-type>Gebetsanweisung</text-type>
    <genre>P</genre>
    <reference>Hs.: Blatt (r/v), Zeile</reference>
    <reference-secondary>-</reference-secondary>
    <library>London, British Library</library>
    <library-shelfmark>cod. Add. 11846</library-shelfmark>
    <online>http://www.handschriftencensus.de/14213</online>
    <medium>Handschrift</medium>
    <extent>28r</extent>
    <extract>-</extract>
    <language>mhd</language>
    <language-type>oberdeutsch</language-type>
    <language-region>-</language-region>
    <language-area>-</language-area>
    <place>-</place>
    <time>13,1</time>
    <notes-manuscript>Text in der Mitte des Blattes am Rand notiert; unvollständig, da das Blatt am rechten Rand beschnitten ist.</notes-manuscript>
    <date>-</date>
    <text-place>-</text-place>
    <text-author>-</text-author>
    <text-language>-</text-language>
    <text-source>-</text-source>
    <edition>Robert Priebsch, Deutsche Handschriften in England, Bd. 2, Erlangen 1901, S. 118f. Anm. 6 (mit Abdruck einer Anweisung auf Bl. 28r).</edition>
    <corpus>ReM I</corpus>
    <notes-transcription>-</notes-transcription>
    <notes-annotation>-</notes-annotation>
    <digitization_by>Bochum</digitization_by>
    <collation_by>Bochum</collation_by>
    <pre_editing_by>Bochum</pre_editing_by>
    <annotation_by>Bochum</annotation_by>
    <proofreading_by>Bochum</proofreading_by>
  </header>
  <layoutinfo>
    <page id="p1" no="28" range="c1" side="r"/>
    <column id="c1" range="l1..l7"/>
    <line id="l1" name="1" range="t1_d1..t3_d1" loc="28ra,1"/>
    <line id="l2" name="2" range="t4_d1..t5_d1" loc="28ra,2"/>
    <line id="l3" name="3" range="t6_d1..t7_d1" loc="28ra,3"/>
    <line id="l4" name="4" range="t8_d1..t11_d1" loc="28ra,4"/>
    <line id="l5" name="5" range="t12_d1..t14_d1" loc="28ra,5"/>
    <line id="l6" name="6" range="t15_d1..t18_d1" loc="28ra,6"/>
    <line id="l7" name="7" range="t19_d1..t20_d1" loc="28ra,7"/>
  </layoutinfo>
  <shifttags/>
  <token id="t1" trans="Mit" type="token">
    <tok_dipl id="t1_d1" trans="Mit" utf="Mit"/>
    <tok_anno ascii="Mit" id="t1_m1" trans="Mit" utf="Mit">
      <norm tag="mit"/>
      <lemma tag="mit"/>
      <lemma_gen tag="mit"/>
      <lemma_idmwb tag="113898000"/>
      <pos tag="APPR"/>
      <pos_gen tag="AP"/>
      <infl tag="--"/>
      <inflClass tag="--"/>
      <inflClass_gen tag="--"/>
    </tok_anno>
  </token>
  <token id="t2" trans="di$e" type="token">
    <tok_dipl id="t2_d1" trans="di$e" utf="diſe"/>
    <tok_anno ascii="dise" id="t2_m1" trans="di$e" utf="diſe">
      <norm tag="disen"/>
      <lemma tag="dise"/>
      <lemma_gen tag="dise"/>
      <lemma_idmwb tag="30921000"/>
      <pos tag="DDA"/>
      <pos_gen tag="DD"/>
      <infl tag="*.Dat.Pl"/>
      <inflClass tag="--"/>
      <inflClass_gen tag="--"/>
    </tok_anno>
  </token>
  <token id="t3" trans="..." type="token">
    <tok_dipl id="t3_d1" trans="..." utf="..."/>
    <tok_anno ascii="..." id="t3_m1" trans="..." utf="...">
      <norm tag="--"/>
      <lemma tag="[!]"/>
      <lemma_gen tag="[!]"/>
      <lemma_idmwb tag="--"/>
      <pos tag="--"/>
      <pos_gen tag="--"/>
      <infl tag="--"/>
      <inflClass tag="--"/>
      <inflClass_gen tag="--"/>
    </tok_anno>
  </token>
  <token id="t4" trans="$almen" type="token">
    <tok_dipl id="t4_d1" trans="$almen" utf="ſalmen"/>
    <tok_anno ascii="salmen" id="t4_m1" trans="$almen" utf="ſalmen">
      <norm tag="salmen"/>
      <lemma tag="salm(e)"/>
      <lemma_gen tag="salm(e)"/>
      <lemma_idmwb tag="139368000"/>
      <pos tag="NA"/>
      <pos_gen tag="NA"/>
      <infl tag="Dat.Pl"/>
      <inflClass tag="st(u).Masc"/>
      <inflClass_gen tag="st(u).Masc,Neut"/>
    </tok_anno>
  </token>
  <token id="t5" trans="lo..." type="token">
    <tok_dipl id="t5_d1" trans="lo..." utf="lo..."/>
    <tok_anno ascii="lo..." id="t5_m1" trans="lo..." utf="lo...">
      <norm tag="--"/>
      <lemma tag="[!]"/>
      <lemma_gen tag="[!]"/>
      <lemma_idmwb tag="--"/>
      <pos tag="--"/>
      <pos_gen tag="--"/>
      <infl tag="--"/>
      <inflClass tag="--"/>
      <inflClass_gen tag="--"/>
    </tok_anno>
  </token>
  <token id="t6" trans="den" type="token">
    <tok_dipl id="t6_d1" trans="den" utf="den"/>
    <tok_anno ascii="den" id="t6_m1" trans="den" utf="den">
      <norm tag="den"/>
      <lemma tag="dër"/>
      <lemma_gen tag="dër"/>
      <lemma_idmwb tag="29817000"/>
      <pos tag="DDART"/>
      <pos_gen tag="DD"/>
      <infl tag="Masc.Akk.Sg"/>
      <inflClass tag="--"/>
      <inflClass_gen tag="--"/>
    </tok_anno>
  </token>
  <token id="t7" trans="almah..." type="token">
    <tok_dipl id="t7_d1" trans="almah..." utf="almah..."/>
    <tok_anno ascii="almah..." id="t7_m1" trans="almah..." utf="almah...">
      <norm tag="almehtigen"/>
      <lemma tag="all-mèhtig"/>
      <lemma_gen tag="all-mèhtig"/>
      <lemma_idmwb tag="4404000"/>
      <pos tag="ADJA"/>
      <pos_gen tag="ADJ"/>
      <infl tag="Pos.Masc.Akk.Sg.*"/>
      <inflClass tag="--"/>
      <inflClass_gen tag="--"/>
    </tok_anno>
  </token>
  <token id="t8" trans="got,," type="token">
    <tok_dipl id="t8_d1" trans="got" utf="got"/>
    <tok_anno ascii="got" id="t8_m1" trans="got" utf="got">
      <norm tag="got"/>
      <lemma tag="got"/>
      <lemma_gen tag="got"/>
      <lemma_idmwb tag="63291000"/>
      <pos tag="NA"/>
      <pos_gen tag="NA"/>
      <infl tag="Akk.Sg"/>
      <inflClass tag="st.Masc"/>
      <inflClass_gen tag="st.Masc"/>
      <punc tag="S*"/>
    </tok_anno>
  </token>
  <token id="t9" trans="%." type="punc">
    <tok_dipl id="t9_d1" trans="%." utf="·"/>
    <tok_anno ascii="." id="t9_m1" trans="%." utf="·">
      <pos tag="$_"/>
      <pos_gen tag="$_"/>
    </tok_anno>
  </token>
  <token id="t10" trans="wan" type="token">
    <tok_dipl id="t10_d1" trans="wan" utf="wan"/>
    <tok_anno ascii="wan" id="t10_m1" trans="wan" utf="wan">
      <norm tag="wan"/>
      <lemma tag="wan"/>
      <lemma_gen tag="wan"/>
      <lemma_idmwb tag="221493000"/>
      <pos tag="KOUS"/>
      <pos_gen tag="KO"/>
      <infl tag="--"/>
      <inflClass tag="--"/>
      <inflClass_gen tag="--"/>
    </tok_anno>
  </token>
  <token id="t11" trans="..." type="token">
    <tok_dipl id="t11_d1" trans="..." utf="..."/>
    <tok_anno ascii="..." id="t11_m1" trans="..." utf="...">
      <norm tag="--"/>
      <lemma tag="[!]"/>
      <lemma_gen tag="[!]"/>
      <lemma_idmwb tag="--"/>
      <pos tag="--"/>
      <pos_gen tag="--"/>
      <infl tag="--"/>
      <inflClass tag="--"/>
      <inflClass_gen tag="--"/>
    </tok_anno>
  </token>
  <token id="t12" trans="do" type="token">
    <tok_dipl id="t12_d1" trans="do" utf="do"/>
    <tok_anno ascii="do" id="t12_m1" trans="do" utf="do">
      <norm tag="dô"/>
      <lemma tag="dô"/>
      <lemma_gen tag="dô"/>
      <lemma_idmwb tag="31164000"/>
      <pos tag="AVD"/>
      <pos_gen tag="AVD-KO"/>
      <infl tag="--"/>
      <inflClass tag="--"/>
      <inflClass_gen tag="--"/>
    </tok_anno>
  </token>
  <token id="t13" trans="$prach" type="token">
    <tok_dipl id="t13_d1" trans="$prach" utf="ſprach"/>
    <tok_anno ascii="sprach" id="t13_m1" trans="$prach" utf="ſprach">
      <norm tag="sprach"/>
      <lemma tag="sprëchen"/>
      <lemma_gen tag="sprëchen"/>
      <lemma_idmwb tag="156540000"/>
      <pos tag="VVFIN"/>
      <pos_gen tag="VV"/>
      <infl tag="Ind.Past.Sg.3"/>
      <inflClass tag="st4"/>
      <inflClass_gen tag="st4"/>
    </tok_anno>
  </token>
  <token id="t14" trans="..." type="token">
    <tok_dipl id="t14_d1" trans="..." utf="..."/>
    <tok_anno ascii="..." id="t14_m1" trans="..." utf="...">
      <norm tag="--"/>
      <lemma tag="[!]"/>
      <lemma_gen tag="[!]"/>
      <lemma_idmwb tag="--"/>
      <pos tag="--"/>
      <pos_gen tag="--"/>
      <infl tag="--"/>
      <inflClass tag="--"/>
      <inflClass_gen tag="--"/>
    </tok_anno>
  </token>
  <token id="t15" trans="an" type="token">
    <tok_dipl id="t15_d1" trans="an" utf="an"/>
    <tok_anno ascii="an" id="t15_m1" trans="an" utf="an">
      <norm tag="an"/>
      <lemma tag="ane"/>
      <lemma_gen tag="ane"/>
      <lemma_idmwb tag="5691000"/>
      <pos tag="APPR"/>
      <pos_gen tag="AP"/>
      <infl tag="--"/>
      <inflClass tag="--"/>
      <inflClass_gen tag="--"/>
    </tok_anno>
  </token>
  <token id="t16" trans="dem" type="token">
    <tok_dipl id="t16_d1" trans="dem" utf="dem"/>
    <tok_anno ascii="dem" id="t16_m1" trans="dem" utf="dem">
      <norm tag="dem"/>
      <lemma tag="dër"/>
      <lemma_gen tag="dër"/>
      <lemma_idmwb tag="29823000"/>
      <pos tag="DDS"/>
      <pos_gen tag="DD"/>
      <infl tag="Masc.Dat.Sg"/>
      <inflClass tag="--"/>
      <inflClass_gen tag="--"/>
    </tok_anno>
  </token>
  <token id="t17" trans="er" type="token">
    <tok_dipl id="t17_d1" trans="er" utf="er"/>
    <tok_anno ascii="er" id="t17_m1" trans="er" utf="er">
      <norm tag="er"/>
      <lemma tag="ër"/>
      <lemma_gen tag="ër"/>
      <lemma_idmwb tag="40380000"/>
      <pos tag="PPER"/>
      <pos_gen tag="PPER"/>
      <infl tag="Masc.Nom.Sg.3"/>
      <inflClass tag="--"/>
      <inflClass_gen tag="--"/>
    </tok_anno>
  </token>
  <token id="t18" trans="..." type="token">
    <tok_dipl id="t18_d1" trans="..." utf="..."/>
    <tok_anno ascii="..." id="t18_m1" trans="..." utf="...">
      <norm tag="--"/>
      <lemma tag="[!]"/>
      <lemma_gen tag="[!]"/>
      <lemma_idmwb tag="--"/>
      <pos tag="--"/>
      <pos_gen tag="--"/>
      <infl tag="--"/>
      <inflClass tag="--"/>
      <inflClass_gen tag="--"/>
    </tok_anno>
  </token>
  <token id="t19" trans="hiêch(.)" type="token">
    <tok_dipl id="t19_d1" trans="hiêch" utf="hiêch"/>
    <tok_anno ascii="hiech" id="t19_m1" trans="hiêch" utf="hiêch">
      <norm tag="hienc"/>
      <lemma tag="hâhen"/>
      <lemma_gen tag="hâhen"/>
      <lemma_idmwb tag="67344000"/>
      <pos tag="VVFIN"/>
      <pos_gen tag="VV"/>
      <infl tag="Ind.Past.Sg.3"/>
      <inflClass tag="st7"/>
      <inflClass_gen tag="st7"/>
      <punc tag="DE"/>
    </tok_anno>
  </token>
  <token id="t20" trans="." type="punc">
    <tok_dipl id="t20_d1" trans="." utf="."/>
    <tok_anno ascii="." id="t20_m1" trans="." utf=".">
      <pos tag="$_"/>
      <pos_gen tag="$_"/>
      <punc tag="$E"/>
    </tok_anno>
  </token>
</text>
