<?xml version='1.0' encoding='UTF-8'?>
<!DOCTYPE text SYSTEM "cora-xml.dtd">
<text id="M085">
  <header>
    <text>Gebetsanweisungen zum Psalter u. Nonnengelöbnis</text>
    <abbr_ddd>GebetsanwNon</abbr_ddd>
    <abbr_mwb>-</abbr_mwb>
    <topic>Religion</topic>
    <text-type>Gebetsanweisung</text-type>
    <genre>P</genre>
    <reference>Hs.: Blatt (r/v), Zeile</reference>
    <reference-secondary>-</reference-secondary>
    <library>Admont, Stiftsbibliothek</library>
    <library-shelfmark>cod. 567</library-shelfmark>
    <online>http://www.handschriftencensus.de/8955</online>
    <medium>Handschrift</medium>
    <extent>44v</extent>
    <extract>-</extract>
    <language>mhd</language>
    <language-type>oberdeutsch</language-type>
    <language-region>-</language-region>
    <language-area>-</language-area>
    <place>Admont</place>
    <time>12,1</time>
    <notes-manuscript>_</notes-manuscript>
    <date>-</date>
    <text-place>-</text-place>
    <text-author>-</text-author>
    <text-language>-</text-language>
    <text-source>-</text-source>
    <edition>Ullrich Bruchhold, Eine Admonter Konversenprofess? Zur Überlieferung und Pragmatik des deutschsprachigen Gelübdes (12. Jahrhundert) aus dem Benediktinerstift Admont, in: Sprachwissenschaft 28 (2003), S. 157-193 (mit Abdruck).</edition>
    <corpus>ReM I</corpus>
    <notes-transcription>-</notes-transcription>
    <notes-annotation>-</notes-annotation>
    <digitization_by>Bochum</digitization_by>
    <collation_by>Bochum</collation_by>
    <pre_editing_by>Bochum</pre_editing_by>
    <annotation_by>Bochum</annotation_by>
    <proofreading_by>Bochum</proofreading_by>
  </header>
  <layoutinfo>
    <page id="p1" no="44" range="c1" side="v"/>
    <column id="c1" range="l1..l4"/>
    <line id="l1" name="1" range="t1_d1..t8_d1" loc="44va,1"/>
    <line id="l2" name="2" range="t9_d1..t19_d1" loc="44va,2"/>
    <line id="l3" name="3" range="t20_d1..t28_d1" loc="44va,3"/>
    <line id="l4" name="4" range="t29_d1..t35_d1" loc="44va,4"/>
  </layoutinfo>
  <shifttags>
    <paren range="t5_m1..t8_m1"/>
  </shifttags>
  <token id="t1" trans="Ich" type="token">
    <tok_dipl id="t1_d1" trans="Ich" utf="Ich"/>
    <tok_anno ascii="Ich" id="t1_m1" trans="Ich" utf="Ich">
      <norm tag="ich"/>
      <lemma tag="ich"/>
      <lemma_gen tag="ich"/>
      <lemma_idmwb tag="81210000"/>
      <pos tag="PPER"/>
      <pos_gen tag="PPER"/>
      <infl tag="Nom.Sg.1"/>
      <inflClass tag="--"/>
      <inflClass_gen tag="--"/>
    </tok_anno>
  </token>
  <token id="t2" trans="geheize" type="token">
    <tok_dipl id="t2_d1" trans="geheize" utf="geheize"/>
    <tok_anno ascii="geheize" id="t2_m1" trans="geheize" utf="geheize">
      <norm tag="geheize"/>
      <lemma tag="ge-hèizen"/>
      <lemma_gen tag="ge-hèizen"/>
      <lemma_idmwb tag="50136000"/>
      <pos tag="VVFIN"/>
      <pos_gen tag="VV"/>
      <infl tag="*.Pres.Sg.1"/>
      <inflClass tag="st7"/>
      <inflClass_gen tag="st7"/>
    </tok_anno>
  </token>
  <token id="t3" trans="gehor$am" type="token">
    <tok_dipl id="t3_d1" trans="gehor$am" utf="gehorſam"/>
    <tok_anno ascii="gehorsam" id="t3_m1" trans="gehor$am" utf="gehorſam">
      <norm tag="gehôrsam"/>
      <lemma tag="ge-hôr-sam(e)"/>
      <lemma_gen tag="ge-hôr-sam(e)"/>
      <lemma_idmwb tag="50451000"/>
      <pos tag="NA"/>
      <pos_gen tag="NA"/>
      <infl tag="Akk.Sg"/>
      <inflClass tag="*.Masc,Fem"/>
      <inflClass_gen tag="*.Masc,Fem"/>
    </tok_anno>
  </token>
  <token id="t4" trans="vn$erm" type="token">
    <tok_dipl id="t4_d1" trans="vn$erm" utf="vnſerm"/>
    <tok_anno ascii="vnserm" id="t4_m1" trans="vn$erm" utf="vnſerm">
      <norm tag="unserm"/>
      <lemma tag="unser"/>
      <lemma_gen tag="unser"/>
      <lemma_idmwb tag="190590000"/>
      <pos tag="DPOSA"/>
      <pos_gen tag="DPOS"/>
      <infl tag="Masc.Dat.Sg.st"/>
      <inflClass tag="--"/>
      <inflClass_gen tag="--"/>
    </tok_anno>
  </token>
  <token id="t5" trans="herren,,(" type="token">
    <tok_dipl id="t5_d1" trans="herren" utf="herren"/>
    <tok_anno ascii="herren" id="t5_m1" trans="herren" utf="herren">
      <norm tag="hêrren"/>
      <lemma tag="hêrre"/>
      <lemma_gen tag="hêrre"/>
      <lemma_idmwb tag="72543000"/>
      <pos tag="NA"/>
      <pos_gen tag="NA"/>
      <infl tag="Dat.Sg"/>
      <inflClass tag="*.Masc"/>
      <inflClass_gen tag="*.Masc"/>
    </tok_anno>
  </token>
  <token id="t6" trans="dem" type="token">
    <tok_dipl id="t6_d1" trans="dem" utf="dem"/>
    <tok_anno ascii="dem" id="t6_m1" trans="dem" utf="dem">
      <norm tag="dem"/>
      <lemma tag="dër"/>
      <lemma_gen tag="dër"/>
      <lemma_idmwb tag="29817000"/>
      <pos tag="DDART"/>
      <pos_gen tag="DD"/>
      <infl tag="Masc.Dat.Sg"/>
      <inflClass tag="--"/>
      <inflClass_gen tag="--"/>
    </tok_anno>
  </token>
  <token id="t7" trans="abbat" type="token">
    <tok_dipl id="t7_d1" trans="abbat" utf="abbat"/>
    <tok_anno ascii="abbat" id="t7_m1" trans="abbat" utf="abbat">
      <norm tag="abbete"/>
      <lemma tag="abbet"/>
      <lemma_gen tag="abbet"/>
      <lemma_idmwb tag="15000"/>
      <pos tag="NA"/>
      <pos_gen tag="NA"/>
      <infl tag="Dat.Sg"/>
      <inflClass tag="st(u).Masc"/>
      <inflClass_gen tag="st(u).Masc"/>
    </tok_anno>
  </token>
  <token id="t8" trans="Gotefride,,)" type="token">
    <tok_dipl id="t8_d1" trans="Gotefride" utf="Gotefride"/>
    <tok_anno ascii="Gotefride" id="t8_m1" trans="Gotefride" utf="Gotefride">
      <norm tag="Gotfrit"/>
      <lemma tag="Got-frid"/>
      <lemma_gen tag="Got-frid"/>
      <lemma_idmwb tag="--"/>
      <pos tag="NA"/>
      <pos_gen tag="NA"/>
      <infl tag="Dat.Sg"/>
      <inflClass tag="st.Masc"/>
      <inflClass_gen tag="st.Masc"/>
    </tok_anno>
  </token>
  <token id="t9" trans="vnte" type="token">
    <tok_dipl id="t9_d1" trans="vnte" utf="vnte"/>
    <tok_anno ascii="vnte" id="t9_m1" trans="vnte" utf="vnte">
      <norm tag="unde"/>
      <lemma tag="unte"/>
      <lemma_gen tag="unte"/>
      <lemma_idmwb tag="183108000"/>
      <pos tag="KON"/>
      <pos_gen tag="KO"/>
      <infl tag="--"/>
      <inflClass tag="--"/>
      <inflClass_gen tag="--"/>
    </tok_anno>
  </token>
  <token id="t10" trans="allen" type="token">
    <tok_dipl id="t10_d1" trans="allen" utf="allen"/>
    <tok_anno ascii="allen" id="t10_m1" trans="allen" utf="allen">
      <norm tag="allen"/>
      <lemma tag="all"/>
      <lemma_gen tag="all"/>
      <lemma_idmwb tag="3531000"/>
      <pos tag="DIA"/>
      <pos_gen tag="DI"/>
      <infl tag="*.Dat.Pl.st"/>
      <inflClass tag="--"/>
      <inflClass_gen tag="--"/>
    </tok_anno>
  </token>
  <token id="t11" trans="den,," type="token">
    <tok_dipl id="t11_d1" trans="den" utf="den"/>
    <tok_anno ascii="den" id="t11_m1" trans="den" utf="den">
      <norm tag="den"/>
      <lemma tag="dër"/>
      <lemma_gen tag="dër"/>
      <lemma_idmwb tag="29823000"/>
      <pos tag="DDS"/>
      <pos_gen tag="DD"/>
      <infl tag="*.Dat.Pl"/>
      <inflClass tag="--"/>
      <inflClass_gen tag="--"/>
      <punc tag="S*"/>
    </tok_anno>
  </token>
  <token id="t12" trans="die" type="token">
    <tok_dipl id="t12_d1" trans="die" utf="die"/>
    <tok_anno ascii="die" id="t12_m1" trans="die" utf="die">
      <norm tag="die"/>
      <lemma tag="dër"/>
      <lemma_gen tag="dër"/>
      <lemma_idmwb tag="29823000"/>
      <pos tag="DRELS"/>
      <pos_gen tag="DD"/>
      <infl tag="*.Nom.Pl"/>
      <inflClass tag="--"/>
      <inflClass_gen tag="--"/>
    </tok_anno>
  </token>
  <token id="t13" trans="mir" type="token">
    <tok_dipl id="t13_d1" trans="mir" utf="mir"/>
    <tok_anno ascii="mir" id="t13_m1" trans="mir" utf="mir">
      <norm tag="mir"/>
      <lemma tag="ich"/>
      <lemma_gen tag="ich"/>
      <lemma_idmwb tag="81210000"/>
      <pos tag="PPER"/>
      <pos_gen tag="PPER"/>
      <infl tag="Dat.Sg.1"/>
      <inflClass tag="--"/>
      <inflClass_gen tag="--"/>
    </tok_anno>
  </token>
  <token id="t14" trans="nach" type="token">
    <tok_dipl id="t14_d1" trans="nach" utf="nach"/>
    <tok_anno ascii="nach" id="t14_m1" trans="nach" utf="nach">
      <norm tag="nâch"/>
      <lemma tag="nâh"/>
      <lemma_gen tag="nâh"/>
      <lemma_idmwb tag="117855000"/>
      <pos tag="APPR"/>
      <pos_gen tag="AP"/>
      <infl tag="--"/>
      <inflClass tag="--"/>
      <inflClass_gen tag="--"/>
    </tok_anno>
  </token>
  <token id="t15" trans="ime" type="token">
    <tok_dipl id="t15_d1" trans="ime" utf="ime"/>
    <tok_anno ascii="ime" id="t15_m1" trans="ime" utf="ime">
      <norm tag="ime"/>
      <lemma tag="ër"/>
      <lemma_gen tag="ër"/>
      <lemma_idmwb tag="40380000"/>
      <pos tag="PPER"/>
      <pos_gen tag="PPER"/>
      <infl tag="Masc.Dat.Sg.3"/>
      <inflClass tag="--"/>
      <inflClass_gen tag="--"/>
    </tok_anno>
  </token>
  <token id="t16" trans="gebieten" type="token">
    <tok_dipl id="t16_d1" trans="gebieten" utf="gebieten"/>
    <tok_anno ascii="gebieten" id="t16_m1" trans="gebieten" utf="gebieten">
      <norm tag="gebieten"/>
      <lemma tag="ge-bièten"/>
      <lemma_gen tag="ge-bièten"/>
      <lemma_idmwb tag="47949000"/>
      <pos tag="VVINF"/>
      <pos_gen tag="VV"/>
      <infl tag="--"/>
      <inflClass tag="st2b"/>
      <inflClass_gen tag="st2b"/>
    </tok_anno>
  </token>
  <token id="t17" trans="$vlen,," type="token">
    <tok_dipl id="t17_d1" trans="$vlen" utf="ſvlen"/>
    <tok_anno ascii="svlen" id="t17_m1" trans="$vlen" utf="ſvlen">
      <norm tag="sulen"/>
      <lemma tag="sol(e)n"/>
      <lemma_gen tag="sol(e)n"/>
      <lemma_idmwb tag="154377000"/>
      <pos tag="VMFIN"/>
      <pos_gen tag="VM"/>
      <infl tag="*.Pres.Pl.3"/>
      <inflClass tag="prpr"/>
      <inflClass_gen tag="prpr"/>
      <punc tag="S*"/>
    </tok_anno>
  </token>
  <token id="t18" trans="." type="punc">
    <tok_dipl id="t18_d1" trans="." utf="."/>
    <tok_anno ascii="." id="t18_m1" trans="." utf=".">
      <pos tag="$_"/>
      <pos_gen tag="$_"/>
    </tok_anno>
  </token>
  <token id="t19" trans="vnte" type="token">
    <tok_dipl id="t19_d1" trans="vnte" utf="vnte"/>
    <tok_anno ascii="vnte" id="t19_m1" trans="vnte" utf="vnte">
      <norm tag="unde"/>
      <lemma tag="unte"/>
      <lemma_gen tag="unte"/>
      <lemma_idmwb tag="183108000"/>
      <pos tag="KON"/>
      <pos_gen tag="KO"/>
      <infl tag="--"/>
      <inflClass tag="--"/>
      <inflClass_gen tag="--"/>
    </tok_anno>
  </token>
  <token id="t20" trans="$ta_etecheit" type="token">
    <tok_dipl id="t20_d1" trans="$ta_etecheit" utf="ſta‍etecheit"/>
    <tok_anno ascii="staetecheit" id="t20_m1" trans="$ta_etecheit" utf="ſta‍etecheit">
      <norm tag="stæticheit"/>
      <lemma tag="stætig-hèit"/>
      <lemma_gen tag="stætig-hèit"/>
      <lemma_idmwb tag="157638000"/>
      <pos tag="NA"/>
      <pos_gen tag="NA"/>
      <infl tag="Akk.Sg"/>
      <inflClass tag="st.Fem"/>
      <inflClass_gen tag="st.Fem"/>
    </tok_anno>
  </token>
  <token id="t21" trans="dirre" type="token">
    <tok_dipl id="t21_d1" trans="dirre" utf="dirre"/>
    <tok_anno ascii="dirre" id="t21_m1" trans="dirre" utf="dirre">
      <norm tag="dirre"/>
      <lemma tag="dise"/>
      <lemma_gen tag="dise"/>
      <lemma_idmwb tag="30921000"/>
      <pos tag="DDA"/>
      <pos_gen tag="DD"/>
      <infl tag="Fem.Dat.Sg"/>
      <inflClass tag="--"/>
      <inflClass_gen tag="--"/>
    </tok_anno>
  </token>
  <token id="t22" trans="$tetet" type="token">
    <tok_dipl id="t22_d1" trans="$tetet" utf="ſtetet"/>
    <tok_anno ascii="stetet" id="t22_m1" trans="$tetet" utf="ſtetet">
      <norm tag="stete"/>
      <lemma tag="stat"/>
      <lemma_gen tag="stat"/>
      <lemma_idmwb tag="157578000"/>
      <pos tag="NA"/>
      <pos_gen tag="NA"/>
      <infl tag="Dat.Sg"/>
      <inflClass tag="stu.Fem"/>
      <inflClass_gen tag="stu.Fem"/>
    </tok_anno>
  </token>
  <comment type="K">/E[ſtetet: Ed. hat {ſtete}]</comment>
  <token id="t23" trans="z||admunt" type="token">
    <tok_dipl id="t23_d1" trans="zadmunt" utf="zadmunt"/>
    <tok_anno ascii="z" id="t23_m1" trans="z|" utf="z">
      <norm tag="ze"/>
      <token_type tag="MS1"/>
      <lemma tag="ze"/>
      <lemma_gen tag="ze"/>
      <lemma_idmwb tag="235656000"/>
      <pos tag="APPR"/>
      <pos_gen tag="AP"/>
      <infl tag="--"/>
      <inflClass tag="--"/>
      <inflClass_gen tag="--"/>
    </tok_anno>
    <tok_anno ascii="admunt" id="t23_m2" trans="|admunt" utf="admunt">
      <norm tag="Admont"/>
      <token_type tag="MS2"/>
      <lemma tag="Admont"/>
      <lemma_gen tag="Admont"/>
      <lemma_idmwb tag="--"/>
      <pos tag="NE"/>
      <pos_gen tag="NE"/>
      <infl tag="Dat.Sg"/>
      <inflClass tag="--"/>
      <inflClass_gen tag="--"/>
    </tok_anno>
  </token>
  <token id="t24" trans="." type="punc">
    <tok_dipl id="t24_d1" trans="." utf="."/>
    <tok_anno ascii="." id="t24_m1" trans="." utf=".">
      <pos tag="$_"/>
      <pos_gen tag="$_"/>
    </tok_anno>
  </token>
  <token id="t25" trans="vnt" type="token">
    <tok_dipl id="t25_d1" trans="vnt" utf="vnt"/>
    <tok_anno ascii="vnt" id="t25_m1" trans="vnt" utf="vnt">
      <norm tag="und"/>
      <lemma tag="unte"/>
      <lemma_gen tag="unte"/>
      <lemma_idmwb tag="183108000"/>
      <pos tag="KON"/>
      <pos_gen tag="KO"/>
      <infl tag="--"/>
      <inflClass tag="--"/>
      <inflClass_gen tag="--"/>
    </tok_anno>
  </token>
  <token id="t26" trans="di$en" type="token">
    <tok_dipl id="t26_d1" trans="di$en" utf="diſen"/>
    <tok_anno ascii="disen" id="t26_m1" trans="di$en" utf="diſen">
      <norm tag="disen"/>
      <lemma tag="dise"/>
      <lemma_gen tag="dise"/>
      <lemma_idmwb tag="30921000"/>
      <pos tag="DDA"/>
      <pos_gen tag="DD"/>
      <infl tag="*.Dat.Pl"/>
      <inflClass tag="--"/>
      <inflClass_gen tag="--"/>
    </tok_anno>
  </token>
  <token id="t27" trans="heiligen,," type="token">
    <tok_dipl id="t27_d1" trans="heiligen" utf="heiligen"/>
    <tok_anno ascii="heiligen" id="t27_m1" trans="heiligen" utf="heiligen">
      <norm tag="heiligen"/>
      <lemma tag="hèilig"/>
      <lemma_gen tag="hèilig"/>
      <lemma_idmwb tag="70113000"/>
      <pos tag="ADJA"/>
      <pos_gen tag="ADJ"/>
      <infl tag="Pos.*.Dat.Pl..%.*"/>
      <inflClass tag="--"/>
      <inflClass_gen tag="--"/>
      <punc tag="S*"/>
    </tok_anno>
  </token>
  <token id="t28" trans="vnce" type="token">
    <tok_dipl id="t28_d1" trans="vnce" utf="vnce"/>
    <tok_anno ascii="vnce" id="t28_m1" trans="vnce" utf="vnce">
      <norm tag="unze"/>
      <lemma tag="unz(e)"/>
      <lemma_gen tag="unz(e)"/>
      <lemma_idmwb tag="193725000"/>
      <pos tag="APPR"/>
      <pos_gen tag="AP"/>
      <infl tag="--"/>
      <inflClass tag="--"/>
      <inflClass_gen tag="--"/>
    </tok_anno>
  </token>
  <token id="t29" trans="an||den" type="token">
    <tok_dipl id="t29_d1" trans="anden" utf="anden"/>
    <tok_anno ascii="an" id="t29_m1" trans="an|" utf="an">
      <norm tag="an"/>
      <token_type tag="MS1"/>
      <lemma tag="ane"/>
      <lemma_gen tag="ane"/>
      <lemma_idmwb tag="5691000"/>
      <pos tag="APPR"/>
      <pos_gen tag="AP"/>
      <infl tag="--"/>
      <inflClass tag="--"/>
      <inflClass_gen tag="--"/>
    </tok_anno>
    <tok_anno ascii="den" id="t29_m2" trans="|den" utf="den">
      <norm tag="den"/>
      <token_type tag="MS2"/>
      <lemma tag="dër"/>
      <lemma_gen tag="dër"/>
      <lemma_idmwb tag="29817000"/>
      <pos tag="DDART"/>
      <pos_gen tag="DD"/>
      <infl tag="Masc.Akk.Sg"/>
      <inflClass tag="--"/>
      <inflClass_gen tag="--"/>
    </tok_anno>
  </token>
  <token id="t30" trans="tot,," type="token">
    <tok_dipl id="t30_d1" trans="tot" utf="tot"/>
    <tok_anno ascii="tot" id="t30_m1" trans="tot" utf="tot">
      <norm tag="tôt"/>
      <lemma tag="tôd"/>
      <lemma_gen tag="tôd"/>
      <lemma_idmwb tag="169518000"/>
      <pos tag="NA"/>
      <pos_gen tag="NA"/>
      <infl tag="Akk.Sg"/>
      <inflClass tag="st(u).Masc"/>
      <inflClass_gen tag="st(u).Masc"/>
      <punc tag="S*"/>
    </tok_anno>
  </token>
  <token id="t31" trans="vmbe" type="token">
    <tok_dipl id="t31_d1" trans="vmbe" utf="vmbe"/>
    <tok_anno ascii="vmbe" id="t31_m1" trans="vmbe" utf="vmbe">
      <norm tag="umbe"/>
      <lemma tag="umbe"/>
      <lemma_gen tag="umbe"/>
      <lemma_idmwb tag="180267000"/>
      <pos tag="APPR"/>
      <pos_gen tag="AP"/>
      <infl tag="--"/>
      <inflClass tag="--"/>
      <inflClass_gen tag="--"/>
    </tok_anno>
  </token>
  <token id="t32" trans="den" type="token">
    <tok_dipl id="t32_d1" trans="den" utf="den"/>
    <tok_anno ascii="den" id="t32_m1" trans="den" utf="den">
      <norm tag="den"/>
      <lemma tag="dër"/>
      <lemma_gen tag="dër"/>
      <lemma_idmwb tag="29817000"/>
      <pos tag="DDART"/>
      <pos_gen tag="DD"/>
      <infl tag="Masc.Akk.Sg"/>
      <inflClass tag="--"/>
      <inflClass_gen tag="--"/>
    </tok_anno>
  </token>
  <token id="t33" trans="ewigen" type="token">
    <tok_dipl id="t33_d1" trans="ewigen" utf="ewigen"/>
    <tok_anno ascii="ewigen" id="t33_m1" trans="ewigen" utf="ewigen">
      <norm tag="êwigen"/>
      <lemma tag="êwig"/>
      <lemma_gen tag="êwig"/>
      <lemma_idmwb tag="45876000"/>
      <pos tag="ADJA"/>
      <pos_gen tag="ADJ"/>
      <infl tag="Pos.Masc.Akk.Sg.*"/>
      <inflClass tag="--"/>
      <inflClass_gen tag="--"/>
    </tok_anno>
  </token>
  <token id="t34" trans="lib(.)" type="token">
    <tok_dipl id="t34_d1" trans="lib" utf="lib"/>
    <tok_anno ascii="lib" id="t34_m1" trans="lib" utf="lib">
      <norm tag="lîp"/>
      <lemma tag="lîb"/>
      <lemma_gen tag="lîb"/>
      <lemma_idmwb tag="???"/>
      <pos tag="NA"/>
      <pos_gen tag="NA"/>
      <infl tag="Akk.Sg"/>
      <inflClass tag="st.Masc"/>
      <inflClass_gen tag="st.Masc"/>
      <punc tag="DE"/>
    </tok_anno>
  </token>
  <token id="t35" trans="." type="punc">
    <tok_dipl id="t35_d1" trans="." utf="."/>
    <tok_anno ascii="." id="t35_m1" trans="." utf=".">
      <pos tag="$_"/>
      <pos_gen tag="$_"/>
      <punc tag="$E"/>
    </tok_anno>
  </token>
</text>
