<?xml version='1.0' encoding='UTF-8'?>
<!DOCTYPE text SYSTEM "cora-xml.dtd">
<text id="M117">
  <header>
    <text>Erfurter Judeneid</text>
    <abbr_ddd>ErfJud</abbr_ddd>
    <abbr_mwb>ErfJud</abbr_mwb>
    <topic>Recht</topic>
    <text-type>Eid</text-type>
    <genre>P</genre>
    <reference>Edition</reference>
    <reference-secondary>-</reference-secondary>
    <library>Erfurt, Stadtarchiv</library>
    <library-shelfmark>0-0/A XLVII Nr. 1 [früher Magdeburg, Staatsarchiv, Erfurt A XLVII Nr. 1]</library-shelfmark>
    <online>http://www.handschriftencensus.de/1614</online>
    <medium>Handschrift</medium>
    <extent>1 Blatt mit anhängendem Siegel der Stadt Erfurt</extent>
    <extract>-</extract>
    <language>mhd</language>
    <language-type>mitteldeutsch</language-type>
    <language-region>-</language-region>
    <language-area>-</language-area>
    <place>-</place>
    <time>12,2-13,1</time>
    <notes-manuscript>-</notes-manuscript>
    <date>12</date>
    <text-place>-</text-place>
    <text-author>-</text-author>
    <text-language>-</text-language>
    <text-source>-</text-source>
    <edition>Friedrich Wilhelm (Hg.), Denkmäler deutscher Prosa des 11. und 12. Jahrhunderts,  München 1914/16,  Nr. 36</edition>
    <corpus>ReM I</corpus>
    <notes-transcription>-</notes-transcription>
    <notes-annotation>-</notes-annotation>
    <digitization_by>Elfriede Döring (Bonn)</digitization_by>
    <collation_by>Norman Schröder (Bonn)</collation_by>
    <pre_editing_by>Thomas Klein (Bonn)</pre_editing_by>
    <annotation_by>Thomas Klein (Bonn)</annotation_by>
    <proofreading_by>Thomas Klein, Michael Dembach (Bonn)</proofreading_by>
  </header>
  <layoutinfo>
    <page id="p1" no="0" range="c1"/>
    <column id="c1" range="l1..l12"/>
    <line id="l1" name="1" range="t1_d1..t9_d1" loc="0a,1"/>
    <line id="l2" name="2" range="t10_d1..t21_d1" loc="0a,2"/>
    <line id="l3" name="3" range="t22_d1..t35_d1" loc="0a,3"/>
    <line id="l4" name="4" range="t36_d1..t47_d1" loc="0a,4"/>
    <line id="l5" name="5" range="t48_d1..t58_d1" loc="0a,5"/>
    <line id="l6" name="6" range="t59_d1..t69_d1" loc="0a,6"/>
    <line id="l7" name="7" range="t70_d1..t81_d1" loc="0a,7"/>
    <line id="l8" name="8" range="t82_d1..t93_d1" loc="0a,8"/>
    <line id="l9" name="9" range="t94_d1..t104_d1" loc="0a,9"/>
    <line id="l10" name="10" range="t105_d1..t117_d1" loc="0a,10"/>
    <line id="l11" name="11" range="t118_d1..t129_d1" loc="0a,11"/>
    <line id="l12" name="12" range="t130_d1..t139_d1" loc="0a,12"/>
  </layoutinfo>
  <shifttags/>
  <token id="t1" trans="De$" type="token">
    <tok_dipl id="t1_d1" trans="De$" utf="Deſ"/>
    <tok_anno ascii="Des" id="t1_m1" trans="De$" utf="Deſ">
      <norm tag="des"/>
      <lemma tag="dër"/>
      <lemma_gen tag="dër"/>
      <lemma_idmwb tag="29823000"/>
      <pos tag="DRELS"/>
      <pos_gen tag="DD"/>
      <infl tag="Neut.Gen.Sg"/>
      <inflClass tag="--"/>
      <inflClass_gen tag="--"/>
    </tok_anno>
  </token>
  <token id="t2" trans="dich" type="token">
    <tok_dipl id="t2_d1" trans="dich" utf="dich"/>
    <tok_anno ascii="dich" id="t2_m1" trans="dich" utf="dich">
      <norm tag="dich"/>
      <lemma tag="dû"/>
      <lemma_gen tag="dû"/>
      <lemma_idmwb tag="32607000"/>
      <pos tag="PPER"/>
      <pos_gen tag="PPER"/>
      <infl tag="Akk.Sg.2"/>
      <inflClass tag="--"/>
      <inflClass_gen tag="--"/>
    </tok_anno>
  </token>
  <token id="t3" trans="dirre" type="token">
    <tok_dipl id="t3_d1" trans="dirre" utf="dirre"/>
    <tok_anno ascii="dirre" id="t3_m1" trans="dirre" utf="dirre">
      <norm tag="dirre"/>
      <lemma tag="dise"/>
      <lemma_gen tag="dise"/>
      <lemma_idmwb tag="30921000"/>
      <pos tag="DDS"/>
      <pos_gen tag="DD"/>
      <infl tag="Masc.Nom.Sg"/>
      <inflClass tag="--"/>
      <inflClass_gen tag="--"/>
    </tok_anno>
  </token>
  <token id="t4" trans="$culdegit,," type="token">
    <tok_dipl id="t4_d1" trans="$culdegit" utf="ſculdegit"/>
    <tok_anno ascii="sculdegit" id="t4_m1" trans="$culdegit" utf="ſculdegit">
      <norm tag="schuldiget"/>
      <lemma tag="schuldigen"/>
      <lemma_gen tag="schuldigen"/>
      <lemma_idmwb tag="145968000"/>
      <pos tag="VVFIN"/>
      <pos_gen tag="VV"/>
      <infl tag="Ind.Pres.Sg.3"/>
      <inflClass tag="wk"/>
      <inflClass_gen tag="wk"/>
      <punc tag="S*"/>
    </tok_anno>
  </token>
  <token id="t5" trans="de$" type="token">
    <tok_dipl id="t5_d1" trans="de$" utf="deſ"/>
    <tok_anno ascii="des" id="t5_m1" trans="de$" utf="deſ">
      <norm tag="des"/>
      <lemma tag="dër"/>
      <lemma_gen tag="dër"/>
      <lemma_idmwb tag="29823000"/>
      <pos tag="DDS"/>
      <pos_gen tag="DD"/>
      <infl tag="Neut.Gen.Sg"/>
      <inflClass tag="--"/>
      <inflClass_gen tag="--"/>
    </tok_anno>
  </token>
  <token id="t6" trans="bi$t||ur" type="token">
    <tok_dipl id="t6_d1" trans="bi$tur" utf="biſtur"/>
    <tok_anno ascii="bist" id="t6_m1" trans="bi$t|" utf="biſt">
      <norm tag="bist"/>
      <token_type tag="MS1"/>
      <lemma tag="sîn"/>
      <lemma_gen tag="sîn"/>
      <lemma_idmwb tag="150147000"/>
      <pos tag="VAFIN"/>
      <pos_gen tag="VA"/>
      <infl tag="Ind.Pres.Sg.2"/>
      <inflClass tag="irr"/>
      <inflClass_gen tag="irr"/>
    </tok_anno>
    <tok_anno ascii="ur" id="t6_m2" trans="|ur" utf="ur">
      <norm tag="dû"/>
      <token_type tag="MS2"/>
      <lemma tag="dû"/>
      <lemma_gen tag="dû"/>
      <lemma_idmwb tag="32607000"/>
      <pos tag="PPER"/>
      <pos_gen tag="PPER"/>
      <infl tag="Nom.Sg.2"/>
      <inflClass tag="--"/>
      <inflClass_gen tag="--"/>
    </tok_anno>
  </token>
  <comment type="K">/%.[!]</comment>
  <token id="t7" trans="vn$chuldic,," type="token">
    <tok_dipl id="t7_d1" trans="vn$chuldic" utf="vnſchuldic"/>
    <tok_anno ascii="vnschuldic" id="t7_m1" trans="vn$chuldic" utf="vnſchuldic">
      <norm tag="unschuldic"/>
      <lemma tag="un-schuldig"/>
      <lemma_gen tag="un-schuldig"/>
      <lemma_idmwb tag="190518000"/>
      <pos tag="ADJD"/>
      <pos_gen tag="ADJ"/>
      <infl tag="Pos....0"/>
      <inflClass tag="--"/>
      <inflClass_gen tag="--"/>
      <punc tag="S*"/>
    </tok_anno>
  </token>
  <token id="t8" trans="." type="punc">
    <tok_dipl id="t8_d1" trans="." utf="."/>
    <tok_anno ascii="." id="t8_m1" trans="." utf=".">
      <pos tag="$_"/>
      <pos_gen tag="$_"/>
    </tok_anno>
  </token>
  <token id="t9" trans="$o" type="token">
    <tok_dipl id="t9_d1" trans="$o" utf="ſo"/>
    <tok_anno ascii="so" id="t9_m1" trans="$o" utf="ſo">
      <norm tag="sô"/>
      <lemma tag="sô"/>
      <lemma_gen tag="sô"/>
      <lemma_idmwb tag="154164000"/>
      <pos tag="KO*"/>
      <pos_gen tag="KO"/>
      <infl tag="--"/>
      <inflClass tag="--"/>
      <inflClass_gen tag="--"/>
    </tok_anno>
  </token>
  <token id="t10" trans="dir" type="token">
    <tok_dipl id="t10_d1" trans="dir" utf="dir"/>
    <tok_anno ascii="dir" id="t10_m1" trans="dir" utf="dir">
      <norm tag="dir"/>
      <lemma tag="dû"/>
      <lemma_gen tag="dû"/>
      <lemma_idmwb tag="32607000"/>
      <pos tag="PPER"/>
      <pos_gen tag="PPER"/>
      <infl tag="Dat.Sg.2"/>
      <inflClass tag="--"/>
      <inflClass_gen tag="--"/>
    </tok_anno>
  </token>
  <token id="t11" trans="got" type="token">
    <tok_dipl id="t11_d1" trans="got" utf="got"/>
    <tok_anno ascii="got" id="t11_m1" trans="got" utf="got">
      <norm tag="got"/>
      <lemma tag="got"/>
      <lemma_gen tag="got"/>
      <lemma_idmwb tag="63291000"/>
      <pos tag="NA"/>
      <pos_gen tag="NA"/>
      <infl tag="Nom.Sg"/>
      <inflClass tag="st.Masc"/>
      <inflClass_gen tag="st.Masc"/>
    </tok_anno>
  </token>
  <token id="t12" trans="helfe,," type="token">
    <tok_dipl id="t12_d1" trans="helfe" utf="helfe"/>
    <tok_anno ascii="helfe" id="t12_m1" trans="helfe" utf="helfe">
      <norm tag="helfe"/>
      <lemma tag="hëlfen"/>
      <lemma_gen tag="hëlfen"/>
      <lemma_idmwb tag="70920000"/>
      <pos tag="VVFIN"/>
      <pos_gen tag="VV"/>
      <infl tag="Subj.Pres.Sg.3"/>
      <inflClass tag="st3b"/>
      <inflClass_gen tag="st3b"/>
      <punc tag="S*"/>
    </tok_anno>
  </token>
  <token id="t13" trans="." type="punc">
    <tok_dipl id="t13_d1" trans="." utf="."/>
    <tok_anno ascii="." id="t13_m1" trans="." utf=".">
      <pos tag="$_"/>
      <pos_gen tag="$_"/>
    </tok_anno>
  </token>
  <token id="t14" trans="Der" type="token">
    <tok_dipl id="t14_d1" trans="Der" utf="Der"/>
    <tok_anno ascii="Der" id="t14_m1" trans="Der" utf="Der">
      <norm tag="der"/>
      <lemma tag="dër"/>
      <lemma_gen tag="dër"/>
      <lemma_idmwb tag="29817000"/>
      <pos tag="DDART"/>
      <pos_gen tag="DD"/>
      <infl tag="Masc.Nom.Sg"/>
      <inflClass tag="--"/>
      <inflClass_gen tag="--"/>
    </tok_anno>
  </token>
  <token id="t15" trans="got,," type="token">
    <tok_dipl id="t15_d1" trans="got" utf="got"/>
    <tok_anno ascii="got" id="t15_m1" trans="got" utf="got">
      <norm tag="got"/>
      <lemma tag="got"/>
      <lemma_gen tag="got"/>
      <lemma_idmwb tag="63291000"/>
      <pos tag="NA"/>
      <pos_gen tag="NA"/>
      <infl tag="Nom.Sg"/>
      <inflClass tag="st.Masc"/>
      <inflClass_gen tag="st.Masc"/>
      <punc tag="S*"/>
    </tok_anno>
  </token>
  <token id="t16" trans="der" type="token">
    <tok_dipl id="t16_d1" trans="der" utf="der"/>
    <tok_anno ascii="der" id="t16_m1" trans="der" utf="der">
      <norm tag="der"/>
      <lemma tag="dër"/>
      <lemma_gen tag="dër"/>
      <lemma_idmwb tag="29823000"/>
      <pos tag="DRELS"/>
      <pos_gen tag="DD"/>
      <infl tag="Masc.Nom.Sg"/>
      <inflClass tag="--"/>
      <inflClass_gen tag="--"/>
    </tok_anno>
  </token>
  <token id="t17" trans="himel" type="token">
    <tok_dipl id="t17_d1" trans="himel" utf="himel"/>
    <tok_anno ascii="himel" id="t17_m1" trans="himel" utf="himel">
      <norm tag="himel"/>
      <lemma tag="himel"/>
      <lemma_gen tag="himel"/>
      <lemma_idmwb tag="74049000"/>
      <pos tag="NA"/>
      <pos_gen tag="NA"/>
      <infl tag="Akk.Sg"/>
      <inflClass tag="st.Masc"/>
      <inflClass_gen tag="st.Masc"/>
    </tok_anno>
  </token>
  <token id="t18" trans="vnde" type="token">
    <tok_dipl id="t18_d1" trans="vnde" utf="vnde"/>
    <tok_anno ascii="vnde" id="t18_m1" trans="vnde" utf="vnde">
      <norm tag="unde"/>
      <lemma tag="unte"/>
      <lemma_gen tag="unte"/>
      <lemma_idmwb tag="183108000"/>
      <pos tag="KON"/>
      <pos_gen tag="KO"/>
      <infl tag="--"/>
      <inflClass tag="--"/>
      <inflClass_gen tag="--"/>
    </tok_anno>
  </token>
  <token id="t19" trans="erdin" type="token">
    <tok_dipl id="t19_d1" trans="erdin" utf="erdin"/>
    <tok_anno ascii="erdin" id="t19_m1" trans="erdin" utf="erdin">
      <norm tag="erden"/>
      <lemma tag="ërde"/>
      <lemma_gen tag="ërde"/>
      <lemma_idmwb tag="41217000"/>
      <pos tag="NA"/>
      <pos_gen tag="NA"/>
      <infl tag="Akk.Sg"/>
      <inflClass tag="st.Fem"/>
      <inflClass_gen tag="*.Fem"/>
    </tok_anno>
  </token>
  <token id="t20" trans="ge$cuf," type="token">
    <tok_dipl id="t20_d1" trans="ge$cuf" utf="geſcuf"/>
    <tok_anno ascii="gescuf" id="t20_m1" trans="ge$cuf" utf="geſcuf">
      <norm tag="geschuof"/>
      <lemma tag="ge-schèpfen"/>
      <lemma_gen tag="ge-schèpfen"/>
      <lemma_idmwb tag="55842000"/>
      <pos tag="VVFIN"/>
      <pos_gen tag="VV"/>
      <infl tag="Ind.Past.Sg.3"/>
      <inflClass tag="st6b"/>
      <inflClass_gen tag="st6b"/>
      <punc tag="N*"/>
    </tok_anno>
  </token>
  <token id="t21" trans="." type="punc">
    <tok_dipl id="t21_d1" trans="." utf="."/>
    <tok_anno ascii="." id="t21_m1" trans="." utf=".">
      <pos tag="$_"/>
      <pos_gen tag="$_"/>
    </tok_anno>
  </token>
  <token id="t22" trans="loub," type="token">
    <tok_dipl id="t22_d1" trans="loub" utf="loub"/>
    <tok_anno ascii="loub" id="t22_m1" trans="loub" utf="loub">
      <norm tag="loup"/>
      <lemma tag="loub"/>
      <lemma_gen tag="loub"/>
      <lemma_idmwb tag="105315000"/>
      <pos tag="NA"/>
      <pos_gen tag="NA"/>
      <infl tag="Akk.Sg"/>
      <inflClass tag="st.Neut"/>
      <inflClass_gen tag="st.Neut"/>
      <punc tag="N*"/>
    </tok_anno>
  </token>
  <token id="t23" trans="." type="punc">
    <tok_dipl id="t23_d1" trans="." utf="."/>
    <tok_anno ascii="." id="t23_m1" trans="." utf=".">
      <pos tag="$_"/>
      <pos_gen tag="$_"/>
    </tok_anno>
  </token>
  <token id="t24" trans="blumen," type="token">
    <tok_dipl id="t24_d1" trans="blumen" utf="blumen"/>
    <tok_anno ascii="blumen" id="t24_m1" trans="blumen" utf="blumen">
      <norm tag="bluomen"/>
      <lemma tag="bluome"/>
      <lemma_gen tag="bluome"/>
      <lemma_idmwb tag="22824000"/>
      <pos tag="NA"/>
      <pos_gen tag="NA"/>
      <infl tag="Akk.Pl"/>
      <inflClass tag="*.Masc,Fem"/>
      <inflClass_gen tag="*.Masc,Fem"/>
      <punc tag="N*"/>
    </tok_anno>
  </token>
  <token id="t25" trans="." type="punc">
    <tok_dipl id="t25_d1" trans="." utf="."/>
    <tok_anno ascii="." id="t25_m1" trans="." utf=".">
      <pos tag="$_"/>
      <pos_gen tag="$_"/>
    </tok_anno>
  </token>
  <token id="t26" trans="vnde" type="token">
    <tok_dipl id="t26_d1" trans="vnde" utf="vnde"/>
    <tok_anno ascii="vnde" id="t26_m1" trans="vnde" utf="vnde">
      <norm tag="unde"/>
      <lemma tag="unte"/>
      <lemma_gen tag="unte"/>
      <lemma_idmwb tag="183108000"/>
      <pos tag="KON"/>
      <pos_gen tag="KO"/>
      <infl tag="--"/>
      <inflClass tag="--"/>
      <inflClass_gen tag="--"/>
    </tok_anno>
  </token>
  <token id="t27" trans="gra$,," type="token">
    <tok_dipl id="t27_d1" trans="gra$" utf="graſ"/>
    <tok_anno ascii="gras" id="t27_m1" trans="gra$" utf="graſ">
      <norm tag="gras"/>
      <lemma tag="gras"/>
      <lemma_gen tag="gras"/>
      <lemma_idmwb tag="64530000"/>
      <pos tag="NA"/>
      <pos_gen tag="NA"/>
      <infl tag="Akk.Sg"/>
      <inflClass tag="st.Neut"/>
      <inflClass_gen tag="st.Neut"/>
      <punc tag="S*"/>
    </tok_anno>
  </token>
  <token id="t28" trans="." type="punc">
    <tok_dipl id="t28_d1" trans="." utf="."/>
    <tok_anno ascii="." id="t28_m1" trans="." utf=".">
      <pos tag="$_"/>
      <pos_gen tag="$_"/>
    </tok_anno>
  </token>
  <token id="t29" trans="de$" type="token">
    <tok_dipl id="t29_d1" trans="de$" utf="deſ"/>
    <tok_anno ascii="des" id="t29_m1" trans="de$" utf="deſ">
      <norm tag="des"/>
      <lemma tag="dër"/>
      <lemma_gen tag="dër"/>
      <lemma_idmwb tag="29823000"/>
      <pos tag="DRELS"/>
      <pos_gen tag="DD"/>
      <infl tag="Neut.Gen.Sg"/>
      <inflClass tag="--"/>
      <inflClass_gen tag="--"/>
    </tok_anno>
  </token>
  <token id="t30" trans="da" type="token">
    <tok_dipl id="t30_d1" trans="da" utf="da"/>
    <tok_anno ascii="da" id="t30_m1" trans="da" utf="da">
      <norm tag="dâ"/>
      <lemma tag="dâr/+vor(e)"/>
      <lemma_gen tag="dâr"/>
      <lemma_idmwb tag="28932000"/>
      <pos tag="PAVD"/>
      <pos_gen tag="AVD"/>
      <infl tag="--"/>
      <inflClass tag="--"/>
      <inflClass_gen tag="--"/>
    </tok_anno>
  </token>
  <token id="t31" trans="uore" type="token">
    <tok_dipl id="t31_d1" trans="uore" utf="uore"/>
    <tok_anno ascii="uore" id="t31_m1" trans="uore" utf="uore">
      <norm tag="vore"/>
      <lemma tag="vor(e)/dâr+"/>
      <lemma_gen tag="vor(e)"/>
      <lemma_idmwb tag="213246000"/>
      <pos tag="PAVAP"/>
      <pos_gen tag="AP"/>
      <infl tag="--"/>
      <inflClass tag="--"/>
      <inflClass_gen tag="--"/>
    </tok_anno>
  </token>
  <token id="t32" trans="nine" type="token">
    <tok_dipl id="t32_d1" trans="nine" utf="nine"/>
    <tok_anno ascii="nine" id="t32_m1" trans="nine" utf="nine">
      <norm tag="niene"/>
      <lemma tag="niène"/>
      <lemma_gen tag="niène"/>
      <lemma_idmwb tag="121293000"/>
      <pos tag="AVD"/>
      <pos_gen tag="AVD"/>
      <infl tag="--"/>
      <inflClass tag="--"/>
      <inflClass_gen tag="--"/>
    </tok_anno>
  </token>
  <token id="t33" trans="wa$(.)" type="token">
    <tok_dipl id="t33_d1" trans="wa$" utf="waſ"/>
    <tok_anno ascii="was" id="t33_m1" trans="wa$" utf="waſ">
      <norm tag="was"/>
      <lemma tag="wësen"/>
      <lemma_gen tag="wësen"/>
      <lemma_idmwb tag="225783000"/>
      <pos tag="VAFIN"/>
      <pos_gen tag="VA"/>
      <infl tag="Ind.Past.Sg.3"/>
      <inflClass tag="st5"/>
      <inflClass_gen tag="st5"/>
      <punc tag="DE"/>
    </tok_anno>
  </token>
  <token id="t34" trans="." type="punc">
    <tok_dipl id="t34_d1" trans="." utf="."/>
    <tok_anno ascii="." id="t34_m1" trans="." utf=".">
      <pos tag="$_"/>
      <pos_gen tag="$_"/>
      <punc tag="$E"/>
    </tok_anno>
  </token>
  <token id="t35" trans="Vnde" type="token">
    <tok_dipl id="t35_d1" trans="Vnde" utf="Vnde"/>
    <tok_anno ascii="Vnde" id="t35_m1" trans="Vnde" utf="Vnde">
      <norm tag="unde"/>
      <lemma tag="unte"/>
      <lemma_gen tag="unte"/>
      <lemma_idmwb tag="183108000"/>
      <pos tag="KON"/>
      <pos_gen tag="KO"/>
      <infl tag="--"/>
      <inflClass tag="--"/>
      <inflClass_gen tag="--"/>
    </tok_anno>
  </token>
  <token id="t36" trans="ob" type="token">
    <tok_dipl id="t36_d1" trans="ob" utf="ob"/>
    <tok_anno ascii="ob" id="t36_m1" trans="ob" utf="ob">
      <norm tag="ob"/>
      <lemma tag="obe"/>
      <lemma_gen tag="obe"/>
      <lemma_idmwb tag="123036000"/>
      <pos tag="KOUS"/>
      <pos_gen tag="KO"/>
      <infl tag="--"/>
      <inflClass tag="--"/>
      <inflClass_gen tag="--"/>
    </tok_anno>
  </token>
  <token id="t37" trans="du" type="token">
    <tok_dipl id="t37_d1" trans="du" utf="du"/>
    <tok_anno ascii="du" id="t37_m1" trans="du" utf="du">
      <norm tag="dû"/>
      <lemma tag="dû"/>
      <lemma_gen tag="dû"/>
      <lemma_idmwb tag="32607000"/>
      <pos tag="PPER"/>
      <pos_gen tag="PPER"/>
      <infl tag="Nom.Sg.2"/>
      <inflClass tag="--"/>
      <inflClass_gen tag="--"/>
    </tok_anno>
  </token>
  <token id="t38" trans="unrechte" type="token">
    <tok_dipl id="t38_d1" trans="unrechte" utf="unrechte"/>
    <tok_anno ascii="unrechte" id="t38_m1" trans="unrechte" utf="unrechte">
      <norm tag="unrehte"/>
      <lemma tag="un-rëhte"/>
      <lemma_gen tag="un-rëhte"/>
      <lemma_idmwb tag="190146000"/>
      <pos tag="AVD"/>
      <pos_gen tag="AVD"/>
      <infl tag="--"/>
      <inflClass tag="--"/>
      <inflClass_gen tag="--"/>
    </tok_anno>
  </token>
  <token id="t39" trans="$weri$,," type="token">
    <tok_dipl id="t39_d1" trans="$weri$" utf="ſweriſ"/>
    <tok_anno ascii="sweris" id="t39_m1" trans="$weri$" utf="ſweriſ">
      <norm tag="sweres"/>
      <lemma tag="swèr(e)n"/>
      <lemma_gen tag="swèr(e)n"/>
      <lemma_idmwb tag="165453000"/>
      <pos tag="VVFIN"/>
      <pos_gen tag="VV"/>
      <infl tag="Ind.Pres.Sg.2"/>
      <inflClass tag="st6b"/>
      <inflClass_gen tag="st6b"/>
      <punc tag="S*"/>
    </tok_anno>
  </token>
  <token id="t40" trans="." type="punc">
    <tok_dipl id="t40_d1" trans="." utf="."/>
    <tok_anno ascii="." id="t40_m1" trans="." utf=".">
      <pos tag="$_"/>
      <pos_gen tag="$_"/>
    </tok_anno>
  </token>
  <token id="t41" trans="daz" type="token">
    <tok_dipl id="t41_d1" trans="daz" utf="daz"/>
    <tok_anno ascii="daz" id="t41_m1" trans="daz" utf="daz">
      <norm tag="daz"/>
      <lemma tag="dazz"/>
      <lemma_gen tag="dazz"/>
      <lemma_idmwb tag="29484000"/>
      <pos tag="KOUS"/>
      <pos_gen tag="KO"/>
      <infl tag="--"/>
      <inflClass tag="--"/>
      <inflClass_gen tag="--"/>
    </tok_anno>
  </token>
  <token id="t42" trans="dich" type="token">
    <tok_dipl id="t42_d1" trans="dich" utf="dich"/>
    <tok_anno ascii="dich" id="t42_m1" trans="dich" utf="dich">
      <norm tag="dich"/>
      <lemma tag="dû"/>
      <lemma_gen tag="dû"/>
      <lemma_idmwb tag="32607000"/>
      <pos tag="PPER"/>
      <pos_gen tag="PPER"/>
      <infl tag="Akk.Sg.2"/>
      <inflClass tag="--"/>
      <inflClass_gen tag="--"/>
    </tok_anno>
  </token>
  <token id="t43" trans="di" type="token">
    <tok_dipl id="t43_d1" trans="di" utf="di"/>
    <tok_anno ascii="di" id="t43_m1" trans="di" utf="di">
      <norm tag="di"/>
      <lemma tag="dër"/>
      <lemma_gen tag="dër"/>
      <lemma_idmwb tag="29817000"/>
      <pos tag="DDART"/>
      <pos_gen tag="DD"/>
      <infl tag="Fem.Nom.Sg"/>
      <inflClass tag="--"/>
      <inflClass_gen tag="--"/>
    </tok_anno>
  </token>
  <token id="t44" trans="erde" type="token">
    <tok_dipl id="t44_d1" trans="erde" utf="erde"/>
    <tok_anno ascii="erde" id="t44_m1" trans="erde" utf="erde">
      <norm tag="erde"/>
      <lemma tag="ërde"/>
      <lemma_gen tag="ërde"/>
      <lemma_idmwb tag="41217000"/>
      <pos tag="NA"/>
      <pos_gen tag="NA"/>
      <infl tag="Nom.Sg"/>
      <inflClass tag="*.Fem"/>
      <inflClass_gen tag="*.Fem"/>
    </tok_anno>
  </token>
  <token id="t45" trans="uir$linde,," type="token">
    <tok_dipl id="t45_d1" trans="uir$linde" utf="uirſlinde"/>
    <tok_anno ascii="uirslinde" id="t45_m1" trans="uir$linde" utf="uirſlinde">
      <norm tag="verslinde"/>
      <lemma tag="ver-slinten"/>
      <lemma_gen tag="ver-slinten"/>
      <lemma_idmwb tag="205233000"/>
      <pos tag="VVFIN"/>
      <pos_gen tag="VV"/>
      <infl tag="Subj.Pres.Sg.3"/>
      <inflClass tag="st3a"/>
      <inflClass_gen tag="st3a"/>
      <punc tag="S*"/>
    </tok_anno>
  </token>
  <token id="t46" trans="." type="punc">
    <tok_dipl id="t46_d1" trans="." utf="."/>
    <tok_anno ascii="." id="t46_m1" trans="." utf=".">
      <pos tag="$_"/>
      <pos_gen tag="$_"/>
    </tok_anno>
  </token>
  <token id="t47" trans="di" type="token">
    <tok_dipl id="t47_d1" trans="di" utf="di"/>
    <tok_anno ascii="di" id="t47_m1" trans="di" utf="di">
      <norm tag="di"/>
      <lemma tag="dër"/>
      <lemma_gen tag="dër"/>
      <lemma_idmwb tag="29823000"/>
      <pos tag="DRELS"/>
      <pos_gen tag="DD"/>
      <infl tag="Fem.Nom.Sg"/>
      <inflClass tag="--"/>
      <inflClass_gen tag="--"/>
    </tok_anno>
  </token>
  <token id="t48" trans="datan" type="token">
    <tok_dipl id="t48_d1" trans="datan" utf="datan"/>
    <tok_anno ascii="datan" id="t48_m1" trans="datan" utf="datan">
      <norm tag="Datan"/>
      <lemma tag="Datan"/>
      <lemma_gen tag="Datan"/>
      <lemma_idmwb tag="--"/>
      <pos tag="NE"/>
      <pos_gen tag="NE"/>
      <infl tag="Akk.Sg"/>
      <inflClass tag="--"/>
      <inflClass_gen tag="--"/>
    </tok_anno>
  </token>
  <token id="t49" trans="vnde" type="token">
    <tok_dipl id="t49_d1" trans="vnde" utf="vnde"/>
    <tok_anno ascii="vnde" id="t49_m1" trans="vnde" utf="vnde">
      <norm tag="unde"/>
      <lemma tag="unte"/>
      <lemma_gen tag="unte"/>
      <lemma_idmwb tag="183108000"/>
      <pos tag="KON"/>
      <pos_gen tag="KO"/>
      <infl tag="--"/>
      <inflClass tag="--"/>
      <inflClass_gen tag="--"/>
    </tok_anno>
  </token>
  <token id="t50" trans="abiron" type="token">
    <tok_dipl id="t50_d1" trans="abiron" utf="abiron"/>
    <tok_anno ascii="abiron" id="t50_m1" trans="abiron" utf="abiron">
      <norm tag="Abiron"/>
      <lemma tag="Abiron"/>
      <lemma_gen tag="Abiron"/>
      <lemma_idmwb tag="--"/>
      <pos tag="NE"/>
      <pos_gen tag="NE"/>
      <infl tag="Akk.Sg"/>
      <inflClass tag="--"/>
      <inflClass_gen tag="--"/>
    </tok_anno>
  </token>
  <token id="t51" trans="uir$lant(.)" type="token">
    <tok_dipl id="t51_d1" trans="uir$lant" utf="uirſlant"/>
    <tok_anno ascii="uirslant" id="t51_m1" trans="uir$lant" utf="uirſlant">
      <norm tag="verslant"/>
      <lemma tag="ver-slinten"/>
      <lemma_gen tag="ver-slinten"/>
      <lemma_idmwb tag="205233000"/>
      <pos tag="VVFIN"/>
      <pos_gen tag="VV"/>
      <infl tag="Ind.Past.Sg.3"/>
      <inflClass tag="st3a"/>
      <inflClass_gen tag="st3a"/>
      <punc tag="DE"/>
    </tok_anno>
  </token>
  <token id="t52" trans="." type="punc">
    <tok_dipl id="t52_d1" trans="." utf="."/>
    <tok_anno ascii="." id="t52_m1" trans="." utf=".">
      <pos tag="$_"/>
      <pos_gen tag="$_"/>
      <punc tag="$E"/>
    </tok_anno>
  </token>
  <token id="t53" trans="Vnde" type="token">
    <tok_dipl id="t53_d1" trans="Vnde" utf="Vnde"/>
    <tok_anno ascii="Vnde" id="t53_m1" trans="Vnde" utf="Vnde">
      <norm tag="unde"/>
      <lemma tag="unte"/>
      <lemma_gen tag="unte"/>
      <lemma_idmwb tag="183108000"/>
      <pos tag="KON"/>
      <pos_gen tag="KO"/>
      <infl tag="--"/>
      <inflClass tag="--"/>
      <inflClass_gen tag="--"/>
    </tok_anno>
  </token>
  <token id="t54" trans="ob" type="token">
    <tok_dipl id="t54_d1" trans="ob" utf="ob"/>
    <tok_anno ascii="ob" id="t54_m1" trans="ob" utf="ob">
      <norm tag="ob"/>
      <lemma tag="obe"/>
      <lemma_gen tag="obe"/>
      <lemma_idmwb tag="123036000"/>
      <pos tag="KOUS"/>
      <pos_gen tag="KO"/>
      <infl tag="--"/>
      <inflClass tag="--"/>
      <inflClass_gen tag="--"/>
    </tok_anno>
  </token>
  <token id="t55" trans="du" type="token">
    <tok_dipl id="t55_d1" trans="du" utf="du"/>
    <tok_anno ascii="du" id="t55_m1" trans="du" utf="du">
      <norm tag="dû"/>
      <lemma tag="dû"/>
      <lemma_gen tag="dû"/>
      <lemma_idmwb tag="32607000"/>
      <pos tag="PPER"/>
      <pos_gen tag="PPER"/>
      <infl tag="Nom.Sg.2"/>
      <inflClass tag="--"/>
      <inflClass_gen tag="--"/>
    </tok_anno>
  </token>
  <token id="t56" trans="unrechte" type="token">
    <tok_dipl id="t56_d1" trans="unrechte" utf="unrechte"/>
    <tok_anno ascii="unrechte" id="t56_m1" trans="unrechte" utf="unrechte">
      <norm tag="unrehte"/>
      <lemma tag="un-rëhte"/>
      <lemma_gen tag="un-rëhte"/>
      <lemma_idmwb tag="190146000"/>
      <pos tag="AVD"/>
      <pos_gen tag="AVD"/>
      <infl tag="--"/>
      <inflClass tag="--"/>
      <inflClass_gen tag="--"/>
    </tok_anno>
  </token>
  <token id="t57" trans="$veri$,," type="token">
    <tok_dipl id="t57_d1" trans="$veri$" utf="ſveriſ"/>
    <tok_anno ascii="sveris" id="t57_m1" trans="$veri$" utf="ſveriſ">
      <norm tag="sweres"/>
      <lemma tag="swèr(e)n"/>
      <lemma_gen tag="swèr(e)n"/>
      <lemma_idmwb tag="165453000"/>
      <pos tag="VVFIN"/>
      <pos_gen tag="VV"/>
      <infl tag="*.Pres.Sg.2"/>
      <inflClass tag="st6b"/>
      <inflClass_gen tag="st6b"/>
      <punc tag="S*"/>
    </tok_anno>
  </token>
  <token id="t58" trans="." type="punc">
    <tok_dipl id="t58_d1" trans="." utf="."/>
    <tok_anno ascii="." id="t58_m1" trans="." utf=".">
      <pos tag="$_"/>
      <pos_gen tag="$_"/>
    </tok_anno>
  </token>
  <token id="t59" trans="daz" type="token">
    <tok_dipl id="t59_d1" trans="daz" utf="daz"/>
    <tok_anno ascii="daz" id="t59_m1" trans="daz" utf="daz">
      <norm tag="daz"/>
      <lemma tag="dazz"/>
      <lemma_gen tag="dazz"/>
      <lemma_idmwb tag="29484000"/>
      <pos tag="KOUS"/>
      <pos_gen tag="KO"/>
      <infl tag="--"/>
      <inflClass tag="--"/>
      <inflClass_gen tag="--"/>
    </tok_anno>
  </token>
  <token id="t60" trans="dich" type="token">
    <tok_dipl id="t60_d1" trans="dich" utf="dich"/>
    <tok_anno ascii="dich" id="t60_m1" trans="dich" utf="dich">
      <norm tag="dich"/>
      <lemma tag="dû"/>
      <lemma_gen tag="dû"/>
      <lemma_idmwb tag="32607000"/>
      <pos tag="PPER"/>
      <pos_gen tag="PPER"/>
      <infl tag="Akk.Sg.2"/>
      <inflClass tag="--"/>
      <inflClass_gen tag="--"/>
    </tok_anno>
  </token>
  <token id="t61" trans="di" type="token">
    <tok_dipl id="t61_d1" trans="di" utf="di"/>
    <tok_anno ascii="di" id="t61_m1" trans="di" utf="di">
      <norm tag="di"/>
      <lemma tag="dër"/>
      <lemma_gen tag="dër"/>
      <lemma_idmwb tag="29817000"/>
      <pos tag="DDART"/>
      <pos_gen tag="DD"/>
      <infl tag="Fem.Nom.Sg"/>
      <inflClass tag="--"/>
      <inflClass_gen tag="--"/>
    </tok_anno>
  </token>
  <token id="t62" trans="mu$el$ucht" type="token">
    <tok_dipl id="t62_d1" trans="mu$el$ucht" utf="muſelſucht"/>
    <tok_anno ascii="muselsucht" id="t62_m1" trans="mu$el$ucht" utf="muſelſucht">
      <norm tag="miselsuht"/>
      <lemma tag="misel-suht"/>
      <lemma_gen tag="misel-suht"/>
      <lemma_idmwb tag="113091000"/>
      <pos tag="NA"/>
      <pos_gen tag="NA"/>
      <infl tag="Nom.Sg"/>
      <inflClass tag="st.Fem"/>
      <inflClass_gen tag="st.Fem"/>
    </tok_anno>
  </token>
  <token id="t63" trans="bi$te,," type="token">
    <tok_dipl id="t63_d1" trans="bi$te" utf="biſte"/>
    <tok_anno ascii="biste" id="t63_m1" trans="bi$te" utf="biſte">
      <norm tag="bestê"/>
      <lemma tag="be-stân"/>
      <lemma_gen tag="be-stân"/>
      <lemma_idmwb tag="17412000"/>
      <pos tag="VVFIN"/>
      <pos_gen tag="VV"/>
      <infl tag="Subj.Pres.Sg.3"/>
      <inflClass tag="irr"/>
      <inflClass_gen tag="irr"/>
      <punc tag="S*"/>
    </tok_anno>
  </token>
  <token id="t64" trans="." type="punc">
    <tok_dipl id="t64_d1" trans="." utf="."/>
    <tok_anno ascii="." id="t64_m1" trans="." utf=".">
      <pos tag="$_"/>
      <pos_gen tag="$_"/>
    </tok_anno>
  </token>
  <token id="t65" trans="di" type="token">
    <tok_dipl id="t65_d1" trans="di" utf="di"/>
    <tok_anno ascii="di" id="t65_m1" trans="di" utf="di">
      <norm tag="di"/>
      <lemma tag="dër"/>
      <lemma_gen tag="dër"/>
      <lemma_idmwb tag="29823000"/>
      <pos tag="DRELS"/>
      <pos_gen tag="DD"/>
      <infl tag="Fem.Nom.Sg"/>
      <inflClass tag="--"/>
      <inflClass_gen tag="--"/>
    </tok_anno>
  </token>
  <token id="t66" trans="naamannen" type="token">
    <tok_dipl id="t66_d1" trans="naamannen" utf="naamannen"/>
    <tok_anno ascii="naamannen" id="t66_m1" trans="naamannen" utf="naamannen">
      <norm tag="Naamanen"/>
      <lemma tag="Naaman"/>
      <lemma_gen tag="Naaman"/>
      <lemma_idmwb tag="--"/>
      <pos tag="NE"/>
      <pos_gen tag="NE"/>
      <infl tag="Akk.Sg"/>
      <inflClass tag="--"/>
      <inflClass_gen tag="--"/>
    </tok_anno>
  </token>
  <token id="t67" trans="liz" type="token">
    <tok_dipl id="t67_d1" trans="liz" utf="liz"/>
    <tok_anno ascii="liz" id="t67_m1" trans="liz" utf="liz">
      <norm tag="liez"/>
      <lemma tag="lâzen"/>
      <lemma_gen tag="lâzen"/>
      <lemma_idmwb tag="100122000"/>
      <pos tag="VVFIN"/>
      <pos_gen tag="VV"/>
      <infl tag="Ind.Past.Sg.3"/>
      <inflClass tag="st7"/>
      <inflClass_gen tag="st7"/>
    </tok_anno>
  </token>
  <token id="t68" trans="." type="punc">
    <tok_dipl id="t68_d1" trans="." utf="."/>
    <tok_anno ascii="." id="t68_m1" trans="." utf=".">
      <pos tag="$_"/>
      <pos_gen tag="$_"/>
    </tok_anno>
  </token>
  <token id="t69" trans="vnde" type="token">
    <tok_dipl id="t69_d1" trans="vnde" utf="vnde"/>
    <tok_anno ascii="vnde" id="t69_m1" trans="vnde" utf="vnde">
      <norm tag="unde"/>
      <lemma tag="unte"/>
      <lemma_gen tag="unte"/>
      <lemma_idmwb tag="183108000"/>
      <pos tag="KON"/>
      <pos_gen tag="KO"/>
      <infl tag="--"/>
      <inflClass tag="--"/>
      <inflClass_gen tag="--"/>
    </tok_anno>
  </token>
  <token id="t70" trans="iezi" type="token">
    <tok_dipl id="t70_d1" trans="iezi" utf="iezi"/>
    <tok_anno ascii="iezi" id="t70_m1" trans="iezi" utf="iezi">
      <norm tag="Jezi"/>
      <lemma tag="Jezi"/>
      <lemma_gen tag="Jezi"/>
      <lemma_idmwb tag="--"/>
      <pos tag="NE"/>
      <pos_gen tag="NE"/>
      <infl tag="Akk.Sg"/>
      <inflClass tag="--"/>
      <inflClass_gen tag="--"/>
    </tok_anno>
  </token>
  <comment type="K">/%.[Gechasi]</comment>
  <token id="t71" trans="be$tunt(.)" type="token">
    <tok_dipl id="t71_d1" trans="be$tunt" utf="beſtunt"/>
    <tok_anno ascii="bestunt" id="t71_m1" trans="be$tunt" utf="beſtunt">
      <norm tag="bestuont"/>
      <lemma tag="be-stân"/>
      <lemma_gen tag="be-stân"/>
      <lemma_idmwb tag="17412000"/>
      <pos tag="VVFIN"/>
      <pos_gen tag="VV"/>
      <infl tag="Ind.Past.Sg.3"/>
      <inflClass tag="irr"/>
      <inflClass_gen tag="irr"/>
      <punc tag="DE"/>
    </tok_anno>
  </token>
  <token id="t72" trans="." type="punc">
    <tok_dipl id="t72_d1" trans="." utf="."/>
    <tok_anno ascii="." id="t72_m1" trans="." utf=".">
      <pos tag="$_"/>
      <pos_gen tag="$_"/>
      <punc tag="$E"/>
    </tok_anno>
  </token>
  <token id="t73" trans="Vnde" type="token">
    <tok_dipl id="t73_d1" trans="Vnde" utf="Vnde"/>
    <tok_anno ascii="Vnde" id="t73_m1" trans="Vnde" utf="Vnde">
      <norm tag="unde"/>
      <lemma tag="unte"/>
      <lemma_gen tag="unte"/>
      <lemma_idmwb tag="183108000"/>
      <pos tag="KON"/>
      <pos_gen tag="KO"/>
      <infl tag="--"/>
      <inflClass tag="--"/>
      <inflClass_gen tag="--"/>
    </tok_anno>
  </token>
  <token id="t74" trans="ob" type="token">
    <tok_dipl id="t74_d1" trans="ob" utf="ob"/>
    <tok_anno ascii="ob" id="t74_m1" trans="ob" utf="ob">
      <norm tag="ob"/>
      <lemma tag="obe"/>
      <lemma_gen tag="obe"/>
      <lemma_idmwb tag="123036000"/>
      <pos tag="KOUS"/>
      <pos_gen tag="KO"/>
      <infl tag="--"/>
      <inflClass tag="--"/>
      <inflClass_gen tag="--"/>
    </tok_anno>
  </token>
  <token id="t75" trans="du" type="token">
    <tok_dipl id="t75_d1" trans="du" utf="du"/>
    <tok_anno ascii="du" id="t75_m1" trans="du" utf="du">
      <norm tag="dû"/>
      <lemma tag="dû"/>
      <lemma_gen tag="dû"/>
      <lemma_idmwb tag="32607000"/>
      <pos tag="PPER"/>
      <pos_gen tag="PPER"/>
      <infl tag="Nom.Sg.2"/>
      <inflClass tag="--"/>
      <inflClass_gen tag="--"/>
    </tok_anno>
  </token>
  <token id="t76" trans="unrechte" type="token">
    <tok_dipl id="t76_d1" trans="unrechte" utf="unrechte"/>
    <tok_anno ascii="unrechte" id="t76_m1" trans="unrechte" utf="unrechte">
      <norm tag="unrehte"/>
      <lemma tag="un-rëhte"/>
      <lemma_gen tag="un-rëhte"/>
      <lemma_idmwb tag="190146000"/>
      <pos tag="AVD"/>
      <pos_gen tag="AVD"/>
      <infl tag="--"/>
      <inflClass tag="--"/>
      <inflClass_gen tag="--"/>
    </tok_anno>
  </token>
  <token id="t77" trans="$weri$,," type="token">
    <tok_dipl id="t77_d1" trans="$weri$" utf="ſweriſ"/>
    <tok_anno ascii="sweris" id="t77_m1" trans="$weri$" utf="ſweriſ">
      <norm tag="sweres"/>
      <lemma tag="swèr(e)n"/>
      <lemma_gen tag="swèr(e)n"/>
      <lemma_idmwb tag="165453000"/>
      <pos tag="VVFIN"/>
      <pos_gen tag="VV"/>
      <infl tag="*.Pres.Sg.2"/>
      <inflClass tag="st6b"/>
      <inflClass_gen tag="st6b"/>
      <punc tag="S*"/>
    </tok_anno>
  </token>
  <token id="t78" trans="." type="punc">
    <tok_dipl id="t78_d1" trans="." utf="."/>
    <tok_anno ascii="." id="t78_m1" trans="." utf=".">
      <pos tag="$_"/>
      <pos_gen tag="$_"/>
    </tok_anno>
  </token>
  <token id="t79" trans="daz" type="token">
    <tok_dipl id="t79_d1" trans="daz" utf="daz"/>
    <tok_anno ascii="daz" id="t79_m1" trans="daz" utf="daz">
      <norm tag="daz"/>
      <lemma tag="dazz"/>
      <lemma_gen tag="dazz"/>
      <lemma_idmwb tag="29484000"/>
      <pos tag="KOUS"/>
      <pos_gen tag="KO"/>
      <infl tag="--"/>
      <inflClass tag="--"/>
      <inflClass_gen tag="--"/>
    </tok_anno>
  </token>
  <token id="t80" trans="dich" type="token">
    <tok_dipl id="t80_d1" trans="dich" utf="dich"/>
    <tok_anno ascii="dich" id="t80_m1" trans="dich" utf="dich">
      <norm tag="dich"/>
      <lemma tag="dû"/>
      <lemma_gen tag="dû"/>
      <lemma_idmwb tag="32607000"/>
      <pos tag="PPER"/>
      <pos_gen tag="PPER"/>
      <infl tag="Akk.Sg.2"/>
      <inflClass tag="--"/>
      <inflClass_gen tag="--"/>
    </tok_anno>
  </token>
  <token id="t81" trans="di" type="token">
    <tok_dipl id="t81_d1" trans="di" utf="di"/>
    <tok_anno ascii="di" id="t81_m1" trans="di" utf="di">
      <norm tag="di"/>
      <lemma tag="dër"/>
      <lemma_gen tag="dër"/>
      <lemma_idmwb tag="29817000"/>
      <pos tag="DDART"/>
      <pos_gen tag="DD"/>
      <infl tag="Fem.Nom.Sg"/>
      <inflClass tag="--"/>
      <inflClass_gen tag="--"/>
    </tok_anno>
  </token>
  <token id="t82" trans="e" type="token">
    <tok_dipl id="t82_d1" trans="e" utf="e"/>
    <tok_anno ascii="e" id="t82_m1" trans="e" utf="e">
      <norm tag="ê"/>
      <lemma tag="êwe"/>
      <lemma_gen tag="êwe"/>
      <lemma_idmwb tag="45846000"/>
      <pos tag="NA"/>
      <pos_gen tag="NA"/>
      <infl tag="Nom.Sg"/>
      <inflClass tag="wk.Fem"/>
      <inflClass_gen tag="wk.Masc,Fem"/>
    </tok_anno>
  </token>
  <token id="t83" trans="uirtilige,," type="token">
    <tok_dipl id="t83_d1" trans="uirtilige" utf="uirtilige"/>
    <tok_anno ascii="uirtilige" id="t83_m1" trans="uirtilige" utf="uirtilige">
      <norm tag="vertîlige"/>
      <lemma tag="ver-tîl(i)gen"/>
      <lemma_gen tag="ver-tîl(i)gen"/>
      <lemma_idmwb tag="206271000"/>
      <pos tag="VVFIN"/>
      <pos_gen tag="VV"/>
      <infl tag="Subj.Pres.Sg.3"/>
      <inflClass tag="wk"/>
      <inflClass_gen tag="wk"/>
      <punc tag="S*"/>
    </tok_anno>
  </token>
  <token id="t84" trans="di" type="token">
    <tok_dipl id="t84_d1" trans="di" utf="di"/>
    <tok_anno ascii="di" id="t84_m1" trans="di" utf="di">
      <norm tag="di"/>
      <lemma tag="dër"/>
      <lemma_gen tag="dër"/>
      <lemma_idmwb tag="29823000"/>
      <pos tag="DRELS"/>
      <pos_gen tag="DD"/>
      <infl tag="Fem.Akk.Sg"/>
      <inflClass tag="--"/>
      <inflClass_gen tag="--"/>
    </tok_anno>
  </token>
  <token id="t85" trans="got" type="token">
    <tok_dipl id="t85_d1" trans="got" utf="got"/>
    <tok_anno ascii="got" id="t85_m1" trans="got" utf="got">
      <norm tag="got"/>
      <lemma tag="got"/>
      <lemma_gen tag="got"/>
      <lemma_idmwb tag="63291000"/>
      <pos tag="NA"/>
      <pos_gen tag="NA"/>
      <infl tag="Nom.Sg"/>
      <inflClass tag="st.Masc"/>
      <inflClass_gen tag="st.Masc"/>
    </tok_anno>
  </token>
  <token id="t86" trans="moi$y" type="token">
    <tok_dipl id="t86_d1" trans="moi$y" utf="moiſy"/>
    <tok_anno ascii="moisy" id="t86_m1" trans="moi$y" utf="moiſy">
      <norm tag="Moysê"/>
      <lemma tag="Moysê"/>
      <lemma_gen tag="Moysê"/>
      <lemma_idmwb tag="--"/>
      <pos tag="NE"/>
      <pos_gen tag="NE"/>
      <infl tag="Dat.Sg"/>
      <inflClass tag="--"/>
      <inflClass_gen tag="--"/>
    </tok_anno>
  </token>
  <token id="t87" trans="gab" type="token">
    <tok_dipl id="t87_d1" trans="gab" utf="gab"/>
    <tok_anno ascii="gab" id="t87_m1" trans="gab" utf="gab">
      <norm tag="gap"/>
      <lemma tag="gëben"/>
      <lemma_gen tag="gëben"/>
      <lemma_idmwb tag="47766000"/>
      <pos tag="VVFIN"/>
      <pos_gen tag="VV"/>
      <infl tag="Ind.Past.Sg.3"/>
      <inflClass tag="st5"/>
      <inflClass_gen tag="st5"/>
    </tok_anno>
  </token>
  <token id="t88" trans="." type="punc">
    <tok_dipl id="t88_d1" trans="." utf="."/>
    <tok_anno ascii="." id="t88_m1" trans="." utf=".">
      <pos tag="$_"/>
      <pos_gen tag="$_"/>
    </tok_anno>
  </token>
  <token id="t89" trans="in||dem" type="token">
    <tok_dipl id="t89_d1" trans="indem" utf="indem"/>
    <tok_anno ascii="in" id="t89_m1" trans="in|" utf="in">
      <norm tag="in"/>
      <token_type tag="MS1"/>
      <lemma tag="in"/>
      <lemma_gen tag="in"/>
      <lemma_idmwb tag="81741000"/>
      <pos tag="APPR"/>
      <pos_gen tag="AP"/>
      <infl tag="--"/>
      <inflClass tag="--"/>
      <inflClass_gen tag="--"/>
    </tok_anno>
    <tok_anno ascii="dem" id="t89_m2" trans="|dem" utf="dem">
      <norm tag="dem"/>
      <token_type tag="MS2"/>
      <lemma tag="dër"/>
      <lemma_gen tag="dër"/>
      <lemma_idmwb tag="29817000"/>
      <pos tag="DDART"/>
      <pos_gen tag="DD"/>
      <infl tag="Masc.Dat.Sg"/>
      <inflClass tag="--"/>
      <inflClass_gen tag="--"/>
    </tok_anno>
  </token>
  <token id="t90" trans="berge" type="token">
    <tok_dipl id="t90_d1" trans="berge" utf="berge"/>
    <tok_anno ascii="berge" id="t90_m1" trans="berge" utf="berge">
      <norm tag="berge"/>
      <lemma tag="bërg"/>
      <lemma_gen tag="bërg"/>
      <lemma_idmwb tag="15249000"/>
      <pos tag="NA"/>
      <pos_gen tag="NA"/>
      <infl tag="Dat.Sg"/>
      <inflClass tag="st.Masc"/>
      <inflClass_gen tag="st.Masc"/>
    </tok_anno>
  </token>
  <token id="t91" trans="$ynay,," type="token">
    <tok_dipl id="t91_d1" trans="$ynay" utf="ſynay"/>
    <tok_anno ascii="synay" id="t91_m1" trans="$ynay" utf="ſynay">
      <norm tag="Synay"/>
      <lemma tag="Synay"/>
      <lemma_gen tag="Synay"/>
      <lemma_idmwb tag="--"/>
      <pos tag="NE"/>
      <pos_gen tag="NE"/>
      <infl tag="Dat.Sg"/>
      <inflClass tag="--"/>
      <inflClass_gen tag="--"/>
      <punc tag="S*"/>
    </tok_anno>
  </token>
  <token id="t92" trans="." type="punc">
    <tok_dipl id="t92_d1" trans="." utf="."/>
    <tok_anno ascii="." id="t92_m1" trans="." utf=".">
      <pos tag="$_"/>
      <pos_gen tag="$_"/>
    </tok_anno>
  </token>
  <token id="t93" trans="di" type="token">
    <tok_dipl id="t93_d1" trans="di" utf="di"/>
    <tok_anno ascii="di" id="t93_m1" trans="di" utf="di">
      <norm tag="di"/>
      <lemma tag="dër"/>
      <lemma_gen tag="dër"/>
      <lemma_idmwb tag="29823000"/>
      <pos tag="DRELS"/>
      <pos_gen tag="DD"/>
      <infl tag="Fem.Akk.Sg"/>
      <inflClass tag="--"/>
      <inflClass_gen tag="--"/>
    </tok_anno>
  </token>
  <token id="t94" trans="got" type="token">
    <tok_dipl id="t94_d1" trans="got" utf="got"/>
    <tok_anno ascii="got" id="t94_m1" trans="got" utf="got">
      <norm tag="got"/>
      <lemma tag="got"/>
      <lemma_gen tag="got"/>
      <lemma_idmwb tag="63291000"/>
      <pos tag="NA"/>
      <pos_gen tag="NA"/>
      <infl tag="Nom.Sg"/>
      <inflClass tag="st.Masc"/>
      <inflClass_gen tag="st.Masc"/>
    </tok_anno>
  </token>
  <token id="t95" trans="$elbe" type="token">
    <tok_dipl id="t95_d1" trans="$elbe" utf="ſelbe"/>
    <tok_anno ascii="selbe" id="t95_m1" trans="$elbe" utf="ſelbe">
      <norm tag="selbe"/>
      <lemma tag="sëlb"/>
      <lemma_gen tag="sëlb"/>
      <lemma_idmwb tag="147849000"/>
      <pos tag="DDN"/>
      <pos_gen tag="DD"/>
      <infl tag="Masc.Nom.Sg.wk"/>
      <inflClass tag="--"/>
      <inflClass_gen tag="--"/>
    </tok_anno>
  </token>
  <token id="t96" trans="$creib" type="token">
    <tok_dipl id="t96_d1" trans="$creib" utf="ſcreib"/>
    <tok_anno ascii="screib" id="t96_m1" trans="$creib" utf="ſcreib">
      <norm tag="schreip"/>
      <lemma tag="schrîben"/>
      <lemma_gen tag="schrîben"/>
      <lemma_idmwb tag="145494000"/>
      <pos tag="VVFIN"/>
      <pos_gen tag="VV"/>
      <infl tag="Ind.Past.Sg.3"/>
      <inflClass tag="st1a"/>
      <inflClass_gen tag="st1a"/>
    </tok_anno>
  </token>
  <token id="t97" trans="." type="punc">
    <tok_dipl id="t97_d1" trans="." utf="."/>
    <tok_anno ascii="." id="t97_m1" trans="." utf=".">
      <pos tag="$_"/>
      <pos_gen tag="$_"/>
    </tok_anno>
  </token>
  <token id="t98" trans="mit" type="token">
    <tok_dipl id="t98_d1" trans="mit" utf="mit"/>
    <tok_anno ascii="mit" id="t98_m1" trans="mit" utf="mit">
      <norm tag="mit"/>
      <lemma tag="mit"/>
      <lemma_gen tag="mit"/>
      <lemma_idmwb tag="113898000"/>
      <pos tag="APPR"/>
      <pos_gen tag="AP"/>
      <infl tag="--"/>
      <inflClass tag="--"/>
      <inflClass_gen tag="--"/>
    </tok_anno>
  </token>
  <token id="t99" trans="$inen" type="token">
    <tok_dipl id="t99_d1" trans="$inen" utf="ſinen"/>
    <tok_anno ascii="sinen" id="t99_m1" trans="$inen" utf="ſinen">
      <norm tag="sînen"/>
      <lemma tag="sîn"/>
      <lemma_gen tag="sîn"/>
      <lemma_idmwb tag="150153000"/>
      <pos tag="DPOSA"/>
      <pos_gen tag="DPOS"/>
      <infl tag="*.Dat.Pl.st"/>
      <inflClass tag="--"/>
      <inflClass_gen tag="--"/>
    </tok_anno>
  </token>
  <token id="t100" trans="uingeren" type="token">
    <tok_dipl id="t100_d1" trans="uingeren" utf="uingeren"/>
    <tok_anno ascii="uingeren" id="t100_m1" trans="uingeren" utf="uingeren">
      <norm tag="vingeren"/>
      <lemma tag="vinger"/>
      <lemma_gen tag="vinger"/>
      <lemma_idmwb tag="209211000"/>
      <pos tag="NA"/>
      <pos_gen tag="NA"/>
      <infl tag="Dat.Pl"/>
      <inflClass tag="st.Masc"/>
      <inflClass_gen tag="st.Masc"/>
    </tok_anno>
  </token>
  <token id="t101" trans="an||der" type="token">
    <tok_dipl id="t101_d1" trans="ander" utf="ander"/>
    <tok_anno ascii="an" id="t101_m1" trans="an|" utf="an">
      <norm tag="an"/>
      <token_type tag="MS1"/>
      <lemma tag="ane"/>
      <lemma_gen tag="ane"/>
      <lemma_idmwb tag="5691000"/>
      <pos tag="APPR"/>
      <pos_gen tag="AP"/>
      <infl tag="--"/>
      <inflClass tag="--"/>
      <inflClass_gen tag="--"/>
    </tok_anno>
    <tok_anno ascii="der" id="t101_m2" trans="|der" utf="der">
      <norm tag="der"/>
      <token_type tag="MS2"/>
      <lemma tag="dër"/>
      <lemma_gen tag="dër"/>
      <lemma_idmwb tag="29817000"/>
      <pos tag="DDART"/>
      <pos_gen tag="DD"/>
      <infl tag="Fem.Dat.Sg"/>
      <inflClass tag="--"/>
      <inflClass_gen tag="--"/>
    </tok_anno>
  </token>
  <token id="t102" trans="$teinir" type="token">
    <tok_dipl id="t102_d1" trans="$teinir" utf="ſteinir"/>
    <tok_anno ascii="steinir" id="t102_m1" trans="$teinir" utf="ſteinir">
      <norm tag="steinîner"/>
      <lemma tag="stèinîn"/>
      <lemma_gen tag="stèinîn"/>
      <lemma_idmwb tag="158325000"/>
      <pos tag="ADJA"/>
      <pos_gen tag="ADJ"/>
      <infl tag="Pos.Fem.Dat.Sg.st"/>
      <inflClass tag="--"/>
      <inflClass_gen tag="--"/>
    </tok_anno>
  </token>
  <token id="t103" trans="tabelen(.)" type="token">
    <tok_dipl id="t103_d1" trans="tabelen" utf="tabelen"/>
    <tok_anno ascii="tabelen" id="t103_m1" trans="tabelen" utf="tabelen">
      <norm tag="tavelen"/>
      <lemma tag="tavel(e)"/>
      <lemma_gen tag="tavel(e)"/>
      <lemma_idmwb tag="167184000"/>
      <pos tag="NA"/>
      <pos_gen tag="NA"/>
      <infl tag="Dat.Sg"/>
      <inflClass tag="st.Fem"/>
      <inflClass_gen tag="*.Fem"/>
      <punc tag="DE"/>
    </tok_anno>
  </token>
  <token id="t104" trans="." type="punc">
    <tok_dipl id="t104_d1" trans="." utf="."/>
    <tok_anno ascii="." id="t104_m1" trans="." utf=".">
      <pos tag="$_"/>
      <pos_gen tag="$_"/>
      <punc tag="$E"/>
    </tok_anno>
  </token>
  <token id="t105" trans="Vnde" type="token">
    <tok_dipl id="t105_d1" trans="Vnde" utf="Vnde"/>
    <tok_anno ascii="Vnde" id="t105_m1" trans="Vnde" utf="Vnde">
      <norm tag="unde"/>
      <lemma tag="unte"/>
      <lemma_gen tag="unte"/>
      <lemma_idmwb tag="183108000"/>
      <pos tag="KON"/>
      <pos_gen tag="KO"/>
      <infl tag="--"/>
      <inflClass tag="--"/>
      <inflClass_gen tag="--"/>
    </tok_anno>
  </token>
  <token id="t106" trans="ob" type="token">
    <tok_dipl id="t106_d1" trans="ob" utf="ob"/>
    <tok_anno ascii="ob" id="t106_m1" trans="ob" utf="ob">
      <norm tag="ob"/>
      <lemma tag="obe"/>
      <lemma_gen tag="obe"/>
      <lemma_idmwb tag="123036000"/>
      <pos tag="KOUS"/>
      <pos_gen tag="KO"/>
      <infl tag="--"/>
      <inflClass tag="--"/>
      <inflClass_gen tag="--"/>
    </tok_anno>
  </token>
  <token id="t107" trans="du" type="token">
    <tok_dipl id="t107_d1" trans="du" utf="du"/>
    <tok_anno ascii="du" id="t107_m1" trans="du" utf="du">
      <norm tag="dû"/>
      <lemma tag="dû"/>
      <lemma_gen tag="dû"/>
      <lemma_idmwb tag="32607000"/>
      <pos tag="PPER"/>
      <pos_gen tag="PPER"/>
      <infl tag="Nom.Sg.2"/>
      <inflClass tag="--"/>
      <inflClass_gen tag="--"/>
    </tok_anno>
  </token>
  <token id="t108" trans="unrechte" type="token">
    <tok_dipl id="t108_d1" trans="unrechte" utf="unrechte"/>
    <tok_anno ascii="unrechte" id="t108_m1" trans="unrechte" utf="unrechte">
      <norm tag="unrehte"/>
      <lemma tag="un-rëhte"/>
      <lemma_gen tag="un-rëhte"/>
      <lemma_idmwb tag="190146000"/>
      <pos tag="AVD"/>
      <pos_gen tag="AVD"/>
      <infl tag="--"/>
      <inflClass tag="--"/>
      <inflClass_gen tag="--"/>
    </tok_anno>
  </token>
  <token id="t109" trans="$weri$,," type="token">
    <tok_dipl id="t109_d1" trans="$weri$" utf="ſweriſ"/>
    <tok_anno ascii="sweris" id="t109_m1" trans="$weri$" utf="ſweriſ">
      <norm tag="sweres"/>
      <lemma tag="swèr(e)n"/>
      <lemma_gen tag="swèr(e)n"/>
      <lemma_idmwb tag="165453000"/>
      <pos tag="VVFIN"/>
      <pos_gen tag="VV"/>
      <infl tag="*.Pres.Sg.2"/>
      <inflClass tag="st6b"/>
      <inflClass_gen tag="st6b"/>
      <punc tag="S*"/>
    </tok_anno>
  </token>
  <token id="t110" trans="." type="punc">
    <tok_dipl id="t110_d1" trans="." utf="."/>
    <tok_anno ascii="." id="t110_m1" trans="." utf=".">
      <pos tag="$_"/>
      <pos_gen tag="$_"/>
    </tok_anno>
  </token>
  <token id="t111" trans="daz" type="token">
    <tok_dipl id="t111_d1" trans="daz" utf="daz"/>
    <tok_anno ascii="daz" id="t111_m1" trans="daz" utf="daz">
      <norm tag="daz"/>
      <lemma tag="dazz"/>
      <lemma_gen tag="dazz"/>
      <lemma_idmwb tag="29484000"/>
      <pos tag="KOUS"/>
      <pos_gen tag="KO"/>
      <infl tag="--"/>
      <inflClass tag="--"/>
      <inflClass_gen tag="--"/>
    </tok_anno>
  </token>
  <token id="t112" trans="dich" type="token">
    <tok_dipl id="t112_d1" trans="dich" utf="dich"/>
    <tok_anno ascii="dich" id="t112_m1" trans="dich" utf="dich">
      <norm tag="dich"/>
      <lemma tag="dû"/>
      <lemma_gen tag="dû"/>
      <lemma_idmwb tag="32607000"/>
      <pos tag="PPER"/>
      <pos_gen tag="PPER"/>
      <infl tag="Akk.Sg.2"/>
      <inflClass tag="--"/>
      <inflClass_gen tag="--"/>
    </tok_anno>
  </token>
  <token id="t113" trans="uellin" type="token">
    <tok_dipl id="t113_d1" trans="uellin" utf="uellin"/>
    <tok_anno ascii="uellin" id="t113_m1" trans="uellin" utf="uellin">
      <norm tag="vellen"/>
      <lemma tag="vèllen"/>
      <lemma_gen tag="vèllen"/>
      <lemma_idmwb tag="199404000"/>
      <pos tag="VVFIN"/>
      <pos_gen tag="VV"/>
      <infl tag="Subj.Pres.Pl.3"/>
      <inflClass tag="wk"/>
      <inflClass_gen tag="wk"/>
    </tok_anno>
  </token>
  <token id="t114" trans="alle" type="token">
    <tok_dipl id="t114_d1" trans="alle" utf="alle"/>
    <tok_anno ascii="alle" id="t114_m1" trans="alle" utf="alle">
      <norm tag="alle"/>
      <lemma tag="all"/>
      <lemma_gen tag="all"/>
      <lemma_idmwb tag="3531000"/>
      <pos tag="DIA"/>
      <pos_gen tag="DI"/>
      <infl tag="Fem.Nom.Pl.st"/>
      <inflClass tag="--"/>
      <inflClass_gen tag="--"/>
    </tok_anno>
  </token>
  <token id="t115" trans="di" type="token">
    <tok_dipl id="t115_d1" trans="di" utf="di"/>
    <tok_anno ascii="di" id="t115_m1" trans="di" utf="di">
      <norm tag="di"/>
      <lemma tag="dër"/>
      <lemma_gen tag="dër"/>
      <lemma_idmwb tag="29817000"/>
      <pos tag="DDART"/>
      <pos_gen tag="DD"/>
      <infl tag="Fem.Nom.Pl"/>
      <inflClass tag="--"/>
      <inflClass_gen tag="--"/>
    </tok_anno>
  </token>
  <token id="t116" trans="$crift,," type="token">
    <tok_dipl id="t116_d1" trans="$crift" utf="ſcrift"/>
    <tok_anno ascii="scrift" id="t116_m1" trans="$crift" utf="ſcrift">
      <norm tag="schrifte"/>
      <lemma tag="schrift"/>
      <lemma_gen tag="schrift"/>
      <lemma_idmwb tag="145596000"/>
      <pos tag="NA"/>
      <pos_gen tag="NA"/>
      <infl tag="Nom.Pl"/>
      <inflClass tag="st.Fem"/>
      <inflClass_gen tag="st.Fem"/>
      <punc tag="S*"/>
    </tok_anno>
  </token>
  <token id="t117" trans="." type="punc">
    <tok_dipl id="t117_d1" trans="." utf="."/>
    <tok_anno ascii="." id="t117_m1" trans="." utf=".">
      <pos tag="$_"/>
      <pos_gen tag="$_"/>
    </tok_anno>
  </token>
  <token id="t118" trans="di" type="token">
    <tok_dipl id="t118_d1" trans="di" utf="di"/>
    <tok_anno ascii="di" id="t118_m1" trans="di" utf="di">
      <norm tag="di"/>
      <lemma tag="dër"/>
      <lemma_gen tag="dër"/>
      <lemma_idmwb tag="29823000"/>
      <pos tag="DRELS"/>
      <pos_gen tag="DD"/>
      <infl tag="*.Nom.Pl"/>
      <inflClass tag="--"/>
      <inflClass_gen tag="--"/>
    </tok_anno>
  </token>
  <token id="t119" trans="ge$criben" type="token">
    <tok_dipl id="t119_d1" trans="ge$criben" utf="geſcriben"/>
    <tok_anno ascii="gescriben" id="t119_m1" trans="ge$criben" utf="geſcriben">
      <norm tag="geschriben"/>
      <lemma tag="schrîben"/>
      <lemma_gen tag="schrîben"/>
      <lemma_idmwb tag="145494000"/>
      <pos tag="VVPP"/>
      <pos_gen tag="VV"/>
      <infl tag="--"/>
      <inflClass tag="st1a"/>
      <inflClass_gen tag="st1a"/>
    </tok_anno>
  </token>
  <token id="t120" trans="$int" type="token">
    <tok_dipl id="t120_d1" trans="$int" utf="ſint"/>
    <tok_anno ascii="sint" id="t120_m1" trans="$int" utf="ſint">
      <norm tag="sint"/>
      <lemma tag="sîn"/>
      <lemma_gen tag="sîn"/>
      <lemma_idmwb tag="150147000"/>
      <pos tag="VAFIN"/>
      <pos_gen tag="VA"/>
      <infl tag="Ind.Pres.Pl.3"/>
      <inflClass tag="irr"/>
      <inflClass_gen tag="irr"/>
    </tok_anno>
  </token>
  <token id="t121" trans="an" type="token">
    <tok_dipl id="t121_d1" trans="an" utf="an"/>
    <tok_anno ascii="an" id="t121_m1" trans="an" utf="an">
      <norm tag="an"/>
      <lemma tag="ane"/>
      <lemma_gen tag="ane"/>
      <lemma_idmwb tag="5691000"/>
      <pos tag="APPR"/>
      <pos_gen tag="AP"/>
      <infl tag="--"/>
      <inflClass tag="--"/>
      <inflClass_gen tag="--"/>
    </tok_anno>
  </token>
  <token id="t122" trans="den" type="token">
    <tok_dipl id="t122_d1" trans="den" utf="den"/>
    <tok_anno ascii="den" id="t122_m1" trans="den" utf="den">
      <norm tag="den"/>
      <lemma tag="dër"/>
      <lemma_gen tag="dër"/>
      <lemma_idmwb tag="29817000"/>
      <pos tag="DDART"/>
      <pos_gen tag="DD"/>
      <infl tag="*.Dat.Pl"/>
      <inflClass tag="--"/>
      <inflClass_gen tag="--"/>
    </tok_anno>
  </token>
  <token id="t123" trans="uunf" type="token">
    <tok_dipl id="t123_d1" trans="uunf" utf="uunf"/>
    <tok_anno ascii="uunf" id="t123_m1" trans="uunf" utf="uunf">
      <norm tag="vünv"/>
      <lemma tag="vünv"/>
      <lemma_gen tag="vünv"/>
      <lemma_idmwb tag="217875000"/>
      <pos tag="CARDA"/>
      <pos_gen tag="CARD"/>
      <infl tag="*.*.*.0"/>
      <inflClass tag="--"/>
      <inflClass_gen tag="--"/>
    </tok_anno>
  </token>
  <token id="t124" trans="buchen" type="token">
    <tok_dipl id="t124_d1" trans="buchen" utf="buchen"/>
    <tok_anno ascii="buchen" id="t124_m1" trans="buchen" utf="buchen">
      <norm tag="buochen"/>
      <lemma tag="buoch"/>
      <lemma_gen tag="buoch"/>
      <lemma_idmwb tag="27291000"/>
      <pos tag="NA"/>
      <pos_gen tag="NA"/>
      <infl tag="Dat.Pl"/>
      <inflClass tag="st.Neut"/>
      <inflClass_gen tag="st.Neut"/>
    </tok_anno>
  </token>
  <token id="t125" trans="moi$y(.)" type="token">
    <tok_dipl id="t125_d1" trans="moi$y" utf="moiſy"/>
    <tok_anno ascii="moisy" id="t125_m1" trans="moi$y" utf="moiſy">
      <norm tag="Moysê"/>
      <lemma tag="Moysê"/>
      <lemma_gen tag="Moysê"/>
      <lemma_idmwb tag="--"/>
      <pos tag="NE"/>
      <pos_gen tag="NE"/>
      <infl tag="Gen.Sg"/>
      <inflClass tag="--"/>
      <inflClass_gen tag="--"/>
      <punc tag="DE"/>
    </tok_anno>
  </token>
  <token id="t126" trans="." type="punc">
    <tok_dipl id="t126_d1" trans="." utf="."/>
    <tok_anno ascii="." id="t126_m1" trans="." utf=".">
      <pos tag="$_"/>
      <pos_gen tag="$_"/>
      <punc tag="$E"/>
    </tok_anno>
  </token>
  <token id="t127" trans="Dit" type="token">
    <tok_dipl id="t127_d1" trans="Dit" utf="Dit"/>
    <tok_anno ascii="Dit" id="t127_m1" trans="Dit" utf="Dit">
      <norm tag="dit"/>
      <lemma tag="dise"/>
      <lemma_gen tag="dise"/>
      <lemma_idmwb tag="30921000"/>
      <pos tag="DDS"/>
      <pos_gen tag="DD"/>
      <infl tag="Neut.Nom.Sg"/>
      <inflClass tag="--"/>
      <inflClass_gen tag="--"/>
    </tok_anno>
  </token>
  <token id="t128" trans="i$t" type="token">
    <tok_dipl id="t128_d1" trans="i$t" utf="iſt"/>
    <tok_anno ascii="ist" id="t128_m1" trans="i$t" utf="iſt">
      <norm tag="ist"/>
      <lemma tag="sîn"/>
      <lemma_gen tag="sîn"/>
      <lemma_idmwb tag="150147000"/>
      <pos tag="VAFIN"/>
      <pos_gen tag="VA"/>
      <infl tag="Ind.Pres.Sg.3"/>
      <inflClass tag="irr"/>
      <inflClass_gen tag="irr"/>
    </tok_anno>
  </token>
  <token id="t129" trans="der" type="token">
    <tok_dipl id="t129_d1" trans="der" utf="der"/>
    <tok_anno ascii="der" id="t129_m1" trans="der" utf="der">
      <norm tag="der"/>
      <lemma tag="dër"/>
      <lemma_gen tag="dër"/>
      <lemma_idmwb tag="29817000"/>
      <pos tag="DDART"/>
      <pos_gen tag="DD"/>
      <infl tag="*.Gen.Pl"/>
      <inflClass tag="--"/>
      <inflClass_gen tag="--"/>
    </tok_anno>
  </token>
  <comment type="K">/^[NSm]</comment>
  <token id="t130" trans="iuden" type="token">
    <tok_dipl id="t130_d1" trans="iuden" utf="iuden"/>
    <tok_anno ascii="iuden" id="t130_m1" trans="iuden" utf="iuden">
      <norm tag="juden"/>
      <lemma tag="jude"/>
      <lemma_gen tag="jude"/>
      <lemma_idmwb tag="85695000"/>
      <pos tag="NA"/>
      <pos_gen tag="NA"/>
      <infl tag="Gen.Pl"/>
      <inflClass tag="wk.Masc"/>
      <inflClass_gen tag="wk.Masc"/>
    </tok_anno>
  </token>
  <token id="t131" trans="heit,," type="token">
    <tok_dipl id="t131_d1" trans="heit" utf="heit"/>
    <tok_anno ascii="heit" id="t131_m1" trans="heit" utf="heit">
      <norm tag="eit"/>
      <lemma tag="èid"/>
      <lemma_gen tag="èid"/>
      <lemma_idmwb tag="36633000"/>
      <pos tag="NA"/>
      <pos_gen tag="NA"/>
      <infl tag="Nom.Sg"/>
      <inflClass tag="st.Masc"/>
      <inflClass_gen tag="st.Masc"/>
      <punc tag="S*"/>
    </tok_anno>
  </token>
  <token id="t132" trans="den" type="token">
    <tok_dipl id="t132_d1" trans="den" utf="den"/>
    <tok_anno ascii="den" id="t132_m1" trans="den" utf="den">
      <norm tag="den"/>
      <lemma tag="dër"/>
      <lemma_gen tag="dër"/>
      <lemma_idmwb tag="29823000"/>
      <pos tag="DRELS"/>
      <pos_gen tag="DD"/>
      <infl tag="Masc.Akk.Sg"/>
      <inflClass tag="--"/>
      <inflClass_gen tag="--"/>
    </tok_anno>
  </token>
  <token id="t133" trans="di" type="token">
    <tok_dipl id="t133_d1" trans="di" utf="di"/>
    <tok_anno ascii="di" id="t133_m1" trans="di" utf="di">
      <norm tag="di"/>
      <lemma tag="dër"/>
      <lemma_gen tag="dër"/>
      <lemma_idmwb tag="29817000"/>
      <pos tag="DDART"/>
      <pos_gen tag="DD"/>
      <infl tag="Masc.Nom.Sg"/>
      <inflClass tag="--"/>
      <inflClass_gen tag="--"/>
    </tok_anno>
  </token>
  <token id="t134" trans="bi$cof" type="token">
    <tok_dipl id="t134_d1" trans="bi$cof" utf="biſcof"/>
    <tok_anno ascii="biscof" id="t134_m1" trans="bi$cof" utf="biſcof">
      <norm tag="bischov"/>
      <lemma tag="bischov"/>
      <lemma_gen tag="bischov"/>
      <lemma_idmwb tag="21009000"/>
      <pos tag="NA"/>
      <pos_gen tag="NA"/>
      <infl tag="Nom.Sg"/>
      <inflClass tag="st.Masc"/>
      <inflClass_gen tag="st.Masc"/>
    </tok_anno>
  </token>
  <token id="t135" trans="Cu\onrat" type="token">
    <tok_dipl id="t135_d1" trans="Cu\onrat" utf="Cuͦnrat"/>
    <tok_anno ascii="Cuonrat" id="t135_m1" trans="Cu\onrat" utf="Cuͦnrat">
      <norm tag="Kuonrât"/>
      <lemma tag="Kuonrât"/>
      <lemma_gen tag="Kuonrât"/>
      <lemma_idmwb tag="--"/>
      <pos tag="NE"/>
      <pos_gen tag="NE"/>
      <infl tag="Nom.Sg"/>
      <inflClass tag="--"/>
      <inflClass_gen tag="--"/>
    </tok_anno>
  </token>
  <token id="t136" trans="dirre" type="token">
    <tok_dipl id="t136_d1" trans="dirre" utf="dirre"/>
    <tok_anno ascii="dirre" id="t136_m1" trans="dirre" utf="dirre">
      <norm tag="dirre"/>
      <lemma tag="dise"/>
      <lemma_gen tag="dise"/>
      <lemma_idmwb tag="30921000"/>
      <pos tag="DDA"/>
      <pos_gen tag="DD"/>
      <infl tag="Fem.Dat.Sg"/>
      <inflClass tag="--"/>
      <inflClass_gen tag="--"/>
    </tok_anno>
  </token>
  <token id="t137" trans="$tat" type="token">
    <tok_dipl id="t137_d1" trans="$tat" utf="ſtat"/>
    <tok_anno ascii="stat" id="t137_m1" trans="$tat" utf="ſtat">
      <norm tag="stat"/>
      <lemma tag="stat"/>
      <lemma_gen tag="stat"/>
      <lemma_idmwb tag="157578000"/>
      <pos tag="NA"/>
      <pos_gen tag="NA"/>
      <infl tag="Dat.Sg"/>
      <inflClass tag="stu.Fem"/>
      <inflClass_gen tag="stu.Fem"/>
    </tok_anno>
  </token>
  <token id="t138" trans="gegebin" type="token">
    <tok_dipl id="t138_d1" trans="gegebin" utf="gegebin"/>
    <tok_anno ascii="gegebin" id="t138_m1" trans="gegebin" utf="gegebin">
      <norm tag="gegeben"/>
      <lemma tag="gëben"/>
      <lemma_gen tag="gëben"/>
      <lemma_idmwb tag="47766000"/>
      <pos tag="VVPP"/>
      <pos_gen tag="VV"/>
      <infl tag="--"/>
      <inflClass tag="st5"/>
      <inflClass_gen tag="st5"/>
    </tok_anno>
  </token>
  <token id="t139" trans="hat(.)" type="token">
    <tok_dipl id="t139_d1" trans="hat" utf="hat"/>
    <tok_anno ascii="hat" id="t139_m1" trans="hat" utf="hat">
      <norm tag="hât"/>
      <lemma tag="haben"/>
      <lemma_gen tag="haben"/>
      <lemma_idmwb tag="66885000"/>
      <pos tag="VAFIN"/>
      <pos_gen tag="VA"/>
      <infl tag="Ind.Pres.Sg.3"/>
      <inflClass tag="wk"/>
      <inflClass_gen tag="wk"/>
      <punc tag="DE"/>
    </tok_anno>
  </token>
</text>
