<?xml version='1.0' encoding='UTF-8'?>
<!DOCTYPE text SYSTEM "cora-xml.dtd">
<text id="M124">
  <header>
    <text>Komputistische Notiz</text>
    <abbr_ddd>KomputNotiz</abbr_ddd>
    <abbr_mwb>-</abbr_mwb>
    <topic>Wissen(-schaft), Alltag</topic>
    <text-type>-</text-type>
    <genre>P</genre>
    <reference>Edition</reference>
    <reference-secondary>-</reference-secondary>
    <library>Straßburg, Stadtbibl.</library>
    <library-shelfmark>Cod. A 148 [verbrannt]</library-shelfmark>
    <online>http://www.handschriftencensus.de/15471</online>
    <medium>Handschrift</medium>
    <extent>-</extent>
    <extract>-</extract>
    <language>mhd</language>
    <language-type>oberdeutsch</language-type>
    <language-region>westoberdeutsch</language-region>
    <language-area>oberrheinisch</language-area>
    <place>-</place>
    <time>12,2</time>
    <notes-manuscript>-</notes-manuscript>
    <date>-</date>
    <text-place>-</text-place>
    <text-author>-</text-author>
    <text-language>-</text-language>
    <text-source>-</text-source>
    <edition>Friedrich Wilhelm (Hg.), Denkmäler deutscher Prosa des 11. und 12. Jahrhunderts, Abteilung A: Text; Abteilung B: Kommentar (Münchener Texte 8), München 1914/16 (Nachdruck in einem Band München 1960 [Germanistische Bücherei 3]), B: S. 215f.</edition>
    <corpus>ReM I</corpus>
    <notes-transcription>beruht auf Hs.-Abdruck von Wilhelm [Hs. verbrannt!]</notes-transcription>
    <notes-annotation>-</notes-annotation>
    <digitization_by>Thomas Klein (Bonn)</digitization_by>
    <collation_by>Thomas Klein (Bonn)</collation_by>
    <pre_editing_by>Thomas Klein (Bonn)</pre_editing_by>
    <annotation_by>Thomas Klein (Bonn)</annotation_by>
    <proofreading_by>Thomas Klein (Bonn)</proofreading_by>
  </header>
  <layoutinfo>
    <page id="p1" no="0" range="c1"/>
    <column id="c1" range="l1..l15"/>
    <line id="l1" name="1" range="t1_d1..t10_d1" loc="0a,1"/>
    <line id="l2" name="2" range="t11_d1..t21_d1" loc="0a,2"/>
    <line id="l3" name="3" range="t22_d1..t30_d1" loc="0a,3"/>
    <line id="l4" name="4" range="t31_d1..t40_d1" loc="0a,4"/>
    <line id="l5" name="5" range="t41_d1..t48_d1" loc="0a,5"/>
    <line id="l6" name="6" range="t49_d1..t57_d1" loc="0a,6"/>
    <line id="l7" name="7" range="t58_d1..t66_d1" loc="0a,7"/>
    <line id="l8" name="8" range="t67_d1..t75_d1" loc="0a,8"/>
    <line id="l9" name="9" range="t76_d1..t84_d1" loc="0a,9"/>
    <line id="l10" name="10" range="t85_d1..t92_d1" loc="0a,10"/>
    <line id="l11" name="11" range="t93_d1..t101_d1" loc="0a,11"/>
    <line id="l12" name="12" range="t102_d1..t109_d1" loc="0a,12"/>
    <line id="l13" name="13" range="t110_d1..t118_d1" loc="0a,13"/>
    <line id="l14" name="14" range="t119_d1..t129_d1" loc="0a,14"/>
    <line id="l15" name="15" range="t130_d1..t137_d1" loc="0a,15"/>
  </layoutinfo>
  <shifttags/>
  <token id="t1" trans="Wil" type="token">
    <tok_dipl id="t1_d1" trans="Wil" utf="Wil"/>
    <tok_anno ascii="Wil" id="t1_m1" trans="Wil" utf="Wil">
      <norm tag="wilt"/>
      <lemma tag="wèllen"/>
      <lemma_gen tag="wèllen"/>
      <lemma_idmwb tag="224625000"/>
      <pos tag="VMFIN"/>
      <pos_gen tag="VM"/>
      <infl tag="Ind.Pres.Sg.2"/>
      <inflClass tag="irr"/>
      <inflClass_gen tag="irr"/>
    </tok_anno>
  </token>
  <token id="t2" trans="dv" type="token">
    <tok_dipl id="t2_d1" trans="dv" utf="dv"/>
    <tok_anno ascii="dv" id="t2_m1" trans="dv" utf="dv">
      <norm tag="dû"/>
      <lemma tag="dû"/>
      <lemma_gen tag="dû"/>
      <lemma_idmwb tag="32607000"/>
      <pos tag="PPER"/>
      <pos_gen tag="PPER"/>
      <infl tag="Nom.Sg.2"/>
      <inflClass tag="--"/>
      <inflClass_gen tag="--"/>
    </tok_anno>
  </token>
  <token id="t3" trans="wizzin,," type="token">
    <tok_dipl id="t3_d1" trans="wizzin" utf="wizzin"/>
    <tok_anno ascii="wizzin" id="t3_m1" trans="wizzin" utf="wizzin">
      <norm tag="wizzen"/>
      <lemma tag="wizzen"/>
      <lemma_gen tag="wizzen"/>
      <lemma_idmwb tag="232557000"/>
      <pos tag="VVINF"/>
      <pos_gen tag="VV"/>
      <infl tag="--"/>
      <inflClass tag="prpr"/>
      <inflClass_gen tag="prpr"/>
      <punc tag="S*"/>
    </tok_anno>
  </token>
  <token id="t4" trans="." type="punc">
    <tok_dipl id="t4_d1" trans="." utf="."/>
    <tok_anno ascii="." id="t4_m1" trans="." utf=".">
      <pos tag="$_"/>
      <pos_gen tag="$_"/>
    </tok_anno>
  </token>
  <token id="t5" trans="wie" type="token">
    <tok_dipl id="t5_d1" trans="wie" utf="wie"/>
    <tok_anno ascii="wie" id="t5_m1" trans="wie" utf="wie">
      <norm tag="wie"/>
      <lemma tag="wiè"/>
      <lemma_gen tag="wiè"/>
      <lemma_idmwb tag="229263000"/>
      <pos tag="AVW"/>
      <pos_gen tag="AVW"/>
      <infl tag="--"/>
      <inflClass tag="--"/>
      <inflClass_gen tag="--"/>
    </tok_anno>
  </token>
  <token id="t6" trans="vil" type="token">
    <tok_dipl id="t6_d1" trans="vil" utf="vil"/>
    <tok_anno ascii="vil" id="t6_m1" trans="vil" utf="vil">
      <norm tag="vile"/>
      <lemma tag="vil(e)"/>
      <lemma_gen tag="vil(e)"/>
      <lemma_idmwb tag="208917000"/>
      <pos tag="AVD"/>
      <pos_gen tag="AVD"/>
      <infl tag="--"/>
      <inflClass tag="--"/>
      <inflClass_gen tag="--"/>
    </tok_anno>
  </token>
  <token id="t7" trans="$ie" type="token">
    <tok_dipl id="t7_d1" trans="$ie" utf="ſie"/>
    <tok_anno ascii="sie" id="t7_m1" trans="$ie" utf="ſie">
      <norm tag="sîe"/>
      <lemma tag="sîn"/>
      <lemma_gen tag="sîn"/>
      <lemma_idmwb tag="150147000"/>
      <pos tag="VAFIN"/>
      <pos_gen tag="VA"/>
      <infl tag="Subj.Pres.Sg.3"/>
      <inflClass tag="irr"/>
      <inflClass_gen tag="irr"/>
    </tok_anno>
  </token>
  <token id="t8" trans="vnd_erzwi$hen" type="token">
    <tok_dipl id="t8_d1" trans="vnd_erzwi$hen" utf="vndᵉrzwiſhen"/>
    <tok_anno ascii="vnderzwishen" id="t8_m1" trans="vnd_erzwi$hen" utf="vndᵉrzwiſhen">
      <norm tag="underzwischen"/>
      <lemma tag="unter-zwischen"/>
      <lemma_gen tag="unter-zwischen"/>
      <lemma_idmwb tag="184890000"/>
      <pos tag="AVD"/>
      <pos_gen tag="AVD"/>
      <infl tag="--"/>
      <inflClass tag="--"/>
      <inflClass_gen tag="--"/>
    </tok_anno>
  </token>
  <token id="t9" trans="." type="punc">
    <tok_dipl id="t9_d1" trans="." utf="."/>
    <tok_anno ascii="." id="t9_m1" trans="." utf=".">
      <pos tag="$_"/>
      <pos_gen tag="$_"/>
    </tok_anno>
  </token>
  <token id="t10" trans="winnahten" type="token">
    <tok_dipl id="t10_d1" trans="winnahten" utf="winnahten"/>
    <tok_anno ascii="winnahten" id="t10_m1" trans="winnahten" utf="winnahten">
      <norm tag="wîhenahten"/>
      <lemma tag="wîhe-naht"/>
      <lemma_gen tag="wîhe-naht"/>
      <lemma_idmwb tag="229491000"/>
      <pos tag="NA"/>
      <pos_gen tag="NA"/>
      <infl tag="Dat.Pl"/>
      <inflClass tag="st(u).Fem"/>
      <inflClass_gen tag="st(u).Fem"/>
    </tok_anno>
  </token>
  <token id="t11" trans="vnde" type="token">
    <tok_dipl id="t11_d1" trans="vnde" utf="vnde"/>
    <tok_anno ascii="vnde" id="t11_m1" trans="vnde" utf="vnde">
      <norm tag="unde"/>
      <lemma tag="unte"/>
      <lemma_gen tag="unte"/>
      <lemma_idmwb tag="183108000"/>
      <pos tag="KON"/>
      <pos_gen tag="KO"/>
      <infl tag="--"/>
      <inflClass tag="--"/>
      <inflClass_gen tag="--"/>
    </tok_anno>
  </token>
  <token id="t12" trans="va$tv\^n,," type="token">
    <tok_dipl id="t12_d1" trans="va$tv\^n" utf="vaſtv̂n"/>
    <tok_anno ascii="vastvn" id="t12_m1" trans="va$tv\^n" utf="vaſtv̂n">
      <norm tag="vasten"/>
      <lemma tag="vaste"/>
      <lemma_gen tag="vaste"/>
      <lemma_idmwb tag="198549000"/>
      <pos tag="NA"/>
      <pos_gen tag="NA"/>
      <infl tag="Dat.Sg"/>
      <inflClass tag="st.Fem"/>
      <inflClass_gen tag="*.Fem"/>
      <punc tag="S*"/>
    </tok_anno>
  </token>
  <token id="t13" trans="." type="punc">
    <tok_dipl id="t13_d1" trans="." utf="."/>
    <tok_anno ascii="." id="t13_m1" trans="." utf=".">
      <pos tag="$_"/>
      <pos_gen tag="$_"/>
    </tok_anno>
  </token>
  <token id="t14" trans="$o||nim" type="token">
    <tok_dipl id="t14_d1" trans="$onim" utf="ſonim"/>
    <tok_anno ascii="so" id="t14_m1" trans="$o|" utf="ſo">
      <norm tag="sô"/>
      <token_type tag="MS1"/>
      <lemma tag="sô"/>
      <lemma_gen tag="sô"/>
      <lemma_idmwb tag="154164000"/>
      <pos tag="AVD"/>
      <pos_gen tag="AVD-KO"/>
      <infl tag="--"/>
      <inflClass tag="--"/>
      <inflClass_gen tag="--"/>
    </tok_anno>
    <tok_anno ascii="nim" id="t14_m2" trans="|nim" utf="nim">
      <norm tag="nim"/>
      <token_type tag="MS2"/>
      <lemma tag="nëmen"/>
      <lemma_gen tag="nëmen"/>
      <lemma_idmwb tag="120132000"/>
      <pos tag="VVIMP"/>
      <pos_gen tag="VV"/>
      <infl tag="Sg.2"/>
      <inflClass tag="st4"/>
      <inflClass_gen tag="st4"/>
    </tok_anno>
  </token>
  <token id="t15" trans="di$i" type="token">
    <tok_dipl id="t15_d1" trans="di$i" utf="diſi"/>
    <tok_anno ascii="disi" id="t15_m1" trans="di$i" utf="diſi">
      <norm tag="dise"/>
      <lemma tag="dise"/>
      <lemma_gen tag="dise"/>
      <lemma_idmwb tag="30921000"/>
      <pos tag="DDA"/>
      <pos_gen tag="DD"/>
      <infl tag="Fem.Akk.Sg"/>
      <inflClass tag="--"/>
      <inflClass_gen tag="--"/>
    </tok_anno>
  </token>
  <token id="t16" trans="zale(:)" type="token">
    <tok_dipl id="t16_d1" trans="zale" utf="zale"/>
    <tok_anno ascii="zale" id="t16_m1" trans="zale" utf="zale">
      <norm tag="zale"/>
      <lemma tag="zal(e)"/>
      <lemma_gen tag="zal(e)"/>
      <lemma_idmwb tag="235350000"/>
      <pos tag="NA"/>
      <pos_gen tag="NA"/>
      <infl tag="Akk.Sg"/>
      <inflClass tag="st.Fem"/>
      <inflClass_gen tag="*.Fem"/>
      <punc tag="DE"/>
    </tok_anno>
  </token>
  <token id="t17" trans="An||d_emi" type="token">
    <tok_dipl id="t17_d1" trans="And_emi" utf="Andᵉmi"/>
    <tok_anno ascii="An" id="t17_m1" trans="An|" utf="An">
      <norm tag="an"/>
      <token_type tag="MS1"/>
      <lemma tag="ane"/>
      <lemma_gen tag="ane"/>
      <lemma_idmwb tag="5691000"/>
      <pos tag="APPR"/>
      <pos_gen tag="AP"/>
      <infl tag="--"/>
      <inflClass tag="--"/>
      <inflClass_gen tag="--"/>
    </tok_anno>
    <tok_anno ascii="demi" id="t17_m2" trans="|d_emi" utf="dᵉmi">
      <norm tag="deme"/>
      <token_type tag="MS2"/>
      <lemma tag="dër"/>
      <lemma_gen tag="dër"/>
      <lemma_idmwb tag="29817000"/>
      <pos tag="DDART"/>
      <pos_gen tag="DD"/>
      <infl tag="Neut.Dat.Sg"/>
      <inflClass tag="--"/>
      <inflClass_gen tag="--"/>
    </tok_anno>
  </token>
  <token id="t18" trans="êr$tin" type="token">
    <tok_dipl id="t18_d1" trans="êr$tin" utf="êrſtin"/>
    <tok_anno ascii="erstin" id="t18_m1" trans="êr$tin" utf="êrſtin">
      <norm tag="êrsten"/>
      <lemma tag="êr(e)st"/>
      <lemma_gen tag="êr(e)st"/>
      <lemma_idmwb tag="41595000"/>
      <pos tag="ADJA"/>
      <pos_gen tag="ADJ"/>
      <infl tag="Sup.Neut.Dat.Sg.wk"/>
      <inflClass tag="--"/>
      <inflClass_gen tag="--"/>
    </tok_anno>
  </token>
  <token id="t19" trans="iâre" type="token">
    <tok_dipl id="t19_d1" trans="iâre" utf="iâre"/>
    <tok_anno ascii="iare" id="t19_m1" trans="iâre" utf="iâre">
      <norm tag="jâre"/>
      <lemma tag="jâr"/>
      <lemma_gen tag="jâr"/>
      <lemma_idmwb tag="85176000"/>
      <pos tag="NA"/>
      <pos_gen tag="NA"/>
      <infl tag="Dat.Sg"/>
      <inflClass tag="st.Neut"/>
      <inflClass_gen tag="st.Neut"/>
    </tok_anno>
  </token>
  <token id="t20" trans="." type="punc">
    <tok_dipl id="t20_d1" trans="." utf="."/>
    <tok_anno ascii="." id="t20_m1" trans="." utf=".">
      <pos tag="$_"/>
      <pos_gen tag="$_"/>
    </tok_anno>
  </token>
  <token id="t21" trans="$int" type="token">
    <tok_dipl id="t21_d1" trans="$int" utf="ſint"/>
    <tok_anno ascii="sint" id="t21_m1" trans="$int" utf="ſint">
      <norm tag="sint"/>
      <lemma tag="sîn"/>
      <lemma_gen tag="sîn"/>
      <lemma_idmwb tag="150147000"/>
      <pos tag="VAFIN"/>
      <pos_gen tag="VA"/>
      <infl tag="Ind.Pres.Pl.3"/>
      <inflClass tag="irr"/>
      <inflClass_gen tag="irr"/>
    </tok_anno>
  </token>
  <token id="t22" trans="nivn" type="token">
    <tok_dipl id="t22_d1" trans="nivn" utf="nivn"/>
    <tok_anno ascii="nivn" id="t22_m1" trans="nivn" utf="nivn">
      <norm tag="niun"/>
      <lemma tag="niun"/>
      <lemma_gen tag="niun"/>
      <lemma_idmwb tag="121707000"/>
      <pos tag="CARDA"/>
      <pos_gen tag="CARD"/>
      <infl tag="*.*.*.0"/>
      <inflClass tag="--"/>
      <inflClass_gen tag="--"/>
    </tok_anno>
  </token>
  <token id="t23" trans="wochin," type="token">
    <tok_dipl id="t23_d1" trans="wochin" utf="wochin"/>
    <tok_anno ascii="wochin" id="t23_m1" trans="wochin" utf="wochin">
      <norm tag="wochen"/>
      <lemma tag="woche"/>
      <lemma_gen tag="woche"/>
      <lemma_idmwb tag="232620000"/>
      <pos tag="NA"/>
      <pos_gen tag="NA"/>
      <infl tag="Nom.Pl"/>
      <inflClass tag="st.Fem"/>
      <inflClass_gen tag="*.Fem"/>
      <punc tag="N*"/>
    </tok_anno>
  </token>
  <token id="t24" trans="." type="punc">
    <tok_dipl id="t24_d1" trans="." utf="."/>
    <tok_anno ascii="." id="t24_m1" trans="." utf=".">
      <pos tag="$_"/>
      <pos_gen tag="$_"/>
    </tok_anno>
  </token>
  <token id="t25" trans="An||demi" type="token">
    <tok_dipl id="t25_d1" trans="Andemi" utf="Andemi"/>
    <tok_anno ascii="An" id="t25_m1" trans="An|" utf="An">
      <norm tag="an"/>
      <token_type tag="MS1"/>
      <lemma tag="ane"/>
      <lemma_gen tag="ane"/>
      <lemma_idmwb tag="5691000"/>
      <pos tag="APPR"/>
      <pos_gen tag="AP"/>
      <infl tag="--"/>
      <inflClass tag="--"/>
      <inflClass_gen tag="--"/>
    </tok_anno>
    <tok_anno ascii="demi" id="t25_m2" trans="|demi" utf="demi">
      <norm tag="deme"/>
      <token_type tag="MS2"/>
      <lemma tag="dër"/>
      <lemma_gen tag="dër"/>
      <lemma_idmwb tag="29817000"/>
      <pos tag="DDART"/>
      <pos_gen tag="DD"/>
      <infl tag="Neut.Dat.Sg"/>
      <inflClass tag="--"/>
      <inflClass_gen tag="--"/>
    </tok_anno>
  </token>
  <token id="t26" trans="and_ern" type="token">
    <tok_dipl id="t26_d1" trans="and_ern" utf="andᵉrn"/>
    <tok_anno ascii="andern" id="t26_m1" trans="and_ern" utf="andᵉrn">
      <norm tag="andern"/>
      <lemma tag="ander"/>
      <lemma_gen tag="ander"/>
      <lemma_idmwb tag="5580000"/>
      <pos tag="DIA"/>
      <pos_gen tag="DI"/>
      <infl tag="Neut.Dat.Sg.wk"/>
      <inflClass tag="--"/>
      <inflClass_gen tag="--"/>
    </tok_anno>
  </token>
  <token id="t27" trans="iâre" type="token">
    <tok_dipl id="t27_d1" trans="iâre" utf="iâre"/>
    <tok_anno ascii="iare" id="t27_m1" trans="iâre" utf="iâre">
      <norm tag="jâre"/>
      <lemma tag="jâr"/>
      <lemma_gen tag="jâr"/>
      <lemma_idmwb tag="85176000"/>
      <pos tag="NA"/>
      <pos_gen tag="NA"/>
      <infl tag="Dat.Sg"/>
      <inflClass tag="st.Neut"/>
      <inflClass_gen tag="st.Neut"/>
    </tok_anno>
  </token>
  <token id="t28" trans="$ibin" type="token">
    <tok_dipl id="t28_d1" trans="$ibin" utf="ſibin"/>
    <tok_anno ascii="sibin" id="t28_m1" trans="$ibin" utf="ſibin">
      <norm tag="siben"/>
      <lemma tag="siben"/>
      <lemma_gen tag="siben"/>
      <lemma_idmwb tag="149037000"/>
      <pos tag="CARDA"/>
      <pos_gen tag="CARD"/>
      <infl tag="*.*.*.0"/>
      <inflClass tag="--"/>
      <inflClass_gen tag="--"/>
    </tok_anno>
  </token>
  <token id="t29" trans="wo\vchin," type="token">
    <tok_dipl id="t29_d1" trans="wo\vchin" utf="woͮchin"/>
    <tok_anno ascii="wovchin" id="t29_m1" trans="wo\vchin" utf="woͮchin">
      <norm tag="wochen"/>
      <lemma tag="woche"/>
      <lemma_gen tag="woche"/>
      <lemma_idmwb tag="232620000"/>
      <pos tag="NA"/>
      <pos_gen tag="NA"/>
      <infl tag="Nom.Pl"/>
      <inflClass tag="st.Fem"/>
      <inflClass_gen tag="*.Fem"/>
      <punc tag="N*"/>
    </tok_anno>
  </token>
  <token id="t30" trans="An||d_eme" type="token">
    <tok_dipl id="t30_d1" trans="And_eme" utf="Andᵉme"/>
    <tok_anno ascii="An" id="t30_m1" trans="An|" utf="An">
      <norm tag="an"/>
      <token_type tag="MS1"/>
      <lemma tag="ane"/>
      <lemma_gen tag="ane"/>
      <lemma_idmwb tag="5691000"/>
      <pos tag="APPR"/>
      <pos_gen tag="AP"/>
      <infl tag="--"/>
      <inflClass tag="--"/>
      <inflClass_gen tag="--"/>
    </tok_anno>
    <tok_anno ascii="deme" id="t30_m2" trans="|d_eme" utf="dᵉme">
      <norm tag="deme"/>
      <token_type tag="MS2"/>
      <lemma tag="dër"/>
      <lemma_gen tag="dër"/>
      <lemma_idmwb tag="29823000"/>
      <pos tag="DDS"/>
      <pos_gen tag="DD"/>
      <infl tag="Neut.Dat.Sg"/>
      <inflClass tag="--"/>
      <inflClass_gen tag="--"/>
    </tok_anno>
  </token>
  <token id="t31" trans="drittin" type="token">
    <tok_dipl id="t31_d1" trans="drittin" utf="drittin"/>
    <tok_anno ascii="drittin" id="t31_m1" trans="drittin" utf="drittin">
      <norm tag="dritten"/>
      <lemma tag="dritt"/>
      <lemma_gen tag="dritt"/>
      <lemma_idmwb tag="32289000"/>
      <pos tag="ADJS"/>
      <pos_gen tag="ADJ"/>
      <infl tag="Sup.Neut.Dat.Sg.wk"/>
      <inflClass tag="--"/>
      <inflClass_gen tag="--"/>
    </tok_anno>
  </token>
  <token id="t32" trans="zehine," type="token">
    <tok_dipl id="t32_d1" trans="zehine" utf="zehine"/>
    <tok_anno ascii="zehine" id="t32_m1" trans="zehine" utf="zehine">
      <norm tag="zehene"/>
      <lemma tag="zëhen"/>
      <lemma_gen tag="zëhen"/>
      <lemma_idmwb tag="235863000"/>
      <pos tag="CARDS"/>
      <pos_gen tag="CARD"/>
      <infl tag="*.Nom.Pl.st"/>
      <inflClass tag="--"/>
      <inflClass_gen tag="--"/>
      <punc tag="N*"/>
    </tok_anno>
  </token>
  <token id="t33" trans="." type="punc">
    <tok_dipl id="t33_d1" trans="." utf="."/>
    <tok_anno ascii="." id="t33_m1" trans="." utf=".">
      <pos tag="$_"/>
      <pos_gen tag="$_"/>
    </tok_anno>
  </token>
  <token id="t34" trans="An||d_emi" type="token">
    <tok_dipl id="t34_d1" trans="And_emi" utf="Andᵉmi"/>
    <tok_anno ascii="An" id="t34_m1" trans="An|" utf="An">
      <norm tag="an"/>
      <token_type tag="MS1"/>
      <lemma tag="ane"/>
      <lemma_gen tag="ane"/>
      <lemma_idmwb tag="5691000"/>
      <pos tag="APPR"/>
      <pos_gen tag="AP"/>
      <infl tag="--"/>
      <inflClass tag="--"/>
      <inflClass_gen tag="--"/>
    </tok_anno>
    <tok_anno ascii="demi" id="t34_m2" trans="|d_emi" utf="dᵉmi">
      <norm tag="deme"/>
      <token_type tag="MS2"/>
      <lemma tag="dër"/>
      <lemma_gen tag="dër"/>
      <lemma_idmwb tag="29817000"/>
      <pos tag="DDART"/>
      <pos_gen tag="DD"/>
      <infl tag="Neut.Dat.Sg"/>
      <inflClass tag="--"/>
      <inflClass_gen tag="--"/>
    </tok_anno>
  </token>
  <token id="t35" trans="vierd_en" type="token">
    <tok_dipl id="t35_d1" trans="vierd_en" utf="vierdᵉn"/>
    <tok_anno ascii="vierden" id="t35_m1" trans="vierd_en" utf="vierdᵉn">
      <norm tag="vierden"/>
      <lemma tag="vièrd"/>
      <lemma_gen tag="vièrd"/>
      <lemma_idmwb tag="208410000"/>
      <pos tag="ADJA"/>
      <pos_gen tag="ADJ"/>
      <infl tag="Sup.Neut.Dat.Sg.wk"/>
      <inflClass tag="--"/>
      <inflClass_gen tag="--"/>
    </tok_anno>
  </token>
  <token id="t36" trans="iâre" type="token">
    <tok_dipl id="t36_d1" trans="iâre" utf="iâre"/>
    <tok_anno ascii="iare" id="t36_m1" trans="iâre" utf="iâre">
      <norm tag="jâre"/>
      <lemma tag="jâr"/>
      <lemma_gen tag="jâr"/>
      <lemma_idmwb tag="85176000"/>
      <pos tag="NA"/>
      <pos_gen tag="NA"/>
      <infl tag="Dat.Sg"/>
      <inflClass tag="st.Neut"/>
      <inflClass_gen tag="st.Neut"/>
    </tok_anno>
  </token>
  <token id="t37" trans="nivn" type="token">
    <tok_dipl id="t37_d1" trans="nivn" utf="nivn"/>
    <tok_anno ascii="nivn" id="t37_m1" trans="nivn" utf="nivn">
      <norm tag="niun"/>
      <lemma tag="niun"/>
      <lemma_gen tag="niun"/>
      <lemma_idmwb tag="121707000"/>
      <pos tag="CARDA"/>
      <pos_gen tag="CARD"/>
      <infl tag="*.*.*.0"/>
      <inflClass tag="--"/>
      <inflClass_gen tag="--"/>
    </tok_anno>
  </token>
  <token id="t38" trans="wochin," type="token">
    <tok_dipl id="t38_d1" trans="wochin" utf="wochin"/>
    <tok_anno ascii="wochin" id="t38_m1" trans="wochin" utf="wochin">
      <norm tag="wochen"/>
      <lemma tag="woche"/>
      <lemma_gen tag="woche"/>
      <lemma_idmwb tag="232620000"/>
      <pos tag="NA"/>
      <pos_gen tag="NA"/>
      <infl tag="Nom.Pl"/>
      <inflClass tag="st.Fem"/>
      <inflClass_gen tag="*.Fem"/>
      <punc tag="N*"/>
    </tok_anno>
  </token>
  <token id="t39" trans="." type="punc">
    <tok_dipl id="t39_d1" trans="." utf="."/>
    <tok_anno ascii="." id="t39_m1" trans="." utf=".">
      <pos tag="$_"/>
      <pos_gen tag="$_"/>
    </tok_anno>
  </token>
  <token id="t40" trans="An||d_emi" type="token">
    <tok_dipl id="t40_d1" trans="And_emi" utf="Andᵉmi"/>
    <tok_anno ascii="An" id="t40_m1" trans="An|" utf="An">
      <norm tag="an"/>
      <token_type tag="MS1"/>
      <lemma tag="ane"/>
      <lemma_gen tag="ane"/>
      <lemma_idmwb tag="5691000"/>
      <pos tag="APPR"/>
      <pos_gen tag="AP"/>
      <infl tag="--"/>
      <inflClass tag="--"/>
      <inflClass_gen tag="--"/>
    </tok_anno>
    <tok_anno ascii="demi" id="t40_m2" trans="|d_emi" utf="dᵉmi">
      <norm tag="deme"/>
      <token_type tag="MS2"/>
      <lemma tag="dër"/>
      <lemma_gen tag="dër"/>
      <lemma_idmwb tag="29817000"/>
      <pos tag="DDART"/>
      <pos_gen tag="DD"/>
      <infl tag="Neut.Dat.Sg"/>
      <inflClass tag="--"/>
      <inflClass_gen tag="--"/>
    </tok_anno>
  </token>
  <token id="t41" trans="fivnftin" type="token">
    <tok_dipl id="t41_d1" trans="fivnftin" utf="fivnftin"/>
    <tok_anno ascii="fivnftin" id="t41_m1" trans="fivnftin" utf="fivnftin">
      <norm tag="vünften"/>
      <lemma tag="vünft"/>
      <lemma_gen tag="vünft"/>
      <lemma_idmwb tag="217929000"/>
      <pos tag="ADJS"/>
      <pos_gen tag="ADJ"/>
      <infl tag="Sup.Neut.Dat.Sg.wk"/>
      <inflClass tag="--"/>
      <inflClass_gen tag="--"/>
    </tok_anno>
  </token>
  <token id="t42" trans="$eh$i," type="token">
    <tok_dipl id="t42_d1" trans="$eh$i" utf="ſehſi"/>
    <tok_anno ascii="sehsi" id="t42_m1" trans="$eh$i" utf="ſehſi">
      <norm tag="sehse"/>
      <lemma tag="sëhs"/>
      <lemma_gen tag="sëhs"/>
      <lemma_idmwb tag="147207000"/>
      <pos tag="CARDS"/>
      <pos_gen tag="CARD"/>
      <infl tag="*.Nom.Pl.st"/>
      <inflClass tag="--"/>
      <inflClass_gen tag="--"/>
      <punc tag="N*"/>
    </tok_anno>
  </token>
  <token id="t43" trans="." type="punc">
    <tok_dipl id="t43_d1" trans="." utf="."/>
    <tok_anno ascii="." id="t43_m1" trans="." utf=".">
      <pos tag="$_"/>
      <pos_gen tag="$_"/>
    </tok_anno>
  </token>
  <token id="t44" trans="An||d_emi" type="token">
    <tok_dipl id="t44_d1" trans="And_emi" utf="Andᵉmi"/>
    <tok_anno ascii="An" id="t44_m1" trans="An|" utf="An">
      <norm tag="an"/>
      <token_type tag="MS1"/>
      <lemma tag="ane"/>
      <lemma_gen tag="ane"/>
      <lemma_idmwb tag="5691000"/>
      <pos tag="APPR"/>
      <pos_gen tag="AP"/>
      <infl tag="--"/>
      <inflClass tag="--"/>
      <inflClass_gen tag="--"/>
    </tok_anno>
    <tok_anno ascii="demi" id="t44_m2" trans="|d_emi" utf="dᵉmi">
      <norm tag="deme"/>
      <token_type tag="MS2"/>
      <lemma tag="dër"/>
      <lemma_gen tag="dër"/>
      <lemma_idmwb tag="29817000"/>
      <pos tag="DDART"/>
      <pos_gen tag="DD"/>
      <infl tag="Neut.Dat.Sg"/>
      <inflClass tag="--"/>
      <inflClass_gen tag="--"/>
    </tok_anno>
  </token>
  <token id="t45" trans="$eh$tin" type="token">
    <tok_dipl id="t45_d1" trans="$eh$tin" utf="ſehſtin"/>
    <tok_anno ascii="sehstin" id="t45_m1" trans="$eh$tin" utf="ſehſtin">
      <norm tag="sehsten"/>
      <lemma tag="sëhst"/>
      <lemma_gen tag="sëhst"/>
      <lemma_idmwb tag="147237000"/>
      <pos tag="ADJS"/>
      <pos_gen tag="ADJ"/>
      <infl tag="Sup.Neut.Dat.Sg.wk"/>
      <inflClass tag="--"/>
      <inflClass_gen tag="--"/>
    </tok_anno>
  </token>
  <token id="t46" trans="nivne," type="token">
    <tok_dipl id="t46_d1" trans="nivne" utf="nivne"/>
    <tok_anno ascii="nivne" id="t46_m1" trans="nivne" utf="nivne">
      <norm tag="niune"/>
      <lemma tag="niun"/>
      <lemma_gen tag="niun"/>
      <lemma_idmwb tag="121707000"/>
      <pos tag="CARDS"/>
      <pos_gen tag="CARD"/>
      <infl tag="*.Nom.Pl.st"/>
      <inflClass tag="--"/>
      <inflClass_gen tag="--"/>
      <punc tag="N*"/>
    </tok_anno>
  </token>
  <token id="t47" trans="An||d_emi" type="token">
    <tok_dipl id="t47_d1" trans="And_emi" utf="Andᵉmi"/>
    <tok_anno ascii="An" id="t47_m1" trans="An|" utf="An">
      <norm tag="an"/>
      <token_type tag="MS1"/>
      <lemma tag="ane"/>
      <lemma_gen tag="ane"/>
      <lemma_idmwb tag="5691000"/>
      <pos tag="APPR"/>
      <pos_gen tag="AP"/>
      <infl tag="--"/>
      <inflClass tag="--"/>
      <inflClass_gen tag="--"/>
    </tok_anno>
    <tok_anno ascii="demi" id="t47_m2" trans="|d_emi" utf="dᵉmi">
      <norm tag="deme"/>
      <token_type tag="MS2"/>
      <lemma tag="dër"/>
      <lemma_gen tag="dër"/>
      <lemma_idmwb tag="29817000"/>
      <pos tag="DDART"/>
      <pos_gen tag="DD"/>
      <infl tag="Neut.Dat.Sg"/>
      <inflClass tag="--"/>
      <inflClass_gen tag="--"/>
    </tok_anno>
  </token>
  <token id="t48" trans="$ibindin" type="token">
    <tok_dipl id="t48_d1" trans="$ibindin" utf="ſibindin"/>
    <tok_anno ascii="sibindin" id="t48_m1" trans="$ibindin" utf="ſibindin">
      <norm tag="sibenden"/>
      <lemma tag="sibent"/>
      <lemma_gen tag="sibent"/>
      <lemma_idmwb tag="149052000"/>
      <pos tag="ADJS"/>
      <pos_gen tag="ADJ"/>
      <infl tag="Sup.Neut.Dat.Sg.wk"/>
      <inflClass tag="--"/>
      <inflClass_gen tag="--"/>
    </tok_anno>
  </token>
  <token id="t49" trans="ahto\vwe," type="token">
    <tok_dipl id="t49_d1" trans="ahto\vwe" utf="ahtoͮwe"/>
    <tok_anno ascii="ahtovwe" id="t49_m1" trans="ahto\vwe" utf="ahtoͮwe">
      <norm tag="ahtouwe"/>
      <lemma tag="ahte"/>
      <lemma_gen tag="ahte"/>
      <lemma_idmwb tag="3330000"/>
      <pos tag="CARDS"/>
      <pos_gen tag="CARD"/>
      <infl tag="*.Nom.Pl.st"/>
      <inflClass tag="--"/>
      <inflClass_gen tag="--"/>
      <punc tag="N*"/>
    </tok_anno>
  </token>
  <token id="t50" trans="An||d_emi" type="token">
    <tok_dipl id="t50_d1" trans="And_emi" utf="Andᵉmi"/>
    <tok_anno ascii="An" id="t50_m1" trans="An|" utf="An">
      <norm tag="an"/>
      <token_type tag="MS1"/>
      <lemma tag="ane"/>
      <lemma_gen tag="ane"/>
      <lemma_idmwb tag="5691000"/>
      <pos tag="APPR"/>
      <pos_gen tag="AP"/>
      <infl tag="--"/>
      <inflClass tag="--"/>
      <inflClass_gen tag="--"/>
    </tok_anno>
    <tok_anno ascii="demi" id="t50_m2" trans="|d_emi" utf="dᵉmi">
      <norm tag="deme"/>
      <token_type tag="MS2"/>
      <lemma tag="dër"/>
      <lemma_gen tag="dër"/>
      <lemma_idmwb tag="29817000"/>
      <pos tag="DDART"/>
      <pos_gen tag="DD"/>
      <infl tag="Neut.Dat.Sg"/>
      <inflClass tag="--"/>
      <inflClass_gen tag="--"/>
    </tok_anno>
  </token>
  <token id="t51" trans="ahtod_en" type="token">
    <tok_dipl id="t51_d1" trans="ahtod_en" utf="ahtodᵉn"/>
    <tok_anno ascii="ahtoden" id="t51_m1" trans="ahtod_en" utf="ahtodᵉn">
      <norm tag="ahtoden"/>
      <lemma tag="aht(od)"/>
      <lemma_gen tag="aht(od)"/>
      <lemma_idmwb tag="3438000"/>
      <pos tag="ADJA"/>
      <pos_gen tag="ADJ"/>
      <infl tag="Sup.Neut.Dat.Sg.wk"/>
      <inflClass tag="--"/>
      <inflClass_gen tag="--"/>
    </tok_anno>
  </token>
  <token id="t52" trans="iâre" type="token">
    <tok_dipl id="t52_d1" trans="iâre" utf="iâre"/>
    <tok_anno ascii="iare" id="t52_m1" trans="iâre" utf="iâre">
      <norm tag="jâre"/>
      <lemma tag="jâr"/>
      <lemma_gen tag="jâr"/>
      <lemma_idmwb tag="85176000"/>
      <pos tag="NA"/>
      <pos_gen tag="NA"/>
      <infl tag="Dat.Sg"/>
      <inflClass tag="st.Neut"/>
      <inflClass_gen tag="st.Neut"/>
    </tok_anno>
  </token>
  <token id="t53" trans="einlive," type="token">
    <tok_dipl id="t53_d1" trans="einlive" utf="einlive"/>
    <tok_anno ascii="einlive" id="t53_m1" trans="einlive" utf="einlive">
      <norm tag="einlive"/>
      <lemma tag="èi(n)-l(i)v"/>
      <lemma_gen tag="èi(n)-l(i)v"/>
      <lemma_idmwb tag="36177000"/>
      <pos tag="CARDS"/>
      <pos_gen tag="CARD"/>
      <infl tag="*.Nom.Pl.st"/>
      <inflClass tag="--"/>
      <inflClass_gen tag="--"/>
      <punc tag="N*"/>
    </tok_anno>
  </token>
  <token id="t54" trans="." type="punc">
    <tok_dipl id="t54_d1" trans="." utf="."/>
    <tok_anno ascii="." id="t54_m1" trans="." utf=".">
      <pos tag="$_"/>
      <pos_gen tag="$_"/>
    </tok_anno>
  </token>
  <token id="t55" trans="An||d_emi" type="token">
    <tok_dipl id="t55_d1" trans="And_emi" utf="Andᵉmi"/>
    <tok_anno ascii="An" id="t55_m1" trans="An|" utf="An">
      <norm tag="an"/>
      <token_type tag="MS1"/>
      <lemma tag="ane"/>
      <lemma_gen tag="ane"/>
      <lemma_idmwb tag="5691000"/>
      <pos tag="APPR"/>
      <pos_gen tag="AP"/>
      <infl tag="--"/>
      <inflClass tag="--"/>
      <inflClass_gen tag="--"/>
    </tok_anno>
    <tok_anno ascii="demi" id="t55_m2" trans="|d_emi" utf="dᵉmi">
      <norm tag="deme"/>
      <token_type tag="MS2"/>
      <lemma tag="dër"/>
      <lemma_gen tag="dër"/>
      <lemma_idmwb tag="29817000"/>
      <pos tag="DDART"/>
      <pos_gen tag="DD"/>
      <infl tag="Neut.Dat.Sg"/>
      <inflClass tag="--"/>
      <inflClass_gen tag="--"/>
    </tok_anno>
  </token>
  <token id="t56" trans="nivnd_en" type="token">
    <tok_dipl id="t56_d1" trans="nivnd_en" utf="nivndᵉn"/>
    <tok_anno ascii="nivnden" id="t56_m1" trans="nivnd_en" utf="nivndᵉn">
      <norm tag="niunden"/>
      <lemma tag="niunt"/>
      <lemma_gen tag="niunt"/>
      <lemma_idmwb tag="121710000"/>
      <pos tag="ADJA"/>
      <pos_gen tag="ADJ"/>
      <infl tag="Sup.Neut.Dat.Sg.wk"/>
      <inflClass tag="--"/>
      <inflClass_gen tag="--"/>
    </tok_anno>
  </token>
  <token id="t57" trans="iare" type="token">
    <tok_dipl id="t57_d1" trans="iare" utf="iare"/>
    <tok_anno ascii="iare" id="t57_m1" trans="iare" utf="iare">
      <norm tag="jâre"/>
      <lemma tag="jâr"/>
      <lemma_gen tag="jâr"/>
      <lemma_idmwb tag="85176000"/>
      <pos tag="NA"/>
      <pos_gen tag="NA"/>
      <infl tag="Dat.Sg"/>
      <inflClass tag="st.Neut"/>
      <inflClass_gen tag="st.Neut"/>
    </tok_anno>
  </token>
  <token id="t58" trans="nivn" type="token">
    <tok_dipl id="t58_d1" trans="nivn" utf="nivn"/>
    <tok_anno ascii="nivn" id="t58_m1" trans="nivn" utf="nivn">
      <norm tag="niun"/>
      <lemma tag="niun"/>
      <lemma_gen tag="niun"/>
      <lemma_idmwb tag="121707000"/>
      <pos tag="CARDA"/>
      <pos_gen tag="CARD"/>
      <infl tag="*.*.*.0"/>
      <inflClass tag="--"/>
      <inflClass_gen tag="--"/>
    </tok_anno>
  </token>
  <token id="t59" trans="wochin," type="token">
    <tok_dipl id="t59_d1" trans="wochin" utf="wochin"/>
    <tok_anno ascii="wochin" id="t59_m1" trans="wochin" utf="wochin">
      <norm tag="wochen"/>
      <lemma tag="woche"/>
      <lemma_gen tag="woche"/>
      <lemma_idmwb tag="232620000"/>
      <pos tag="NA"/>
      <pos_gen tag="NA"/>
      <infl tag="Nom.Pl"/>
      <inflClass tag="st.Fem"/>
      <inflClass_gen tag="*.Fem"/>
      <punc tag="N*"/>
    </tok_anno>
  </token>
  <token id="t60" trans="An||d_emi" type="token">
    <tok_dipl id="t60_d1" trans="And_emi" utf="Andᵉmi"/>
    <tok_anno ascii="An" id="t60_m1" trans="An|" utf="An">
      <norm tag="an"/>
      <token_type tag="MS1"/>
      <lemma tag="ane"/>
      <lemma_gen tag="ane"/>
      <lemma_idmwb tag="5691000"/>
      <pos tag="APPR"/>
      <pos_gen tag="AP"/>
      <infl tag="--"/>
      <inflClass tag="--"/>
      <inflClass_gen tag="--"/>
    </tok_anno>
    <tok_anno ascii="demi" id="t60_m2" trans="|d_emi" utf="dᵉmi">
      <norm tag="deme"/>
      <token_type tag="MS2"/>
      <lemma tag="dër"/>
      <lemma_gen tag="dër"/>
      <lemma_idmwb tag="29817000"/>
      <pos tag="DDART"/>
      <pos_gen tag="DD"/>
      <infl tag="Neut.Dat.Sg"/>
      <inflClass tag="--"/>
      <inflClass_gen tag="--"/>
    </tok_anno>
  </token>
  <token id="t61" trans="zehind_en" type="token">
    <tok_dipl id="t61_d1" trans="zehind_en" utf="zehindᵉn"/>
    <tok_anno ascii="zehinden" id="t61_m1" trans="zehind_en" utf="zehindᵉn">
      <norm tag="zehenden"/>
      <lemma tag="zëhent"/>
      <lemma_gen tag="zëhent"/>
      <lemma_idmwb tag="235869000"/>
      <pos tag="ADJA"/>
      <pos_gen tag="ADJ"/>
      <infl tag="Sup.Neut.Dat.Sg.wk"/>
      <inflClass tag="--"/>
      <inflClass_gen tag="--"/>
    </tok_anno>
  </token>
  <token id="t62" trans="iâre" type="token">
    <tok_dipl id="t62_d1" trans="iâre" utf="iâre"/>
    <tok_anno ascii="iare" id="t62_m1" trans="iâre" utf="iâre">
      <norm tag="jâre"/>
      <lemma tag="jâr"/>
      <lemma_gen tag="jâr"/>
      <lemma_idmwb tag="85176000"/>
      <pos tag="NA"/>
      <pos_gen tag="NA"/>
      <infl tag="Dat.Sg"/>
      <inflClass tag="st.Neut"/>
      <inflClass_gen tag="st.Neut"/>
    </tok_anno>
  </token>
  <token id="t63" trans="$ibin" type="token">
    <tok_dipl id="t63_d1" trans="$ibin" utf="ſibin"/>
    <tok_anno ascii="sibin" id="t63_m1" trans="$ibin" utf="ſibin">
      <norm tag="siben"/>
      <lemma tag="siben"/>
      <lemma_gen tag="siben"/>
      <lemma_idmwb tag="149037000"/>
      <pos tag="CARDA"/>
      <pos_gen tag="CARD"/>
      <infl tag="*.*.*.0"/>
      <inflClass tag="--"/>
      <inflClass_gen tag="--"/>
    </tok_anno>
  </token>
  <token id="t64" trans="wochin," type="token">
    <tok_dipl id="t64_d1" trans="wochin" utf="wochin"/>
    <tok_anno ascii="wochin" id="t64_m1" trans="wochin" utf="wochin">
      <norm tag="wochen"/>
      <lemma tag="woche"/>
      <lemma_gen tag="woche"/>
      <lemma_idmwb tag="232620000"/>
      <pos tag="NA"/>
      <pos_gen tag="NA"/>
      <infl tag="Nom.Pl"/>
      <inflClass tag="st.Fem"/>
      <inflClass_gen tag="*.Fem"/>
      <punc tag="N*"/>
    </tok_anno>
  </token>
  <token id="t65" trans="." type="punc">
    <tok_dipl id="t65_d1" trans="." utf="."/>
    <tok_anno ascii="." id="t65_m1" trans="." utf=".">
      <pos tag="$_"/>
      <pos_gen tag="$_"/>
    </tok_anno>
  </token>
  <token id="t66" trans="An||d_emi" type="token">
    <tok_dipl id="t66_d1" trans="And_emi" utf="Andᵉmi"/>
    <tok_anno ascii="An" id="t66_m1" trans="An|" utf="An">
      <norm tag="an"/>
      <token_type tag="MS1"/>
      <lemma tag="ane"/>
      <lemma_gen tag="ane"/>
      <lemma_idmwb tag="5691000"/>
      <pos tag="APPR"/>
      <pos_gen tag="AP"/>
      <infl tag="--"/>
      <inflClass tag="--"/>
      <inflClass_gen tag="--"/>
    </tok_anno>
    <tok_anno ascii="demi" id="t66_m2" trans="|d_emi" utf="dᵉmi">
      <norm tag="deme"/>
      <token_type tag="MS2"/>
      <lemma tag="dër"/>
      <lemma_gen tag="dër"/>
      <lemma_idmwb tag="29817000"/>
      <pos tag="DDART"/>
      <pos_gen tag="DD"/>
      <infl tag="Neut.Dat.Sg"/>
      <inflClass tag="--"/>
      <inflClass_gen tag="--"/>
    </tok_anno>
  </token>
  <token id="t67" trans="einliftin" type="token">
    <tok_dipl id="t67_d1" trans="einliftin" utf="einliftin"/>
    <tok_anno ascii="einliftin" id="t67_m1" trans="einliftin" utf="einliftin">
      <norm tag="einliften"/>
      <lemma tag="èi(n)-l(i)ft"/>
      <lemma_gen tag="èi(n)-l(i)ft"/>
      <lemma_idmwb tag="36183000"/>
      <pos tag="ADJA"/>
      <pos_gen tag="ADJ"/>
      <infl tag="Sup.Neut.Dat.Sg.wk"/>
      <inflClass tag="--"/>
      <inflClass_gen tag="--"/>
    </tok_anno>
  </token>
  <token id="t68" trans="iâre" type="token">
    <tok_dipl id="t68_d1" trans="iâre" utf="iâre"/>
    <tok_anno ascii="iare" id="t68_m1" trans="iâre" utf="iâre">
      <norm tag="jâre"/>
      <lemma tag="jâr"/>
      <lemma_gen tag="jâr"/>
      <lemma_idmwb tag="85176000"/>
      <pos tag="NA"/>
      <pos_gen tag="NA"/>
      <infl tag="Dat.Sg"/>
      <inflClass tag="st.Neut"/>
      <inflClass_gen tag="st.Neut"/>
    </tok_anno>
  </token>
  <token id="t69" trans="cehin" type="token">
    <tok_dipl id="t69_d1" trans="cehin" utf="cehin"/>
    <tok_anno ascii="cehin" id="t69_m1" trans="cehin" utf="cehin">
      <norm tag="zehen"/>
      <lemma tag="zëhen"/>
      <lemma_gen tag="zëhen"/>
      <lemma_idmwb tag="235863000"/>
      <pos tag="CARDA"/>
      <pos_gen tag="CARD"/>
      <infl tag="*.*.*.0"/>
      <inflClass tag="--"/>
      <inflClass_gen tag="--"/>
    </tok_anno>
  </token>
  <token id="t70" trans="wochin," type="token">
    <tok_dipl id="t70_d1" trans="wochin" utf="wochin"/>
    <tok_anno ascii="wochin" id="t70_m1" trans="wochin" utf="wochin">
      <norm tag="wochen"/>
      <lemma tag="woche"/>
      <lemma_gen tag="woche"/>
      <lemma_idmwb tag="232620000"/>
      <pos tag="NA"/>
      <pos_gen tag="NA"/>
      <infl tag="Nom.Pl"/>
      <inflClass tag="st.Fem"/>
      <inflClass_gen tag="*.Fem"/>
      <punc tag="N*"/>
    </tok_anno>
  </token>
  <token id="t71" trans="." type="punc">
    <tok_dipl id="t71_d1" trans="." utf="."/>
    <tok_anno ascii="." id="t71_m1" trans="." utf=".">
      <pos tag="$_"/>
      <pos_gen tag="$_"/>
    </tok_anno>
  </token>
  <token id="t72" trans="An||d_emi" type="token">
    <tok_dipl id="t72_d1" trans="And_emi" utf="Andᵉmi"/>
    <tok_anno ascii="An" id="t72_m1" trans="An|" utf="An">
      <norm tag="an"/>
      <token_type tag="MS1"/>
      <lemma tag="ane"/>
      <lemma_gen tag="ane"/>
      <lemma_idmwb tag="5691000"/>
      <pos tag="APPR"/>
      <pos_gen tag="AP"/>
      <infl tag="--"/>
      <inflClass tag="--"/>
      <inflClass_gen tag="--"/>
    </tok_anno>
    <tok_anno ascii="demi" id="t72_m2" trans="|d_emi" utf="dᵉmi">
      <norm tag="deme"/>
      <token_type tag="MS2"/>
      <lemma tag="dër"/>
      <lemma_gen tag="dër"/>
      <lemma_idmwb tag="29817000"/>
      <pos tag="DDART"/>
      <pos_gen tag="DD"/>
      <infl tag="Neut.Dat.Sg"/>
      <inflClass tag="--"/>
      <inflClass_gen tag="--"/>
    </tok_anno>
  </token>
  <token id="t73" trans="zwelftin" type="token">
    <tok_dipl id="t73_d1" trans="zwelftin" utf="zwelftin"/>
    <tok_anno ascii="zwelftin" id="t73_m1" trans="zwelftin" utf="zwelftin">
      <norm tag="zweliften"/>
      <lemma tag="zwèl(i)ft"/>
      <lemma_gen tag="zwèl(i)ft"/>
      <lemma_idmwb tag="242652000"/>
      <pos tag="ADJA"/>
      <pos_gen tag="ADJ"/>
      <infl tag="Sup.Neut.Dat.Sg.wk"/>
      <inflClass tag="--"/>
      <inflClass_gen tag="--"/>
    </tok_anno>
  </token>
  <token id="t74" trans="iâre" type="token">
    <tok_dipl id="t74_d1" trans="iâre" utf="iâre"/>
    <tok_anno ascii="iare" id="t74_m1" trans="iâre" utf="iâre">
      <norm tag="jâre"/>
      <lemma tag="jâr"/>
      <lemma_gen tag="jâr"/>
      <lemma_idmwb tag="85176000"/>
      <pos tag="NA"/>
      <pos_gen tag="NA"/>
      <infl tag="Dat.Sg"/>
      <inflClass tag="st.Neut"/>
      <inflClass_gen tag="st.Neut"/>
    </tok_anno>
  </token>
  <token id="t75" trans="ahte" type="token">
    <tok_dipl id="t75_d1" trans="ahte" utf="ahte"/>
    <tok_anno ascii="ahte" id="t75_m1" trans="ahte" utf="ahte">
      <norm tag="ahte"/>
      <lemma tag="ahte"/>
      <lemma_gen tag="ahte"/>
      <lemma_idmwb tag="3330000"/>
      <pos tag="CARDA"/>
      <pos_gen tag="CARD"/>
      <infl tag="*.*.*.0"/>
      <inflClass tag="--"/>
      <inflClass_gen tag="--"/>
    </tok_anno>
  </token>
  <token id="t76" trans="wochin," type="token">
    <tok_dipl id="t76_d1" trans="wochin" utf="wochin"/>
    <tok_anno ascii="wochin" id="t76_m1" trans="wochin" utf="wochin">
      <norm tag="wochen"/>
      <lemma tag="woche"/>
      <lemma_gen tag="woche"/>
      <lemma_idmwb tag="232620000"/>
      <pos tag="NA"/>
      <pos_gen tag="NA"/>
      <infl tag="Nom.Pl"/>
      <inflClass tag="st.Fem"/>
      <inflClass_gen tag="*.Fem"/>
      <punc tag="N*"/>
    </tok_anno>
  </token>
  <token id="t77" trans="." type="punc">
    <tok_dipl id="t77_d1" trans="." utf="."/>
    <tok_anno ascii="." id="t77_m1" trans="." utf=".">
      <pos tag="$_"/>
      <pos_gen tag="$_"/>
    </tok_anno>
  </token>
  <token id="t78" trans="An||d_emi" type="token">
    <tok_dipl id="t78_d1" trans="And_emi" utf="Andᵉmi"/>
    <tok_anno ascii="An" id="t78_m1" trans="An|" utf="An">
      <norm tag="an"/>
      <token_type tag="MS1"/>
      <lemma tag="ane"/>
      <lemma_gen tag="ane"/>
      <lemma_idmwb tag="5691000"/>
      <pos tag="APPR"/>
      <pos_gen tag="AP"/>
      <infl tag="--"/>
      <inflClass tag="--"/>
      <inflClass_gen tag="--"/>
    </tok_anno>
    <tok_anno ascii="demi" id="t78_m2" trans="|d_emi" utf="dᵉmi">
      <norm tag="deme"/>
      <token_type tag="MS2"/>
      <lemma tag="dër"/>
      <lemma_gen tag="dër"/>
      <lemma_idmwb tag="29817000"/>
      <pos tag="DDART"/>
      <pos_gen tag="DD"/>
      <infl tag="Neut.Dat.Sg"/>
      <inflClass tag="--"/>
      <inflClass_gen tag="--"/>
    </tok_anno>
  </token>
  <token id="t79" trans="dricehind_en" type="token">
    <tok_dipl id="t79_d1" trans="dricehind_en" utf="dricehindᵉn"/>
    <tok_anno ascii="dricehinden" id="t79_m1" trans="dricehind_en" utf="dricehindᵉn">
      <norm tag="drîzehenden"/>
      <lemma tag="drî-zëhent"/>
      <lemma_gen tag="drî-zëhent"/>
      <lemma_idmwb tag="32403000"/>
      <pos tag="ADJA"/>
      <pos_gen tag="ADJ"/>
      <infl tag="Sup.Neut.Dat.Sg.wk"/>
      <inflClass tag="--"/>
      <inflClass_gen tag="--"/>
    </tok_anno>
  </token>
  <token id="t80" trans="iâre" type="token">
    <tok_dipl id="t80_d1" trans="iâre" utf="iâre"/>
    <tok_anno ascii="iare" id="t80_m1" trans="iâre" utf="iâre">
      <norm tag="jâre"/>
      <lemma tag="jâr"/>
      <lemma_gen tag="jâr"/>
      <lemma_idmwb tag="85176000"/>
      <pos tag="NA"/>
      <pos_gen tag="NA"/>
      <infl tag="Dat.Sg"/>
      <inflClass tag="st.Neut"/>
      <inflClass_gen tag="st.Neut"/>
    </tok_anno>
  </token>
  <token id="t81" trans="$ibine," type="token">
    <tok_dipl id="t81_d1" trans="$ibine" utf="ſibine"/>
    <tok_anno ascii="sibine" id="t81_m1" trans="$ibine" utf="ſibine">
      <norm tag="sibene"/>
      <lemma tag="siben"/>
      <lemma_gen tag="siben"/>
      <lemma_idmwb tag="149037000"/>
      <pos tag="CARDS"/>
      <pos_gen tag="CARD"/>
      <infl tag="*.Nom.Pl.st"/>
      <inflClass tag="--"/>
      <inflClass_gen tag="--"/>
      <punc tag="N*"/>
    </tok_anno>
  </token>
  <token id="t82" trans="." type="punc">
    <tok_dipl id="t82_d1" trans="." utf="."/>
    <tok_anno ascii="." id="t82_m1" trans="." utf=".">
      <pos tag="$_"/>
      <pos_gen tag="$_"/>
    </tok_anno>
  </token>
  <token id="t83" trans="An||d_emi" type="token">
    <tok_dipl id="t83_d1" trans="And_emi" utf="Andᵉmi"/>
    <tok_anno ascii="An" id="t83_m1" trans="An|" utf="An">
      <norm tag="an"/>
      <token_type tag="MS1"/>
      <lemma tag="ane"/>
      <lemma_gen tag="ane"/>
      <lemma_idmwb tag="5691000"/>
      <pos tag="APPR"/>
      <pos_gen tag="AP"/>
      <infl tag="--"/>
      <inflClass tag="--"/>
      <inflClass_gen tag="--"/>
    </tok_anno>
    <tok_anno ascii="demi" id="t83_m2" trans="|d_emi" utf="dᵉmi">
      <norm tag="deme"/>
      <token_type tag="MS2"/>
      <lemma tag="dër"/>
      <lemma_gen tag="dër"/>
      <lemma_idmwb tag="29817000"/>
      <pos tag="DDART"/>
      <pos_gen tag="DD"/>
      <infl tag="Neut.Dat.Sg"/>
      <inflClass tag="--"/>
      <inflClass_gen tag="--"/>
    </tok_anno>
  </token>
  <token id="t84" trans="viercehind_en" type="token">
    <tok_dipl id="t84_d1" trans="viercehind_en" utf="viercehindᵉn"/>
    <tok_anno ascii="viercehinden" id="t84_m1" trans="viercehind_en" utf="viercehindᵉn">
      <norm tag="vierzehenden"/>
      <lemma tag="vièr-zëhent"/>
      <lemma_gen tag="vièr-zëhent"/>
      <lemma_idmwb tag="208692000"/>
      <pos tag="ADJA"/>
      <pos_gen tag="ADJ"/>
      <infl tag="Sup.Neut.Dat.Sg.wk"/>
      <inflClass tag="--"/>
      <inflClass_gen tag="--"/>
    </tok_anno>
  </token>
  <token id="t85" trans="iâre" type="token">
    <tok_dipl id="t85_d1" trans="iâre" utf="iâre"/>
    <tok_anno ascii="iare" id="t85_m1" trans="iâre" utf="iâre">
      <norm tag="jâre"/>
      <lemma tag="jâr"/>
      <lemma_gen tag="jâr"/>
      <lemma_idmwb tag="85176000"/>
      <pos tag="NA"/>
      <pos_gen tag="NA"/>
      <infl tag="Dat.Sg"/>
      <inflClass tag="st.Neut"/>
      <inflClass_gen tag="st.Neut"/>
    </tok_anno>
  </token>
  <token id="t86" trans="cehin" type="token">
    <tok_dipl id="t86_d1" trans="cehin" utf="cehin"/>
    <tok_anno ascii="cehin" id="t86_m1" trans="cehin" utf="cehin">
      <norm tag="zehen"/>
      <lemma tag="zëhen"/>
      <lemma_gen tag="zëhen"/>
      <lemma_idmwb tag="235863000"/>
      <pos tag="CARDA"/>
      <pos_gen tag="CARD"/>
      <infl tag="*.*.*.0"/>
      <inflClass tag="--"/>
      <inflClass_gen tag="--"/>
    </tok_anno>
  </token>
  <token id="t87" trans="wo\vchin," type="token">
    <tok_dipl id="t87_d1" trans="wo\vchin" utf="woͮchin"/>
    <tok_anno ascii="wovchin" id="t87_m1" trans="wo\vchin" utf="woͮchin">
      <norm tag="wochen"/>
      <lemma tag="woche"/>
      <lemma_gen tag="woche"/>
      <lemma_idmwb tag="232620000"/>
      <pos tag="NA"/>
      <pos_gen tag="NA"/>
      <infl tag="Nom.Pl"/>
      <inflClass tag="st.Fem"/>
      <inflClass_gen tag="*.Fem"/>
      <punc tag="N*"/>
    </tok_anno>
  </token>
  <token id="t88" trans="." type="punc">
    <tok_dipl id="t88_d1" trans="." utf="."/>
    <tok_anno ascii="." id="t88_m1" trans="." utf=".">
      <pos tag="$_"/>
      <pos_gen tag="$_"/>
    </tok_anno>
  </token>
  <token id="t89" trans="An" type="token">
    <tok_dipl id="t89_d1" trans="An" utf="An"/>
    <tok_anno ascii="An" id="t89_m1" trans="An" utf="An">
      <norm tag="an"/>
      <lemma tag="ane"/>
      <lemma_gen tag="ane"/>
      <lemma_idmwb tag="5691000"/>
      <pos tag="APPR"/>
      <pos_gen tag="AP"/>
      <infl tag="--"/>
      <inflClass tag="--"/>
      <inflClass_gen tag="--"/>
    </tok_anno>
  </token>
  <token id="t90" trans="demi" type="token">
    <tok_dipl id="t90_d1" trans="demi" utf="demi"/>
    <tok_anno ascii="demi" id="t90_m1" trans="demi" utf="demi">
      <norm tag="deme"/>
      <lemma tag="dër"/>
      <lemma_gen tag="dër"/>
      <lemma_idmwb tag="29817000"/>
      <pos tag="DDART"/>
      <pos_gen tag="DD"/>
      <infl tag="Neut.Dat.Sg"/>
      <inflClass tag="--"/>
      <inflClass_gen tag="--"/>
    </tok_anno>
  </token>
  <token id="t91" trans="fivnfcehend_en" type="token">
    <tok_dipl id="t91_d1" trans="fivnfcehend_en" utf="fivnfcehendᵉn"/>
    <tok_anno ascii="fivnfcehenden" id="t91_m1" trans="fivnfcehend_en" utf="fivnfcehendᵉn">
      <norm tag="vünvzehenden"/>
      <lemma tag="vünv-zëhent"/>
      <lemma_gen tag="vünv-zëhent"/>
      <lemma_idmwb tag="217989000"/>
      <pos tag="ADJA"/>
      <pos_gen tag="ADJ"/>
      <infl tag="Sup.Neut.Dat.Sg.wk"/>
      <inflClass tag="--"/>
      <inflClass_gen tag="--"/>
    </tok_anno>
  </token>
  <token id="t92" trans="iâre" type="token">
    <tok_dipl id="t92_d1" trans="iâre" utf="iâre"/>
    <tok_anno ascii="iare" id="t92_m1" trans="iâre" utf="iâre">
      <norm tag="jâre"/>
      <lemma tag="jâr"/>
      <lemma_gen tag="jâr"/>
      <lemma_idmwb tag="85176000"/>
      <pos tag="NA"/>
      <pos_gen tag="NA"/>
      <infl tag="Dat.Sg"/>
      <inflClass tag="st.Neut"/>
      <inflClass_gen tag="st.Neut"/>
    </tok_anno>
  </token>
  <token id="t93" trans="ahto\vwe," type="token">
    <tok_dipl id="t93_d1" trans="ahto\vwe" utf="ahtoͮwe"/>
    <tok_anno ascii="ahtovwe" id="t93_m1" trans="ahto\vwe" utf="ahtoͮwe">
      <norm tag="ahtouwe"/>
      <lemma tag="ahte"/>
      <lemma_gen tag="ahte"/>
      <lemma_idmwb tag="3330000"/>
      <pos tag="CARDS"/>
      <pos_gen tag="CARD"/>
      <infl tag="*.Nom.Pl.st"/>
      <inflClass tag="--"/>
      <inflClass_gen tag="--"/>
      <punc tag="N*"/>
    </tok_anno>
  </token>
  <token id="t94" trans="." type="punc">
    <tok_dipl id="t94_d1" trans="." utf="."/>
    <tok_anno ascii="." id="t94_m1" trans="." utf=".">
      <pos tag="$_"/>
      <pos_gen tag="$_"/>
    </tok_anno>
  </token>
  <token id="t95" trans="An||d_emi" type="token">
    <tok_dipl id="t95_d1" trans="And_emi" utf="Andᵉmi"/>
    <tok_anno ascii="An" id="t95_m1" trans="An|" utf="An">
      <norm tag="an"/>
      <token_type tag="MS1"/>
      <lemma tag="ane"/>
      <lemma_gen tag="ane"/>
      <lemma_idmwb tag="5691000"/>
      <pos tag="APPR"/>
      <pos_gen tag="AP"/>
      <infl tag="--"/>
      <inflClass tag="--"/>
      <inflClass_gen tag="--"/>
    </tok_anno>
    <tok_anno ascii="demi" id="t95_m2" trans="|d_emi" utf="dᵉmi">
      <norm tag="deme"/>
      <token_type tag="MS2"/>
      <lemma tag="dër"/>
      <lemma_gen tag="dër"/>
      <lemma_idmwb tag="29817000"/>
      <pos tag="DDART"/>
      <pos_gen tag="DD"/>
      <infl tag="Neut.Dat.Sg"/>
      <inflClass tag="--"/>
      <inflClass_gen tag="--"/>
    </tok_anno>
  </token>
  <token id="t96" trans="$ehcehind_en" type="token">
    <tok_dipl id="t96_d1" trans="$ehcehind_en" utf="ſehcehindᵉn"/>
    <tok_anno ascii="sehcehinden" id="t96_m1" trans="$ehcehind_en" utf="ſehcehindᵉn">
      <norm tag="sechzehenden"/>
      <lemma tag="sëh-zëhent"/>
      <lemma_gen tag="sëh-zëhent"/>
      <lemma_idmwb tag="147294000"/>
      <pos tag="ADJA"/>
      <pos_gen tag="ADJ"/>
      <infl tag="Sup.Neut.Dat.Sg.wk"/>
      <inflClass tag="--"/>
      <inflClass_gen tag="--"/>
    </tok_anno>
  </token>
  <token id="t97" trans="iâre" type="token">
    <tok_dipl id="t97_d1" trans="iâre" utf="iâre"/>
    <tok_anno ascii="iare" id="t97_m1" trans="iâre" utf="iâre">
      <norm tag="jâre"/>
      <lemma tag="jâr"/>
      <lemma_gen tag="jâr"/>
      <lemma_idmwb tag="85176000"/>
      <pos tag="NA"/>
      <pos_gen tag="NA"/>
      <infl tag="Dat.Sg"/>
      <inflClass tag="st.Neut"/>
      <inflClass_gen tag="st.Neut"/>
    </tok_anno>
  </token>
  <token id="t98" trans="$ibine," type="token">
    <tok_dipl id="t98_d1" trans="$ibine" utf="ſibine"/>
    <tok_anno ascii="sibine" id="t98_m1" trans="$ibine" utf="ſibine">
      <norm tag="sibene"/>
      <lemma tag="siben"/>
      <lemma_gen tag="siben"/>
      <lemma_idmwb tag="149037000"/>
      <pos tag="CARDS"/>
      <pos_gen tag="CARD"/>
      <infl tag="*.Nom.Pl.st"/>
      <inflClass tag="--"/>
      <inflClass_gen tag="--"/>
      <punc tag="N*"/>
    </tok_anno>
  </token>
  <token id="t99" trans="." type="punc">
    <tok_dipl id="t99_d1" trans="." utf="."/>
    <tok_anno ascii="." id="t99_m1" trans="." utf=".">
      <pos tag="$_"/>
      <pos_gen tag="$_"/>
    </tok_anno>
  </token>
  <token id="t100" trans="An||d_emi" type="token">
    <tok_dipl id="t100_d1" trans="And_emi" utf="Andᵉmi"/>
    <tok_anno ascii="An" id="t100_m1" trans="An|" utf="An">
      <norm tag="an"/>
      <token_type tag="MS1"/>
      <lemma tag="ane"/>
      <lemma_gen tag="ane"/>
      <lemma_idmwb tag="5691000"/>
      <pos tag="APPR"/>
      <pos_gen tag="AP"/>
      <infl tag="--"/>
      <inflClass tag="--"/>
      <inflClass_gen tag="--"/>
    </tok_anno>
    <tok_anno ascii="demi" id="t100_m2" trans="|d_emi" utf="dᵉmi">
      <norm tag="deme"/>
      <token_type tag="MS2"/>
      <lemma tag="dër"/>
      <lemma_gen tag="dër"/>
      <lemma_idmwb tag="29817000"/>
      <pos tag="DDART"/>
      <pos_gen tag="DD"/>
      <infl tag="Neut.Dat.Sg"/>
      <inflClass tag="--"/>
      <inflClass_gen tag="--"/>
    </tok_anno>
  </token>
  <token id="t101" trans="$ibincehind_en" type="token">
    <tok_dipl id="t101_d1" trans="$ibincehind_en" utf="ſibincehindᵉn"/>
    <tok_anno ascii="sibincehinden" id="t101_m1" trans="$ibincehind_en" utf="ſibincehindᵉn">
      <norm tag="sibenzehenden"/>
      <lemma tag="siben-zëhent"/>
      <lemma_gen tag="siben-zëhent"/>
      <lemma_idmwb tag="149172000"/>
      <pos tag="ADJA"/>
      <pos_gen tag="ADJ"/>
      <infl tag="Sup.Neut.Dat.Sg.wk"/>
      <inflClass tag="--"/>
      <inflClass_gen tag="--"/>
    </tok_anno>
  </token>
  <token id="t102" trans="iâre" type="token">
    <tok_dipl id="t102_d1" trans="iâre" utf="iâre"/>
    <tok_anno ascii="iare" id="t102_m1" trans="iâre" utf="iâre">
      <norm tag="jâre"/>
      <lemma tag="jâr"/>
      <lemma_gen tag="jâr"/>
      <lemma_idmwb tag="85176000"/>
      <pos tag="NA"/>
      <pos_gen tag="NA"/>
      <infl tag="Dat.Sg"/>
      <inflClass tag="st.Neut"/>
      <inflClass_gen tag="st.Neut"/>
    </tok_anno>
  </token>
  <token id="t103" trans="nivn" type="token">
    <tok_dipl id="t103_d1" trans="nivn" utf="nivn"/>
    <tok_anno ascii="nivn" id="t103_m1" trans="nivn" utf="nivn">
      <norm tag="niun"/>
      <lemma tag="niun"/>
      <lemma_gen tag="niun"/>
      <lemma_idmwb tag="121707000"/>
      <pos tag="CARDA"/>
      <pos_gen tag="CARD"/>
      <infl tag="*.*.*.0"/>
      <inflClass tag="--"/>
      <inflClass_gen tag="--"/>
    </tok_anno>
  </token>
  <token id="t104" trans="wochin," type="token">
    <tok_dipl id="t104_d1" trans="wochin" utf="wochin"/>
    <tok_anno ascii="wochin" id="t104_m1" trans="wochin" utf="wochin">
      <norm tag="wochen"/>
      <lemma tag="woche"/>
      <lemma_gen tag="woche"/>
      <lemma_idmwb tag="232620000"/>
      <pos tag="NA"/>
      <pos_gen tag="NA"/>
      <infl tag="Nom.Pl"/>
      <inflClass tag="st.Fem"/>
      <inflClass_gen tag="*.Fem"/>
      <punc tag="N*"/>
    </tok_anno>
  </token>
  <token id="t105" trans="." type="punc">
    <tok_dipl id="t105_d1" trans="." utf="."/>
    <tok_anno ascii="." id="t105_m1" trans="." utf=".">
      <pos tag="$_"/>
      <pos_gen tag="$_"/>
    </tok_anno>
  </token>
  <token id="t106" trans="An||d_emi" type="token">
    <tok_dipl id="t106_d1" trans="And_emi" utf="Andᵉmi"/>
    <tok_anno ascii="An" id="t106_m1" trans="An|" utf="An">
      <norm tag="an"/>
      <token_type tag="MS1"/>
      <lemma tag="ane"/>
      <lemma_gen tag="ane"/>
      <lemma_idmwb tag="5691000"/>
      <pos tag="APPR"/>
      <pos_gen tag="AP"/>
      <infl tag="--"/>
      <inflClass tag="--"/>
      <inflClass_gen tag="--"/>
    </tok_anno>
    <tok_anno ascii="demi" id="t106_m2" trans="|d_emi" utf="dᵉmi">
      <norm tag="deme"/>
      <token_type tag="MS2"/>
      <lemma tag="dër"/>
      <lemma_gen tag="dër"/>
      <lemma_idmwb tag="29817000"/>
      <pos tag="DDART"/>
      <pos_gen tag="DD"/>
      <infl tag="Neut.Dat.Sg"/>
      <inflClass tag="--"/>
      <inflClass_gen tag="--"/>
    </tok_anno>
  </token>
  <token id="t107" trans="ahtcehind_en" type="token">
    <tok_dipl id="t107_d1" trans="ahtcehind_en" utf="ahtcehindᵉn"/>
    <tok_anno ascii="ahtcehinden" id="t107_m1" trans="ahtcehind_en" utf="ahtcehindᵉn">
      <norm tag="ahtzehenden"/>
      <lemma tag="aht-zëhent"/>
      <lemma_gen tag="aht-zëhent"/>
      <lemma_idmwb tag="3483000"/>
      <pos tag="ADJA"/>
      <pos_gen tag="ADJ"/>
      <infl tag="Sup.Neut.Dat.Sg.wk"/>
      <inflClass tag="--"/>
      <inflClass_gen tag="--"/>
    </tok_anno>
  </token>
  <token id="t108" trans="iâre" type="token">
    <tok_dipl id="t108_d1" trans="iâre" utf="iâre"/>
    <tok_anno ascii="iare" id="t108_m1" trans="iâre" utf="iâre">
      <norm tag="jâre"/>
      <lemma tag="jâr"/>
      <lemma_gen tag="jâr"/>
      <lemma_idmwb tag="85176000"/>
      <pos tag="NA"/>
      <pos_gen tag="NA"/>
      <infl tag="Dat.Sg"/>
      <inflClass tag="st.Neut"/>
      <inflClass_gen tag="st.Neut"/>
    </tok_anno>
  </token>
  <token id="t109" trans="ahte" type="token">
    <tok_dipl id="t109_d1" trans="ahte" utf="ahte"/>
    <tok_anno ascii="ahte" id="t109_m1" trans="ahte" utf="ahte">
      <norm tag="ahte"/>
      <lemma tag="ahte"/>
      <lemma_gen tag="ahte"/>
      <lemma_idmwb tag="3330000"/>
      <pos tag="CARDA"/>
      <pos_gen tag="CARD"/>
      <infl tag="*.*.*.0"/>
      <inflClass tag="--"/>
      <inflClass_gen tag="--"/>
    </tok_anno>
  </token>
  <token id="t110" trans="wochin," type="token">
    <tok_dipl id="t110_d1" trans="wochin" utf="wochin"/>
    <tok_anno ascii="wochin" id="t110_m1" trans="wochin" utf="wochin">
      <norm tag="wochen"/>
      <lemma tag="woche"/>
      <lemma_gen tag="woche"/>
      <lemma_idmwb tag="232620000"/>
      <pos tag="NA"/>
      <pos_gen tag="NA"/>
      <infl tag="Nom.Pl"/>
      <inflClass tag="st.Fem"/>
      <inflClass_gen tag="*.Fem"/>
      <punc tag="N*"/>
    </tok_anno>
  </token>
  <token id="t111" trans="." type="punc">
    <tok_dipl id="t111_d1" trans="." utf="."/>
    <tok_anno ascii="." id="t111_m1" trans="." utf=".">
      <pos tag="$_"/>
      <pos_gen tag="$_"/>
    </tok_anno>
  </token>
  <token id="t112" trans="An||d_emi" type="token">
    <tok_dipl id="t112_d1" trans="And_emi" utf="Andᵉmi"/>
    <tok_anno ascii="An" id="t112_m1" trans="An|" utf="An">
      <norm tag="an"/>
      <token_type tag="MS1"/>
      <lemma tag="ane"/>
      <lemma_gen tag="ane"/>
      <lemma_idmwb tag="5691000"/>
      <pos tag="APPR"/>
      <pos_gen tag="AP"/>
      <infl tag="--"/>
      <inflClass tag="--"/>
      <inflClass_gen tag="--"/>
    </tok_anno>
    <tok_anno ascii="demi" id="t112_m2" trans="|d_emi" utf="dᵉmi">
      <norm tag="deme"/>
      <token_type tag="MS2"/>
      <lemma tag="dër"/>
      <lemma_gen tag="dër"/>
      <lemma_idmwb tag="29817000"/>
      <pos tag="DDART"/>
      <pos_gen tag="DD"/>
      <infl tag="Neut.Dat.Sg"/>
      <inflClass tag="--"/>
      <inflClass_gen tag="--"/>
    </tok_anno>
  </token>
  <token id="t113" trans="nivncehind_en" type="token">
    <tok_dipl id="t113_d1" trans="nivncehind_en" utf="nivncehindᵉn"/>
    <tok_anno ascii="nivncehinden" id="t113_m1" trans="nivncehind_en" utf="nivncehindᵉn">
      <norm tag="niunzehenden"/>
      <lemma tag="niun-zëhent"/>
      <lemma_gen tag="niun-zëhent"/>
      <lemma_idmwb tag="121788000"/>
      <pos tag="ADJA"/>
      <pos_gen tag="ADJ"/>
      <infl tag="Sup.Neut.Dat.Sg.wk"/>
      <inflClass tag="--"/>
      <inflClass_gen tag="--"/>
    </tok_anno>
  </token>
  <token id="t114" trans="iâre" type="token">
    <tok_dipl id="t114_d1" trans="iâre" utf="iâre"/>
    <tok_anno ascii="iare" id="t114_m1" trans="iâre" utf="iâre">
      <norm tag="jâre"/>
      <lemma tag="jâr"/>
      <lemma_gen tag="jâr"/>
      <lemma_idmwb tag="85176000"/>
      <pos tag="NA"/>
      <pos_gen tag="NA"/>
      <infl tag="Dat.Sg"/>
      <inflClass tag="st.Neut"/>
      <inflClass_gen tag="st.Neut"/>
    </tok_anno>
  </token>
  <token id="t115" trans="ahte" type="token">
    <tok_dipl id="t115_d1" trans="ahte" utf="ahte"/>
    <tok_anno ascii="ahte" id="t115_m1" trans="ahte" utf="ahte">
      <norm tag="ahte"/>
      <lemma tag="ahte"/>
      <lemma_gen tag="ahte"/>
      <lemma_idmwb tag="3330000"/>
      <pos tag="CARDA"/>
      <pos_gen tag="CARD"/>
      <infl tag="*.*.*.0"/>
      <inflClass tag="--"/>
      <inflClass_gen tag="--"/>
    </tok_anno>
  </token>
  <token id="t116" trans="wochin," type="token">
    <tok_dipl id="t116_d1" trans="wochin" utf="wochin"/>
    <tok_anno ascii="wochin" id="t116_m1" trans="wochin" utf="wochin">
      <norm tag="wochen"/>
      <lemma tag="woche"/>
      <lemma_gen tag="woche"/>
      <lemma_idmwb tag="232620000"/>
      <pos tag="NA"/>
      <pos_gen tag="NA"/>
      <infl tag="Nom.Pl"/>
      <inflClass tag="st.Fem"/>
      <inflClass_gen tag="*.Fem"/>
      <punc tag="N*"/>
    </tok_anno>
  </token>
  <token id="t117" trans="." type="punc">
    <tok_dipl id="t117_d1" trans="." utf="."/>
    <tok_anno ascii="." id="t117_m1" trans="." utf=".">
      <pos tag="$_"/>
      <pos_gen tag="$_"/>
    </tok_anno>
  </token>
  <token id="t118" trans="An||d_emi" type="token">
    <tok_dipl id="t118_d1" trans="And_emi" utf="Andᵉmi"/>
    <tok_anno ascii="An" id="t118_m1" trans="An|" utf="An">
      <norm tag="an"/>
      <token_type tag="MS1"/>
      <lemma tag="ane"/>
      <lemma_gen tag="ane"/>
      <lemma_idmwb tag="5691000"/>
      <pos tag="APPR"/>
      <pos_gen tag="AP"/>
      <infl tag="--"/>
      <inflClass tag="--"/>
      <inflClass_gen tag="--"/>
    </tok_anno>
    <tok_anno ascii="demi" id="t118_m2" trans="|d_emi" utf="dᵉmi">
      <norm tag="deme"/>
      <token_type tag="MS2"/>
      <lemma tag="dër"/>
      <lemma_gen tag="dër"/>
      <lemma_idmwb tag="29817000"/>
      <pos tag="DDART"/>
      <pos_gen tag="DD"/>
      <infl tag="Neut.Dat.Sg"/>
      <inflClass tag="--"/>
      <inflClass_gen tag="--"/>
    </tok_anno>
  </token>
  <token id="t119" trans="nivncehind_en" type="token">
    <tok_dipl id="t119_d1" trans="nivncehind_en" utf="nivncehindᵉn"/>
    <tok_anno ascii="nivncehinden" id="t119_m1" trans="nivncehind_en" utf="nivncehindᵉn">
      <norm tag="niunzehenden"/>
      <lemma tag="niun-zëhent"/>
      <lemma_gen tag="niun-zëhent"/>
      <lemma_idmwb tag="121788000"/>
      <pos tag="ADJA"/>
      <pos_gen tag="ADJ"/>
      <infl tag="Sup.Neut.Dat.Sg.wk"/>
      <inflClass tag="--"/>
      <inflClass_gen tag="--"/>
    </tok_anno>
  </token>
  <token id="t120" trans="iâre" type="token">
    <tok_dipl id="t120_d1" trans="iâre" utf="iâre"/>
    <tok_anno ascii="iare" id="t120_m1" trans="iâre" utf="iâre">
      <norm tag="jâre"/>
      <lemma tag="jâr"/>
      <lemma_gen tag="jâr"/>
      <lemma_idmwb tag="85176000"/>
      <pos tag="NA"/>
      <pos_gen tag="NA"/>
      <infl tag="Dat.Sg"/>
      <inflClass tag="st.Neut"/>
      <inflClass_gen tag="st.Neut"/>
    </tok_anno>
  </token>
  <token id="t121" trans="einlif" type="token">
    <tok_dipl id="t121_d1" trans="einlif" utf="einlif"/>
    <tok_anno ascii="einlif" id="t121_m1" trans="einlif" utf="einlif">
      <norm tag="einliv"/>
      <lemma tag="èi(n)-l(i)v"/>
      <lemma_gen tag="èi(n)-l(i)v"/>
      <lemma_idmwb tag="36177000"/>
      <pos tag="CARDA"/>
      <pos_gen tag="CARD"/>
      <infl tag="*.*.*.0"/>
      <inflClass tag="--"/>
      <inflClass_gen tag="--"/>
    </tok_anno>
  </token>
  <token id="t122" trans="wochin(.)" type="token">
    <tok_dipl id="t122_d1" trans="wochin" utf="wochin"/>
    <tok_anno ascii="wochin" id="t122_m1" trans="wochin" utf="wochin">
      <norm tag="wochen"/>
      <lemma tag="woche"/>
      <lemma_gen tag="woche"/>
      <lemma_idmwb tag="232620000"/>
      <pos tag="NA"/>
      <pos_gen tag="NA"/>
      <infl tag="Nom.Pl"/>
      <inflClass tag="st.Fem"/>
      <inflClass_gen tag="*.Fem"/>
      <punc tag="DE"/>
    </tok_anno>
  </token>
  <token id="t123" trans="." type="punc">
    <tok_dipl id="t123_d1" trans="." utf="."/>
    <tok_anno ascii="." id="t123_m1" trans="." utf=".">
      <pos tag="$_"/>
      <pos_gen tag="$_"/>
      <punc tag="$E"/>
    </tok_anno>
  </token>
  <token id="t124" trans="Bihalti$t" type="token">
    <tok_dipl id="t124_d1" trans="Bihalti$t" utf="Bihaltiſt"/>
    <tok_anno ascii="Bihaltist" id="t124_m1" trans="Bihalti$t" utf="Bihaltiſt">
      <norm tag="behaltest"/>
      <lemma tag="be-halten"/>
      <lemma_gen tag="be-halten"/>
      <lemma_idmwb tag="13143000"/>
      <pos tag="VVFIN"/>
      <pos_gen tag="VV"/>
      <infl tag="*.Pres.Sg.2"/>
      <inflClass tag="st7"/>
      <inflClass_gen tag="st7"/>
    </tok_anno>
  </token>
  <token id="t125" trans="dv" type="token">
    <tok_dipl id="t125_d1" trans="dv" utf="dv"/>
    <tok_anno ascii="dv" id="t125_m1" trans="dv" utf="dv">
      <norm tag="dû"/>
      <lemma tag="dû"/>
      <lemma_gen tag="dû"/>
      <lemma_idmwb tag="32607000"/>
      <pos tag="PPER"/>
      <pos_gen tag="PPER"/>
      <infl tag="Nom.Sg.2"/>
      <inflClass tag="--"/>
      <inflClass_gen tag="--"/>
    </tok_anno>
  </token>
  <token id="t126" trans="die" type="token">
    <tok_dipl id="t126_d1" trans="die" utf="die"/>
    <tok_anno ascii="die" id="t126_m1" trans="die" utf="die">
      <norm tag="die"/>
      <lemma tag="dër"/>
      <lemma_gen tag="dër"/>
      <lemma_idmwb tag="29817000"/>
      <pos tag="DDART"/>
      <pos_gen tag="DD"/>
      <infl tag="Fem.Akk.Sg"/>
      <inflClass tag="--"/>
      <inflClass_gen tag="--"/>
    </tok_anno>
  </token>
  <token id="t127" trans="zale" type="token">
    <tok_dipl id="t127_d1" trans="zale" utf="zale"/>
    <tok_anno ascii="zale" id="t127_m1" trans="zale" utf="zale">
      <norm tag="zale"/>
      <lemma tag="zal(e)"/>
      <lemma_gen tag="zal(e)"/>
      <lemma_idmwb tag="235350000"/>
      <pos tag="NA"/>
      <pos_gen tag="NA"/>
      <infl tag="Akk.Sg"/>
      <inflClass tag="st.Fem"/>
      <inflClass_gen tag="*.Fem"/>
    </tok_anno>
  </token>
  <token id="t128" trans="." type="punc">
    <tok_dipl id="t128_d1" trans="." utf="."/>
    <tok_anno ascii="." id="t128_m1" trans="." utf=".">
      <pos tag="$_"/>
      <pos_gen tag="$_"/>
    </tok_anno>
  </token>
  <token id="t129" trans="d_er" type="token">
    <tok_dipl id="t129_d1" trans="d_er" utf="dᵉr"/>
    <tok_anno ascii="der" id="t129_m1" trans="d_er" utf="dᵉr">
      <norm tag="der"/>
      <lemma tag="dër"/>
      <lemma_gen tag="dër"/>
      <lemma_idmwb tag="29817000"/>
      <pos tag="DDART"/>
      <pos_gen tag="DD"/>
      <infl tag="*.Gen.Pl"/>
      <inflClass tag="--"/>
      <inflClass_gen tag="--"/>
    </tok_anno>
  </token>
  <token id="t130" trans="nivnzehin" type="token">
    <tok_dipl id="t130_d1" trans="nivnzehin" utf="nivnzehin"/>
    <tok_anno ascii="nivnzehin" id="t130_m1" trans="nivnzehin" utf="nivnzehin">
      <norm tag="niunzehen"/>
      <lemma tag="niun-zëhen"/>
      <lemma_gen tag="niun-zëhen"/>
      <lemma_idmwb tag="121785000"/>
      <pos tag="CARDA"/>
      <pos_gen tag="CARD"/>
      <infl tag="*.*.*.0"/>
      <inflClass tag="--"/>
      <inflClass_gen tag="--"/>
    </tok_anno>
  </token>
  <token id="t131" trans="iâre,," type="token">
    <tok_dipl id="t131_d1" trans="iâre" utf="iâre"/>
    <tok_anno ascii="iare" id="t131_m1" trans="iâre" utf="iâre">
      <norm tag="jâre"/>
      <lemma tag="jâr"/>
      <lemma_gen tag="jâr"/>
      <lemma_idmwb tag="85176000"/>
      <pos tag="NA"/>
      <pos_gen tag="NA"/>
      <infl tag="Gen.Pl"/>
      <inflClass tag="st.Neut"/>
      <inflClass_gen tag="st.Neut"/>
      <punc tag="S*"/>
    </tok_anno>
  </token>
  <token id="t132" trans="$o" type="token">
    <tok_dipl id="t132_d1" trans="$o" utf="ſo"/>
    <tok_anno ascii="so" id="t132_m1" trans="$o" utf="ſo">
      <norm tag="sô"/>
      <lemma tag="sô"/>
      <lemma_gen tag="sô"/>
      <lemma_idmwb tag="154164000"/>
      <pos tag="AVD"/>
      <pos_gen tag="AVD-KO"/>
      <infl tag="--"/>
      <inflClass tag="--"/>
      <inflClass_gen tag="--"/>
    </tok_anno>
  </token>
  <token id="t133" trans="verirro$t" type="token">
    <tok_dipl id="t133_d1" trans="verirro$t" utf="verirroſt"/>
    <tok_anno ascii="verirrost" id="t133_m1" trans="verirro$t" utf="verirroſt">
      <norm tag="verirrest"/>
      <lemma tag="ver-irren"/>
      <lemma_gen tag="ver-irren"/>
      <lemma_idmwb tag="202395000"/>
      <pos tag="VVFIN"/>
      <pos_gen tag="VV"/>
      <infl tag="*.Pres.Sg.2"/>
      <inflClass tag="wk"/>
      <inflClass_gen tag="wk"/>
    </tok_anno>
  </token>
  <token id="t134" trans="dv" type="token">
    <tok_dipl id="t134_d1" trans="dv" utf="dv"/>
    <tok_anno ascii="dv" id="t134_m1" trans="dv" utf="dv">
      <norm tag="dû"/>
      <lemma tag="dû"/>
      <lemma_gen tag="dû"/>
      <lemma_idmwb tag="32607000"/>
      <pos tag="PPER"/>
      <pos_gen tag="PPER"/>
      <infl tag="Nom.Sg.2"/>
      <inflClass tag="--"/>
      <inflClass_gen tag="--"/>
    </tok_anno>
  </token>
  <token id="t135" trans="nimir" type="token">
    <tok_dipl id="t135_d1" trans="nimir" utf="nimir"/>
    <tok_anno ascii="nimir" id="t135_m1" trans="nimir" utf="nimir">
      <norm tag="niemer"/>
      <lemma tag="nièmer"/>
      <lemma_gen tag="nièmer"/>
      <lemma_idmwb tag="121290000"/>
      <pos tag="AVD"/>
      <pos_gen tag="AVD"/>
      <infl tag="--"/>
      <inflClass tag="--"/>
      <inflClass_gen tag="--"/>
    </tok_anno>
  </token>
  <token id="t136" trans="ze||ware(.)" type="token">
    <tok_dipl id="t136_d1" trans="zeware" utf="zeware"/>
    <tok_anno ascii="ze" id="t136_m1" trans="ze|" utf="ze">
      <norm tag="ze"/>
      <token_type tag="MS1"/>
      <lemma tag="ze"/>
      <lemma_gen tag="ze"/>
      <lemma_idmwb tag="235656000"/>
      <pos tag="APPR"/>
      <pos_gen tag="AP"/>
      <infl tag="--"/>
      <inflClass tag="--"/>
      <inflClass_gen tag="--"/>
    </tok_anno>
    <tok_anno ascii="ware" id="t136_m2" trans="|ware" utf="ware">
      <norm tag="wâre"/>
      <token_type tag="MS2"/>
      <lemma tag="wâr"/>
      <lemma_gen tag="wâr"/>
      <lemma_idmwb tag="222066000"/>
      <pos tag="NA"/>
      <pos_gen tag="NA"/>
      <infl tag="Dat.Sg"/>
      <inflClass tag="st.Neut"/>
      <inflClass_gen tag="st.Neut"/>
      <punc tag="DE"/>
    </tok_anno>
  </token>
  <token id="t137" trans="." type="punc">
    <tok_dipl id="t137_d1" trans="." utf="."/>
    <tok_anno ascii="." id="t137_m1" trans="." utf=".">
      <pos tag="$_"/>
      <pos_gen tag="$_"/>
      <punc tag="$E"/>
    </tok_anno>
  </token>
</text>
