<?xml version='1.0' encoding='UTF-8'?>
<!DOCTYPE text SYSTEM "cora-xml.dtd">
<text id="M127">
  <header>
    <text>Leis</text>
    <abbr_ddd>Leis</abbr_ddd>
    <abbr_mwb>-</abbr_mwb>
    <topic>Religion</topic>
    <text-type>Kirchenlied</text-type>
    <genre>P</genre>
    <reference>Hs.: Seite, Zeile</reference>
    <reference-secondary>-</reference-secondary>
    <library>Leipzig, UB</library>
    <library-shelfmark>Ms. 1324</library-shelfmark>
    <online>http://www.handschriftencensus.de/18904</online>
    <medium>Handschrift</medium>
    <extent>27v,1-3</extent>
    <extract>-</extract>
    <language>mhd</language>
    <language-type>oberdeutsch</language-type>
    <language-region>-</language-region>
    <language-area>-</language-area>
    <place>-</place>
    <time>12,2</time>
    <notes-manuscript>deutscher Bestandteil eines lat. Textes</notes-manuscript>
    <date>-</date>
    <text-place>-</text-place>
    <text-author>-</text-author>
    <text-language>-</text-language>
    <text-source>-</text-source>
    <edition>Karl Müllenhoff und Wilhelm Scherer (Hg.), Denkmäler deutscher Poesie und Prosa aus dem VIII.-XII. Jahrhundert, Bd. 1: Texte, Bd. 2: Anmerkungen, 3. Auflage Berlin 1892 (Nachdruck Berlin/Zürich 1964), Bd. I, S. 67; Bd. II, S. 156-158.</edition>
    <corpus>ReM I</corpus>
    <notes-transcription>-</notes-transcription>
    <notes-annotation>-</notes-annotation>
    <digitization_by>Bochum</digitization_by>
    <collation_by>Bochum</collation_by>
    <pre_editing_by>Bochum</pre_editing_by>
    <annotation_by>Bochum</annotation_by>
    <proofreading_by>Bochum</proofreading_by>
  </header>
  <layoutinfo>
    <page id="p1" no="27" range="c1" side="v"/>
    <column id="c1" range="l1..l3"/>
    <line id="l1" name="1" range="t1_d1..t5_d1" loc="27va,1"/>
    <line id="l2" name="2" range="t6_d1..t11_d1" loc="27va,2"/>
    <line id="l3" name="3" range="t12_d1..t13_d1" loc="27va,3"/>
  </layoutinfo>
  <shifttags/>
  <token id="t1" trans="$onabant(:)" type="token">
    <tok_dipl id="t1_d1" trans="$onabant" utf="ſonabant"/>
    <tok_anno ascii="sonabant" id="t1_m1" trans="$onabant" utf="ſonabant">
      <norm tag="--"/>
      <lemma tag="[!]"/>
      <lemma_gen tag="[!]"/>
      <lemma_idmwb tag="--"/>
      <pos tag="FM"/>
      <pos_gen tag="FM"/>
      <infl tag="--"/>
      <inflClass tag="--"/>
      <inflClass_gen tag="--"/>
      <punc tag="DE"/>
    </tok_anno>
  </token>
  <token id="t2" trans="." type="punc">
    <tok_dipl id="t2_d1" trans="." utf="."/>
    <tok_anno ascii="." id="t2_m1" trans="." utf=".">
      <pos tag="$_"/>
      <pos_gen tag="$_"/>
      <punc tag="$E"/>
    </tok_anno>
  </token>
  <token id="t3" trans="Xᵽc" type="token">
    <tok_dipl id="t3_d1" trans="Xᵽc" utf="Xᵽc"/>
    <tok_anno ascii="Xᵽc" id="t3_m1" trans="Xᵽc" utf="Xᵽc">
      <norm tag="Christus"/>
      <lemma tag="Christus"/>
      <lemma_gen tag="Christus"/>
      <lemma_idmwb tag="--"/>
      <pos tag="NE"/>
      <pos_gen tag="FM"/>
      <infl tag="Nom.Sg"/>
      <inflClass tag="--"/>
      <inflClass_gen tag="--"/>
    </tok_anno>
  </token>
  <token id="t4" trans="k#E#I#N#A#N#D#O(!)" type="token">
    <tok_dipl id="t4_d1" trans="k" utf="k"/>
    <tok_dipl id="t4_d2" trans="E" utf="E"/>
    <tok_dipl id="t4_d3" trans="I" utf="I"/>
    <tok_dipl id="t4_d4" trans="N" utf="N"/>
    <tok_dipl id="t4_d5" trans="A" utf="A"/>
    <tok_dipl id="t4_d6" trans="N" utf="N"/>
    <tok_dipl id="t4_d7" trans="D" utf="D"/>
    <tok_dipl id="t4_d8" trans="O" utf="O"/>
    <tok_anno ascii="kEINANDO" id="t4_m1" trans="k#E#I#N#A#N#D#O" utf="kEINANDO">
      <norm tag="genâde"/>
      <token_type tag="US"/>
      <lemma tag="ge-nâden"/>
      <lemma_gen tag="ge-nâden"/>
      <lemma_idmwb tag="53451000"/>
      <pos tag="VVIMP"/>
      <pos_gen tag="VV"/>
      <infl tag="Sg.2"/>
      <inflClass tag="wk"/>
      <inflClass_gen tag="wk"/>
      <punc tag="IE"/>
    </tok_anno>
  </token>
  <token id="t5" trans="kiri||el\/(.)" type="token">
    <tok_dipl id="t5_d1" trans="kiriel\/" utf="kiriel"/>
    <tok_anno ascii="kiri" id="t5_m1" trans="kiri|" utf="kiri">
      <norm tag="--"/>
      <token_type tag="MS1"/>
      <lemma tag="[!]"/>
      <lemma_gen tag="[!]"/>
      <lemma_idmwb tag="--"/>
      <pos tag="FM"/>
      <pos_gen tag="FM"/>
      <infl tag="--"/>
      <inflClass tag="--"/>
      <inflClass_gen tag="--"/>
    </tok_anno>
    <tok_anno ascii="el-" id="t5_m2" trans="|el\/" utf="el">
      <norm tag="--"/>
      <token_type tag="MS2"/>
      <lemma tag="[!]"/>
      <lemma_gen tag="[!]"/>
      <lemma_idmwb tag="--"/>
      <pos tag="FM"/>
      <pos_gen tag="FM"/>
      <infl tag="--"/>
      <inflClass tag="--"/>
      <inflClass_gen tag="--"/>
      <punc tag="DE"/>
    </tok_anno>
  </token>
  <token id="t6" trans="und" type="token">
    <tok_dipl id="t6_d1" trans="und" utf="und"/>
    <tok_anno ascii="und" id="t6_m1" trans="und" utf="und">
      <norm tag="und"/>
      <lemma tag="unte"/>
      <lemma_gen tag="unte"/>
      <lemma_idmwb tag="183108000"/>
      <pos tag="KON"/>
      <pos_gen tag="KO"/>
      <infl tag="--"/>
      <inflClass tag="--"/>
      <inflClass_gen tag="--"/>
    </tok_anno>
  </token>
  <token id="t7" trans="di" type="token">
    <tok_dipl id="t7_d1" trans="di" utf="di"/>
    <tok_anno ascii="di" id="t7_m1" trans="di" utf="di">
      <norm tag="di"/>
      <lemma tag="dër"/>
      <lemma_gen tag="dër"/>
      <lemma_idmwb tag="29817000"/>
      <pos tag="DDART"/>
      <pos_gen tag="DD"/>
      <infl tag="*.Nom.Pl"/>
      <inflClass tag="--"/>
      <inflClass_gen tag="--"/>
    </tok_anno>
  </token>
  <token id="t8" trans="gallihcen||alle" type="token">
    <tok_dipl id="t8_d1" trans="gallihcenalle" utf="gallihcenalle"/>
    <tok_anno ascii="gallihcen" id="t8_m1" trans="gallihcen|" utf="gallihcen">
      <norm tag="heiligene"/>
      <token_type tag="MS1"/>
      <lemma tag="hèilig"/>
      <lemma_gen tag="hèilig"/>
      <lemma_idmwb tag="70113000"/>
      <pos tag="ADJA"/>
      <pos_gen tag="ADJ"/>
      <infl tag="Pos.*.Nom.Pl..%.st"/>
      <inflClass tag="--"/>
      <inflClass_gen tag="--"/>
    </tok_anno>
    <tok_anno ascii="alle" id="t8_m2" trans="|alle" utf="alle">
      <norm tag="alle"/>
      <token_type tag="MS2"/>
      <lemma tag="all"/>
      <lemma_gen tag="all"/>
      <lemma_idmwb tag="3531000"/>
      <pos tag="DIN"/>
      <pos_gen tag="DI"/>
      <infl tag="*.Nom.Pl.st"/>
      <inflClass tag="--"/>
      <inflClass_gen tag="--"/>
    </tok_anno>
  </token>
  <token id="t9" trans="helfuent" type="token">
    <tok_dipl id="t9_d1" trans="helfuent" utf="helfuent"/>
    <tok_anno ascii="helfuent" id="t9_m1" trans="helfuent" utf="helfuent">
      <norm tag="helfent"/>
      <lemma tag="hëlfen"/>
      <lemma_gen tag="hëlfen"/>
      <lemma_idmwb tag="70920000"/>
      <pos tag="VVFIN"/>
      <pos_gen tag="VV"/>
      <infl tag="Ind.Pres.Pl.3"/>
      <inflClass tag="st3b"/>
      <inflClass_gen tag="st3b"/>
    </tok_anno>
  </token>
  <token id="t10" trans="un$e(!)" type="token">
    <tok_dipl id="t10_d1" trans="un$e" utf="unſe"/>
    <tok_anno ascii="unse" id="t10_m1" trans="un$e" utf="unſe">
      <norm tag="uns"/>
      <lemma tag="wir"/>
      <lemma_gen tag="wir"/>
      <lemma_idmwb tag="231441000"/>
      <pos tag="PPER"/>
      <pos_gen tag="PPER"/>
      <infl tag="Dat.Pl.1"/>
      <inflClass tag="--"/>
      <inflClass_gen tag="--"/>
      <punc tag="EE"/>
    </tok_anno>
  </token>
  <token id="t11" trans="." type="punc">
    <tok_dipl id="t11_d1" trans="." utf="."/>
    <tok_anno ascii="." id="t11_m1" trans="." utf=".">
      <pos tag="$_"/>
      <pos_gen tag="$_"/>
      <punc tag="$E"/>
    </tok_anno>
  </token>
  <token id="t12" trans="kyri||el\/(.)" type="token">
    <tok_dipl id="t12_d1" trans="kyriel\/" utf="kyriel"/>
    <tok_anno ascii="kyri" id="t12_m1" trans="kyri|" utf="kyri">
      <norm tag="--"/>
      <token_type tag="MS1"/>
      <lemma tag="[!]"/>
      <lemma_gen tag="[!]"/>
      <lemma_idmwb tag="--"/>
      <pos tag="FM"/>
      <pos_gen tag="FM"/>
      <infl tag="--"/>
      <inflClass tag="--"/>
      <inflClass_gen tag="--"/>
    </tok_anno>
    <tok_anno ascii="el-" id="t12_m2" trans="|el\/" utf="el">
      <norm tag="--"/>
      <token_type tag="MS2"/>
      <lemma tag="[!]"/>
      <lemma_gen tag="[!]"/>
      <lemma_idmwb tag="--"/>
      <pos tag="FM"/>
      <pos_gen tag="FM"/>
      <infl tag="--"/>
      <inflClass tag="--"/>
      <inflClass_gen tag="--"/>
      <punc tag="DE"/>
    </tok_anno>
  </token>
  <token id="t13" trans="." type="punc">
    <tok_dipl id="t13_d1" trans="." utf="."/>
    <tok_anno ascii="." id="t13_m1" trans="." utf=".">
      <pos tag="$_"/>
      <pos_gen tag="$_"/>
      <punc tag="$E"/>
    </tok_anno>
  </token>
</text>
