<?xml version='1.0' encoding='UTF-8'?>
<!DOCTYPE text SYSTEM "cora-xml.dtd">
<text id="M130">
  <header>
    <text>Leis Troyes 3</text>
    <abbr_ddd>LeisTroyes3</abbr_ddd>
    <abbr_mwb>-</abbr_mwb>
    <topic>Religion</topic>
    <text-type>Kirchenlied</text-type>
    <genre>P</genre>
    <reference>Hs.: Seite, Kolummne (a/b), Zeile</reference>
    <reference-secondary>-</reference-secondary>
    <library>Troyes, Stadtbibliothek</library>
    <library-shelfmark>cod. 888</library-shelfmark>
    <online>http://www.handschriftencensus.de/18910</online>
    <medium>Handschrift</medium>
    <extent>91v-94r (91vb,17-19; 92va,27)</extent>
    <extract>-</extract>
    <language>mhd</language>
    <language-type>oberdeutsch</language-type>
    <language-region>-</language-region>
    <language-area>-</language-area>
    <place>-</place>
    <time>12,2</time>
    <notes-manuscript>der Eintrag auf Bl. 91v mit Neumen</notes-manuscript>
    <date>-</date>
    <text-place>-</text-place>
    <text-author>-</text-author>
    <text-language>-</text-language>
    <text-source>-</text-source>
    <edition>Karl Müllenhoff und Wilhelm Scherer (Hg.), Denkmäler deutscher Poesie und Prosa aus dem VIII.-XII. Jahrhundert, Bd. 1: Texte, Bd. 2: Anmerkungen, 3. Auflage Berlin 1892 (Nachdruck Berlin/Zürich 1964), Bd. 1, S. 67; Bd. 2, S. 156-158. Catalogue Général des Manuscrits des Bibliothèques publiques des Départements, Tome II: Troyes, Paris 1855, S. 368.; Georg Hüffer, Der heilige Bernard von Clairvaux. Eine Darstellung seines Lebens und Wirkens, Bd. 1: Vorstudien, Münster 1886, bes. S. 74-81, 99, 101 und 111.; MSD Nr. 29.</edition>
    <corpus>ReM I</corpus>
    <notes-transcription>-</notes-transcription>
    <notes-annotation>-</notes-annotation>
    <digitization_by>Bochum</digitization_by>
    <collation_by>Bochum</collation_by>
    <pre_editing_by>Bochum</pre_editing_by>
    <annotation_by>Bochum</annotation_by>
    <proofreading_by>Bochum</proofreading_by>
  </header>
  <layoutinfo>
    <page id="p1" no="91" range="c1" side="v"/>
    <page id="p2" no="92" range="c2" side="v"/>
    <page id="p3" no="93" range="c3" side="v"/>
    <column count="b" id="c1" range="l1..l3"/>
    <column count="a" id="c2" range="l4"/>
    <column count="b" id="c3" range="l5"/>
    <line id="l1" name="17" range="t1_d1..t3_d1" loc="91va,17"/>
    <line id="l2" name="18" range="t4_d1..t8_d1" loc="91va,18"/>
    <line id="l3" name="19" range="t9_d1..t12_d1" loc="91va,19"/>
    <line id="l4" name="27" range="t13_d1..t15_d1" loc="92va,27"/>
    <line id="l5" name="1" range="t16_d1..t18_d1" loc="93va,1"/>
  </layoutinfo>
  <shifttags/>
  <token id="t1" trans="Cri$te" type="token">
    <tok_dipl id="t1_d1" trans="Cri$te" utf="Criſte"/>
    <tok_anno ascii="Criste" id="t1_m1" trans="Cri$te" utf="Criſte">
      <norm tag="Kriste"/>
      <lemma tag="Krist"/>
      <lemma_gen tag="Krist"/>
      <lemma_idmwb tag="95598000"/>
      <pos tag="NE"/>
      <pos_gen tag="NE"/>
      <infl tag="Dat.Sg"/>
      <inflClass tag="--"/>
      <inflClass_gen tag="--"/>
    </tok_anno>
  </token>
  <token id="t2" trans="hun$" type="token">
    <tok_dipl id="t2_d1" trans="hun$" utf="hunſ"/>
    <tok_anno ascii="huns" id="t2_m1" trans="hun$" utf="hunſ">
      <norm tag="uns"/>
      <lemma tag="wir"/>
      <lemma_gen tag="wir"/>
      <lemma_idmwb tag="231441000"/>
      <pos tag="PPER"/>
      <pos_gen tag="PPER"/>
      <infl tag="Dat.Pl.1"/>
      <inflClass tag="--"/>
      <inflClass_gen tag="--"/>
    </tok_anno>
  </token>
  <token id="t3" trans="%." type="punc">
    <tok_dipl id="t3_d1" trans="%." utf="·"/>
    <tok_anno ascii="." id="t3_m1" trans="%." utf="·">
      <pos tag="$_"/>
      <pos_gen tag="$_"/>
    </tok_anno>
  </token>
  <token id="t4" trans="ge#genade(!)" type="token">
    <tok_dipl id="t4_d1" trans="ge" utf="ge"/>
    <tok_dipl id="t4_d2" trans="genade" utf="genade"/>
    <tok_anno ascii="gegenade" id="t4_m1" trans="ge#genade" utf="gegenade">
      <norm tag="genâde"/>
      <token_type tag="US"/>
      <lemma tag="ge-nâden"/>
      <lemma_gen tag="ge-nâden"/>
      <lemma_idmwb tag="53451000"/>
      <pos tag="VVIMP"/>
      <pos_gen tag="VV"/>
      <infl tag="Sg.2"/>
      <inflClass tag="wk"/>
      <inflClass_gen tag="wk"/>
      <punc tag="IE"/>
    </tok_anno>
  </token>
  <token id="t5" trans="." type="punc">
    <tok_dipl id="t5_d1" trans="." utf="."/>
    <tok_anno ascii="." id="t5_m1" trans="." utf=".">
      <pos tag="$_"/>
      <pos_gen tag="$_"/>
      <punc tag="$E"/>
    </tok_anno>
  </token>
  <token id="t6" trans="kirio" type="token">
    <tok_dipl id="t6_d1" trans="kirio" utf="kirio"/>
    <tok_anno ascii="kirio" id="t6_m1" trans="kirio" utf="kirio">
      <norm tag="--"/>
      <lemma tag="[!]"/>
      <lemma_gen tag="[!]"/>
      <lemma_idmwb tag="--"/>
      <pos tag="FM"/>
      <pos_gen tag="FM"/>
      <infl tag="--"/>
      <inflClass tag="--"/>
      <inflClass_gen tag="--"/>
    </tok_anno>
  </token>
  <token id="t7" trans="leyon(.)" type="token">
    <tok_dipl id="t7_d1" trans="leyon" utf="leyon"/>
    <tok_anno ascii="leyon" id="t7_m1" trans="leyon" utf="leyon">
      <norm tag="--"/>
      <lemma tag="[!]"/>
      <lemma_gen tag="[!]"/>
      <lemma_idmwb tag="--"/>
      <pos tag="FM"/>
      <pos_gen tag="FM"/>
      <infl tag="--"/>
      <inflClass tag="--"/>
      <inflClass_gen tag="--"/>
      <punc tag="DE"/>
    </tok_anno>
  </token>
  <token id="t8" trans="di||heligen" type="token">
    <tok_dipl id="t8_d1" trans="diheligen" utf="diheligen"/>
    <tok_anno ascii="di" id="t8_m1" trans="di|" utf="di">
      <norm tag="di"/>
      <token_type tag="MS1"/>
      <lemma tag="dër"/>
      <lemma_gen tag="dër"/>
      <lemma_idmwb tag="29817000"/>
      <pos tag="DDART"/>
      <pos_gen tag="DD"/>
      <infl tag="*.Nom.Pl"/>
      <inflClass tag="--"/>
      <inflClass_gen tag="--"/>
    </tok_anno>
    <tok_anno ascii="heligen" id="t8_m2" trans="|heligen" utf="heligen">
      <norm tag="heiligen"/>
      <token_type tag="MS2"/>
      <lemma tag="hèilig"/>
      <lemma_gen tag="hèilig"/>
      <lemma_idmwb tag="70113000"/>
      <pos tag="ADJA"/>
      <pos_gen tag="ADJ"/>
      <infl tag="Pos.*.Nom.Pl..%.st"/>
      <inflClass tag="--"/>
      <inflClass_gen tag="--"/>
    </tok_anno>
  </token>
  <token id="t9" trans="alle" type="token">
    <tok_dipl id="t9_d1" trans="alle" utf="alle"/>
    <tok_anno ascii="alle" id="t9_m1" trans="alle" utf="alle">
      <norm tag="alle"/>
      <lemma tag="all"/>
      <lemma_gen tag="all"/>
      <lemma_idmwb tag="3531000"/>
      <pos tag="DIN"/>
      <pos_gen tag="DI"/>
      <infl tag="*.Nom.Pl.st"/>
      <inflClass tag="--"/>
      <inflClass_gen tag="--"/>
    </tok_anno>
  </token>
  <token id="t10" trans="helfon" type="token">
    <tok_dipl id="t10_d1" trans="helfon" utf="helfon"/>
    <tok_anno ascii="helfon" id="t10_m1" trans="helfon" utf="helfon">
      <norm tag="helfen"/>
      <lemma tag="hëlfen"/>
      <lemma_gen tag="hëlfen"/>
      <lemma_idmwb tag="70920000"/>
      <pos tag="VVFIN"/>
      <pos_gen tag="VV"/>
      <infl tag="*.Pres.Pl.3"/>
      <inflClass tag="st3b"/>
      <inflClass_gen tag="st3b"/>
    </tok_anno>
  </token>
  <token id="t11" trans="hun$(.)" type="token">
    <tok_dipl id="t11_d1" trans="hun$" utf="hunſ"/>
    <tok_anno ascii="huns" id="t11_m1" trans="hun$" utf="hunſ">
      <norm tag="uns"/>
      <lemma tag="uns"/>
      <lemma_gen tag="uns"/>
      <lemma_idmwb tag="???"/>
      <pos tag="DIA"/>
      <pos_gen tag="DI"/>
      <infl tag="*.Dat.Pl.st"/>
      <inflClass tag="--"/>
      <inflClass_gen tag="--"/>
      <punc tag="DE"/>
    </tok_anno>
  </token>
  <token id="t12" trans="." type="punc">
    <tok_dipl id="t12_d1" trans="." utf="."/>
    <tok_anno ascii="." id="t12_m1" trans="." utf=".">
      <pos tag="$_"/>
      <pos_gen tag="$_"/>
      <punc tag="$E"/>
    </tok_anno>
  </token>
  <token id="t13" trans="c%%i$t||un$" type="token">
    <tok_dipl id="t13_d1" trans="c%%i$tun$" utf="cⁱſtunſ"/>
    <tok_anno ascii="crist" id="t13_m1" trans="c%%i$t|" utf="cⁱſt">
      <norm tag="Krist"/>
      <token_type tag="MS1"/>
      <lemma tag="Krist"/>
      <lemma_gen tag="Krist"/>
      <lemma_idmwb tag="95598000"/>
      <pos tag="NE"/>
      <pos_gen tag="NE"/>
      <infl tag="Nom.Sg"/>
      <inflClass tag="--"/>
      <inflClass_gen tag="--"/>
    </tok_anno>
    <tok_anno ascii="uns" id="t13_m2" trans="|un$" utf="unſ">
      <norm tag="uns"/>
      <token_type tag="MS2"/>
      <lemma tag="wir"/>
      <lemma_gen tag="wir"/>
      <lemma_idmwb tag="231441000"/>
      <pos tag="PPER"/>
      <pos_gen tag="PPER"/>
      <infl tag="Dat.Pl.1"/>
      <inflClass tag="--"/>
      <inflClass_gen tag="--"/>
    </tok_anno>
  </token>
  <token id="t14" trans="gnade(!)" type="token">
    <tok_dipl id="t14_d1" trans="gnade" utf="gnade"/>
    <tok_anno ascii="gnade" id="t14_m1" trans="gnade" utf="gnade">
      <norm tag="genâde"/>
      <lemma tag="ge-nâden"/>
      <lemma_gen tag="ge-nâden"/>
      <lemma_idmwb tag="53451000"/>
      <pos tag="VVIMP"/>
      <pos_gen tag="VV"/>
      <infl tag="Sg.2"/>
      <inflClass tag="wk"/>
      <inflClass_gen tag="wk"/>
      <punc tag="IE"/>
    </tok_anno>
  </token>
  <token id="t15" trans="." type="punc">
    <tok_dipl id="t15_d1" trans="." utf="."/>
    <tok_anno ascii="." id="t15_m1" trans="." utf=".">
      <pos tag="$_"/>
      <pos_gen tag="$_"/>
      <punc tag="$E"/>
    </tok_anno>
  </token>
  <token id="t16" trans="xᵽc" type="token">
    <tok_dipl id="t16_d1" trans="xᵽc" utf="xᵽc"/>
    <tok_anno ascii="xᵽc" id="t16_m1" trans="xᵽc" utf="xᵽc">
      <norm tag="Christus"/>
      <lemma tag="Christus"/>
      <lemma_gen tag="Christus"/>
      <lemma_idmwb tag="--"/>
      <pos tag="NE"/>
      <pos_gen tag="FM"/>
      <infl tag="Nom.Sg"/>
      <inflClass tag="--"/>
      <inflClass_gen tag="--"/>
    </tok_anno>
  </token>
  <token id="t17" trans="gnade(!)" type="token">
    <tok_dipl id="t17_d1" trans="gnade" utf="gnade"/>
    <tok_anno ascii="gnade" id="t17_m1" trans="gnade" utf="gnade">
      <norm tag="genâde"/>
      <lemma tag="ge-nâden"/>
      <lemma_gen tag="ge-nâden"/>
      <lemma_idmwb tag="53451000"/>
      <pos tag="VVIMP"/>
      <pos_gen tag="VV"/>
      <infl tag="Sg.2"/>
      <inflClass tag="wk"/>
      <inflClass_gen tag="wk"/>
      <punc tag="IE"/>
    </tok_anno>
  </token>
  <token id="t18" trans="%." type="punc">
    <tok_dipl id="t18_d1" trans="%." utf="·"/>
    <tok_anno ascii="." id="t18_m1" trans="%." utf="·">
      <pos tag="$_"/>
      <pos_gen tag="$_"/>
      <punc tag="$E"/>
    </tok_anno>
  </token>
</text>
