<?xml version='1.0' encoding='UTF-8'?>
<!DOCTYPE text SYSTEM "cora-xml.dtd">
<text id="M134">
  <header>
    <text>Mariengebet</text>
    <abbr_ddd>MarGeb</abbr_ddd>
    <abbr_mwb>-</abbr_mwb>
    <topic>Religion, Poesie</topic>
    <text-type>Gebet</text-type>
    <genre>V</genre>
    <reference>Edition</reference>
    <reference-secondary>Handschrift</reference-secondary>
    <library>München, Staatsbibl.</library>
    <library-shelfmark>Clm 19463</library-shelfmark>
    <online>http://www.handschriftencensus.de/12726</online>
    <medium>Handschrift</medium>
    <extent>35v</extent>
    <extract>-</extract>
    <language>mhd</language>
    <language-type>oberdeutsch</language-type>
    <language-region>-</language-region>
    <language-area>-</language-area>
    <place>-</place>
    <time>12,2-13,1</time>
    <notes-manuscript>-</notes-manuscript>
    <date>12</date>
    <text-place>-</text-place>
    <text-author>-</text-author>
    <text-language>-</text-language>
    <text-source>-</text-source>
    <edition>Karl Bartsch, Kleine Mittheilungen, in: Germania 24 (1879), S. 297</edition>
    <corpus>ReM I</corpus>
    <notes-transcription>-</notes-transcription>
    <notes-annotation>-</notes-annotation>
    <digitization_by>Thomas Klein (Bonn)</digitization_by>
    <collation_by>Elke Weber (Bonn)</collation_by>
    <pre_editing_by>Thomas Klein (Bonn)</pre_editing_by>
    <annotation_by>Thomas Klein (Bonn)</annotation_by>
    <proofreading_by>Thomas Klein (Bonn)</proofreading_by>
  </header>
  <layoutinfo>
    <page id="p1" no="0" range="c1"/>
    <column id="c1" range="l1..l6"/>
    <line id="l1" name="1" range="t1_d1..t3_d1" loc="0a,1"/>
    <line id="l2" name="2" range="t4_d1..t7_d1" loc="0a,2"/>
    <line id="l3" name="3" range="t8_d1..t13_d1" loc="0a,3"/>
    <line id="l4" name="4" range="t14_d1..t19_d1" loc="0a,4"/>
    <line id="l5" name="5" range="t20_d1..t24_d1" loc="0a,5"/>
    <line id="l6" name="6" range="t25_d1..t29_d1" loc="0a,6"/>
  </layoutinfo>
  <shifttags/>
  <token id="t1" trans="frowe" type="token">
    <tok_dipl id="t1_d1" trans="frowe" utf="frowe"/>
    <tok_anno ascii="frowe" id="t1_m1" trans="frowe" utf="frowe">
      <norm tag="vrouwe"/>
      <lemma tag="vrouwe"/>
      <lemma_gen tag="vrouwe"/>
      <lemma_idmwb tag="217017000"/>
      <pos tag="NA"/>
      <pos_gen tag="NA"/>
      <infl tag="Nom.Sg"/>
      <inflClass tag="*.Fem"/>
      <inflClass_gen tag="*.Fem"/>
    </tok_anno>
  </token>
  <token id="t2" trans="tugintriche,," type="token">
    <tok_dipl id="t2_d1" trans="tugintriche" utf="tugintriche"/>
    <tok_anno ascii="tugintriche" id="t2_m1" trans="tugintriche" utf="tugintriche">
      <norm tag="tugentrîche"/>
      <lemma tag="tugend-rîche"/>
      <lemma_gen tag="tugend-rîche"/>
      <lemma_idmwb tag="173127000"/>
      <pos tag="ADJN"/>
      <pos_gen tag="ADJ"/>
      <infl tag="Pos.Fem.Nom.Sg.0"/>
      <inflClass tag="--"/>
      <inflClass_gen tag="--"/>
      <punc tag="S*"/>
    </tok_anno>
  </token>
  <token id="t3" trans="." type="punc">
    <tok_dipl id="t3_d1" trans="." utf="."/>
    <tok_anno ascii="." id="t3_m1" trans="." utf=".">
      <pos tag="$_"/>
      <pos_gen tag="$_"/>
    </tok_anno>
  </token>
  <token id="t4" trans="nu" type="token">
    <tok_dipl id="t4_d1" trans="nu" utf="nu"/>
    <tok_anno ascii="nu" id="t4_m1" trans="nu" utf="nu">
      <norm tag="nû"/>
      <lemma tag="nû"/>
      <lemma_gen tag="nû"/>
      <lemma_idmwb tag="122703000"/>
      <pos tag="AVD"/>
      <pos_gen tag="AVD-KO"/>
      <infl tag="--"/>
      <inflClass tag="--"/>
      <inflClass_gen tag="--"/>
    </tok_anno>
  </token>
  <token id="t5" trans="tu" type="token">
    <tok_dipl id="t5_d1" trans="tu" utf="tu"/>
    <tok_anno ascii="tu" id="t5_m1" trans="tu" utf="tu">
      <norm tag="tuo"/>
      <lemma tag="tuon"/>
      <lemma_gen tag="tuon"/>
      <lemma_idmwb tag="173655000"/>
      <pos tag="VVIMP"/>
      <pos_gen tag="VV"/>
      <infl tag="Sg.2"/>
      <inflClass tag="irr"/>
      <inflClass_gen tag="irr"/>
    </tok_anno>
  </token>
  <token id="t6" trans="$o" type="token">
    <tok_dipl id="t6_d1" trans="$o" utf="ſo"/>
    <tok_anno ascii="so" id="t6_m1" trans="$o" utf="ſo">
      <norm tag="sô"/>
      <lemma tag="sô"/>
      <lemma_gen tag="sô"/>
      <lemma_idmwb tag="154164000"/>
      <pos tag="AVD"/>
      <pos_gen tag="AVD-KO"/>
      <infl tag="--"/>
      <inflClass tag="--"/>
      <inflClass_gen tag="--"/>
    </tok_anno>
  </token>
  <token id="t7" trans="tugintliche,," type="token">
    <tok_dipl id="t7_d1" trans="tugintliche" utf="tugintliche"/>
    <tok_anno ascii="tugintliche" id="t7_m1" trans="tugintliche" utf="tugintliche">
      <norm tag="tugentlîche"/>
      <lemma tag="tugend-lîche"/>
      <lemma_gen tag="tugend-lîche"/>
      <lemma_idmwb tag="--"/>
      <pos tag="AVD"/>
      <pos_gen tag="AVD"/>
      <infl tag="--"/>
      <inflClass tag="--"/>
      <inflClass_gen tag="--"/>
      <punc tag="S*"/>
    </tok_anno>
  </token>
  <token id="t8" trans="$wenne" type="token">
    <tok_dipl id="t8_d1" trans="$wenne" utf="ſwenne"/>
    <tok_anno ascii="swenne" id="t8_m1" trans="$wenne" utf="ſwenne">
      <norm tag="swenne"/>
      <lemma tag="swanne"/>
      <lemma_gen tag="swanne"/>
      <lemma_idmwb tag="164619000"/>
      <pos tag="AVG"/>
      <pos_gen tag="AVG"/>
      <infl tag="--"/>
      <inflClass tag="--"/>
      <inflClass_gen tag="--"/>
    </tok_anno>
  </token>
  <token id="t9" trans="ihc" type="token">
    <tok_dipl id="t9_d1" trans="ihc" utf="ihc"/>
    <tok_anno ascii="ihc" id="t9_m1" trans="ihc" utf="ihc">
      <norm tag="ich"/>
      <lemma tag="ich"/>
      <lemma_gen tag="ich"/>
      <lemma_idmwb tag="81210000"/>
      <pos tag="PPER"/>
      <pos_gen tag="PPER"/>
      <infl tag="Nom.Sg.1"/>
      <inflClass tag="--"/>
      <inflClass_gen tag="--"/>
    </tok_anno>
  </token>
  <token id="t10" trans="uon" type="token">
    <tok_dipl id="t10_d1" trans="uon" utf="uon"/>
    <tok_anno ascii="uon" id="t10_m1" trans="uon" utf="uon">
      <norm tag="von"/>
      <lemma tag="von"/>
      <lemma_gen tag="von"/>
      <lemma_idmwb tag="213186000"/>
      <pos tag="APPR"/>
      <pos_gen tag="AP"/>
      <infl tag="--"/>
      <inflClass tag="--"/>
      <inflClass_gen tag="--"/>
    </tok_anno>
  </token>
  <token id="t11" trans="dirre" type="token">
    <tok_dipl id="t11_d1" trans="dirre" utf="dirre"/>
    <tok_anno ascii="dirre" id="t11_m1" trans="dirre" utf="dirre">
      <norm tag="dirre"/>
      <lemma tag="dise"/>
      <lemma_gen tag="dise"/>
      <lemma_idmwb tag="30921000"/>
      <pos tag="DDA"/>
      <pos_gen tag="DD"/>
      <infl tag="Fem.Dat.Sg"/>
      <inflClass tag="--"/>
      <inflClass_gen tag="--"/>
    </tok_anno>
  </token>
  <comment type="K">/K[dirre: davor uon durchstr.]</comment>
  <token id="t12" trans="werlt" type="token">
    <tok_dipl id="t12_d1" trans="werlt" utf="werlt"/>
    <tok_anno ascii="werlt" id="t12_m1" trans="werlt" utf="werlt">
      <norm tag="werlt"/>
      <lemma tag="wër(e)lt"/>
      <lemma_gen tag="wër(e)lt"/>
      <lemma_idmwb tag="225300000"/>
      <pos tag="NA"/>
      <pos_gen tag="NA"/>
      <infl tag="Dat.Sg"/>
      <inflClass tag="st.Fem"/>
      <inflClass_gen tag="st.Fem"/>
    </tok_anno>
  </token>
  <token id="t13" trans="uar,," type="token">
    <tok_dipl id="t13_d1" trans="uar" utf="uar"/>
    <tok_anno ascii="uar" id="t13_m1" trans="uar" utf="uar">
      <norm tag="var"/>
      <lemma tag="var(e)n"/>
      <lemma_gen tag="var(e)n"/>
      <lemma_idmwb tag="198330000"/>
      <pos tag="VVFIN"/>
      <pos_gen tag="VV"/>
      <infl tag="*.Pres.Sg.1"/>
      <inflClass tag="st6"/>
      <inflClass_gen tag="st6"/>
      <punc tag="S*"/>
    </tok_anno>
  </token>
  <token id="t14" trans="$o" type="token">
    <tok_dipl id="t14_d1" trans="$o" utf="ſo"/>
    <tok_anno ascii="so" id="t14_m1" trans="$o" utf="ſo">
      <norm tag="sô"/>
      <lemma tag="sô"/>
      <lemma_gen tag="sô"/>
      <lemma_idmwb tag="154164000"/>
      <pos tag="AVD"/>
      <pos_gen tag="AVD-KO"/>
      <infl tag="--"/>
      <inflClass tag="--"/>
      <inflClass_gen tag="--"/>
    </tok_anno>
  </token>
  <token id="t15" trans="geru\e(=)che" type="token">
    <tok_dipl id="t15_d1" trans="geru\eche" utf="geruͤche"/>
    <tok_anno ascii="gerueche" id="t15_m1" trans="geru\e(=)che" utf="geruͤche">
      <norm tag="geruoche"/>
      <token_type tag="UL"/>
      <lemma tag="ge-ruochen"/>
      <lemma_gen tag="ge-ruochen"/>
      <lemma_idmwb tag="55413000"/>
      <pos tag="VVIMP"/>
      <pos_gen tag="VV"/>
      <infl tag="Sg.2"/>
      <inflClass tag="wk"/>
      <inflClass_gen tag="wk"/>
    </tok_anno>
  </token>
  <comment type="K">/K[geru\e(=)che: oder u\o?]</comment>
  <token id="t16" trans="$elb" type="token">
    <tok_dipl id="t16_d1" trans="$elb" utf="ſelb"/>
    <tok_anno ascii="selb" id="t16_m1" trans="$elb" utf="ſelb">
      <norm tag="selp"/>
      <lemma tag="sëlb"/>
      <lemma_gen tag="sëlb"/>
      <lemma_idmwb tag="147849000"/>
      <pos tag="DDD"/>
      <pos_gen tag="DD"/>
      <infl tag="*.-.st"/>
      <inflClass tag="--"/>
      <inflClass_gen tag="--"/>
    </tok_anno>
  </token>
  <token id="t17" trans="chomen" type="token">
    <tok_dipl id="t17_d1" trans="chomen" utf="chomen"/>
    <tok_anno ascii="chomen" id="t17_m1" trans="chomen" utf="chomen">
      <norm tag="komen"/>
      <lemma tag="komen"/>
      <lemma_gen tag="komen"/>
      <lemma_idmwb tag="93168000"/>
      <pos tag="VVINF"/>
      <pos_gen tag="VV"/>
      <infl tag="--"/>
      <inflClass tag="st4"/>
      <inflClass_gen tag="st4"/>
    </tok_anno>
  </token>
  <token id="t18" trans="dar(!)" type="token">
    <tok_dipl id="t18_d1" trans="dar" utf="dar"/>
    <tok_anno ascii="dar" id="t18_m1" trans="dar" utf="dar">
      <norm tag="dar"/>
      <lemma tag="dar(e)"/>
      <lemma_gen tag="dar(e)"/>
      <lemma_idmwb tag="29004000"/>
      <pos tag="AVD"/>
      <pos_gen tag="AVD-KO"/>
      <infl tag="--"/>
      <inflClass tag="--"/>
      <inflClass_gen tag="--"/>
      <punc tag="EE"/>
    </tok_anno>
  </token>
  <token id="t19" trans="." type="punc">
    <tok_dipl id="t19_d1" trans="." utf="."/>
    <tok_anno ascii="." id="t19_m1" trans="." utf=".">
      <pos tag="$_"/>
      <pos_gen tag="$_"/>
      <punc tag="$E"/>
    </tok_anno>
  </token>
  <token id="t20" trans="daz" type="token">
    <tok_dipl id="t20_d1" trans="daz" utf="daz"/>
    <tok_anno ascii="daz" id="t20_m1" trans="daz" utf="daz">
      <norm tag="daz"/>
      <lemma tag="dër"/>
      <lemma_gen tag="dër"/>
      <lemma_idmwb tag="29823000"/>
      <pos tag="DDS"/>
      <pos_gen tag="DD"/>
      <infl tag="Neut.Nom.Sg"/>
      <inflClass tag="--"/>
      <inflClass_gen tag="--"/>
    </tok_anno>
  </token>
  <token id="t21" trans="gezeme" type="token">
    <tok_dipl id="t21_d1" trans="gezeme" utf="gezeme"/>
    <tok_anno ascii="gezeme" id="t21_m1" trans="gezeme" utf="gezeme">
      <norm tag="gezæme"/>
      <lemma tag="ge-zëmen"/>
      <lemma_gen tag="ge-zëmen"/>
      <lemma_idmwb tag="60930000"/>
      <pos tag="VVFIN"/>
      <pos_gen tag="VV"/>
      <infl tag="Subj.Past.Sg.3"/>
      <inflClass tag="st4"/>
      <inflClass_gen tag="st4"/>
    </tok_anno>
  </token>
  <token id="t22" trans="diner" type="token">
    <tok_dipl id="t22_d1" trans="diner" utf="diner"/>
    <tok_anno ascii="diner" id="t22_m1" trans="diner" utf="diner">
      <norm tag="dîner"/>
      <lemma tag="dîn"/>
      <lemma_gen tag="dîn"/>
      <lemma_idmwb tag="30567000"/>
      <pos tag="DPOSA"/>
      <pos_gen tag="DPOS"/>
      <infl tag="Fem.Dat.Sg.st"/>
      <inflClass tag="--"/>
      <inflClass_gen tag="--"/>
    </tok_anno>
  </token>
  <token id="t23" trans="gu\ote" type="token">
    <tok_dipl id="t23_d1" trans="gu\ote" utf="guͦte"/>
    <tok_anno ascii="guote" id="t23_m1" trans="gu\ote" utf="guͦte">
      <norm tag="güete"/>
      <lemma tag="güète"/>
      <lemma_gen tag="güète"/>
      <lemma_idmwb tag="66129000"/>
      <pos tag="NA"/>
      <pos_gen tag="NA"/>
      <infl tag="Dat.Sg"/>
      <inflClass tag="st.Fem"/>
      <inflClass_gen tag="*.Fem"/>
    </tok_anno>
  </token>
  <token id="t24" trans="wol,," type="token">
    <tok_dipl id="t24_d1" trans="wol" utf="wol"/>
    <tok_anno ascii="wol" id="t24_m1" trans="wol" utf="wol">
      <norm tag="wole"/>
      <lemma tag="wol(e)"/>
      <lemma_gen tag="wol(e)"/>
      <lemma_idmwb tag="232695000"/>
      <pos tag="AVD"/>
      <pos_gen tag="AVD-KO"/>
      <infl tag="--"/>
      <inflClass tag="--"/>
      <inflClass_gen tag="--"/>
      <punc tag="S*"/>
    </tok_anno>
  </token>
  <token id="t25" trans="magd," type="token">
    <tok_dipl id="t25_d1" trans="magd" utf="magd"/>
    <tok_anno ascii="magd" id="t25_m1" trans="magd" utf="magd">
      <norm tag="maget"/>
      <lemma tag="maged"/>
      <lemma_gen tag="maged"/>
      <lemma_idmwb tag="106875000"/>
      <pos tag="NA"/>
      <pos_gen tag="NA"/>
      <infl tag="Nom.Sg"/>
      <inflClass tag="stu.Fem"/>
      <inflClass_gen tag="stu.Fem"/>
      <punc tag="N*"/>
    </tok_anno>
  </token>
  <token id="t26" trans="aller" type="token">
    <tok_dipl id="t26_d1" trans="aller" utf="aller"/>
    <tok_anno ascii="aller" id="t26_m1" trans="aller" utf="aller">
      <norm tag="aller"/>
      <lemma tag="all"/>
      <lemma_gen tag="all"/>
      <lemma_idmwb tag="3531000"/>
      <pos tag="DIA"/>
      <pos_gen tag="DI"/>
      <infl tag="*.Gen.Pl.st"/>
      <inflClass tag="--"/>
      <inflClass_gen tag="--"/>
    </tok_anno>
  </token>
  <token id="t27" trans="gna(=)den" type="token">
    <tok_dipl id="t27_d1" trans="gnaden" utf="gnaden"/>
    <tok_anno ascii="gnaden" id="t27_m1" trans="gna(=)den" utf="gnaden">
      <norm tag="genâden"/>
      <token_type tag="UL"/>
      <lemma tag="ge-nâde"/>
      <lemma_gen tag="ge-nâde"/>
      <lemma_idmwb tag="53412000"/>
      <pos tag="NA"/>
      <pos_gen tag="NA"/>
      <infl tag="Gen.Pl"/>
      <inflClass tag="*.Fem"/>
      <inflClass_gen tag="*.Fem"/>
    </tok_anno>
  </token>
  <token id="t28" trans="uol(.)" type="token">
    <tok_dipl id="t28_d1" trans="uol" utf="uol"/>
    <tok_anno ascii="uol" id="t28_m1" trans="uol" utf="uol">
      <norm tag="vol"/>
      <lemma tag="voll"/>
      <lemma_gen tag="voll"/>
      <lemma_idmwb tag="212331000"/>
      <pos tag="ADJD"/>
      <pos_gen tag="ADJ"/>
      <infl tag="Pos....0"/>
      <inflClass tag="--"/>
      <inflClass_gen tag="--"/>
      <punc tag="DE"/>
    </tok_anno>
  </token>
  <token id="t29" trans="." type="punc">
    <tok_dipl id="t29_d1" trans="." utf="."/>
    <tok_anno ascii="." id="t29_m1" trans="." utf=".">
      <pos tag="$_"/>
      <pos_gen tag="$_"/>
      <punc tag="$E"/>
    </tok_anno>
  </token>
</text>
