<?xml version='1.0' encoding='UTF-8'?>
<!DOCTYPE text SYSTEM "cora-xml.dtd">
<text id="M140C">
  <header>
    <text>Mariensequenz aus Muri (C)</text>
    <abbr_ddd>MarseqM C</abbr_ddd>
    <abbr_mwb>MarseqM</abbr_mwb>
    <topic>Religion, Poesie</topic>
    <text-type>Mariendichtung</text-type>
    <genre>V</genre>
    <reference>Edition</reference>
    <reference-secondary>Handschrift</reference-secondary>
    <library>München, Staatsbibl.</library>
    <library-shelfmark>Clm 935</library-shelfmark>
    <online>http://www.handschriftencensus.de/1925</online>
    <medium>Handschrift</medium>
    <extent>70r</extent>
    <extract>-</extract>
    <language>mhd</language>
    <language-type>oberdeutsch</language-type>
    <language-region>westoberdeutsch</language-region>
    <language-area>alemannisch</language-area>
    <place>-</place>
    <time>13,1</time>
    <notes-manuscript>-</notes-manuscript>
    <date>um 1180-90</date>
    <text-place>-</text-place>
    <text-author>-</text-author>
    <text-language>-</text-language>
    <text-source>-</text-source>
    <edition>Friedrich Maurer (Hg.), Die religiösen Dichtungen des 11. und 12. Jahrhunderts, Tübingen 1964-1970, Nr. 20; Werner Schröder (Hg.), Kleinere deutsche Gedichte des 11. und 12. Jahrhunderts. Nach der Auswahl von Albert Waag, Tübingen 1972, Nr. 17; Barbara Gutfleisch, Eine ostoberdeutsche Handschrift der 'Mariensequenz aus Muri', ZfdA 119 (1990) 61-75 (mit Abdruck)</edition>
    <corpus>ReM I</corpus>
    <notes-transcription>-</notes-transcription>
    <notes-annotation>-</notes-annotation>
    <digitization_by>Thomas Klein (Bonn)</digitization_by>
    <collation_by>Thomas Klein (Bonn)</collation_by>
    <pre_editing_by>Thomas Klein (Bonn)</pre_editing_by>
    <annotation_by>Thomas Klein (Bonn)</annotation_by>
    <proofreading_by>Thomas Klein (Bonn)</proofreading_by>
  </header>
  <layoutinfo>
    <page id="p1" no="0" range="c1"/>
    <column id="c1" range="l1..l29"/>
    <line id="l1" name="41" range="t1_d1..t5_d1" loc="0a,41"/>
    <line id="l2" name="42" range="t6_d1..t11_d1" loc="0a,42"/>
    <line id="l3" name="43" range="t12_d1..t17_d1" loc="0a,43"/>
    <line id="l4" name="44" range="t18_d1..t20_d1" loc="0a,44"/>
    <line id="l5" name="45" range="t21_d1..t24_d1" loc="0a,45"/>
    <line id="l6" name="46" range="t25_d1..t30_d1" loc="0a,46"/>
    <line id="l7" name="47" range="t31_d1..t37_d1" loc="0a,47"/>
    <line id="l8" name="48" range="t38_d1..t40_d1" loc="0a,48"/>
    <line id="l9" name="49" range="t41_d1..t46_d1" loc="0a,49"/>
    <line id="l10" name="50" range="t47_d1..t53_d1" loc="0a,50"/>
    <line id="l11" name="51" range="t54_d1..t62_d2" loc="0a,51"/>
    <line id="l12" name="52" range="t63_d1..t65_d1" loc="0a,52"/>
    <line id="l13" name="53" range="t66_d1..t75_d1" loc="0a,53"/>
    <line id="l14" name="54" range="t76_d1..t81_d1" loc="0a,54"/>
    <line id="l15" name="55" range="t82_d1..t96_d1" loc="0a,55"/>
    <line id="l16" name="56" range="t97_d1..t100_d1" loc="0a,56"/>
    <line id="l17" name="57" range="t101_d1..t115_d1" loc="0a,57"/>
    <line id="l18" name="58" range="t116_d1..t125_d1" loc="0a,58"/>
    <line id="l19" name="59" range="t126_d1..t136_d1" loc="0a,59"/>
    <line id="l20" name="60" range="t137_d1..t142_d1" loc="0a,60"/>
    <line id="l21" name="61" range="t143_d1..t145_d2" loc="0a,61"/>
    <line id="l22" name="62" range="t146_d1..t151_d1" loc="0a,62"/>
    <line id="l23" name="63" range="t152_d1..t158_d1" loc="0a,63"/>
    <line id="l24" name="64" range="t159_d1..t164_d1" loc="0a,64"/>
    <line id="l25" name="65" range="t165_d1..t169_d1" loc="0a,65"/>
    <line id="l26" name="66" range="t170_d1..t178_d1" loc="0a,66"/>
    <line id="l27" name="67" range="t179_d1..t183_d1" loc="0a,67"/>
    <line id="l28" name="68" range="t184_d1..t189_d1" loc="0a,68"/>
    <line id="l29" name="69" range="t190_d1..t194_d1" loc="0a,69"/>
  </layoutinfo>
  <shifttags>
    <paren range="t14_m1..t17_m1"/>
    <paren range="t55_m1..t57_m1"/>
  </shifttags>
  <token id="t1" trans="..." type="token">
    <tok_dipl id="t1_d1" trans="..." utf="..."/>
    <tok_anno ascii="..." id="t1_m1" trans="..." utf="...">
      <norm tag="--"/>
      <lemma tag="[!]"/>
      <lemma_gen tag="[!]"/>
      <lemma_idmwb tag="--"/>
      <pos tag="--"/>
      <pos_gen tag="--"/>
      <infl tag="--"/>
      <inflClass tag="--"/>
      <inflClass_gen tag="--"/>
    </tok_anno>
  </token>
  <token id="t2" trans="zu" type="token">
    <tok_dipl id="t2_d1" trans="zu" utf="zu"/>
    <tok_anno ascii="zu" id="t2_m1" trans="zu" utf="zu">
      <norm tag="zuo"/>
      <lemma tag="ze"/>
      <lemma_gen tag="ze"/>
      <lemma_idmwb tag="235656000"/>
      <pos tag="APPR"/>
      <pos_gen tag="AP"/>
      <infl tag="--"/>
      <inflClass tag="--"/>
      <inflClass_gen tag="--"/>
    </tok_anno>
  </token>
  <token id="t3" trans="mu\oter" type="token">
    <tok_dipl id="t3_d1" trans="mu\oter" utf="muͦter"/>
    <tok_anno ascii="muoter" id="t3_m1" trans="mu\oter" utf="muͦter">
      <norm tag="muoter"/>
      <lemma tag="muoter"/>
      <lemma_gen tag="muoter"/>
      <lemma_idmwb tag="116949000"/>
      <pos tag="NA"/>
      <pos_gen tag="NA"/>
      <infl tag="Dat.Sg"/>
      <inflClass tag="st(u).Fem"/>
      <inflClass_gen tag="st(u).Fem"/>
    </tok_anno>
  </token>
  <token id="t4" trans="ko$(.)" type="token">
    <tok_dipl id="t4_d1" trans="ko$" utf="koſ"/>
    <tok_anno ascii="kos" id="t4_m1" trans="ko$" utf="koſ">
      <norm tag="kôs"/>
      <lemma tag="kièsen"/>
      <lemma_gen tag="kièsen"/>
      <lemma_idmwb tag="89514000"/>
      <pos tag="VVFIN"/>
      <pos_gen tag="VV"/>
      <infl tag="Ind.Past.Sg.3"/>
      <inflClass tag="st2b"/>
      <inflClass_gen tag="st2b"/>
      <punc tag="DE"/>
    </tok_anno>
  </token>
  <token id="t5" trans="." type="punc">
    <tok_dipl id="t5_d1" trans="." utf="."/>
    <tok_anno ascii="." id="t5_m1" trans="." utf=".">
      <pos tag="$_"/>
      <pos_gen tag="$_"/>
      <punc tag="$E"/>
    </tok_anno>
  </token>
  <token id="t6" trans="Din" type="token">
    <tok_dipl id="t6_d1" trans="Din" utf="Din"/>
    <tok_anno ascii="Din" id="t6_m1" trans="Din" utf="Din">
      <norm tag="dîn"/>
      <lemma tag="dîn"/>
      <lemma_gen tag="dîn"/>
      <lemma_idmwb tag="30567000"/>
      <pos tag="DPOSA"/>
      <pos_gen tag="DPOS"/>
      <infl tag="Fem.Nom.Sg.0"/>
      <inflClass tag="--"/>
      <inflClass_gen tag="--"/>
    </tok_anno>
  </token>
  <token id="t7" trans="wirdecheit,," type="token">
    <tok_dipl id="t7_d1" trans="wirdecheit" utf="wirdecheit"/>
    <tok_anno ascii="wirdecheit" id="t7_m1" trans="wirdecheit" utf="wirdecheit">
      <norm tag="wirdicheit"/>
      <lemma tag="wirdig-hèit"/>
      <lemma_gen tag="wirdig-hèit"/>
      <lemma_idmwb tag="231477000"/>
      <pos tag="NA"/>
      <pos_gen tag="NA"/>
      <infl tag="Nom.Sg"/>
      <inflClass tag="st.Fem"/>
      <inflClass_gen tag="st.Fem"/>
      <punc tag="S*"/>
    </tok_anno>
  </token>
  <token id="t8" trans="du" type="token">
    <tok_dipl id="t8_d1" trans="du" utf="du"/>
    <tok_anno ascii="du" id="t8_m1" trans="du" utf="du">
      <norm tag="diu"/>
      <lemma tag="dër"/>
      <lemma_gen tag="dër"/>
      <lemma_idmwb tag="29823000"/>
      <pos tag="DDS"/>
      <pos_gen tag="DD"/>
      <infl tag="Fem.Nom.Sg"/>
      <inflClass tag="--"/>
      <inflClass_gen tag="--"/>
    </tok_anno>
  </token>
  <token id="t9" trans="n||i$" type="token">
    <tok_dipl id="t9_d1" trans="ni$" utf="niſ"/>
    <tok_anno ascii="n" id="t9_m1" trans="n|" utf="n">
      <norm tag="ne"/>
      <token_type tag="MS1"/>
      <lemma tag="ne"/>
      <lemma_gen tag="ne"/>
      <lemma_idmwb tag="119841000"/>
      <pos tag="PTKNEG"/>
      <pos_gen tag="PTK"/>
      <infl tag="--"/>
      <inflClass tag="--"/>
      <inflClass_gen tag="--"/>
    </tok_anno>
    <tok_anno ascii="is" id="t9_m2" trans="|i$" utf="iſ">
      <norm tag="is"/>
      <token_type tag="MS2"/>
      <lemma tag="sîn"/>
      <lemma_gen tag="sîn"/>
      <lemma_idmwb tag="150147000"/>
      <pos tag="VAFIN"/>
      <pos_gen tag="VA"/>
      <infl tag="Ind.Pres.Sg.3"/>
      <inflClass tag="irr"/>
      <inflClass_gen tag="irr"/>
    </tok_anno>
  </token>
  <token id="t10" trans="$iv" type="token">
    <tok_dipl id="t10_d1" trans="$iv" utf="ſiv"/>
    <tok_anno ascii="siv" id="t10_m1" trans="$iv" utf="ſiv">
      <norm tag="siu"/>
      <lemma tag="ër"/>
      <lemma_gen tag="ër"/>
      <lemma_idmwb tag="40380000"/>
      <pos tag="PPER"/>
      <pos_gen tag="PPER"/>
      <infl tag="Fem.Nom.Sg.3"/>
      <inflClass tag="--"/>
      <inflClass_gen tag="--"/>
    </tok_anno>
  </token>
  <comment type="K">/%.[zu streichen!]/K[niſ ſiv: {sis sit} Schneider]</comment>
  <token id="t11" trans="cleíne(.)" type="token">
    <tok_dipl id="t11_d1" trans="cleíne" utf="cleíne"/>
    <tok_anno ascii="cleine" id="t11_m1" trans="cleíne" utf="cleíne">
      <norm tag="kleine"/>
      <lemma tag="klèine"/>
      <lemma_gen tag="klèine"/>
      <lemma_idmwb tag="91185000"/>
      <pos tag="ADJD"/>
      <pos_gen tag="ADJ"/>
      <infl tag="Pos....0"/>
      <inflClass tag="--"/>
      <inflClass_gen tag="--"/>
      <punc tag="DE"/>
    </tok_anno>
  </token>
  <token id="t12" trans="ioch" type="token">
    <tok_dipl id="t12_d1" trans="ioch" utf="ioch"/>
    <tok_anno ascii="ioch" id="t12_m1" trans="ioch" utf="ioch">
      <norm tag="joch"/>
      <lemma tag="joh"/>
      <lemma_gen tag="joh"/>
      <lemma_idmwb tag="85548000"/>
      <pos tag="AVD"/>
      <pos_gen tag="AVD-KO"/>
      <infl tag="--"/>
      <inflClass tag="--"/>
      <inflClass_gen tag="--"/>
    </tok_anno>
  </token>
  <token id="t13" trans="druge" type="token">
    <tok_dipl id="t13_d1" trans="druge" utf="druge"/>
    <tok_anno ascii="druge" id="t13_m1" trans="druge" utf="druge">
      <norm tag="trüege"/>
      <lemma tag="tragen"/>
      <lemma_gen tag="tragen"/>
      <lemma_idmwb tag="170427000"/>
      <pos tag="VVFIN"/>
      <pos_gen tag="VV"/>
      <infl tag="Ind.Past.Sg.2"/>
      <inflClass tag="st6"/>
      <inflClass_gen tag="st6"/>
    </tok_anno>
  </token>
  <token id="t14" trans="du,,(" type="token">
    <tok_dipl id="t14_d1" trans="du" utf="du"/>
    <tok_anno ascii="du" id="t14_m1" trans="du" utf="du">
      <norm tag="dû"/>
      <lemma tag="dû"/>
      <lemma_gen tag="dû"/>
      <lemma_idmwb tag="32607000"/>
      <pos tag="PPER"/>
      <pos_gen tag="PPER"/>
      <infl tag="Nom.Sg.2"/>
      <inflClass tag="--"/>
      <inflClass_gen tag="--"/>
    </tok_anno>
  </token>
  <token id="t15" trans="maget" type="token">
    <tok_dipl id="t15_d1" trans="maget" utf="maget"/>
    <tok_anno ascii="maget" id="t15_m1" trans="maget" utf="maget">
      <norm tag="maget"/>
      <lemma tag="maged"/>
      <lemma_gen tag="maged"/>
      <lemma_idmwb tag="106875000"/>
      <pos tag="NA"/>
      <pos_gen tag="NA"/>
      <infl tag="Nom.Sg"/>
      <inflClass tag="stu.Fem"/>
      <inflClass_gen tag="stu.Fem"/>
    </tok_anno>
  </token>
  <token id="t16" trans="vil" type="token">
    <tok_dipl id="t16_d1" trans="vil" utf="vil"/>
    <tok_anno ascii="vil" id="t16_m1" trans="vil" utf="vil">
      <norm tag="vile"/>
      <lemma tag="vil(e)"/>
      <lemma_gen tag="vil(e)"/>
      <lemma_idmwb tag="208917000"/>
      <pos tag="AVD"/>
      <pos_gen tag="AVD"/>
      <infl tag="--"/>
      <inflClass tag="--"/>
      <inflClass_gen tag="--"/>
    </tok_anno>
  </token>
  <token id="t17" trans="reín,,)" type="token">
    <tok_dipl id="t17_d1" trans="reín" utf="reín"/>
    <tok_anno ascii="rein" id="t17_m1" trans="reín" utf="reín">
      <norm tag="reine"/>
      <lemma tag="rèin(e)"/>
      <lemma_gen tag="rèin(e)"/>
      <lemma_idmwb tag="133287000"/>
      <pos tag="ADJN"/>
      <pos_gen tag="ADJ"/>
      <infl tag="Pos.Fem.Nom.Sg.st"/>
      <inflClass tag="--"/>
      <inflClass_gen tag="--"/>
    </tok_anno>
  </token>
  <token id="t18" trans="daz" type="token">
    <tok_dipl id="t18_d1" trans="daz" utf="daz"/>
    <tok_anno ascii="daz" id="t18_m1" trans="daz" utf="daz">
      <norm tag="daz"/>
      <lemma tag="dër"/>
      <lemma_gen tag="dër"/>
      <lemma_idmwb tag="29817000"/>
      <pos tag="DDART"/>
      <pos_gen tag="DD"/>
      <infl tag="Neut.Akk.Sg"/>
      <inflClass tag="--"/>
      <inflClass_gen tag="--"/>
    </tok_anno>
  </token>
  <token id="t19" trans="lebendige" type="token">
    <tok_dipl id="t19_d1" trans="lebendige" utf="lebendige"/>
    <tok_anno ascii="lebendige" id="t19_m1" trans="lebendige" utf="lebendige">
      <norm tag="lebentige"/>
      <lemma tag="lëbentig"/>
      <lemma_gen tag="lëbentig"/>
      <lemma_idmwb tag="100254000"/>
      <pos tag="ADJA"/>
      <pos_gen tag="ADJ"/>
      <infl tag="Pos.Neut.Akk.Sg.wk"/>
      <inflClass tag="--"/>
      <inflClass_gen tag="--"/>
    </tok_anno>
  </token>
  <token id="t20" trans="brot(:)" type="token">
    <tok_dipl id="t20_d1" trans="brot" utf="brot"/>
    <tok_anno ascii="brot" id="t20_m1" trans="brot" utf="brot">
      <norm tag="brôt"/>
      <lemma tag="brôt"/>
      <lemma_gen tag="brôt"/>
      <lemma_idmwb tag="25587000"/>
      <pos tag="NA"/>
      <pos_gen tag="NA"/>
      <infl tag="Akk.Sg"/>
      <inflClass tag="st.Neut"/>
      <inflClass_gen tag="st.Neut"/>
      <punc tag="DE"/>
    </tok_anno>
  </token>
  <token id="t21" trans="daz" type="token">
    <tok_dipl id="t21_d1" trans="daz" utf="daz"/>
    <tok_anno ascii="daz" id="t21_m1" trans="daz" utf="daz">
      <norm tag="daz"/>
      <lemma tag="dër"/>
      <lemma_gen tag="dër"/>
      <lemma_idmwb tag="29823000"/>
      <pos tag="DDS"/>
      <pos_gen tag="DD"/>
      <infl tag="Neut.Nom.Sg"/>
      <inflClass tag="--"/>
      <inflClass_gen tag="--"/>
    </tok_anno>
  </token>
  <token id="t22" trans="wa$" type="token">
    <tok_dipl id="t22_d1" trans="wa$" utf="waſ"/>
    <tok_anno ascii="was" id="t22_m1" trans="wa$" utf="waſ">
      <norm tag="was"/>
      <lemma tag="wësen"/>
      <lemma_gen tag="wësen"/>
      <lemma_idmwb tag="225783000"/>
      <pos tag="VAFIN"/>
      <pos_gen tag="VA"/>
      <infl tag="Ind.Past.Sg.3"/>
      <inflClass tag="st5"/>
      <inflClass_gen tag="st5"/>
    </tok_anno>
  </token>
  <token id="t23" trans="got" type="token">
    <tok_dipl id="t23_d1" trans="got" utf="got"/>
    <tok_anno ascii="got" id="t23_m1" trans="got" utf="got">
      <norm tag="got"/>
      <lemma tag="got"/>
      <lemma_gen tag="got"/>
      <lemma_idmwb tag="63291000"/>
      <pos tag="NA"/>
      <pos_gen tag="NA"/>
      <infl tag="Nom.Sg"/>
      <inflClass tag="st.Masc"/>
      <inflClass_gen tag="st.Masc"/>
    </tok_anno>
  </token>
  <token id="t24" trans="$elbo,," type="token">
    <tok_dipl id="t24_d1" trans="$elbo" utf="ſelbo"/>
    <tok_anno ascii="selbo" id="t24_m1" trans="$elbo" utf="ſelbo">
      <norm tag="selbe"/>
      <lemma tag="sëlb"/>
      <lemma_gen tag="sëlb"/>
      <lemma_idmwb tag="147849000"/>
      <pos tag="DDN"/>
      <pos_gen tag="DD"/>
      <infl tag="Masc.Nom.Sg.wk"/>
      <inflClass tag="--"/>
      <inflClass_gen tag="--"/>
      <punc tag="S*"/>
    </tok_anno>
  </token>
  <token id="t25" trans="di||$i=nen" type="token">
    <tok_dipl id="t25_d1" trans="di$i=nen" utf="diſi=nen"/>
    <tok_anno ascii="di" id="t25_m1" trans="di|" utf="di">
      <norm tag="die"/>
      <token_type tag="MS1"/>
      <lemma tag="dër"/>
      <lemma_gen tag="dër"/>
      <lemma_idmwb tag="29823000"/>
      <pos tag="DRELS"/>
      <pos_gen tag="DD"/>
      <infl tag="Masc.Nom.Sg"/>
      <inflClass tag="--"/>
      <inflClass_gen tag="--"/>
    </tok_anno>
    <tok_anno ascii="si=nen" id="t25_m2" trans="|$i=nen" utf="ſi=nen">
      <norm tag="sînen"/>
      <token_type tag="MS2"/>
      <lemma tag="sîn"/>
      <lemma_gen tag="sîn"/>
      <lemma_idmwb tag="150153000"/>
      <pos tag="DPOSA"/>
      <pos_gen tag="DPOS"/>
      <infl tag="Masc.Akk.Sg.st"/>
      <inflClass tag="--"/>
      <inflClass_gen tag="--"/>
    </tok_anno>
  </token>
  <token id="t26" trans="munt" type="token">
    <tok_dipl id="t26_d1" trans="munt" utf="munt"/>
    <tok_anno ascii="munt" id="t26_m1" trans="munt" utf="munt">
      <norm tag="munt"/>
      <lemma tag="mund"/>
      <lemma_gen tag="mund"/>
      <lemma_idmwb tag="116649000"/>
      <pos tag="NA"/>
      <pos_gen tag="NA"/>
      <infl tag="Akk.Sg"/>
      <inflClass tag="st(u).Masc"/>
      <inflClass_gen tag="st(u).Masc"/>
    </tok_anno>
  </token>
  <token id="t27" trans="zu" type="token">
    <tok_dipl id="t27_d1" trans="zu" utf="zu"/>
    <tok_anno ascii="zu" id="t27_m1" trans="zu" utf="zu">
      <norm tag="zuo"/>
      <lemma tag="ze"/>
      <lemma_gen tag="ze"/>
      <lemma_idmwb tag="235656000"/>
      <pos tag="APPR"/>
      <pos_gen tag="AP"/>
      <infl tag="--"/>
      <inflClass tag="--"/>
      <inflClass_gen tag="--"/>
    </tok_anno>
  </token>
  <token id="t28" trans="dínen" type="token">
    <tok_dipl id="t28_d1" trans="dínen" utf="dínen"/>
    <tok_anno ascii="dinen" id="t28_m1" trans="dínen" utf="dínen">
      <norm tag="dînen"/>
      <lemma tag="dîn"/>
      <lemma_gen tag="dîn"/>
      <lemma_idmwb tag="30567000"/>
      <pos tag="DPOSA"/>
      <pos_gen tag="DPOS"/>
      <infl tag="*.Dat.Pl.st"/>
      <inflClass tag="--"/>
      <inflClass_gen tag="--"/>
    </tok_anno>
  </token>
  <token id="t29" trans="bru$ten" type="token">
    <tok_dipl id="t29_d1" trans="bru$ten" utf="bruſten"/>
    <tok_anno ascii="brusten" id="t29_m1" trans="bru$ten" utf="bruſten">
      <norm tag="brusten"/>
      <lemma tag="brust"/>
      <lemma_gen tag="brust"/>
      <lemma_idmwb tag="26382000"/>
      <pos tag="NA"/>
      <pos_gen tag="NA"/>
      <infl tag="Dat.Pl"/>
      <inflClass tag="st(u).Fem"/>
      <inflClass_gen tag="st(u).Fem"/>
    </tok_anno>
  </token>
  <token id="t30" trans="bot" type="token">
    <tok_dipl id="t30_d1" trans="bot" utf="bot"/>
    <tok_anno ascii="bot" id="t30_m1" trans="bot" utf="bot">
      <norm tag="bôt"/>
      <lemma tag="bièten"/>
      <lemma_gen tag="bièten"/>
      <lemma_idmwb tag="20142000"/>
      <pos tag="VVFIN"/>
      <pos_gen tag="VV"/>
      <infl tag="Ind.Past.Sg.3"/>
      <inflClass tag="st2b"/>
      <inflClass_gen tag="st2b"/>
    </tok_anno>
  </token>
  <token id="t31" trans="unt" type="token">
    <tok_dipl id="t31_d1" trans="unt" utf="unt"/>
    <tok_anno ascii="unt" id="t31_m1" trans="unt" utf="unt">
      <norm tag="und"/>
      <lemma tag="unte"/>
      <lemma_gen tag="unte"/>
      <lemma_idmwb tag="183108000"/>
      <pos tag="KON"/>
      <pos_gen tag="KO"/>
      <infl tag="--"/>
      <inflClass tag="--"/>
      <inflClass_gen tag="--"/>
    </tok_anno>
  </token>
  <token id="t32" trans="di=ne" type="token">
    <tok_dipl id="t32_d1" trans="di=ne" utf="di=ne"/>
    <tok_anno ascii="di=ne" id="t32_m1" trans="di=ne" utf="di=ne">
      <norm tag="dîne"/>
      <lemma tag="dîn"/>
      <lemma_gen tag="dîn"/>
      <lemma_idmwb tag="30567000"/>
      <pos tag="DPOSA"/>
      <pos_gen tag="DPOS"/>
      <infl tag="Fem.Akk.Pl.st"/>
      <inflClass tag="--"/>
      <inflClass_gen tag="--"/>
    </tok_anno>
  </token>
  <token id="t33" trans="bru$te" type="token">
    <tok_dipl id="t33_d1" trans="bru$te" utf="bruſte"/>
    <tok_anno ascii="bruste" id="t33_m1" trans="bru$te" utf="bruſte">
      <norm tag="brüste"/>
      <lemma tag="brust"/>
      <lemma_gen tag="brust"/>
      <lemma_idmwb tag="26382000"/>
      <pos tag="NA"/>
      <pos_gen tag="NA"/>
      <infl tag="Akk.Pl"/>
      <inflClass tag="st(u).Fem"/>
      <inflClass_gen tag="st(u).Fem"/>
    </tok_anno>
  </token>
  <token id="t34" trans="in" type="token">
    <tok_dipl id="t34_d1" trans="in" utf="in"/>
    <tok_anno ascii="in" id="t34_m1" trans="in" utf="in">
      <norm tag="in"/>
      <lemma tag="in"/>
      <lemma_gen tag="in"/>
      <lemma_idmwb tag="81741000"/>
      <pos tag="APPR"/>
      <pos_gen tag="AP"/>
      <infl tag="--"/>
      <inflClass tag="--"/>
      <inflClass_gen tag="--"/>
    </tok_anno>
  </token>
  <token id="t35" trans="$íne" type="token">
    <tok_dipl id="t35_d1" trans="$íne" utf="ſíne"/>
    <tok_anno ascii="sine" id="t35_m1" trans="$íne" utf="ſíne">
      <norm tag="sîne"/>
      <lemma tag="sîn"/>
      <lemma_gen tag="sîn"/>
      <lemma_idmwb tag="150153000"/>
      <pos tag="DPOSA"/>
      <pos_gen tag="DPOS"/>
      <infl tag="*.Akk.Pl.st"/>
      <inflClass tag="--"/>
      <inflClass_gen tag="--"/>
    </tok_anno>
  </token>
  <token id="t36" trans="hende" type="token">
    <tok_dipl id="t36_d1" trans="hende" utf="hende"/>
    <tok_anno ascii="hende" id="t36_m1" trans="hende" utf="hende">
      <norm tag="hende"/>
      <lemma tag="hant"/>
      <lemma_gen tag="hant"/>
      <lemma_idmwb tag="68277000"/>
      <pos tag="NA"/>
      <pos_gen tag="NA"/>
      <infl tag="Akk.Pl"/>
      <inflClass tag="st(u).Fem"/>
      <inflClass_gen tag="st(u).Fem"/>
    </tok_anno>
  </token>
  <token id="t37" trans="phing(.)" type="token">
    <tok_dipl id="t37_d1" trans="phing" utf="phing"/>
    <tok_anno ascii="phing" id="t37_m1" trans="phing" utf="phing">
      <norm tag="vienc"/>
      <lemma tag="vâhen"/>
      <lemma_gen tag="vâhen"/>
      <lemma_idmwb tag="197742000"/>
      <pos tag="VVFIN"/>
      <pos_gen tag="VV"/>
      <infl tag="Ind.Past.Sg.3"/>
      <inflClass tag="st7"/>
      <inflClass_gen tag="st7"/>
      <punc tag="DE"/>
    </tok_anno>
  </token>
  <token id="t38" trans="o" type="token">
    <tok_dipl id="t38_d1" trans="o" utf="o"/>
    <tok_anno ascii="o" id="t38_m1" trans="o" utf="o">
      <norm tag="ô"/>
      <lemma tag="ô"/>
      <lemma_gen tag="ô"/>
      <lemma_idmwb tag="123033000"/>
      <pos tag="ITJ"/>
      <pos_gen tag="ITJ"/>
      <infl tag="--"/>
      <inflClass tag="--"/>
      <inflClass_gen tag="--"/>
    </tok_anno>
  </token>
  <token id="t39" trans="woch,," type="token">
    <tok_dipl id="t39_d1" trans="woch" utf="woch"/>
    <tok_anno ascii="woch" id="t39_m1" trans="woch" utf="woch">
      <norm tag="woch"/>
      <lemma tag="woch"/>
      <lemma_gen tag="woch"/>
      <lemma_idmwb tag="232617000"/>
      <pos tag="ITJ"/>
      <pos_gen tag="ITJ"/>
      <infl tag="--"/>
      <inflClass tag="--"/>
      <inflClass_gen tag="--"/>
      <punc tag="S*"/>
    </tok_anno>
  </token>
  <token id="t40" trans="cu=ninginna,," type="token">
    <tok_dipl id="t40_d1" trans="cu=ninginna" utf="cu=ninginna"/>
    <tok_anno ascii="cu=ninginna" id="t40_m1" trans="cu=ninginna" utf="cu=ninginna">
      <norm tag="küninginne"/>
      <lemma tag="küni(n)ginne"/>
      <lemma_gen tag="küni(n)ginne"/>
      <lemma_idmwb tag="97323000"/>
      <pos tag="NA"/>
      <pos_gen tag="NA"/>
      <infl tag="Nom.Sg"/>
      <inflClass tag="*.Fem"/>
      <inflClass_gen tag="*.Fem"/>
      <punc tag="S*"/>
    </tok_anno>
  </token>
  <token id="t41" trans="waz" type="token">
    <tok_dipl id="t41_d1" trans="waz" utf="waz"/>
    <tok_anno ascii="waz" id="t41_m1" trans="waz" utf="waz">
      <norm tag="waz"/>
      <lemma tag="wër"/>
      <lemma_gen tag="wër"/>
      <lemma_idmwb tag="224919000"/>
      <pos tag="PW"/>
      <pos_gen tag="PW"/>
      <infl tag="Neut.Akk.Sg.st"/>
      <inflClass tag="--"/>
      <inflClass_gen tag="--"/>
    </tok_anno>
  </token>
  <token id="t42" trans="gnaden" type="token">
    <tok_dipl id="t42_d1" trans="gnaden" utf="gnaden"/>
    <tok_anno ascii="gnaden" id="t42_m1" trans="gnaden" utf="gnaden">
      <norm tag="genâden"/>
      <lemma tag="ge-nâde"/>
      <lemma_gen tag="ge-nâde"/>
      <lemma_idmwb tag="53412000"/>
      <pos tag="NA"/>
      <pos_gen tag="NA"/>
      <infl tag="Gen.Pl"/>
      <inflClass tag="*.Fem"/>
      <inflClass_gen tag="*.Fem"/>
    </tok_anno>
  </token>
  <token id="t43" trans="got" type="token">
    <tok_dipl id="t43_d1" trans="got" utf="got"/>
    <tok_anno ascii="got" id="t43_m1" trans="got" utf="got">
      <norm tag="got"/>
      <lemma tag="got"/>
      <lemma_gen tag="got"/>
      <lemma_idmwb tag="63291000"/>
      <pos tag="NA"/>
      <pos_gen tag="NA"/>
      <infl tag="Nom.Sg"/>
      <inflClass tag="st.Masc"/>
      <inflClass_gen tag="st.Masc"/>
    </tok_anno>
  </token>
  <token id="t44" trans="an||dir" type="token">
    <tok_dipl id="t44_d1" trans="andir" utf="andir"/>
    <tok_anno ascii="an" id="t44_m1" trans="an|" utf="an">
      <norm tag="an"/>
      <token_type tag="MS1"/>
      <lemma tag="ane"/>
      <lemma_gen tag="ane"/>
      <lemma_idmwb tag="5691000"/>
      <pos tag="APPR"/>
      <pos_gen tag="AP"/>
      <infl tag="--"/>
      <inflClass tag="--"/>
      <inflClass_gen tag="--"/>
    </tok_anno>
    <tok_anno ascii="dir" id="t44_m2" trans="|dir" utf="dir">
      <norm tag="dir"/>
      <token_type tag="MS2"/>
      <lemma tag="dû"/>
      <lemma_gen tag="dû"/>
      <lemma_idmwb tag="32607000"/>
      <pos tag="PPER"/>
      <pos_gen tag="PPER"/>
      <infl tag="Dat.Sg.2"/>
      <inflClass tag="--"/>
      <inflClass_gen tag="--"/>
    </tok_anno>
  </token>
  <token id="t45" trans="be#ginc(!)" type="token">
    <tok_dipl id="t45_d1" trans="be" utf="be"/>
    <tok_dipl id="t45_d2" trans="ginc" utf="ginc"/>
    <tok_anno ascii="beginc" id="t45_m1" trans="be#ginc" utf="beginc">
      <norm tag="begienc"/>
      <token_type tag="US"/>
      <lemma tag="be-gân"/>
      <lemma_gen tag="be-gân"/>
      <lemma_idmwb tag="12654000"/>
      <pos tag="VVFIN"/>
      <pos_gen tag="VV"/>
      <infl tag="Ind.Past.Sg.3"/>
      <inflClass tag="irr"/>
      <inflClass_gen tag="irr"/>
      <punc tag="EE"/>
    </tok_anno>
  </token>
  <token id="t46" trans="." type="punc">
    <tok_dipl id="t46_d1" trans="." utf="."/>
    <tok_anno ascii="." id="t46_m1" trans="." utf=".">
      <pos tag="$_"/>
      <pos_gen tag="$_"/>
      <punc tag="$E"/>
    </tok_anno>
  </token>
  <token id="t47" trans="*(L*)a" type="token">
    <tok_dipl id="t47_d1" trans="*(L*)a" utf="La"/>
    <tok_anno ascii="La" id="t47_m1" trans="*(L*)a" utf="La">
      <norm tag="lâ"/>
      <lemma tag="lâzen"/>
      <lemma_gen tag="lâzen"/>
      <lemma_idmwb tag="100122000"/>
      <pos tag="VVIMP"/>
      <pos_gen tag="VV"/>
      <infl tag="Sg.2"/>
      <inflClass tag="st7"/>
      <inflClass_gen tag="st7"/>
    </tok_anno>
  </token>
  <token id="t48" trans="mich" type="token">
    <tok_dipl id="t48_d1" trans="mich" utf="mich"/>
    <tok_anno ascii="mich" id="t48_m1" trans="mich" utf="mich">
      <norm tag="mich"/>
      <lemma tag="ich"/>
      <lemma_gen tag="ich"/>
      <lemma_idmwb tag="81210000"/>
      <pos tag="PPER"/>
      <pos_gen tag="PPER"/>
      <infl tag="Akk.Sg.1"/>
      <inflClass tag="--"/>
      <inflClass_gen tag="--"/>
    </tok_anno>
  </token>
  <token id="t49" trans="genízen,," type="token">
    <tok_dipl id="t49_d1" trans="genízen" utf="genízen"/>
    <tok_anno ascii="genizen" id="t49_m1" trans="genízen" utf="genízen">
      <norm tag="geniezen"/>
      <lemma tag="ge-nièzen"/>
      <lemma_gen tag="ge-nièzen"/>
      <lemma_idmwb tag="53865000"/>
      <pos tag="VVINF"/>
      <pos_gen tag="VV"/>
      <infl tag="--"/>
      <inflClass tag="st2b"/>
      <inflClass_gen tag="st2b"/>
      <punc tag="S*"/>
    </tok_anno>
  </token>
  <token id="t50" trans="$uanne" type="token">
    <tok_dipl id="t50_d1" trans="$uanne" utf="ſuanne"/>
    <tok_anno ascii="suanne" id="t50_m1" trans="$uanne" utf="ſuanne">
      <norm tag="swanne"/>
      <lemma tag="swanne"/>
      <lemma_gen tag="swanne"/>
      <lemma_idmwb tag="164619000"/>
      <pos tag="AVG"/>
      <pos_gen tag="AVG"/>
      <infl tag="--"/>
      <inflClass tag="--"/>
      <inflClass_gen tag="--"/>
    </tok_anno>
  </token>
  <token id="t51" trans="ich" type="token">
    <tok_dipl id="t51_d1" trans="ich" utf="ich"/>
    <tok_anno ascii="ich" id="t51_m1" trans="ich" utf="ich">
      <norm tag="ich"/>
      <lemma tag="ich"/>
      <lemma_gen tag="ich"/>
      <lemma_idmwb tag="81210000"/>
      <pos tag="PPER"/>
      <pos_gen tag="PPER"/>
      <infl tag="Nom.Sg.1"/>
      <inflClass tag="--"/>
      <inflClass_gen tag="--"/>
    </tok_anno>
  </token>
  <token id="t52" trans="dich" type="token">
    <tok_dipl id="t52_d1" trans="dich" utf="dich"/>
    <tok_anno ascii="dich" id="t52_m1" trans="dich" utf="dich">
      <norm tag="dich"/>
      <lemma tag="dû"/>
      <lemma_gen tag="dû"/>
      <lemma_idmwb tag="32607000"/>
      <pos tag="PPER"/>
      <pos_gen tag="PPER"/>
      <infl tag="Akk.Sg.2"/>
      <inflClass tag="--"/>
      <inflClass_gen tag="--"/>
    </tok_anno>
  </token>
  <token id="t53" trans="nenne,," type="token">
    <tok_dipl id="t53_d1" trans="nenne" utf="nenne"/>
    <tok_anno ascii="nenne" id="t53_m1" trans="nenne" utf="nenne">
      <norm tag="nenne"/>
      <lemma tag="nènnen"/>
      <lemma_gen tag="nènnen"/>
      <lemma_idmwb tag="120141000"/>
      <pos tag="VVFIN"/>
      <pos_gen tag="VV"/>
      <infl tag="*.Pres.Sg.1"/>
      <inflClass tag="wk"/>
      <inflClass_gen tag="wk"/>
      <punc tag="S*"/>
    </tok_anno>
  </token>
  <token id="t54" trans="daz" type="token">
    <tok_dipl id="t54_d1" trans="daz" utf="daz"/>
    <tok_anno ascii="daz" id="t54_m1" trans="daz" utf="daz">
      <norm tag="daz"/>
      <lemma tag="dazz"/>
      <lemma_gen tag="dazz"/>
      <lemma_idmwb tag="29484000"/>
      <pos tag="KOUS"/>
      <pos_gen tag="KO"/>
      <infl tag="--"/>
      <inflClass tag="--"/>
      <inflClass_gen tag="--"/>
    </tok_anno>
  </token>
  <token id="t55" trans="ich,,(" type="token">
    <tok_dipl id="t55_d1" trans="ich" utf="ich"/>
    <tok_anno ascii="ich" id="t55_m1" trans="ich" utf="ich">
      <norm tag="ich"/>
      <lemma tag="ich"/>
      <lemma_gen tag="ich"/>
      <lemma_idmwb tag="81210000"/>
      <pos tag="PPER"/>
      <pos_gen tag="PPER"/>
      <infl tag="Nom.Sg.1"/>
      <inflClass tag="--"/>
      <inflClass_gen tag="--"/>
    </tok_anno>
  </token>
  <token id="t56" trans="maria" type="token">
    <tok_dipl id="t56_d1" trans="maria" utf="maria"/>
    <tok_anno ascii="maria" id="t56_m1" trans="maria" utf="maria">
      <norm tag="--"/>
      <lemma tag="Maria"/>
      <lemma_gen tag="Maria"/>
      <lemma_idmwb tag="--"/>
      <pos tag="NE"/>
      <pos_gen tag="FM"/>
      <infl tag="Nom.Sg"/>
      <inflClass tag="--"/>
      <inflClass_gen tag="--"/>
    </tok_anno>
  </token>
  <comment type="K">/K[maria: {Maria} Schneider]</comment>
  <token id="t57" trans="frowa,,)" type="token">
    <tok_dipl id="t57_d1" trans="frowa" utf="frowa"/>
    <tok_anno ascii="frowa" id="t57_m1" trans="frowa" utf="frowa">
      <norm tag="vrouwe"/>
      <lemma tag="vrouwe"/>
      <lemma_gen tag="vrouwe"/>
      <lemma_idmwb tag="217017000"/>
      <pos tag="NA"/>
      <pos_gen tag="NA"/>
      <infl tag="Nom.Sg"/>
      <inflClass tag="*.Fem"/>
      <inflClass_gen tag="*.Fem"/>
    </tok_anno>
  </token>
  <token id="t58" trans="de$" type="token">
    <tok_dipl id="t58_d1" trans="de$" utf="deſ"/>
    <tok_anno ascii="des" id="t58_m1" trans="de$" utf="deſ">
      <norm tag="des"/>
      <lemma tag="dër"/>
      <lemma_gen tag="dër"/>
      <lemma_idmwb tag="29823000"/>
      <pos tag="DDS"/>
      <pos_gen tag="DD"/>
      <infl tag="Neut.Gen.Sg"/>
      <inflClass tag="--"/>
      <inflClass_gen tag="--"/>
    </tok_anno>
  </token>
  <token id="t59" trans="gelobe," type="token">
    <tok_dipl id="t59_d1" trans="gelobe" utf="gelobe"/>
    <tok_anno ascii="gelobe" id="t59_m1" trans="gelobe" utf="gelobe">
      <norm tag="geloube"/>
      <lemma tag="ge-louben"/>
      <lemma_gen tag="ge-louben"/>
      <lemma_idmwb tag="52251000"/>
      <pos tag="VVFIN"/>
      <pos_gen tag="VV"/>
      <infl tag="*.Pres.Sg.1"/>
      <inflClass tag="wk"/>
      <inflClass_gen tag="wk"/>
      <punc tag="N*"/>
    </tok_anno>
  </token>
  <token id="t60" trans="de$" type="token">
    <tok_dipl id="t60_d1" trans="de$" utf="deſ"/>
    <tok_anno ascii="des" id="t60_m1" trans="de$" utf="deſ">
      <norm tag="des"/>
      <lemma tag="dër"/>
      <lemma_gen tag="dër"/>
      <lemma_idmwb tag="29823000"/>
      <pos tag="DDS"/>
      <pos_gen tag="DD"/>
      <infl tag="Neut.Gen.Sg"/>
      <inflClass tag="--"/>
      <inflClass_gen tag="--"/>
    </tok_anno>
  </token>
  <token id="t61" trans="an" type="token">
    <tok_dipl id="t61_d1" trans="an" utf="an"/>
    <tok_anno ascii="an" id="t61_m1" trans="an" utf="an">
      <norm tag="an"/>
      <lemma tag="ane"/>
      <lemma_gen tag="ane"/>
      <lemma_idmwb tag="5691000"/>
      <pos tag="APPR"/>
      <pos_gen tag="AP"/>
      <infl tag="--"/>
      <inflClass tag="--"/>
      <inflClass_gen tag="--"/>
    </tok_anno>
  </token>
  <token id="t62" trans="dir||re#chenne,," type="token">
    <tok_dipl id="t62_d1" trans="dirre" utf="dirre"/>
    <tok_dipl id="t62_d2" trans="chenne" utf="chenne"/>
    <tok_anno ascii="dir" id="t62_m1" trans="dir|" utf="dir">
      <norm tag="dir"/>
      <token_type tag="MS1"/>
      <lemma tag="dû"/>
      <lemma_gen tag="dû"/>
      <lemma_idmwb tag="32607000"/>
      <pos tag="PPER"/>
      <pos_gen tag="PPER"/>
      <infl tag="Dat.Sg.2"/>
      <inflClass tag="--"/>
      <inflClass_gen tag="--"/>
    </tok_anno>
    <tok_anno ascii="rechenne" id="t62_m2" trans="|re#chenne" utf="rechenne">
      <norm tag="erkenne"/>
      <token_type tag="MS2 US"/>
      <lemma tag="er-kènnen"/>
      <lemma_gen tag="er-kènnen"/>
      <lemma_idmwb tag="42243000"/>
      <pos tag="VVFIN"/>
      <pos_gen tag="VV"/>
      <infl tag="*.Pres.Sg.1"/>
      <inflClass tag="wk"/>
      <inflClass_gen tag="wk"/>
      <punc tag="S*"/>
    </tok_anno>
  </token>
  <token id="t63" trans="daz" type="token">
    <tok_dipl id="t63_d1" trans="daz" utf="daz"/>
    <tok_anno ascii="daz" id="t63_m1" trans="daz" utf="daz">
      <norm tag="daz"/>
      <lemma tag="dazz"/>
      <lemma_gen tag="dazz"/>
      <lemma_idmwb tag="29484000"/>
      <pos tag="KOUS"/>
      <pos_gen tag="KO"/>
      <infl tag="--"/>
      <inflClass tag="--"/>
      <inflClass_gen tag="--"/>
    </tok_anno>
  </token>
  <token id="t64" trans="níman" type="token">
    <tok_dipl id="t64_d1" trans="níman" utf="níman"/>
    <tok_anno ascii="niman" id="t64_m1" trans="níman" utf="níman">
      <norm tag="nieman"/>
      <lemma tag="niè-mann(d)"/>
      <lemma_gen tag="niè-mann(d)"/>
      <lemma_idmwb tag="121284000"/>
      <pos tag="DIA"/>
      <pos_gen tag="DI"/>
      <infl tag="*.Nom.Sg.st"/>
      <inflClass tag="--"/>
      <inflClass_gen tag="--"/>
    </tok_anno>
  </token>
  <token id="t65" trans="gude$" type="token">
    <tok_dipl id="t65_d1" trans="gude$" utf="gudeſ"/>
    <tok_anno ascii="gudes" id="t65_m1" trans="gude$" utf="gudeſ">
      <norm tag="guotes"/>
      <lemma tag="guot"/>
      <lemma_gen tag="guot"/>
      <lemma_idmwb tag="66528000"/>
      <pos tag="ADJA"/>
      <pos_gen tag="ADJ"/>
      <infl tag="Pos.Masc.Gen.Sg.st"/>
      <inflClass tag="--"/>
      <inflClass_gen tag="--"/>
    </tok_anno>
  </token>
  <comment type="K">/^[Behaghel I,492]</comment>
  <token id="t66" trans="mac" type="token">
    <tok_dipl id="t66_d1" trans="mac" utf="mac"/>
    <tok_anno ascii="mac" id="t66_m1" trans="mac" utf="mac">
      <norm tag="mac"/>
      <lemma tag="mügen"/>
      <lemma_gen tag="mügen"/>
      <lemma_idmwb tag="116097000"/>
      <pos tag="VMFIN"/>
      <pos_gen tag="VM"/>
      <infl tag="Ind.Pres.Sg.3"/>
      <inflClass tag="prpr"/>
      <inflClass_gen tag="prpr"/>
    </tok_anno>
  </token>
  <token id="t67" trans="de%s" type="token">
    <tok_dipl id="t67_d1" trans="de%s" utf="deᷤ"/>
    <tok_anno ascii="des" id="t67_m1" trans="de%s" utf="deᷤ">
      <norm tag="des"/>
      <lemma tag="dër"/>
      <lemma_gen tag="dër"/>
      <lemma_idmwb tag="29823000"/>
      <pos tag="DDS"/>
      <pos_gen tag="DD"/>
      <infl tag="Neut.Gen.Sg"/>
      <inflClass tag="--"/>
      <inflClass_gen tag="--"/>
    </tok_anno>
  </token>
  <token id="t68" trans="verlochenen,," type="token">
    <tok_dipl id="t68_d1" trans="verlochenen" utf="verlochenen"/>
    <tok_anno ascii="verlochenen" id="t68_m1" trans="verlochenen" utf="verlochenen">
      <norm tag="verlougenen"/>
      <lemma tag="ver-loug(en)en"/>
      <lemma_gen tag="ver-loug(en)en"/>
      <lemma_idmwb tag="203280000"/>
      <pos tag="VVINF"/>
      <pos_gen tag="VV"/>
      <infl tag="--"/>
      <inflClass tag="wk"/>
      <inflClass_gen tag="wk"/>
      <punc tag="S*"/>
    </tok_anno>
  </token>
  <token id="t69" trans="du||n" type="token">
    <tok_dipl id="t69_d1" trans="dun" utf="dun"/>
    <tok_anno ascii="du" id="t69_m1" trans="du|" utf="du">
      <norm tag="dû"/>
      <token_type tag="MS1"/>
      <lemma tag="dû"/>
      <lemma_gen tag="dû"/>
      <lemma_idmwb tag="32607000"/>
      <pos tag="PPER"/>
      <pos_gen tag="PPER"/>
      <infl tag="Nom.Sg.2"/>
      <inflClass tag="--"/>
      <inflClass_gen tag="--"/>
    </tok_anno>
    <tok_anno ascii="n" id="t69_m2" trans="|n" utf="n">
      <norm tag="ne"/>
      <token_type tag="MS2"/>
      <lemma tag="ne"/>
      <lemma_gen tag="ne"/>
      <lemma_idmwb tag="119841000"/>
      <pos tag="PTKNEG"/>
      <pos_gen tag="PTK"/>
      <infl tag="--"/>
      <inflClass tag="--"/>
      <inflClass_gen tag="--"/>
    </tok_anno>
  </token>
  <token id="t70" trans="$i$" type="token">
    <tok_dipl id="t70_d1" trans="$i$" utf="ſiſ"/>
    <tok_anno ascii="sis" id="t70_m1" trans="$i$" utf="ſiſ">
      <norm tag="sîs"/>
      <lemma tag="sîn"/>
      <lemma_gen tag="sîn"/>
      <lemma_idmwb tag="150147000"/>
      <pos tag="VAFIN"/>
      <pos_gen tag="VA"/>
      <infl tag="Subj.Pres.Sg.2"/>
      <inflClass tag="irr"/>
      <inflClass_gen tag="irr"/>
    </tok_anno>
  </token>
  <token id="t71" trans="dir" type="token">
    <tok_dipl id="t71_d1" trans="dir" utf="dir"/>
    <tok_anno ascii="dir" id="t71_m1" trans="dir" utf="dir">
      <norm tag="der"/>
      <lemma tag="dër"/>
      <lemma_gen tag="dër"/>
      <lemma_idmwb tag="29817000"/>
      <pos tag="DDART"/>
      <pos_gen tag="DD"/>
      <infl tag="Fem.Gen.Sg"/>
      <inflClass tag="--"/>
      <inflClass_gen tag="--"/>
    </tok_anno>
  </token>
  <token id="t72" trans="barmung" type="token">
    <tok_dipl id="t72_d1" trans="barmung" utf="barmung"/>
    <tok_anno ascii="barmung" id="t72_m1" trans="barmung" utf="barmung">
      <norm tag="barmunge"/>
      <lemma tag="barmunge"/>
      <lemma_gen tag="barmunge"/>
      <lemma_idmwb tag="11706000"/>
      <pos tag="NA"/>
      <pos_gen tag="NA"/>
      <infl tag="Gen.Sg"/>
      <inflClass tag="st.Fem"/>
      <inflClass_gen tag="*.Fem"/>
    </tok_anno>
  </token>
  <comment type="K">/K[barmung.: {barmunge} Schneider]</comment>
  <token id="t73" trans="." type="punc">
    <tok_dipl id="t73_d1" trans="." utf="."/>
    <tok_anno ascii="." id="t73_m1" trans="." utf=".">
      <pos tag="$_"/>
      <pos_gen tag="$_"/>
    </tok_anno>
  </token>
  <token id="t74" trans="mo\vter(.)" type="token">
    <tok_dipl id="t74_d1" trans="mo\vter" utf="moͮter"/>
    <tok_anno ascii="movter" id="t74_m1" trans="mo\vter" utf="moͮter">
      <norm tag="muoter"/>
      <lemma tag="muoter"/>
      <lemma_gen tag="muoter"/>
      <lemma_idmwb tag="116949000"/>
      <pos tag="NA"/>
      <pos_gen tag="NA"/>
      <infl tag="Nom.Sg"/>
      <inflClass tag="st(u).Fem"/>
      <inflClass_gen tag="st(u).Fem"/>
      <punc tag="DE"/>
    </tok_anno>
  </token>
  <token id="t75" trans="." type="punc">
    <tok_dipl id="t75_d1" trans="." utf="."/>
    <tok_anno ascii="." id="t75_m1" trans="." utf=".">
      <pos tag="$_"/>
      <pos_gen tag="$_"/>
      <punc tag="$E"/>
    </tok_anno>
  </token>
  <token id="t76" trans="La" type="token">
    <tok_dipl id="t76_d1" trans="La" utf="La"/>
    <tok_anno ascii="La" id="t76_m1" trans="La" utf="La">
      <norm tag="lâ"/>
      <lemma tag="lâzen"/>
      <lemma_gen tag="lâzen"/>
      <lemma_idmwb tag="100122000"/>
      <pos tag="VVIMP"/>
      <pos_gen tag="VV"/>
      <infl tag="Sg.2"/>
      <inflClass tag="st7"/>
      <inflClass_gen tag="st7"/>
    </tok_anno>
  </token>
  <token id="t77" trans="mich" type="token">
    <tok_dipl id="t77_d1" trans="mich" utf="mich"/>
    <tok_anno ascii="mich" id="t77_m1" trans="mich" utf="mich">
      <norm tag="mich"/>
      <lemma tag="ich"/>
      <lemma_gen tag="ich"/>
      <lemma_idmwb tag="81210000"/>
      <pos tag="PPER"/>
      <pos_gen tag="PPER"/>
      <infl tag="Akk.Sg.1"/>
      <inflClass tag="--"/>
      <inflClass_gen tag="--"/>
    </tok_anno>
  </token>
  <token id="t78" trans="genízen,," type="token">
    <tok_dipl id="t78_d1" trans="genízen" utf="genízen"/>
    <tok_anno ascii="genizen" id="t78_m1" trans="genízen" utf="genízen">
      <norm tag="geniezen"/>
      <lemma tag="ge-nièzen"/>
      <lemma_gen tag="ge-nièzen"/>
      <lemma_idmwb tag="53865000"/>
      <pos tag="VVINF"/>
      <pos_gen tag="VV"/>
      <infl tag="--"/>
      <inflClass tag="st2b"/>
      <inflClass_gen tag="st2b"/>
      <punc tag="S*"/>
    </tok_anno>
  </token>
  <token id="t79" trans="de$" type="token">
    <tok_dipl id="t79_d1" trans="de$" utf="deſ"/>
    <tok_anno ascii="des" id="t79_m1" trans="de$" utf="deſ">
      <norm tag="des"/>
      <lemma tag="dër"/>
      <lemma_gen tag="dër"/>
      <lemma_idmwb tag="29823000"/>
      <pos tag="DRELS"/>
      <pos_gen tag="DD"/>
      <infl tag="Neut.Gen.Sg"/>
      <inflClass tag="--"/>
      <inflClass_gen tag="--"/>
    </tok_anno>
  </token>
  <token id="t80" trans="hi" type="token">
    <tok_dipl id="t80_d1" trans="hi" utf="hi"/>
    <tok_anno ascii="hi" id="t80_m1" trans="hi" utf="hi">
      <norm tag="hier"/>
      <lemma tag="hièr"/>
      <lemma_gen tag="hièr"/>
      <lemma_idmwb tag="73965000"/>
      <pos tag="AVD"/>
      <pos_gen tag="AVD"/>
      <infl tag="--"/>
      <inflClass tag="--"/>
      <inflClass_gen tag="--"/>
    </tok_anno>
  </token>
  <token id="t81" trans="begínge" type="token">
    <tok_dipl id="t81_d1" trans="begínge" utf="begínge"/>
    <tok_anno ascii="beginge" id="t81_m1" trans="begínge" utf="begínge">
      <norm tag="begienge"/>
      <lemma tag="be-gân"/>
      <lemma_gen tag="be-gân"/>
      <lemma_idmwb tag="12654000"/>
      <pos tag="VVFIN"/>
      <pos_gen tag="VV"/>
      <infl tag="Ind.Past.Sg.2"/>
      <inflClass tag="irr"/>
      <inflClass_gen tag="irr"/>
    </tok_anno>
  </token>
  <token id="t82" trans="in" type="token">
    <tok_dipl id="t82_d1" trans="in" utf="in"/>
    <tok_anno ascii="in" id="t82_m1" trans="in" utf="in">
      <norm tag="in"/>
      <lemma tag="in"/>
      <lemma_gen tag="in"/>
      <lemma_idmwb tag="81741000"/>
      <pos tag="APPR"/>
      <pos_gen tag="AP"/>
      <infl tag="--"/>
      <inflClass tag="--"/>
      <inflClass_gen tag="--"/>
    </tok_anno>
  </token>
  <token id="t83" trans="dirre" type="token">
    <tok_dipl id="t83_d1" trans="dirre" utf="dirre"/>
    <tok_anno ascii="dirre" id="t83_m1" trans="dirre" utf="dirre">
      <norm tag="dirre"/>
      <lemma tag="dise"/>
      <lemma_gen tag="dise"/>
      <lemma_idmwb tag="30921000"/>
      <pos tag="DDA"/>
      <pos_gen tag="DD"/>
      <infl tag="Fem.Dat.Sg"/>
      <inflClass tag="--"/>
      <inflClass_gen tag="--"/>
    </tok_anno>
  </token>
  <token id="t84" trans="werlende" type="token">
    <tok_dipl id="t84_d1" trans="werlende" utf="werlende"/>
    <tok_anno ascii="werlende" id="t84_m1" trans="werlende" utf="werlende">
      <norm tag="werlte"/>
      <lemma tag="wër(e)lt"/>
      <lemma_gen tag="wër(e)lt"/>
      <lemma_idmwb tag="225300000"/>
      <pos tag="NA"/>
      <pos_gen tag="NA"/>
      <infl tag="Dat.Sg"/>
      <inflClass tag="st.Fem"/>
      <inflClass_gen tag="st.Fem"/>
    </tok_anno>
  </token>
  <token id="t85" trans="mit" type="token">
    <tok_dipl id="t85_d1" trans="mit" utf="mit"/>
    <tok_anno ascii="mit" id="t85_m1" trans="mit" utf="mit">
      <norm tag="mit"/>
      <lemma tag="mit"/>
      <lemma_gen tag="mit"/>
      <lemma_idmwb tag="113898000"/>
      <pos tag="APPR"/>
      <pos_gen tag="AP"/>
      <infl tag="--"/>
      <inflClass tag="--"/>
      <inflClass_gen tag="--"/>
    </tok_anno>
  </token>
  <token id="t86" trans="dime" type="token">
    <tok_dipl id="t86_d1" trans="dime" utf="dime"/>
    <tok_anno ascii="dime" id="t86_m1" trans="dime" utf="dime">
      <norm tag="dîneme"/>
      <lemma tag="dîn"/>
      <lemma_gen tag="dîn"/>
      <lemma_idmwb tag="30567000"/>
      <pos tag="DPOSA"/>
      <pos_gen tag="DPOS"/>
      <infl tag="Masc.Dat.Sg.st"/>
      <inflClass tag="--"/>
      <inflClass_gen tag="--"/>
    </tok_anno>
  </token>
  <token id="t87" trans="$o\vne,," type="token">
    <tok_dipl id="t87_d1" trans="$o\vne" utf="ſoͮne"/>
    <tok_anno ascii="sovne" id="t87_m1" trans="$o\vne" utf="ſoͮne">
      <norm tag="sune"/>
      <lemma tag="sun"/>
      <lemma_gen tag="sun"/>
      <lemma_idmwb tag="162972000"/>
      <pos tag="NA"/>
      <pos_gen tag="NA"/>
      <infl tag="Dat.Sg"/>
      <inflClass tag="stu.Masc"/>
      <inflClass_gen tag="stu.Masc"/>
      <punc tag="S*"/>
    </tok_anno>
  </token>
  <token id="t88" trans="du" type="token">
    <tok_dipl id="t88_d1" trans="du" utf="du"/>
    <tok_anno ascii="du" id="t88_m1" trans="du" utf="du">
      <norm tag="dô"/>
      <lemma tag="dô"/>
      <lemma_gen tag="dô"/>
      <lemma_idmwb tag="31164000"/>
      <pos tag="KOUS"/>
      <pos_gen tag="KO"/>
      <infl tag="--"/>
      <inflClass tag="--"/>
      <inflClass_gen tag="--"/>
    </tok_anno>
  </token>
  <token id="t89" trans="du" type="token">
    <tok_dipl id="t89_d1" trans="du" utf="du"/>
    <tok_anno ascii="du" id="t89_m1" trans="du" utf="du">
      <norm tag="dû"/>
      <lemma tag="dû"/>
      <lemma_gen tag="dû"/>
      <lemma_idmwb tag="32607000"/>
      <pos tag="PPER"/>
      <pos_gen tag="PPER"/>
      <infl tag="Nom.Sg.2"/>
      <inflClass tag="--"/>
      <inflClass_gen tag="--"/>
    </tok_anno>
  </token>
  <token id="t90" trans="en" type="token">
    <tok_dipl id="t90_d1" trans="en" utf="en"/>
    <tok_anno ascii="en" id="t90_m1" trans="en" utf="en">
      <norm tag="in"/>
      <lemma tag="ër"/>
      <lemma_gen tag="ër"/>
      <lemma_idmwb tag="40380000"/>
      <pos tag="PPER"/>
      <pos_gen tag="PPER"/>
      <infl tag="Masc.Akk.Sg.3"/>
      <inflClass tag="--"/>
      <inflClass_gen tag="--"/>
    </tok_anno>
  </token>
  <token id="t91" trans="mit" type="token">
    <tok_dipl id="t91_d1" trans="mit" utf="mit"/>
    <tok_anno ascii="mit" id="t91_m1" trans="mit" utf="mit">
      <norm tag="mit"/>
      <lemma tag="mit"/>
      <lemma_gen tag="mit"/>
      <lemma_idmwb tag="113898000"/>
      <pos tag="APPR"/>
      <pos_gen tag="AP"/>
      <infl tag="--"/>
      <inflClass tag="--"/>
      <inflClass_gen tag="--"/>
    </tok_anno>
  </token>
  <token id="t92" trans="han=den" type="token">
    <tok_dipl id="t92_d1" trans="han=den" utf="han=den"/>
    <tok_anno ascii="han=den" id="t92_m1" trans="han=den" utf="han=den">
      <norm tag="handen"/>
      <lemma tag="hant"/>
      <lemma_gen tag="hant"/>
      <lemma_idmwb tag="68277000"/>
      <pos tag="NA"/>
      <pos_gen tag="NA"/>
      <infl tag="Dat.Pl"/>
      <inflClass tag="st(u).Fem"/>
      <inflClass_gen tag="st(u).Fem"/>
    </tok_anno>
  </token>
  <token id="t93" trans="zu" type="token">
    <tok_dipl id="t93_d1" trans="zu" utf="zu"/>
    <tok_anno ascii="zu" id="t93_m1" trans="zu" utf="zu">
      <norm tag="zuo"/>
      <lemma tag="ze"/>
      <lemma_gen tag="ze"/>
      <lemma_idmwb tag="235656000"/>
      <pos tag="APPR"/>
      <pos_gen tag="AP"/>
      <infl tag="--"/>
      <inflClass tag="--"/>
      <inflClass_gen tag="--"/>
    </tok_anno>
  </token>
  <token id="t94" trans="dir" type="token">
    <tok_dipl id="t94_d1" trans="dir" utf="dir"/>
    <tok_anno ascii="dir" id="t94_m1" trans="dir" utf="dir">
      <norm tag="dir"/>
      <lemma tag="dû"/>
      <lemma_gen tag="dû"/>
      <lemma_idmwb tag="32607000"/>
      <pos tag="PRF"/>
      <pos_gen tag="PPER"/>
      <infl tag="*.Dat.Sg.st"/>
      <inflClass tag="--"/>
      <inflClass_gen tag="--"/>
    </tok_anno>
  </token>
  <token id="t95" trans="phinge(.)" type="token">
    <tok_dipl id="t95_d1" trans="phinge" utf="phinge"/>
    <tok_anno ascii="phinge" id="t95_m1" trans="phinge" utf="phinge">
      <norm tag="vienge"/>
      <lemma tag="vâhen"/>
      <lemma_gen tag="vâhen"/>
      <lemma_idmwb tag="197742000"/>
      <pos tag="VVFIN"/>
      <pos_gen tag="VV"/>
      <infl tag="Ind.Past.Sg.2"/>
      <inflClass tag="st7"/>
      <inflClass_gen tag="st7"/>
      <punc tag="DE"/>
    </tok_anno>
  </token>
  <token id="t96" trans="." type="punc">
    <tok_dipl id="t96_d1" trans="." utf="."/>
    <tok_anno ascii="." id="t96_m1" trans="." utf=".">
      <pos tag="$_"/>
      <pos_gen tag="$_"/>
      <punc tag="$E"/>
    </tok_anno>
  </token>
  <token id="t97" trans="wol" type="token">
    <tok_dipl id="t97_d1" trans="wol" utf="wol"/>
    <tok_anno ascii="wol" id="t97_m1" trans="wol" utf="wol">
      <norm tag="wole"/>
      <lemma tag="wol(e)"/>
      <lemma_gen tag="wol(e)"/>
      <lemma_idmwb tag="???"/>
      <pos tag="AVD"/>
      <pos_gen tag="AVD"/>
      <infl tag="--"/>
      <inflClass tag="--"/>
      <inflClass_gen tag="--"/>
    </tok_anno>
  </token>
  <token id="t98" trans="die" type="token">
    <tok_dipl id="t98_d1" trans="die" utf="die"/>
    <tok_anno ascii="die" id="t98_m1" trans="die" utf="die">
      <norm tag="dir"/>
      <lemma tag="dû"/>
      <lemma_gen tag="dû"/>
      <lemma_idmwb tag="32607000"/>
      <pos tag="PPER"/>
      <pos_gen tag="PPER"/>
      <infl tag="Dat.Sg.2"/>
      <inflClass tag="--"/>
      <inflClass_gen tag="--"/>
    </tok_anno>
  </token>
  <comment type="K">/^[l. dic = dich?]/K[die: {du} Schneider]</comment>
  <token id="t99" trans="de$" type="token">
    <tok_dipl id="t99_d1" trans="de$" utf="deſ"/>
    <tok_anno ascii="des" id="t99_m1" trans="de$" utf="deſ">
      <norm tag="des"/>
      <lemma tag="dër"/>
      <lemma_gen tag="dër"/>
      <lemma_idmwb tag="29817000"/>
      <pos tag="DDART"/>
      <pos_gen tag="DD"/>
      <infl tag="Neut.Gen.Sg"/>
      <inflClass tag="--"/>
      <inflClass_gen tag="--"/>
    </tok_anno>
  </token>
  <token id="t100" trans="kínde$(!)" type="token">
    <tok_dipl id="t100_d1" trans="kínde$" utf="kíndeſ"/>
    <tok_anno ascii="kindes" id="t100_m1" trans="kínde$" utf="kíndeſ">
      <norm tag="kindes"/>
      <lemma tag="kind"/>
      <lemma_gen tag="kind"/>
      <lemma_idmwb tag="89772000"/>
      <pos tag="NA"/>
      <pos_gen tag="NA"/>
      <infl tag="Gen.Sg"/>
      <inflClass tag="st.Neut"/>
      <inflClass_gen tag="st.Neut"/>
      <punc tag="EE"/>
    </tok_anno>
  </token>
  <token id="t101" trans="hile" type="token">
    <tok_dipl id="t101_d1" trans="hile" utf="hile"/>
    <tok_anno ascii="hile" id="t101_m1" trans="hile" utf="hile">
      <norm tag="hilf"/>
      <lemma tag="hëlfen"/>
      <lemma_gen tag="hëlfen"/>
      <lemma_idmwb tag="70920000"/>
      <pos tag="VVIMP"/>
      <pos_gen tag="VV"/>
      <infl tag="Sg.2"/>
      <inflClass tag="st3b"/>
      <inflClass_gen tag="st3b"/>
    </tok_anno>
  </token>
  <comment type="K">/K[hile: {e} fraglich Maurer, {hil} Schneider]</comment>
  <token id="t102" trans="mir" type="token">
    <tok_dipl id="t102_d1" trans="mir" utf="mir"/>
    <tok_anno ascii="mir" id="t102_m1" trans="mir" utf="mir">
      <norm tag="mir"/>
      <lemma tag="ich"/>
      <lemma_gen tag="ich"/>
      <lemma_idmwb tag="81210000"/>
      <pos tag="PPER"/>
      <pos_gen tag="PPER"/>
      <infl tag="Dat.Sg.1"/>
      <inflClass tag="--"/>
      <inflClass_gen tag="--"/>
    </tok_anno>
  </token>
  <token id="t103" trans="hín" type="token">
    <tok_dipl id="t103_d1" trans="hín" utf="hín"/>
    <tok_anno ascii="hin" id="t103_m1" trans="hín" utf="hín">
      <norm tag="hin"/>
      <lemma tag="hin(e)"/>
      <lemma_gen tag="hin(e)"/>
      <lemma_idmwb tag="74673000"/>
      <pos tag="AVD"/>
      <pos_gen tag="AVD"/>
      <infl tag="--"/>
      <inflClass tag="--"/>
      <inflClass_gen tag="--"/>
    </tok_anno>
  </token>
  <token id="t104" trans="zu" type="token">
    <tok_dipl id="t104_d1" trans="zu" utf="zu"/>
    <tok_anno ascii="zu" id="t104_m1" trans="zu" utf="zu">
      <norm tag="zuo"/>
      <lemma tag="ze"/>
      <lemma_gen tag="ze"/>
      <lemma_idmwb tag="235656000"/>
      <pos tag="APPR"/>
      <pos_gen tag="AP"/>
      <infl tag="--"/>
      <inflClass tag="--"/>
      <inflClass_gen tag="--"/>
    </tok_anno>
  </token>
  <token id="t105" trans="íme(!)" type="token">
    <tok_dipl id="t105_d1" trans="íme" utf="íme"/>
    <tok_anno ascii="ime" id="t105_m1" trans="íme" utf="íme">
      <norm tag="ime"/>
      <lemma tag="ër"/>
      <lemma_gen tag="ër"/>
      <lemma_idmwb tag="40380000"/>
      <pos tag="PPER"/>
      <pos_gen tag="PPER"/>
      <infl tag="Masc.Dat.Sg.3"/>
      <inflClass tag="--"/>
      <inflClass_gen tag="--"/>
      <punc tag="IE"/>
    </tok_anno>
  </token>
  <token id="t106" trans="ich" type="token">
    <tok_dipl id="t106_d1" trans="ich" utf="ich"/>
    <tok_anno ascii="ich" id="t106_m1" trans="ich" utf="ich">
      <norm tag="ich"/>
      <lemma tag="ich"/>
      <lemma_gen tag="ich"/>
      <lemma_idmwb tag="81210000"/>
      <pos tag="PPER"/>
      <pos_gen tag="PPER"/>
      <infl tag="Nom.Sg.1"/>
      <inflClass tag="--"/>
      <inflClass_gen tag="--"/>
    </tok_anno>
  </token>
  <token id="t107" trans="wez" type="token">
    <tok_dipl id="t107_d1" trans="wez" utf="wez"/>
    <tok_anno ascii="wez" id="t107_m1" trans="wez" utf="wez">
      <norm tag="weiz"/>
      <lemma tag="wizzen"/>
      <lemma_gen tag="wizzen"/>
      <lemma_idmwb tag="232557000"/>
      <pos tag="VVFIN"/>
      <pos_gen tag="VV"/>
      <infl tag="Ind.Pres.Sg.1"/>
      <inflClass tag="prpr"/>
      <inflClass_gen tag="prpr"/>
    </tok_anno>
  </token>
  <token id="t108" trans="wol,," type="token">
    <tok_dipl id="t108_d1" trans="wol" utf="wol"/>
    <tok_anno ascii="wol" id="t108_m1" trans="wol" utf="wol">
      <norm tag="wole"/>
      <lemma tag="wol(e)"/>
      <lemma_gen tag="wol(e)"/>
      <lemma_idmwb tag="232695000"/>
      <pos tag="AVD"/>
      <pos_gen tag="AVD-KO"/>
      <infl tag="--"/>
      <inflClass tag="--"/>
      <inflClass_gen tag="--"/>
      <punc tag="S*"/>
    </tok_anno>
  </token>
  <token id="t109" trans="frowa,," type="token">
    <tok_dipl id="t109_d1" trans="frowa" utf="frowa"/>
    <tok_anno ascii="frowa" id="t109_m1" trans="frowa" utf="frowa">
      <norm tag="vrouwe"/>
      <lemma tag="vrouwe"/>
      <lemma_gen tag="vrouwe"/>
      <lemma_idmwb tag="217017000"/>
      <pos tag="NA"/>
      <pos_gen tag="NA"/>
      <infl tag="Nom.Sg"/>
      <inflClass tag="*.Fem"/>
      <inflClass_gen tag="*.Fem"/>
      <punc tag="S*"/>
    </tok_anno>
  </token>
  <token id="t110" trans="daz" type="token">
    <tok_dipl id="t110_d1" trans="daz" utf="daz"/>
    <tok_anno ascii="daz" id="t110_m1" trans="daz" utf="daz">
      <norm tag="daz"/>
      <lemma tag="dazz"/>
      <lemma_gen tag="dazz"/>
      <lemma_idmwb tag="29484000"/>
      <pos tag="KOUS"/>
      <pos_gen tag="KO"/>
      <infl tag="--"/>
      <inflClass tag="--"/>
      <inflClass_gen tag="--"/>
    </tok_anno>
  </token>
  <token id="t111" trans="du" type="token">
    <tok_dipl id="t111_d1" trans="du" utf="du"/>
    <tok_anno ascii="du" id="t111_m1" trans="du" utf="du">
      <norm tag="dû"/>
      <lemma tag="dû"/>
      <lemma_gen tag="dû"/>
      <lemma_idmwb tag="32607000"/>
      <pos tag="PPER"/>
      <pos_gen tag="PPER"/>
      <infl tag="Nom.Sg.2"/>
      <inflClass tag="--"/>
      <inflClass_gen tag="--"/>
    </tok_anno>
  </token>
  <token id="t112" trans="ín" type="token">
    <tok_dipl id="t112_d1" trans="ín" utf="ín"/>
    <tok_anno ascii="in" id="t112_m1" trans="ín" utf="ín">
      <norm tag="in"/>
      <lemma tag="ër"/>
      <lemma_gen tag="ër"/>
      <lemma_idmwb tag="40380000"/>
      <pos tag="PPER"/>
      <pos_gen tag="PPER"/>
      <infl tag="Masc.Akk.Sg.3"/>
      <inflClass tag="--"/>
      <inflClass_gen tag="--"/>
    </tok_anno>
  </token>
  <token id="t113" trans="$enfd_e" type="token">
    <tok_dipl id="t113_d1" trans="$enfd_e" utf="ſenfdᵉ"/>
    <tok_anno ascii="senfde" id="t113_m1" trans="$enfd_e" utf="ſenfdᵉ">
      <norm tag="senfte"/>
      <lemma tag="sèmfte"/>
      <lemma_gen tag="sèmfte"/>
      <lemma_idmwb tag="148443000"/>
      <pos tag="ADJD"/>
      <pos_gen tag="ADJ"/>
      <infl tag="Pos....0"/>
      <inflClass tag="--"/>
      <inflClass_gen tag="--"/>
    </tok_anno>
  </token>
  <token id="t114" trans="fíndes(.)" type="token">
    <tok_dipl id="t114_d1" trans="fíndes" utf="fíndes"/>
    <tok_anno ascii="findes" id="t114_m1" trans="fíndes" utf="fíndes">
      <norm tag="vindes"/>
      <lemma tag="vinden"/>
      <lemma_gen tag="vinden"/>
      <lemma_idmwb tag="209181000"/>
      <pos tag="VVFIN"/>
      <pos_gen tag="VV"/>
      <infl tag="*.Pres.Sg.2"/>
      <inflClass tag="st3a"/>
      <inflClass_gen tag="st3a"/>
      <punc tag="DE"/>
    </tok_anno>
  </token>
  <token id="t115" trans="." type="punc">
    <tok_dipl id="t115_d1" trans="." utf="."/>
    <tok_anno ascii="." id="t115_m1" trans="." utf=".">
      <pos tag="$_"/>
      <pos_gen tag="$_"/>
      <punc tag="$E"/>
    </tok_anno>
  </token>
  <token id="t116" trans="Díner" type="token">
    <tok_dipl id="t116_d1" trans="Díner" utf="Díner"/>
    <tok_anno ascii="Diner" id="t116_m1" trans="Díner" utf="Díner">
      <norm tag="dîner"/>
      <lemma tag="dîn"/>
      <lemma_gen tag="dîn"/>
      <lemma_idmwb tag="30567000"/>
      <pos tag="DPOSA"/>
      <pos_gen tag="DPOS"/>
      <infl tag="Fem.Gen.Sg.st"/>
      <inflClass tag="--"/>
      <inflClass_gen tag="--"/>
    </tok_anno>
  </token>
  <token id="t117" trans="bite" type="token">
    <tok_dipl id="t117_d1" trans="bite" utf="bite"/>
    <tok_anno ascii="bite" id="t117_m1" trans="bite" utf="bite">
      <norm tag="bite"/>
      <lemma tag="bite"/>
      <lemma_gen tag="bite"/>
      <lemma_idmwb tag="21240000"/>
      <pos tag="NA"/>
      <pos_gen tag="NA"/>
      <infl tag="Gen.Sg"/>
      <inflClass tag="st.Fem"/>
      <inflClass_gen tag="*.Fem"/>
    </tok_anno>
  </token>
  <token id="t118" trans="mac" type="token">
    <tok_dipl id="t118_d1" trans="mac" utf="mac"/>
    <tok_anno ascii="mac" id="t118_m1" trans="mac" utf="mac">
      <norm tag="mac"/>
      <lemma tag="mügen"/>
      <lemma_gen tag="mügen"/>
      <lemma_idmwb tag="116097000"/>
      <pos tag="VMFIN"/>
      <pos_gen tag="VM"/>
      <infl tag="Ind.Pres.Sg.3"/>
      <inflClass tag="prpr"/>
      <inflClass_gen tag="prpr"/>
    </tok_anno>
  </token>
  <token id="t119" trans="dir" type="token">
    <tok_dipl id="t119_d1" trans="dir" utf="dir"/>
    <tok_anno ascii="dir" id="t119_m1" trans="dir" utf="dir">
      <norm tag="dir"/>
      <lemma tag="dû"/>
      <lemma_gen tag="dû"/>
      <lemma_idmwb tag="32607000"/>
      <pos tag="PPER"/>
      <pos_gen tag="PPER"/>
      <infl tag="Dat.Sg.2"/>
      <inflClass tag="--"/>
      <inflClass_gen tag="--"/>
    </tok_anno>
  </token>
  <token id="t120" trans="dín" type="token">
    <tok_dipl id="t120_d1" trans="dín" utf="dín"/>
    <tok_anno ascii="din" id="t120_m1" trans="dín" utf="dín">
      <norm tag="dîn"/>
      <lemma tag="dîn"/>
      <lemma_gen tag="dîn"/>
      <lemma_idmwb tag="30567000"/>
      <pos tag="DPOSA"/>
      <pos_gen tag="DPOS"/>
      <infl tag="Masc.Nom.Sg.0"/>
      <inflClass tag="--"/>
      <inflClass_gen tag="--"/>
    </tok_anno>
  </token>
  <token id="t121" trans="liber" type="token">
    <tok_dipl id="t121_d1" trans="liber" utf="liber"/>
    <tok_anno ascii="liber" id="t121_m1" trans="liber" utf="liber">
      <norm tag="lieber"/>
      <lemma tag="lièb"/>
      <lemma_gen tag="lièb"/>
      <lemma_idmwb tag="102879000"/>
      <pos tag="ADJA"/>
      <pos_gen tag="ADJ"/>
      <infl tag="Pos.Masc.Nom.Sg.st"/>
      <inflClass tag="--"/>
      <inflClass_gen tag="--"/>
    </tok_anno>
  </token>
  <token id="t122" trans="$un" type="token">
    <tok_dipl id="t122_d1" trans="$un" utf="ſun"/>
    <tok_anno ascii="sun" id="t122_m1" trans="$un" utf="ſun">
      <norm tag="sun"/>
      <lemma tag="sun"/>
      <lemma_gen tag="sun"/>
      <lemma_idmwb tag="162972000"/>
      <pos tag="NA"/>
      <pos_gen tag="NA"/>
      <infl tag="Nom.Sg"/>
      <inflClass tag="stu.Masc"/>
      <inflClass_gen tag="stu.Masc"/>
    </tok_anno>
  </token>
  <token id="t123" trans="nímer" type="token">
    <tok_dipl id="t123_d1" trans="nímer" utf="nímer"/>
    <tok_anno ascii="nimer" id="t123_m1" trans="nímer" utf="nímer">
      <norm tag="niemer"/>
      <lemma tag="nièmer"/>
      <lemma_gen tag="nièmer"/>
      <lemma_idmwb tag="121290000"/>
      <pos tag="AVD"/>
      <pos_gen tag="AVD"/>
      <infl tag="--"/>
      <inflClass tag="--"/>
      <inflClass_gen tag="--"/>
    </tok_anno>
  </token>
  <token id="t124" trans="ver$ien(:)" type="token">
    <tok_dipl id="t124_d1" trans="ver$ien" utf="verſien"/>
    <tok_anno ascii="versien" id="t124_m1" trans="ver$ien" utf="verſien">
      <norm tag="versien"/>
      <lemma tag="ver-sëhen"/>
      <lemma_gen tag="ver-sëhen"/>
      <lemma_idmwb tag="204951000"/>
      <pos tag="VVINF"/>
      <pos_gen tag="VV"/>
      <infl tag="--"/>
      <inflClass tag="st5"/>
      <inflClass_gen tag="st5"/>
      <punc tag="DE"/>
    </tok_anno>
  </token>
  <token id="t125" trans="." type="punc">
    <tok_dipl id="t125_d1" trans="." utf="."/>
    <tok_anno ascii="." id="t125_m1" trans="." utf=".">
      <pos tag="$_"/>
      <pos_gen tag="$_"/>
      <punc tag="$E"/>
    </tok_anno>
  </token>
  <token id="t126" trans="Nu" type="token">
    <tok_dipl id="t126_d1" trans="Nu" utf="Nu"/>
    <tok_anno ascii="Nu" id="t126_m1" trans="Nu" utf="Nu">
      <norm tag="nû"/>
      <lemma tag="nû"/>
      <lemma_gen tag="nû"/>
      <lemma_idmwb tag="122703000"/>
      <pos tag="AVD"/>
      <pos_gen tag="AVD-KO"/>
      <infl tag="--"/>
      <inflClass tag="--"/>
      <inflClass_gen tag="--"/>
    </tok_anno>
  </token>
  <token id="t127" trans="bit" type="token">
    <tok_dipl id="t127_d1" trans="bit" utf="bit"/>
    <tok_anno ascii="bit" id="t127_m1" trans="bit" utf="bit">
      <norm tag="bit"/>
      <lemma tag="biten"/>
      <lemma_gen tag="biten"/>
      <lemma_idmwb tag="21261000"/>
      <pos tag="VVIMP"/>
      <pos_gen tag="VV"/>
      <infl tag="Sg.2"/>
      <inflClass tag="st5b"/>
      <inflClass_gen tag="st5b"/>
    </tok_anno>
  </token>
  <token id="t128" trans="in,," type="token">
    <tok_dipl id="t128_d1" trans="in" utf="in"/>
    <tok_anno ascii="in" id="t128_m1" trans="in" utf="in">
      <norm tag="in"/>
      <lemma tag="ër"/>
      <lemma_gen tag="ër"/>
      <lemma_idmwb tag="40380000"/>
      <pos tag="PPER"/>
      <pos_gen tag="PPER"/>
      <infl tag="Masc.Akk.Sg.3"/>
      <inflClass tag="--"/>
      <inflClass_gen tag="--"/>
      <punc tag="S*"/>
    </tok_anno>
  </token>
  <token id="t129" trans="daz" type="token">
    <tok_dipl id="t129_d1" trans="daz" utf="daz"/>
    <tok_anno ascii="daz" id="t129_m1" trans="daz" utf="daz">
      <norm tag="daz"/>
      <lemma tag="dazz"/>
      <lemma_gen tag="dazz"/>
      <lemma_idmwb tag="29484000"/>
      <pos tag="KOUS"/>
      <pos_gen tag="KO"/>
      <infl tag="--"/>
      <inflClass tag="--"/>
      <inflClass_gen tag="--"/>
    </tok_anno>
  </token>
  <token id="t130" trans="he" type="token">
    <tok_dipl id="t130_d1" trans="he" utf="he"/>
    <tok_anno ascii="he" id="t130_m1" trans="he" utf="he">
      <norm tag="hê"/>
      <lemma tag="ër"/>
      <lemma_gen tag="ër"/>
      <lemma_idmwb tag="40380000"/>
      <pos tag="PPER"/>
      <pos_gen tag="PPER"/>
      <infl tag="Masc.Nom.Sg.3"/>
      <inflClass tag="--"/>
      <inflClass_gen tag="--"/>
    </tok_anno>
  </token>
  <token id="t131" trans="mir" type="token">
    <tok_dipl id="t131_d1" trans="mir" utf="mir"/>
    <tok_anno ascii="mir" id="t131_m1" trans="mir" utf="mir">
      <norm tag="mir"/>
      <lemma tag="ich"/>
      <lemma_gen tag="ich"/>
      <lemma_idmwb tag="81210000"/>
      <pos tag="PPER"/>
      <pos_gen tag="PPER"/>
      <infl tag="Dat.Sg.1"/>
      <inflClass tag="--"/>
      <inflClass_gen tag="--"/>
    </tok_anno>
  </token>
  <token id="t132" trans="waron" type="token">
    <tok_dipl id="t132_d1" trans="waron" utf="waron"/>
    <tok_anno ascii="waron" id="t132_m1" trans="waron" utf="waron">
      <norm tag="wâren"/>
      <lemma tag="wâr"/>
      <lemma_gen tag="wâr"/>
      <lemma_idmwb tag="222057000"/>
      <pos tag="ADJA"/>
      <pos_gen tag="ADJ"/>
      <infl tag="Pos.Masc.Akk.Sg.*"/>
      <inflClass tag="--"/>
      <inflClass_gen tag="--"/>
    </tok_anno>
  </token>
  <token id="t133" trans="ru\oen" type="token">
    <tok_dipl id="t133_d1" trans="ru\oen" utf="ruͦen"/>
    <tok_anno ascii="ruoen" id="t133_m1" trans="ru\oen" utf="ruͦen">
      <norm tag="riuwen"/>
      <lemma tag="riuwe"/>
      <lemma_gen tag="riuwe"/>
      <lemma_idmwb tag="135858000"/>
      <pos tag="NA"/>
      <pos_gen tag="NA"/>
      <infl tag="Akk.Sg"/>
      <inflClass tag="*.Masc"/>
      <inflClass_gen tag="*.Masc,Fem"/>
    </tok_anno>
  </token>
  <token id="t134" trans="mv\oze" type="token">
    <tok_dipl id="t134_d1" trans="mv\oze" utf="mvͦze"/>
    <tok_anno ascii="mvoze" id="t134_m1" trans="mv\oze" utf="mvͦze">
      <norm tag="müeze"/>
      <lemma tag="müèzen"/>
      <lemma_gen tag="müèzen"/>
      <lemma_idmwb tag="116049000"/>
      <pos tag="VMFIN"/>
      <pos_gen tag="VM"/>
      <infl tag="Subj.Pres.Sg.3"/>
      <inflClass tag="prpr"/>
      <inflClass_gen tag="prpr"/>
    </tok_anno>
  </token>
  <token id="t135" trans="vir#lien(:)" type="token">
    <tok_dipl id="t135_d1" trans="vir" utf="vir"/>
    <tok_dipl id="t135_d2" trans="lien" utf="lien"/>
    <tok_anno ascii="virlien" id="t135_m1" trans="vir#lien" utf="virlien">
      <norm tag="verlîhen"/>
      <token_type tag="US"/>
      <lemma tag="ver-lîhen"/>
      <lemma_gen tag="ver-lîhen"/>
      <lemma_idmwb tag="203136000"/>
      <pos tag="VVINF"/>
      <pos_gen tag="VV"/>
      <infl tag="--"/>
      <inflClass tag="st1b"/>
      <inflClass_gen tag="st1b"/>
      <punc tag="DE"/>
    </tok_anno>
  </token>
  <token id="t136" trans="." type="punc">
    <tok_dipl id="t136_d1" trans="." utf="."/>
    <tok_anno ascii="." id="t136_m1" trans="." utf=".">
      <pos tag="$_"/>
      <pos_gen tag="$_"/>
      <punc tag="$E"/>
    </tok_anno>
  </token>
  <token id="t137" trans="Daz" type="token">
    <tok_dipl id="t137_d1" trans="Daz" utf="Daz"/>
    <tok_anno ascii="Daz" id="t137_m1" trans="Daz" utf="Daz">
      <norm tag="daz"/>
      <lemma tag="dazz"/>
      <lemma_gen tag="dazz"/>
      <lemma_idmwb tag="29484000"/>
      <pos tag="KOUS"/>
      <pos_gen tag="KO"/>
      <infl tag="--"/>
      <inflClass tag="--"/>
      <inflClass_gen tag="--"/>
    </tok_anno>
  </token>
  <token id="t138" trans="er" type="token">
    <tok_dipl id="t138_d1" trans="er" utf="er"/>
    <tok_anno ascii="er" id="t138_m1" trans="er" utf="er">
      <norm tag="er"/>
      <lemma tag="ër"/>
      <lemma_gen tag="ër"/>
      <lemma_idmwb tag="40380000"/>
      <pos tag="PPER"/>
      <pos_gen tag="PPER"/>
      <infl tag="Masc.Nom.Sg.3"/>
      <inflClass tag="--"/>
      <inflClass_gen tag="--"/>
    </tok_anno>
  </token>
  <token id="t139" trans="dur" type="token">
    <tok_dipl id="t139_d1" trans="dur" utf="dur"/>
    <tok_anno ascii="dur" id="t139_m1" trans="dur" utf="dur">
      <norm tag="durh"/>
      <lemma tag="durh"/>
      <lemma_gen tag="durh"/>
      <lemma_idmwb tag="32826000"/>
      <pos tag="AVD"/>
      <pos_gen tag="AVD"/>
      <infl tag="--"/>
      <inflClass tag="--"/>
      <inflClass_gen tag="--"/>
    </tok_anno>
  </token>
  <token id="t140" trans="den" type="token">
    <tok_dipl id="t140_d1" trans="den" utf="den"/>
    <tok_anno ascii="den" id="t140_m1" trans="den" utf="den">
      <norm tag="die"/>
      <lemma tag="dër"/>
      <lemma_gen tag="dër"/>
      <lemma_idmwb tag="29817000"/>
      <pos tag="DDART"/>
      <pos_gen tag="DD"/>
      <infl tag="*.Akk.Pl"/>
      <inflClass tag="--"/>
      <inflClass_gen tag="--"/>
    </tok_anno>
  </token>
  <comment type="K">/^[!]</comment>
  <token id="t141" trans="namen" type="token">
    <tok_dipl id="t141_d1" trans="namen" utf="namen"/>
    <tok_anno ascii="namen" id="t141_m1" trans="namen" utf="namen">
      <norm tag="namen"/>
      <lemma tag="name"/>
      <lemma_gen tag="name"/>
      <lemma_idmwb tag="119352000"/>
      <pos tag="NA"/>
      <pos_gen tag="NA"/>
      <infl tag="Akk.Pl"/>
      <inflClass tag="*.Masc"/>
      <inflClass_gen tag="*.Masc"/>
    </tok_anno>
  </token>
  <token id="t142" trans="dri" type="token">
    <tok_dipl id="t142_d1" trans="dri" utf="dri"/>
    <tok_anno ascii="dri" id="t142_m1" trans="dri" utf="dri">
      <norm tag="drî"/>
      <lemma tag="drî"/>
      <lemma_gen tag="drî"/>
      <lemma_idmwb tag="31992000"/>
      <pos tag="CARDN"/>
      <pos_gen tag="CARD"/>
      <infl tag="Masc.Akk.Pl.st"/>
      <inflClass tag="--"/>
      <inflClass_gen tag="--"/>
    </tok_anno>
  </token>
  <token id="t143" trans="$íner" type="token">
    <tok_dipl id="t143_d1" trans="$íner" utf="ſíner"/>
    <tok_anno ascii="siner" id="t143_m1" trans="$íner" utf="ſíner">
      <norm tag="sîner"/>
      <lemma tag="sîn"/>
      <lemma_gen tag="sîn"/>
      <lemma_idmwb tag="150153000"/>
      <pos tag="DPOSA"/>
      <pos_gen tag="DPOS"/>
      <infl tag="Fem.Dat.Sg.st"/>
      <inflClass tag="--"/>
      <inflClass_gen tag="--"/>
    </tok_anno>
  </token>
  <token id="t144" trans="men$lichen" type="token">
    <tok_dipl id="t144_d1" trans="men$lichen" utf="menſlichen"/>
    <tok_anno ascii="menslichen" id="t144_m1" trans="men$lichen" utf="menſlichen">
      <norm tag="mennischlîchen"/>
      <lemma tag="mèn(ni)sch-lich"/>
      <lemma_gen tag="mèn(ni)sch-lich"/>
      <lemma_idmwb tag="110511000"/>
      <pos tag="ADJA"/>
      <pos_gen tag="ADJ"/>
      <infl tag="Pos.Fem.Dat.Sg.wk"/>
      <inflClass tag="--"/>
      <inflClass_gen tag="--"/>
    </tok_anno>
  </token>
  <token id="t145" trans="hant#gedate" type="token">
    <tok_dipl id="t145_d1" trans="hant" utf="hant"/>
    <tok_dipl id="t145_d2" trans="gedate" utf="gedate"/>
    <tok_anno ascii="hantgedate" id="t145_m1" trans="hant#gedate" utf="hantgedate">
      <norm tag="hantgetæte"/>
      <token_type tag="US"/>
      <lemma tag="hant-ge-tât"/>
      <lemma_gen tag="hant-ge-tât"/>
      <lemma_idmwb tag="68382000"/>
      <pos tag="NA"/>
      <pos_gen tag="NA"/>
      <infl tag="Dat.Sg"/>
      <inflClass tag="stu.Fem"/>
      <inflClass_gen tag="stu.Fem"/>
    </tok_anno>
  </token>
  <token id="t146" trans="gnadec" type="token">
    <tok_dipl id="t146_d1" trans="gnadec" utf="gnadec"/>
    <tok_anno ascii="gnadec" id="t146_m1" trans="gnadec" utf="gnadec">
      <norm tag="genædic"/>
      <lemma tag="ge-nædig"/>
      <lemma_gen tag="ge-nædig"/>
      <lemma_idmwb tag="53418000"/>
      <pos tag="ADJD"/>
      <pos_gen tag="ADJ"/>
      <infl tag="Pos....0"/>
      <inflClass tag="--"/>
      <inflClass_gen tag="--"/>
    </tok_anno>
  </token>
  <token id="t147" trans="in" type="token">
    <tok_dipl id="t147_d1" trans="in" utf="in"/>
    <tok_anno ascii="in" id="t147_m1" trans="in" utf="in">
      <norm tag="in"/>
      <lemma tag="in"/>
      <lemma_gen tag="in"/>
      <lemma_idmwb tag="81741000"/>
      <pos tag="APPR"/>
      <pos_gen tag="AP"/>
      <infl tag="--"/>
      <inflClass tag="--"/>
      <inflClass_gen tag="--"/>
    </tok_anno>
  </token>
  <token id="t148" trans="den" type="token">
    <tok_dipl id="t148_d1" trans="den" utf="den"/>
    <tok_anno ascii="den" id="t148_m1" trans="den" utf="den">
      <norm tag="den"/>
      <lemma tag="dër"/>
      <lemma_gen tag="dër"/>
      <lemma_idmwb tag="29817000"/>
      <pos tag="DDART"/>
      <pos_gen tag="DD"/>
      <infl tag="*.Dat.Pl"/>
      <inflClass tag="--"/>
      <inflClass_gen tag="--"/>
    </tok_anno>
  </token>
  <token id="t149" trans="$unden" type="token">
    <tok_dipl id="t149_d1" trans="$unden" utf="ſunden"/>
    <tok_anno ascii="sunden" id="t149_m1" trans="$unden" utf="ſunden">
      <norm tag="sünden"/>
      <lemma tag="sünte"/>
      <lemma_gen tag="sünte"/>
      <lemma_idmwb tag="162993000"/>
      <pos tag="NA"/>
      <pos_gen tag="NA"/>
      <infl tag="Dat.Pl"/>
      <inflClass tag="*.Fem"/>
      <inflClass_gen tag="*.Fem"/>
    </tok_anno>
  </token>
  <token id="t150" trans="$i,," type="token">
    <tok_dipl id="t150_d1" trans="$i" utf="ſi"/>
    <tok_anno ascii="si" id="t150_m1" trans="$i" utf="ſi">
      <norm tag="sî"/>
      <lemma tag="sîn"/>
      <lemma_gen tag="sîn"/>
      <lemma_idmwb tag="150147000"/>
      <pos tag="VAFIN"/>
      <pos_gen tag="VA"/>
      <infl tag="Subj.Pres.Sg.3"/>
      <inflClass tag="irr"/>
      <inflClass_gen tag="irr"/>
      <punc tag="S*"/>
    </tok_anno>
  </token>
  <token id="t151" trans="." type="punc">
    <tok_dipl id="t151_d1" trans="." utf="."/>
    <tok_anno ascii="." id="t151_m1" trans="." utf=".">
      <pos tag="$_"/>
      <pos_gen tag="$_"/>
    </tok_anno>
  </token>
  <token id="t152" trans="Daz" type="token">
    <tok_dipl id="t152_d1" trans="Daz" utf="Daz"/>
    <tok_anno ascii="Daz" id="t152_m1" trans="Daz" utf="Daz">
      <norm tag="daz"/>
      <lemma tag="dazz"/>
      <lemma_gen tag="dazz"/>
      <lemma_idmwb tag="29484000"/>
      <pos tag="KOUS"/>
      <pos_gen tag="KO"/>
      <infl tag="--"/>
      <inflClass tag="--"/>
      <inflClass_gen tag="--"/>
    </tok_anno>
  </token>
  <token id="t153" trans="her" type="token">
    <tok_dipl id="t153_d1" trans="her" utf="her"/>
    <tok_anno ascii="her" id="t153_m1" trans="her" utf="her">
      <norm tag="her"/>
      <lemma tag="ër"/>
      <lemma_gen tag="ër"/>
      <lemma_idmwb tag="40380000"/>
      <pos tag="PPER"/>
      <pos_gen tag="PPER"/>
      <infl tag="Masc.Nom.Sg.3"/>
      <inflClass tag="--"/>
      <inflClass_gen tag="--"/>
    </tok_anno>
  </token>
  <token id="t154" trans="dur" type="token">
    <tok_dipl id="t154_d1" trans="dur" utf="dur"/>
    <tok_anno ascii="dur" id="t154_m1" trans="dur" utf="dur">
      <norm tag="durh"/>
      <lemma tag="durh"/>
      <lemma_gen tag="durh"/>
      <lemma_idmwb tag="32826000"/>
      <pos tag="APPR"/>
      <pos_gen tag="AP"/>
      <infl tag="--"/>
      <inflClass tag="--"/>
      <inflClass_gen tag="--"/>
    </tok_anno>
  </token>
  <token id="t155" trans="den" type="token">
    <tok_dipl id="t155_d1" trans="den" utf="den"/>
    <tok_anno ascii="den" id="t155_m1" trans="den" utf="den">
      <norm tag="den"/>
      <lemma tag="dër"/>
      <lemma_gen tag="dër"/>
      <lemma_idmwb tag="29817000"/>
      <pos tag="DDART"/>
      <pos_gen tag="DD"/>
      <infl tag="Masc.Akk.Sg"/>
      <inflClass tag="--"/>
      <inflClass_gen tag="--"/>
    </tok_anno>
  </token>
  <token id="t156" trans="gri\-men" type="token">
    <tok_dipl id="t156_d1" trans="gri\-men" utf="grīmen"/>
    <tok_anno ascii="grimen" id="t156_m1" trans="gri\-men" utf="grīmen">
      <norm tag="grimmen"/>
      <lemma tag="grimm(e)"/>
      <lemma_gen tag="grimm(e)"/>
      <lemma_idmwb tag="65064000"/>
      <pos tag="ADJA"/>
      <pos_gen tag="ADJ"/>
      <infl tag="Pos.Masc.Akk.Sg.*"/>
      <inflClass tag="--"/>
      <inflClass_gen tag="--"/>
    </tok_anno>
  </token>
  <token id="t157" trans="dot,," type="token">
    <tok_dipl id="t157_d1" trans="dot" utf="dot"/>
    <tok_anno ascii="dot" id="t157_m1" trans="dot" utf="dot">
      <norm tag="tôt"/>
      <lemma tag="tôd"/>
      <lemma_gen tag="tôd"/>
      <lemma_idmwb tag="169518000"/>
      <pos tag="NA"/>
      <pos_gen tag="NA"/>
      <infl tag="Akk.Sg"/>
      <inflClass tag="st(u).Masc"/>
      <inflClass_gen tag="st(u).Masc"/>
      <punc tag="S*"/>
    </tok_anno>
  </token>
  <token id="t158" trans="." type="punc">
    <tok_dipl id="t158_d1" trans="." utf="."/>
    <tok_anno ascii="." id="t158_m1" trans="." utf=".">
      <pos tag="$_"/>
      <pos_gen tag="$_"/>
    </tok_anno>
  </token>
  <token id="t159" trans="den" type="token">
    <tok_dipl id="t159_d1" trans="den" utf="den"/>
    <tok_anno ascii="den" id="t159_m1" trans="den" utf="den">
      <norm tag="den"/>
      <lemma tag="dër"/>
      <lemma_gen tag="dër"/>
      <lemma_idmwb tag="29823000"/>
      <pos tag="DRELS"/>
      <pos_gen tag="DD"/>
      <infl tag="Masc.Akk.Sg"/>
      <inflClass tag="--"/>
      <inflClass_gen tag="--"/>
    </tok_anno>
  </token>
  <token id="t160" trans="her" type="token">
    <tok_dipl id="t160_d1" trans="her" utf="her"/>
    <tok_anno ascii="her" id="t160_m1" trans="her" utf="her">
      <norm tag="her"/>
      <lemma tag="ër"/>
      <lemma_gen tag="ër"/>
      <lemma_idmwb tag="40380000"/>
      <pos tag="PPER"/>
      <pos_gen tag="PPER"/>
      <infl tag="Masc.Nom.Sg.3"/>
      <inflClass tag="--"/>
      <inflClass_gen tag="--"/>
    </tok_anno>
  </token>
  <token id="t161" trans="leit" type="token">
    <tok_dipl id="t161_d1" trans="leit" utf="leit"/>
    <tok_anno ascii="leit" id="t161_m1" trans="leit" utf="leit">
      <norm tag="leit"/>
      <lemma tag="lîden"/>
      <lemma_gen tag="lîden"/>
      <lemma_idmwb tag="102447000"/>
      <pos tag="VVFIN"/>
      <pos_gen tag="VV"/>
      <infl tag="Ind.Past.Sg.3"/>
      <inflClass tag="st1a"/>
      <inflClass_gen tag="st1a"/>
    </tok_anno>
  </token>
  <token id="t162" trans="dur" type="token">
    <tok_dipl id="t162_d1" trans="dur" utf="dur"/>
    <tok_anno ascii="dur" id="t162_m1" trans="dur" utf="dur">
      <norm tag="durh"/>
      <lemma tag="durh"/>
      <lemma_gen tag="durh"/>
      <lemma_idmwb tag="32826000"/>
      <pos tag="AVD"/>
      <pos_gen tag="AVD"/>
      <infl tag="--"/>
      <inflClass tag="--"/>
      <inflClass_gen tag="--"/>
    </tok_anno>
  </token>
  <token id="t163" trans="di" type="token">
    <tok_dipl id="t163_d1" trans="di" utf="di"/>
    <tok_anno ascii="di" id="t163_m1" trans="di" utf="di">
      <norm tag="di"/>
      <lemma tag="dër"/>
      <lemma_gen tag="dër"/>
      <lemma_idmwb tag="29817000"/>
      <pos tag="DDART"/>
      <pos_gen tag="DD"/>
      <infl tag="Fem.Akk.Sg"/>
      <inflClass tag="--"/>
      <inflClass_gen tag="--"/>
    </tok_anno>
  </token>
  <token id="t164" trans="cri$tenheit,," type="token">
    <tok_dipl id="t164_d1" trans="cri$tenheit" utf="criſtenheit"/>
    <tok_anno ascii="cristenheit" id="t164_m1" trans="cri$tenheit" utf="criſtenheit">
      <norm tag="kristenheit"/>
      <lemma tag="kristen-hèit"/>
      <lemma_gen tag="kristen-hèit"/>
      <lemma_idmwb tag="95682000"/>
      <pos tag="NA"/>
      <pos_gen tag="NA"/>
      <infl tag="Akk.Sg"/>
      <inflClass tag="st.Fem"/>
      <inflClass_gen tag="st.Fem"/>
      <punc tag="S*"/>
    </tok_anno>
  </token>
  <token id="t165" trans="sie" type="token">
    <tok_dipl id="t165_d1" trans="sie" utf="sie"/>
    <tok_anno ascii="sie" id="t165_m1" trans="sie" utf="sie">
      <norm tag="sie"/>
      <lemma tag="sëhen/ane&lt;+"/>
      <lemma_gen tag="sëhen"/>
      <lemma_idmwb tag="147189000"/>
      <pos tag="VVIMP"/>
      <pos_gen tag="VV"/>
      <infl tag="Sg.2"/>
      <inflClass tag="st5"/>
      <inflClass_gen tag="st5"/>
    </tok_anno>
  </token>
  <token id="t166" trans="an" type="token">
    <tok_dipl id="t166_d1" trans="an" utf="an"/>
    <tok_anno ascii="an" id="t166_m1" trans="an" utf="an">
      <norm tag="an"/>
      <lemma tag="ane/&lt;+sëhen"/>
      <lemma_gen tag="ane"/>
      <lemma_idmwb tag="5691000"/>
      <pos tag="PTKVZ"/>
      <pos_gen tag="PTK"/>
      <infl tag="--"/>
      <inflClass tag="--"/>
      <inflClass_gen tag="--"/>
    </tok_anno>
  </token>
  <token id="t167" trans="men$liche" type="token">
    <tok_dipl id="t167_d1" trans="men$liche" utf="menſliche"/>
    <tok_anno ascii="mensliche" id="t167_m1" trans="men$liche" utf="menſliche">
      <norm tag="mennischlîche"/>
      <lemma tag="mèn(ni)sch-lich"/>
      <lemma_gen tag="mèn(ni)sch-lich"/>
      <lemma_idmwb tag="110511000"/>
      <pos tag="ADJA"/>
      <pos_gen tag="ADJ"/>
      <infl tag="Pos.Fem.Akk.Sg.st"/>
      <inflClass tag="--"/>
      <inflClass_gen tag="--"/>
    </tok_anno>
  </token>
  <token id="t168" trans="not(.)" type="token">
    <tok_dipl id="t168_d1" trans="not" utf="not"/>
    <tok_anno ascii="not" id="t168_m1" trans="not" utf="not">
      <norm tag="nôt"/>
      <lemma tag="nôt"/>
      <lemma_gen tag="nôt"/>
      <lemma_idmwb tag="122190000"/>
      <pos tag="NA"/>
      <pos_gen tag="NA"/>
      <infl tag="Akk.Sg"/>
      <inflClass tag="stu.Fem"/>
      <inflClass_gen tag="stu.Masc,Fem"/>
      <punc tag="DE"/>
    </tok_anno>
  </token>
  <token id="t169" trans="." type="punc">
    <tok_dipl id="t169_d1" trans="." utf="."/>
    <tok_anno ascii="." id="t169_m1" trans="." utf=".">
      <pos tag="$_"/>
      <pos_gen tag="$_"/>
      <punc tag="$E"/>
    </tok_anno>
  </token>
  <token id="t170" trans="Hilf" type="token">
    <tok_dipl id="t170_d1" trans="Hilf" utf="Hilf"/>
    <tok_anno ascii="Hilf" id="t170_m1" trans="Hilf" utf="Hilf">
      <norm tag="hilf"/>
      <lemma tag="hëlfen"/>
      <lemma_gen tag="hëlfen"/>
      <lemma_idmwb tag="70920000"/>
      <pos tag="VVIMP"/>
      <pos_gen tag="VV"/>
      <infl tag="Sg.2"/>
      <inflClass tag="st3b"/>
      <inflClass_gen tag="st3b"/>
    </tok_anno>
  </token>
  <token id="t171" trans="mir,," type="token">
    <tok_dipl id="t171_d1" trans="mir" utf="mir"/>
    <tok_anno ascii="mir" id="t171_m1" trans="mir" utf="mir">
      <norm tag="mir"/>
      <lemma tag="ich"/>
      <lemma_gen tag="ich"/>
      <lemma_idmwb tag="81210000"/>
      <pos tag="PPER"/>
      <pos_gen tag="PPER"/>
      <infl tag="Dat.Sg.1"/>
      <inflClass tag="--"/>
      <inflClass_gen tag="--"/>
      <punc tag="S*"/>
    </tok_anno>
  </token>
  <token id="t172" trans="frowa,," type="token">
    <tok_dipl id="t172_d1" trans="frowa" utf="frowa"/>
    <tok_anno ascii="frowa" id="t172_m1" trans="frowa" utf="frowa">
      <norm tag="vrouwe"/>
      <lemma tag="vrouwe"/>
      <lemma_gen tag="vrouwe"/>
      <lemma_idmwb tag="217017000"/>
      <pos tag="NA"/>
      <pos_gen tag="NA"/>
      <infl tag="Nom.Sg"/>
      <inflClass tag="*.Fem"/>
      <inflClass_gen tag="*.Fem"/>
      <punc tag="S*"/>
    </tok_anno>
  </token>
  <token id="t173" trans="da" type="token">
    <tok_dipl id="t173_d1" trans="da" utf="da"/>
    <tok_anno ascii="da" id="t173_m1" trans="da" utf="da">
      <norm tag="dâ"/>
      <lemma tag="dâr"/>
      <lemma_gen tag="dâr"/>
      <lemma_idmwb tag="28932000"/>
      <pos tag="AVD"/>
      <pos_gen tag="AVD"/>
      <infl tag="--"/>
      <inflClass tag="--"/>
      <inflClass_gen tag="--"/>
    </tok_anno>
  </token>
  <token id="t174" trans="du" type="token">
    <tok_dipl id="t174_d1" trans="du" utf="du"/>
    <tok_anno ascii="du" id="t174_m1" trans="du" utf="du">
      <norm tag="diu"/>
      <lemma tag="dër"/>
      <lemma_gen tag="dër"/>
      <lemma_idmwb tag="29817000"/>
      <pos tag="DDART"/>
      <pos_gen tag="DD"/>
      <infl tag="Fem.Nom.Sg"/>
      <inflClass tag="--"/>
      <inflClass_gen tag="--"/>
    </tok_anno>
  </token>
  <token id="t175" trans="$ele" type="token">
    <tok_dipl id="t175_d1" trans="$ele" utf="ſele"/>
    <tok_anno ascii="sele" id="t175_m1" trans="$ele" utf="ſele">
      <norm tag="sêle"/>
      <lemma tag="sêle"/>
      <lemma_gen tag="sêle"/>
      <lemma_idmwb tag="147720000"/>
      <pos tag="NA"/>
      <pos_gen tag="NA"/>
      <infl tag="Nom.Sg"/>
      <inflClass tag="*.Fem"/>
      <inflClass_gen tag="*.Fem"/>
    </tok_anno>
  </token>
  <token id="t176" trans="von" type="token">
    <tok_dipl id="t176_d1" trans="von" utf="von"/>
    <tok_anno ascii="von" id="t176_m1" trans="von" utf="von">
      <norm tag="von"/>
      <lemma tag="von"/>
      <lemma_gen tag="von"/>
      <lemma_idmwb tag="213186000"/>
      <pos tag="APPR"/>
      <pos_gen tag="AP"/>
      <infl tag="--"/>
      <inflClass tag="--"/>
      <inflClass_gen tag="--"/>
    </tok_anno>
  </token>
  <token id="t177" trans="mír" type="token">
    <tok_dipl id="t177_d1" trans="mír" utf="mír"/>
    <tok_anno ascii="mir" id="t177_m1" trans="mír" utf="mír">
      <norm tag="mir"/>
      <lemma tag="ich"/>
      <lemma_gen tag="ich"/>
      <lemma_idmwb tag="81210000"/>
      <pos tag="PPER"/>
      <pos_gen tag="PPER"/>
      <infl tag="Dat.Sg.1"/>
      <inflClass tag="--"/>
      <inflClass_gen tag="--"/>
    </tok_anno>
  </token>
  <token id="t178" trans="$ced_e,," type="token">
    <tok_dipl id="t178_d1" trans="$ced_e" utf="ſcedᵉ"/>
    <tok_anno ascii="scede" id="t178_m1" trans="$ced_e" utf="ſcedᵉ">
      <norm tag="scheide"/>
      <lemma tag="schèiden"/>
      <lemma_gen tag="schèiden"/>
      <lemma_idmwb tag="142380000"/>
      <pos tag="VVFIN"/>
      <pos_gen tag="VV"/>
      <infl tag="Subj.Pres.Sg.3"/>
      <inflClass tag="st7"/>
      <inflClass_gen tag="st7"/>
      <punc tag="S*"/>
    </tok_anno>
  </token>
  <token id="t179" trans="da" type="token">
    <tok_dipl id="t179_d1" trans="da" utf="da"/>
    <tok_anno ascii="da" id="t179_m1" trans="da" utf="da">
      <norm tag="dâ"/>
      <lemma tag="dâr"/>
      <lemma_gen tag="dâr"/>
      <lemma_idmwb tag="28932000"/>
      <pos tag="AVD"/>
      <pos_gen tag="AVD"/>
      <infl tag="--"/>
      <inflClass tag="--"/>
      <inflClass_gen tag="--"/>
    </tok_anno>
  </token>
  <token id="t180" trans="cu\-" type="token">
    <tok_dipl id="t180_d1" trans="cu\-" utf="cū"/>
    <tok_anno ascii="cun" id="t180_m1" trans="cu\-" utf="cū">
      <norm tag="kum"/>
      <lemma tag="komen"/>
      <lemma_gen tag="komen"/>
      <lemma_idmwb tag="93168000"/>
      <pos tag="VVIMP"/>
      <pos_gen tag="VV"/>
      <infl tag="Sg.2"/>
      <inflClass tag="st4"/>
      <inflClass_gen tag="st4"/>
    </tok_anno>
  </token>
  <token id="t181" trans="mír" type="token">
    <tok_dipl id="t181_d1" trans="mír" utf="mír"/>
    <tok_anno ascii="mir" id="t181_m1" trans="mír" utf="mír">
      <norm tag="mir"/>
      <lemma tag="ich"/>
      <lemma_gen tag="ich"/>
      <lemma_idmwb tag="81210000"/>
      <pos tag="PPER"/>
      <pos_gen tag="PPER"/>
      <infl tag="Dat.Sg.1"/>
      <inflClass tag="--"/>
      <inflClass_gen tag="--"/>
    </tok_anno>
  </token>
  <token id="t182" trans="ze" type="token">
    <tok_dipl id="t182_d1" trans="ze" utf="ze"/>
    <tok_anno ascii="ze" id="t182_m1" trans="ze" utf="ze">
      <norm tag="ze"/>
      <lemma tag="ze"/>
      <lemma_gen tag="ze"/>
      <lemma_idmwb tag="235656000"/>
      <pos tag="APPR"/>
      <pos_gen tag="AP"/>
      <infl tag="--"/>
      <inflClass tag="--"/>
      <inflClass_gen tag="--"/>
    </tok_anno>
  </token>
  <token id="t183" trans="dro%s=d_e(.)" type="token">
    <tok_dipl id="t183_d1" trans="dro%s=d_e" utf="droᷤ=dᵉ"/>
    <tok_anno ascii="dros=de" id="t183_m1" trans="dro%s=d_e" utf="droᷤ=dᵉ">
      <norm tag="trôste"/>
      <lemma tag="trôst"/>
      <lemma_gen tag="trôst"/>
      <lemma_idmwb tag="171792000"/>
      <pos tag="NA"/>
      <pos_gen tag="NA"/>
      <infl tag="Dat.Sg"/>
      <inflClass tag="st.Masc"/>
      <inflClass_gen tag="st.Masc"/>
      <punc tag="DE"/>
    </tok_anno>
  </token>
  <token id="t184" trans="uon" type="token">
    <tok_dipl id="t184_d1" trans="uon" utf="uon"/>
    <tok_anno ascii="uon" id="t184_m1" trans="uon" utf="uon">
      <norm tag="wan"/>
      <lemma tag="wante"/>
      <lemma_gen tag="wante"/>
      <lemma_idmwb tag="221532000"/>
      <pos tag="KO*"/>
      <pos_gen tag="KO"/>
      <infl tag="--"/>
      <inflClass tag="--"/>
      <inflClass_gen tag="--"/>
    </tok_anno>
  </token>
  <token id="t185" trans="ich" type="token">
    <tok_dipl id="t185_d1" trans="ich" utf="ich"/>
    <tok_anno ascii="ich" id="t185_m1" trans="ich" utf="ich">
      <norm tag="ich"/>
      <lemma tag="ich"/>
      <lemma_gen tag="ich"/>
      <lemma_idmwb tag="81210000"/>
      <pos tag="PPER"/>
      <pos_gen tag="PPER"/>
      <infl tag="Nom.Sg.1"/>
      <inflClass tag="--"/>
      <inflClass_gen tag="--"/>
    </tok_anno>
  </token>
  <token id="t186" trans="geloven,," type="token">
    <tok_dipl id="t186_d1" trans="geloven" utf="geloven"/>
    <tok_anno ascii="geloven" id="t186_m1" trans="geloven" utf="geloven">
      <norm tag="gelouben"/>
      <lemma tag="ge-louben"/>
      <lemma_gen tag="ge-louben"/>
      <lemma_idmwb tag="52251000"/>
      <pos tag="VVFIN"/>
      <pos_gen tag="VV"/>
      <infl tag="Ind.Pres.Sg.1"/>
      <inflClass tag="wk"/>
      <inflClass_gen tag="wk"/>
      <punc tag="S*"/>
    </tok_anno>
  </token>
  <token id="t187" trans="daz" type="token">
    <tok_dipl id="t187_d1" trans="daz" utf="daz"/>
    <tok_anno ascii="daz" id="t187_m1" trans="daz" utf="daz">
      <norm tag="daz"/>
      <lemma tag="dazz"/>
      <lemma_gen tag="dazz"/>
      <lemma_idmwb tag="29484000"/>
      <pos tag="KOUS"/>
      <pos_gen tag="KO"/>
      <infl tag="--"/>
      <inflClass tag="--"/>
      <inflClass_gen tag="--"/>
    </tok_anno>
  </token>
  <token id="t188" trans="du" type="token">
    <tok_dipl id="t188_d1" trans="du" utf="du"/>
    <tok_anno ascii="du" id="t188_m1" trans="du" utf="du">
      <norm tag="dû"/>
      <lemma tag="dû"/>
      <lemma_gen tag="dû"/>
      <lemma_idmwb tag="32607000"/>
      <pos tag="PPER"/>
      <pos_gen tag="PPER"/>
      <infl tag="Nom.Sg.2"/>
      <inflClass tag="--"/>
      <inflClass_gen tag="--"/>
    </tok_anno>
  </token>
  <token id="t189" trans="bi$t" type="token">
    <tok_dipl id="t189_d1" trans="bi$t" utf="biſt"/>
    <tok_anno ascii="bist" id="t189_m1" trans="bi$t" utf="biſt">
      <norm tag="bist"/>
      <lemma tag="sîn"/>
      <lemma_gen tag="sîn"/>
      <lemma_idmwb tag="150147000"/>
      <pos tag="VAFIN"/>
      <pos_gen tag="VA"/>
      <infl tag="Ind.Pres.Sg.2"/>
      <inflClass tag="irr"/>
      <inflClass_gen tag="irr"/>
    </tok_anno>
  </token>
  <token id="t190" trans="mv\oter" type="token">
    <tok_dipl id="t190_d1" trans="mv\oter" utf="mvͦter"/>
    <tok_anno ascii="mvoter" id="t190_m1" trans="mv\oter" utf="mvͦter">
      <norm tag="muoter"/>
      <lemma tag="muoter"/>
      <lemma_gen tag="muoter"/>
      <lemma_idmwb tag="116949000"/>
      <pos tag="NA"/>
      <pos_gen tag="NA"/>
      <infl tag="Nom.Sg"/>
      <inflClass tag="st(u).Fem"/>
      <inflClass_gen tag="st(u).Fem"/>
    </tok_anno>
  </token>
  <token id="t191" trans="und_e" type="token">
    <tok_dipl id="t191_d1" trans="und_e" utf="undᵉ"/>
    <tok_anno ascii="unde" id="t191_m1" trans="und_e" utf="undᵉ">
      <norm tag="unde"/>
      <lemma tag="unte"/>
      <lemma_gen tag="unte"/>
      <lemma_idmwb tag="183108000"/>
      <pos tag="KON"/>
      <pos_gen tag="KO"/>
      <infl tag="--"/>
      <inflClass tag="--"/>
      <inflClass_gen tag="--"/>
    </tok_anno>
  </token>
  <token id="t192" trans="maget" type="token">
    <tok_dipl id="t192_d1" trans="maget" utf="maget"/>
    <tok_anno ascii="maget" id="t192_m1" trans="maget" utf="maget">
      <norm tag="maget"/>
      <lemma tag="maged"/>
      <lemma_gen tag="maged"/>
      <lemma_idmwb tag="106875000"/>
      <pos tag="NA"/>
      <pos_gen tag="NA"/>
      <infl tag="Nom.Sg"/>
      <inflClass tag="stu.Fem"/>
      <inflClass_gen tag="stu.Fem"/>
    </tok_anno>
  </token>
  <token id="t193" trans="beide(.)" type="token">
    <tok_dipl id="t193_d1" trans="beide" utf="beide"/>
    <tok_anno ascii="beide" id="t193_m1" trans="beide" utf="beide">
      <norm tag="beide"/>
      <lemma tag="bèide"/>
      <lemma_gen tag="bèide"/>
      <lemma_idmwb tag="13638000"/>
      <pos tag="DID"/>
      <pos_gen tag="DI"/>
      <infl tag="Fem.Nom.Sg.st"/>
      <inflClass tag="--"/>
      <inflClass_gen tag="--"/>
      <punc tag="DE"/>
    </tok_anno>
  </token>
  <token id="t194" trans="." type="punc">
    <tok_dipl id="t194_d1" trans="." utf="."/>
    <tok_anno ascii="." id="t194_m1" trans="." utf=".">
      <pos tag="$_"/>
      <pos_gen tag="$_"/>
      <punc tag="$E"/>
    </tok_anno>
  </token>
</text>
