<?xml version='1.0' encoding='UTF-8'?>
<!DOCTYPE text SYSTEM "cora-xml.dtd">
<text id="M154">
  <header>
    <text>Physiologus S (Schäftlarner Fragment)</text>
    <abbr_ddd>Phys S</abbr_ddd>
    <abbr_mwb>-</abbr_mwb>
    <topic>Wissen(-schaft)</topic>
    <text-type>-</text-type>
    <genre>P</genre>
    <reference>Hs.: Blatt (r/v), Zeile</reference>
    <reference-secondary>-</reference-secondary>
    <library>München, Staatsbibl.</library>
    <library-shelfmark>clm 17195</library-shelfmark>
    <online>http://www.handschriftencensus.de/1175</online>
    <medium>Handschrift</medium>
    <extent>33r,22-29</extent>
    <extract>-</extract>
    <language>mhd</language>
    <language-type>oberdeutsch</language-type>
    <language-region>ostoberdeutsch</language-region>
    <language-area>bairisch</language-area>
    <place>-</place>
    <time>12,2</time>
    <notes-manuscript>_</notes-manuscript>
    <date>-</date>
    <text-place>-</text-place>
    <text-author>-</text-author>
    <text-language>-</text-language>
    <text-source>-</text-source>
    <edition>Friedrich Wilhelm (Hg.), Denkmäler deutscher Prosa des 11. und 12. Jahrhunderts, Abteilung A: Text; Abteilung B: Kommentar (Münchener Texte 8), München 1914/16 (Nachdruck in einem Band München 1960 [Germanistische Bücherei 3]), Teil B, S. 46f. (mit Abdruck). Christian Schröder in VL 7 (1989), 2. Aufl., Sp. 620-634, bes. Sp. 630f. + VL 11 (2004), 2. Aufl., Sp. 1241.</edition>
    <corpus>ReM I</corpus>
    <notes-transcription>-</notes-transcription>
    <notes-annotation>-</notes-annotation>
    <digitization_by>Bochum</digitization_by>
    <collation_by>Bochum</collation_by>
    <pre_editing_by>Bochum</pre_editing_by>
    <annotation_by>Bochum</annotation_by>
    <proofreading_by>Bochum</proofreading_by>
  </header>
  <layoutinfo>
    <page id="p1" no="33" range="c1" side="r"/>
    <column id="c1" range="l1..l8"/>
    <line id="l1" name="22" range="t1_d1..t4_d1" loc="33ra,22"/>
    <line id="l2" name="23" range="t5_d1..t15_d2" loc="33ra,23"/>
    <line id="l3" name="24" range="t16_d1..t29_d1" loc="33ra,24"/>
    <line id="l4" name="25" range="t30_d1..t44_d1" loc="33ra,25"/>
    <line id="l5" name="26" range="t45_d1..t63_d1" loc="33ra,26"/>
    <line id="l6" name="27" range="t64_d1..t79_d1" loc="33ra,27"/>
    <line id="l7" name="28" range="t80_d1..t95_d1" loc="33ra,28"/>
    <line id="l8" name="29" range="t96_d1..t99_d1" loc="33ra,29"/>
  </layoutinfo>
  <shifttags/>
  <token id="t1" trans="Der" type="token">
    <tok_dipl id="t1_d1" trans="Der" utf="Der"/>
    <tok_anno ascii="Der" id="t1_m1" trans="Der" utf="Der">
      <norm tag="der"/>
      <lemma tag="dër"/>
      <lemma_gen tag="dër"/>
      <lemma_idmwb tag="29817000"/>
      <pos tag="DDART"/>
      <pos_gen tag="DD"/>
      <infl tag="Masc.Nom.Sg"/>
      <inflClass tag="--"/>
      <inflClass_gen tag="--"/>
    </tok_anno>
  </token>
  <token id="t2" trans="onocentauru$" type="token">
    <tok_dipl id="t2_d1" trans="onocentauru$" utf="onocentauruſ"/>
    <tok_anno ascii="onocentaurus" id="t2_m1" trans="onocentauru$" utf="onocentauruſ">
      <norm tag="onocentaurus"/>
      <lemma tag="ono-centaurus"/>
      <lemma_gen tag="ono-centaurus"/>
      <lemma_idmwb tag="--"/>
      <pos tag="NA"/>
      <pos_gen tag="FM"/>
      <infl tag="Nom.Sg"/>
      <inflClass tag="Masc"/>
      <inflClass_gen tag="Masc"/>
    </tok_anno>
  </token>
  <token id="t3" trans="bezeichinot,," type="token">
    <tok_dipl id="t3_d1" trans="bezeichinot" utf="bezeichinot"/>
    <tok_anno ascii="bezeichinot" id="t3_m1" trans="bezeichinot" utf="bezeichinot">
      <norm tag="bezeichenet"/>
      <lemma tag="be-zèichenen"/>
      <lemma_gen tag="be-zèichenen"/>
      <lemma_idmwb tag="19554000"/>
      <pos tag="VVFIN"/>
      <pos_gen tag="VV"/>
      <infl tag="Ind.Pres.Sg.3"/>
      <inflClass tag="wk"/>
      <inflClass_gen tag="wk"/>
      <punc tag="S*"/>
    </tok_anno>
  </token>
  <token id="t4" trans="de$" type="token">
    <tok_dipl id="t4_d1" trans="de$" utf="deſ"/>
    <tok_anno ascii="des" id="t4_m1" trans="de$" utf="deſ">
      <norm tag="des"/>
      <lemma tag="dër"/>
      <lemma_gen tag="dër"/>
      <lemma_idmwb tag="29823000"/>
      <pos tag="DDS"/>
      <pos_gen tag="DD"/>
      <infl tag="Neut.Gen.Sg"/>
      <inflClass tag="--"/>
      <inflClass_gen tag="--"/>
    </tok_anno>
  </token>
  <token id="t5" trans="wir" type="token">
    <tok_dipl id="t5_d1" trans="wir" utf="wir"/>
    <tok_anno ascii="wir" id="t5_m1" trans="wir" utf="wir">
      <norm tag="wir"/>
      <lemma tag="wir"/>
      <lemma_gen tag="wir"/>
      <lemma_idmwb tag="231441000"/>
      <pos tag="PPER"/>
      <pos_gen tag="PPER"/>
      <infl tag="Nom.Pl.1"/>
      <inflClass tag="--"/>
      <inflClass_gen tag="--"/>
    </tok_anno>
  </token>
  <token id="t6" trans="haben" type="token">
    <tok_dipl id="t6_d1" trans="haben" utf="haben"/>
    <tok_anno ascii="haben" id="t6_m1" trans="haben" utf="haben">
      <norm tag="haben"/>
      <lemma tag="haben"/>
      <lemma_gen tag="haben"/>
      <lemma_idmwb tag="66885000"/>
      <pos tag="VAFIN"/>
      <pos_gen tag="VA"/>
      <infl tag="*.Pres.Pl.1"/>
      <inflClass tag="wk"/>
      <inflClass_gen tag="wk"/>
    </tok_anno>
  </token>
  <token id="t7" trans="michele" type="token">
    <tok_dipl id="t7_d1" trans="michele" utf="michele"/>
    <tok_anno ascii="michele" id="t7_m1" trans="michele" utf="michele">
      <norm tag="michele"/>
      <lemma tag="michel"/>
      <lemma_gen tag="michel"/>
      <lemma_idmwb tag="111615000"/>
      <pos tag="ADJA"/>
      <pos_gen tag="ADJ"/>
      <infl tag="Pos.Fem.Akk.Sg.st"/>
      <inflClass tag="--"/>
      <inflClass_gen tag="--"/>
    </tok_anno>
  </token>
  <token id="t8" trans="not,," type="token">
    <tok_dipl id="t8_d1" trans="not" utf="not"/>
    <tok_anno ascii="not" id="t8_m1" trans="not" utf="not">
      <norm tag="nôt"/>
      <lemma tag="nôt"/>
      <lemma_gen tag="nôt"/>
      <lemma_idmwb tag="122190000"/>
      <pos tag="NA"/>
      <pos_gen tag="NA"/>
      <infl tag="Akk.Sg"/>
      <inflClass tag="stu.Fem"/>
      <inflClass_gen tag="stu.Masc,Fem"/>
      <punc tag="S*"/>
    </tok_anno>
  </token>
  <token id="t9" trans="%." type="punc">
    <tok_dipl id="t9_d1" trans="%." utf="·"/>
    <tok_anno ascii="." id="t9_m1" trans="%." utf="·">
      <pos tag="$_"/>
      <pos_gen tag="$_"/>
    </tok_anno>
  </token>
  <token id="t10" trans="die" type="token">
    <tok_dipl id="t10_d1" trans="die" utf="die"/>
    <tok_anno ascii="die" id="t10_m1" trans="die" utf="die">
      <norm tag="die"/>
      <lemma tag="dër"/>
      <lemma_gen tag="dër"/>
      <lemma_idmwb tag="29817000"/>
      <pos tag="DDART"/>
      <pos_gen tag="DD"/>
      <infl tag="*.Nom.Pl"/>
      <inflClass tag="--"/>
      <inflClass_gen tag="--"/>
    </tok_anno>
  </token>
  <token id="t11" trans="zwi$kelen" type="token">
    <tok_dipl id="t11_d1" trans="zwi$kelen" utf="zwiſkelen"/>
    <tok_anno ascii="zwiskelen" id="t11_m1" trans="zwi$kelen" utf="zwiſkelen">
      <norm tag="zwiskel"/>
      <lemma tag="zwiskel"/>
      <lemma_gen tag="zwiskel"/>
      <lemma_idmwb tag="???"/>
      <pos tag="ADJA"/>
      <pos_gen tag="ADJ"/>
      <infl tag="Pos.Fem.Nom.Pl.st"/>
      <inflClass tag="--"/>
      <inflClass_gen tag="--"/>
    </tok_anno>
  </token>
  <token id="t12" trans="zungen" type="token">
    <tok_dipl id="t12_d1" trans="zungen" utf="zungen"/>
    <tok_anno ascii="zungen" id="t12_m1" trans="zungen" utf="zungen">
      <norm tag="zungen"/>
      <lemma tag="zunge"/>
      <lemma_gen tag="zunge"/>
      <lemma_idmwb tag="240570000"/>
      <pos tag="NA"/>
      <pos_gen tag="NA"/>
      <infl tag="Nom.Pl"/>
      <inflClass tag="st.Fem"/>
      <inflClass_gen tag="*.Fem"/>
    </tok_anno>
  </token>
  <token id="t13" trans="an" type="token">
    <tok_dipl id="t13_d1" trans="an" utf="an"/>
    <tok_anno ascii="an" id="t13_m1" trans="an" utf="an">
      <norm tag="an"/>
      <lemma tag="ane"/>
      <lemma_gen tag="ane"/>
      <lemma_idmwb tag="5691000"/>
      <pos tag="APPR"/>
      <pos_gen tag="AP"/>
      <infl tag="--"/>
      <inflClass tag="--"/>
      <inflClass_gen tag="--"/>
    </tok_anno>
  </token>
  <token id="t14" trans="un$ern" type="token">
    <tok_dipl id="t14_d1" trans="un$ern" utf="unſern"/>
    <tok_anno ascii="unsern" id="t14_m1" trans="un$ern" utf="unſern">
      <norm tag="unser"/>
      <lemma tag="unser"/>
      <lemma_gen tag="unser"/>
      <lemma_idmwb tag="190590000"/>
      <pos tag="DPOSA"/>
      <pos_gen tag="DPOS"/>
      <infl tag="Masc.Akk.Pl.st"/>
      <inflClass tag="--"/>
      <inflClass_gen tag="--"/>
    </tok_anno>
  </token>
  <token id="t15" trans="eben#chri$tenen,," type="token">
    <tok_dipl id="t15_d1" trans="eben" utf="eben"/>
    <tok_dipl id="t15_d2" trans="chri$tenen" utf="chriſtenen"/>
    <tok_anno ascii="ebenchristenen" id="t15_m1" trans="eben#chri$tenen" utf="ebenchriſtenen">
      <norm tag="ebenkristene"/>
      <token_type tag="US"/>
      <lemma tag="ëben-kristen"/>
      <lemma_gen tag="ëben-kristen"/>
      <lemma_idmwb tag="34758000"/>
      <pos tag="NA"/>
      <pos_gen tag="NA"/>
      <infl tag="Akk.Pl"/>
      <inflClass tag="st.Masc"/>
      <inflClass_gen tag="st.Masc"/>
      <punc tag="S*"/>
    </tok_anno>
  </token>
  <token id="t16" trans="die" type="token">
    <tok_dipl id="t16_d1" trans="die" utf="die"/>
    <tok_anno ascii="die" id="t16_m1" trans="die" utf="die">
      <norm tag="die"/>
      <lemma tag="dër"/>
      <lemma_gen tag="dër"/>
      <lemma_idmwb tag="29823000"/>
      <pos tag="DRELS"/>
      <pos_gen tag="DD"/>
      <infl tag="*.Nom.Pl"/>
      <inflClass tag="--"/>
      <inflClass_gen tag="--"/>
    </tok_anno>
  </token>
  <token id="t17" trans="da" type="token">
    <tok_dipl id="t17_d1" trans="da" utf="da"/>
    <tok_anno ascii="da" id="t17_m1" trans="da" utf="da">
      <norm tag="dâ"/>
      <lemma tag="dâr"/>
      <lemma_gen tag="dâr"/>
      <lemma_idmwb tag="28932000"/>
      <pos tag="AVD"/>
      <pos_gen tag="AVD"/>
      <infl tag="--"/>
      <inflClass tag="--"/>
      <inflClass_gen tag="--"/>
    </tok_anno>
  </token>
  <token id="t18" trans="$int" type="token">
    <tok_dipl id="t18_d1" trans="$int" utf="ſint"/>
    <tok_anno ascii="sint" id="t18_m1" trans="$int" utf="ſint">
      <norm tag="sint"/>
      <lemma tag="sîn"/>
      <lemma_gen tag="sîn"/>
      <lemma_idmwb tag="150147000"/>
      <pos tag="VAFIN"/>
      <pos_gen tag="VA"/>
      <infl tag="Ind.Pres.Pl.3"/>
      <inflClass tag="irr"/>
      <inflClass_gen tag="irr"/>
    </tok_anno>
  </token>
  <token id="t19" trans="un$tâte" type="token">
    <tok_dipl id="t19_d1" trans="un$tâte" utf="unſtâte"/>
    <tok_anno ascii="unstate" id="t19_m1" trans="un$tâte" utf="unſtâte">
      <norm tag="unstæte"/>
      <lemma tag="un-stæte"/>
      <lemma_gen tag="un-stæte"/>
      <lemma_idmwb tag="190842000"/>
      <pos tag="AVD"/>
      <pos_gen tag="AVD"/>
      <infl tag="--"/>
      <inflClass tag="--"/>
      <inflClass_gen tag="--"/>
    </tok_anno>
  </token>
  <token id="t20" trans="%." type="punc">
    <tok_dipl id="t20_d1" trans="%." utf="·"/>
    <tok_anno ascii="." id="t20_m1" trans="%." utf="·">
      <pos tag="$_"/>
      <pos_gen tag="$_"/>
    </tok_anno>
  </token>
  <token id="t21" trans="unde" type="token">
    <tok_dipl id="t21_d1" trans="unde" utf="unde"/>
    <tok_anno ascii="unde" id="t21_m1" trans="unde" utf="unde">
      <norm tag="unde"/>
      <lemma tag="unte"/>
      <lemma_gen tag="unte"/>
      <lemma_idmwb tag="183108000"/>
      <pos tag="KON"/>
      <pos_gen tag="KO"/>
      <infl tag="--"/>
      <inflClass tag="--"/>
      <inflClass_gen tag="--"/>
    </tok_anno>
  </token>
  <token id="t22" trans="machent" type="token">
    <tok_dipl id="t22_d1" trans="machent" utf="machent"/>
    <tok_anno ascii="machent" id="t22_m1" trans="machent" utf="machent">
      <norm tag="machent"/>
      <lemma tag="machen"/>
      <lemma_gen tag="machen"/>
      <lemma_idmwb tag="106683000"/>
      <pos tag="VVFIN"/>
      <pos_gen tag="VV"/>
      <infl tag="Ind.Pres.Pl.3"/>
      <inflClass tag="wk"/>
      <inflClass_gen tag="wk"/>
    </tok_anno>
  </token>
  <token id="t23" trans="gerne" type="token">
    <tok_dipl id="t23_d1" trans="gerne" utf="gerne"/>
    <tok_anno ascii="gerne" id="t23_m1" trans="gerne" utf="gerne">
      <norm tag="gerne"/>
      <lemma tag="gërne"/>
      <lemma_gen tag="gërne"/>
      <lemma_idmwb tag="55131000"/>
      <pos tag="AVD"/>
      <pos_gen tag="AVD"/>
      <infl tag="--"/>
      <inflClass tag="--"/>
      <inflClass_gen tag="--"/>
    </tok_anno>
  </token>
  <token id="t24" trans="gebage(.)" type="token">
    <tok_dipl id="t24_d1" trans="gebage" utf="gebage"/>
    <tok_anno ascii="gebage" id="t24_m1" trans="gebage" utf="gebage">
      <norm tag="gebâge"/>
      <lemma tag="ge-bâge"/>
      <lemma_gen tag="ge-bâge"/>
      <lemma_idmwb tag="47595000"/>
      <pos tag="NA"/>
      <pos_gen tag="NA"/>
      <infl tag="Akk.Sg"/>
      <inflClass tag="st.Neut"/>
      <inflClass_gen tag="st.Neut"/>
      <punc tag="DE"/>
    </tok_anno>
  </token>
  <token id="t25" trans="%." type="punc">
    <tok_dipl id="t25_d1" trans="%." utf="·"/>
    <tok_anno ascii="." id="t25_m1" trans="%." utf="·">
      <pos tag="$_"/>
      <pos_gen tag="$_"/>
      <punc tag="$E"/>
    </tok_anno>
  </token>
  <token id="t26" trans="daz" type="token">
    <tok_dipl id="t26_d1" trans="daz" utf="daz"/>
    <tok_anno ascii="daz" id="t26_m1" trans="daz" utf="daz">
      <norm tag="daz"/>
      <lemma tag="dër"/>
      <lemma_gen tag="dër"/>
      <lemma_idmwb tag="29817000"/>
      <pos tag="DDART"/>
      <pos_gen tag="DD"/>
      <infl tag="Neut.Akk.Sg"/>
      <inflClass tag="--"/>
      <inflClass_gen tag="--"/>
    </tok_anno>
  </token>
  <token id="t27" trans="pilede" type="token">
    <tok_dipl id="t27_d1" trans="pilede" utf="pilede"/>
    <tok_anno ascii="pilede" id="t27_m1" trans="pilede" utf="pilede">
      <norm tag="bilede"/>
      <lemma tag="bil(e)de"/>
      <lemma_gen tag="bil(e)de"/>
      <lemma_idmwb tag="20373000"/>
      <pos tag="NA"/>
      <pos_gen tag="NA"/>
      <infl tag="Akk.Sg"/>
      <inflClass tag="st.Neut"/>
      <inflClass_gen tag="st.Neut"/>
    </tok_anno>
  </token>
  <token id="t28" trans="der" type="token">
    <tok_dipl id="t28_d1" trans="der" utf="der"/>
    <tok_anno ascii="der" id="t28_m1" trans="der" utf="der">
      <norm tag="der"/>
      <lemma tag="dër"/>
      <lemma_gen tag="dër"/>
      <lemma_idmwb tag="29817000"/>
      <pos tag="DDART"/>
      <pos_gen tag="DD"/>
      <infl tag="Fem.Gen.Sg"/>
      <inflClass tag="--"/>
      <inflClass_gen tag="--"/>
    </tok_anno>
  </token>
  <token id="t29" trans="go\vte" type="token">
    <tok_dipl id="t29_d1" trans="go\vte" utf="goͮte"/>
    <tok_anno ascii="govte" id="t29_m1" trans="go\vte" utf="goͮte">
      <norm tag="güete"/>
      <lemma tag="güète"/>
      <lemma_gen tag="güète"/>
      <lemma_idmwb tag="66129000"/>
      <pos tag="NA"/>
      <pos_gen tag="NA"/>
      <infl tag="Gen.Sg"/>
      <inflClass tag="st.Fem"/>
      <inflClass_gen tag="*.Fem"/>
    </tok_anno>
  </token>
  <token id="t30" trans="$i" type="token">
    <tok_dipl id="t30_d1" trans="$i" utf="ſi"/>
    <tok_anno ascii="si" id="t30_m1" trans="$i" utf="ſi">
      <norm tag="si"/>
      <lemma tag="ër"/>
      <lemma_gen tag="ër"/>
      <lemma_idmwb tag="40380000"/>
      <pos tag="PPER"/>
      <pos_gen tag="PPER"/>
      <infl tag="*.Nom.Pl.3"/>
      <inflClass tag="--"/>
      <inflClass_gen tag="--"/>
    </tok_anno>
  </token>
  <token id="t31" trans="habent" type="token">
    <tok_dipl id="t31_d1" trans="habent" utf="habent"/>
    <tok_anno ascii="habent" id="t31_m1" trans="habent" utf="habent">
      <norm tag="habent"/>
      <lemma tag="haben"/>
      <lemma_gen tag="haben"/>
      <lemma_idmwb tag="66885000"/>
      <pos tag="VAFIN"/>
      <pos_gen tag="VA"/>
      <infl tag="Ind.Pres.Pl.3"/>
      <inflClass tag="wk"/>
      <inflClass_gen tag="wk"/>
    </tok_anno>
  </token>
  <token id="t32" trans="%." type="punc">
    <tok_dipl id="t32_d1" trans="%." utf="·"/>
    <tok_anno ascii="." id="t32_m1" trans="%." utf="·">
      <pos tag="$_"/>
      <pos_gen tag="$_"/>
    </tok_anno>
  </token>
  <token id="t33" trans="unde" type="token">
    <tok_dipl id="t33_d1" trans="unde" utf="unde"/>
    <tok_anno ascii="unde" id="t33_m1" trans="unde" utf="unde">
      <norm tag="unde"/>
      <lemma tag="unte"/>
      <lemma_gen tag="unte"/>
      <lemma_idmwb tag="183108000"/>
      <pos tag="KON"/>
      <pos_gen tag="KO"/>
      <infl tag="--"/>
      <inflClass tag="--"/>
      <inflClass_gen tag="--"/>
    </tok_anno>
  </token>
  <token id="t34" trans="auer" type="token">
    <tok_dipl id="t34_d1" trans="auer" utf="auer"/>
    <tok_anno ascii="auer" id="t34_m1" trans="auer" utf="auer">
      <norm tag="aber"/>
      <lemma tag="aber"/>
      <lemma_gen tag="aber"/>
      <lemma_idmwb tag="1020000"/>
      <pos tag="KO*"/>
      <pos_gen tag="KO"/>
      <infl tag="--"/>
      <inflClass tag="--"/>
      <inflClass_gen tag="--"/>
    </tok_anno>
  </token>
  <token id="t35" trans="der" type="token">
    <tok_dipl id="t35_d1" trans="der" utf="der"/>
    <tok_anno ascii="der" id="t35_m1" trans="der" utf="der">
      <norm tag="der"/>
      <lemma tag="dër"/>
      <lemma_gen tag="dër"/>
      <lemma_idmwb tag="29817000"/>
      <pos tag="DDART"/>
      <pos_gen tag="DD"/>
      <infl tag="*.Gen.Pl"/>
      <inflClass tag="--"/>
      <inflClass_gen tag="--"/>
    </tok_anno>
  </token>
  <token id="t36" trans="werche" type="token">
    <tok_dipl id="t36_d1" trans="werche" utf="werche"/>
    <tok_anno ascii="werche" id="t36_m1" trans="werche" utf="werche">
      <norm tag="werke"/>
      <lemma tag="wërk"/>
      <lemma_gen tag="wërk"/>
      <lemma_idmwb tag="224991000"/>
      <pos tag="NA"/>
      <pos_gen tag="NA"/>
      <infl tag="Gen.Pl"/>
      <inflClass tag="st.Neut"/>
      <inflClass_gen tag="st.Neut"/>
    </tok_anno>
  </token>
  <token id="t37" trans="niht" type="token">
    <tok_dipl id="t37_d1" trans="niht" utf="niht"/>
    <tok_anno ascii="niht" id="t37_m1" trans="niht" utf="niht">
      <norm tag="niht"/>
      <lemma tag="niht"/>
      <lemma_gen tag="niht"/>
      <lemma_idmwb tag="121446000"/>
      <pos tag="PTKNEG"/>
      <pos_gen tag="PI"/>
      <infl tag="--"/>
      <inflClass tag="--"/>
      <inflClass_gen tag="--"/>
    </tok_anno>
  </token>
  <token id="t38" trans="ne" type="token">
    <tok_dipl id="t38_d1" trans="ne" utf="ne"/>
    <tok_anno ascii="ne" id="t38_m1" trans="ne" utf="ne">
      <norm tag="ne"/>
      <lemma tag="ne"/>
      <lemma_gen tag="ne"/>
      <lemma_idmwb tag="119841000"/>
      <pos tag="PTKNEG"/>
      <pos_gen tag="PTK"/>
      <infl tag="--"/>
      <inflClass tag="--"/>
      <inflClass_gen tag="--"/>
    </tok_anno>
  </token>
  <token id="t39" trans="pflegent(.)" type="token">
    <tok_dipl id="t39_d1" trans="pflegent" utf="pflegent"/>
    <tok_anno ascii="pflegent" id="t39_m1" trans="pflegent" utf="pflegent">
      <norm tag="pflegent"/>
      <lemma tag="pflëgen"/>
      <lemma_gen tag="pflëgen"/>
      <lemma_idmwb tag="128127000"/>
      <pos tag="VVFIN"/>
      <pos_gen tag="VV"/>
      <infl tag="Ind.Pres.Pl.3"/>
      <inflClass tag="st5"/>
      <inflClass_gen tag="st5"/>
      <punc tag="DE"/>
    </tok_anno>
  </token>
  <token id="t40" trans="%." type="punc">
    <tok_dipl id="t40_d1" trans="%." utf="·"/>
    <tok_anno ascii="." id="t40_m1" trans="%." utf="·">
      <pos tag="$_"/>
      <pos_gen tag="$_"/>
      <punc tag="$E"/>
    </tok_anno>
  </token>
  <token id="t41" trans="Nu" type="token">
    <tok_dipl id="t41_d1" trans="Nu" utf="Nu"/>
    <tok_anno ascii="Nu" id="t41_m1" trans="Nu" utf="Nu">
      <norm tag="nû"/>
      <lemma tag="nû"/>
      <lemma_gen tag="nû"/>
      <lemma_idmwb tag="122703000"/>
      <pos tag="AVD"/>
      <pos_gen tag="AVD-KO"/>
      <infl tag="--"/>
      <inflClass tag="--"/>
      <inflClass_gen tag="--"/>
    </tok_anno>
  </token>
  <token id="t42" trans="$culen" type="token">
    <tok_dipl id="t42_d1" trans="$culen" utf="ſculen"/>
    <tok_anno ascii="sculen" id="t42_m1" trans="$culen" utf="ſculen">
      <norm tag="schulen"/>
      <lemma tag="sol(e)n"/>
      <lemma_gen tag="sol(e)n"/>
      <lemma_idmwb tag="154377000"/>
      <pos tag="VMFIN"/>
      <pos_gen tag="VM"/>
      <infl tag="*.Pres.Pl.1"/>
      <inflClass tag="prpr"/>
      <inflClass_gen tag="prpr"/>
    </tok_anno>
  </token>
  <token id="t43" trans="wir" type="token">
    <tok_dipl id="t43_d1" trans="wir" utf="wir"/>
    <tok_anno ascii="wir" id="t43_m1" trans="wir" utf="wir">
      <norm tag="wir"/>
      <lemma tag="wir"/>
      <lemma_gen tag="wir"/>
      <lemma_idmwb tag="231441000"/>
      <pos tag="PPER"/>
      <pos_gen tag="PPER"/>
      <infl tag="Nom.Pl.1"/>
      <inflClass tag="--"/>
      <inflClass_gen tag="--"/>
    </tok_anno>
  </token>
  <token id="t44" trans="iu" type="token">
    <tok_dipl id="t44_d1" trans="iu" utf="iu"/>
    <tok_anno ascii="iu" id="t44_m1" trans="iu" utf="iu">
      <norm tag="iu"/>
      <lemma tag="ir"/>
      <lemma_gen tag="ir"/>
      <lemma_idmwb tag="83979000"/>
      <pos tag="PPER"/>
      <pos_gen tag="PPER"/>
      <infl tag="Dat.Pl.2"/>
      <inflClass tag="--"/>
      <inflClass_gen tag="--"/>
    </tok_anno>
  </token>
  <token id="t45" trans="zellen" type="token">
    <tok_dipl id="t45_d1" trans="zellen" utf="zellen"/>
    <tok_anno ascii="zellen" id="t45_m1" trans="zellen" utf="zellen">
      <norm tag="zelen"/>
      <lemma tag="zèl(e)n"/>
      <lemma_gen tag="zèl(e)n"/>
      <lemma_idmwb tag="236244000"/>
      <pos tag="VVINF"/>
      <pos_gen tag="VV"/>
      <infl tag="--"/>
      <inflClass tag="wk"/>
      <inflClass_gen tag="wk"/>
    </tok_anno>
  </token>
  <token id="t46" trans="%." type="punc">
    <tok_dipl id="t46_d1" trans="%." utf="·"/>
    <tok_anno ascii="." id="t46_m1" trans="%." utf="·">
      <pos tag="$_"/>
      <pos_gen tag="$_"/>
    </tok_anno>
  </token>
  <token id="t47" trans="u" type="token">
    <tok_dipl id="t47_d1" trans="u" utf="u"/>
    <tok_anno ascii="u" id="t47_m1" trans="u" utf="u">
      <norm tag="--"/>
      <lemma tag="[!]"/>
      <lemma_gen tag="[!]"/>
      <lemma_idmwb tag="--"/>
      <pos tag="--"/>
      <pos_gen tag="--"/>
      <infl tag="--"/>
      <inflClass tag="--"/>
      <inflClass_gen tag="--"/>
    </tok_anno>
  </token>
  <comment type="K">/K[*[u*]: getilgt durch Unterpung.]</comment>
  <token id="t48" trans="fon" type="token">
    <tok_dipl id="t48_d1" trans="fon" utf="fon"/>
    <tok_anno ascii="fon" id="t48_m1" trans="fon" utf="fon">
      <norm tag="von"/>
      <lemma tag="von(e)"/>
      <lemma_gen tag="von(e)"/>
      <lemma_idmwb tag="???"/>
      <pos tag="APPR"/>
      <pos_gen tag="AP"/>
      <infl tag="--"/>
      <inflClass tag="--"/>
      <inflClass_gen tag="--"/>
    </tok_anno>
  </token>
  <token id="t49" trans="dem" type="token">
    <tok_dipl id="t49_d1" trans="dem" utf="dem"/>
    <tok_anno ascii="dem" id="t49_m1" trans="dem" utf="dem">
      <norm tag="dem"/>
      <lemma tag="dër"/>
      <lemma_gen tag="dër"/>
      <lemma_idmwb tag="29817000"/>
      <pos tag="DDART"/>
      <pos_gen tag="DD"/>
      <infl tag="Masc.Dat.Sg"/>
      <inflClass tag="--"/>
      <inflClass_gen tag="--"/>
    </tok_anno>
  </token>
  <token id="t50" trans="ainhurnen(:)" type="token">
    <tok_dipl id="t50_d1" trans="ainhurnen" utf="ainhurnen"/>
    <tok_anno ascii="ainhurnen" id="t50_m1" trans="ainhurnen" utf="ainhurnen">
      <norm tag="einhürnen"/>
      <lemma tag="èin-hürne"/>
      <lemma_gen tag="èin-hürne"/>
      <lemma_idmwb tag="36132000"/>
      <pos tag="NA"/>
      <pos_gen tag="NA"/>
      <infl tag="Dat.Sg"/>
      <inflClass tag="*.Masc"/>
      <inflClass_gen tag="*.Masc"/>
      <punc tag="DE"/>
    </tok_anno>
  </token>
  <token id="t51" trans="%." type="punc">
    <tok_dipl id="t51_d1" trans="%." utf="·"/>
    <tok_anno ascii="." id="t51_m1" trans="%." utf="·">
      <pos tag="$_"/>
      <pos_gen tag="$_"/>
      <punc tag="$E"/>
    </tok_anno>
  </token>
  <token id="t52" trans="er" type="token">
    <tok_dipl id="t52_d1" trans="er" utf="er"/>
    <tok_anno ascii="er" id="t52_m1" trans="er" utf="er">
      <norm tag="er"/>
      <lemma tag="ër"/>
      <lemma_gen tag="ër"/>
      <lemma_idmwb tag="40380000"/>
      <pos tag="PPER"/>
      <pos_gen tag="PPER"/>
      <infl tag="Masc.Nom.Sg.3"/>
      <inflClass tag="--"/>
      <inflClass_gen tag="--"/>
    </tok_anno>
  </token>
  <token id="t53" trans="i$t" type="token">
    <tok_dipl id="t53_d1" trans="i$t" utf="iſt"/>
    <tok_anno ascii="ist" id="t53_m1" trans="i$t" utf="iſt">
      <norm tag="ist"/>
      <lemma tag="sîn"/>
      <lemma_gen tag="sîn"/>
      <lemma_idmwb tag="150147000"/>
      <pos tag="VAFIN"/>
      <pos_gen tag="VA"/>
      <infl tag="Ind.Pres.Sg.3"/>
      <inflClass tag="irr"/>
      <inflClass_gen tag="irr"/>
    </tok_anno>
  </token>
  <token id="t54" trans="ein" type="token">
    <tok_dipl id="t54_d1" trans="ein" utf="ein"/>
    <tok_anno ascii="ein" id="t54_m1" trans="ein" utf="ein">
      <norm tag="ein"/>
      <lemma tag="èin"/>
      <lemma_gen tag="èin"/>
      <lemma_idmwb tag="???"/>
      <pos tag="DIA"/>
      <pos_gen tag="DI"/>
      <infl tag="Neut.Nom.Sg.0"/>
      <inflClass tag="--"/>
      <inflClass_gen tag="--"/>
    </tok_anno>
  </token>
  <token id="t55" trans="tier" type="token">
    <tok_dipl id="t55_d1" trans="tier" utf="tier"/>
    <tok_anno ascii="tier" id="t55_m1" trans="tier" utf="tier">
      <norm tag="tier"/>
      <lemma tag="tièr"/>
      <lemma_gen tag="tièr"/>
      <lemma_idmwb tag="168147000"/>
      <pos tag="NA"/>
      <pos_gen tag="NA"/>
      <infl tag="Nom.Sg"/>
      <inflClass tag="st.Neut"/>
      <inflClass_gen tag="st.Neut"/>
    </tok_anno>
  </token>
  <token id="t56" trans="lucil,," type="token">
    <tok_dipl id="t56_d1" trans="lucil" utf="lucil"/>
    <tok_anno ascii="lucil" id="t56_m1" trans="lucil" utf="lucil">
      <norm tag="lützelz"/>
      <lemma tag="lützel"/>
      <lemma_gen tag="lützel"/>
      <lemma_idmwb tag="106578000"/>
      <pos tag="ADJN"/>
      <pos_gen tag="ADJ"/>
      <infl tag="Pos.Neut.Nom.Sg.st"/>
      <inflClass tag="--"/>
      <inflClass_gen tag="--"/>
      <punc tag="S*"/>
    </tok_anno>
  </token>
  <token id="t57" trans="gelich" type="token">
    <tok_dipl id="t57_d1" trans="gelich" utf="gelich"/>
    <tok_anno ascii="gelich" id="t57_m1" trans="gelich" utf="gelich">
      <norm tag="gelîch"/>
      <lemma tag="ge-lîch"/>
      <lemma_gen tag="ge-lîch"/>
      <lemma_idmwb tag="51687000"/>
      <pos tag="ADJD"/>
      <pos_gen tag="ADJ"/>
      <infl tag="Pos....0"/>
      <inflClass tag="--"/>
      <inflClass_gen tag="--"/>
    </tok_anno>
  </token>
  <token id="t58" trans="anime" type="token">
    <tok_dipl id="t58_d1" trans="anime" utf="anime"/>
    <tok_anno ascii="anime" id="t58_m1" trans="anime" utf="anime">
      <norm tag="eineme"/>
      <lemma tag="èin"/>
      <lemma_gen tag="èin"/>
      <lemma_idmwb tag="35925000"/>
      <pos tag="DIART"/>
      <pos_gen tag="DD"/>
      <infl tag="Neut.Dat.Sg.st"/>
      <inflClass tag="--"/>
      <inflClass_gen tag="--"/>
    </tok_anno>
  </token>
  <token id="t59" trans="cizze(.)" type="token">
    <tok_dipl id="t59_d1" trans="cizze" utf="cizze"/>
    <tok_anno ascii="cizze" id="t59_m1" trans="cizze" utf="cizze">
      <norm tag="kitze"/>
      <lemma tag="kitze"/>
      <lemma_gen tag="kitze"/>
      <lemma_idmwb tag="90510000"/>
      <pos tag="NA"/>
      <pos_gen tag="NA"/>
      <infl tag="Dat.Sg"/>
      <inflClass tag="st.Neut"/>
      <inflClass_gen tag="st.Neut"/>
      <punc tag="DE"/>
    </tok_anno>
  </token>
  <token id="t60" trans="%." type="punc">
    <tok_dipl id="t60_d1" trans="%." utf="·"/>
    <tok_anno ascii="." id="t60_m1" trans="%." utf="·">
      <pos tag="$_"/>
      <pos_gen tag="$_"/>
      <punc tag="$E"/>
    </tok_anno>
  </token>
  <token id="t61" trans="iz" type="token">
    <tok_dipl id="t61_d1" trans="iz" utf="iz"/>
    <tok_anno ascii="iz" id="t61_m1" trans="iz" utf="iz">
      <norm tag="iz"/>
      <lemma tag="ër"/>
      <lemma_gen tag="ër"/>
      <lemma_idmwb tag="40380000"/>
      <pos tag="PPER"/>
      <pos_gen tag="PPER"/>
      <infl tag="Neut.Nom.Sg.3"/>
      <inflClass tag="--"/>
      <inflClass_gen tag="--"/>
    </tok_anno>
  </token>
  <token id="t62" trans="i$t" type="token">
    <tok_dipl id="t62_d1" trans="i$t" utf="iſt"/>
    <tok_anno ascii="ist" id="t62_m1" trans="i$t" utf="iſt">
      <norm tag="ist"/>
      <lemma tag="sîn"/>
      <lemma_gen tag="sîn"/>
      <lemma_idmwb tag="150147000"/>
      <pos tag="VAFIN"/>
      <pos_gen tag="VA"/>
      <infl tag="Ind.Pres.Sg.3"/>
      <inflClass tag="irr"/>
      <inflClass_gen tag="irr"/>
    </tok_anno>
  </token>
  <token id="t63" trans="$nel" type="token">
    <tok_dipl id="t63_d1" trans="$nel" utf="ſnel"/>
    <tok_anno ascii="snel" id="t63_m1" trans="$nel" utf="ſnel">
      <norm tag="snel"/>
      <lemma tag="snëll"/>
      <lemma_gen tag="snëll"/>
      <lemma_idmwb tag="153570000"/>
      <pos tag="ADJD"/>
      <pos_gen tag="ADJ"/>
      <infl tag="Pos....0"/>
      <inflClass tag="--"/>
      <inflClass_gen tag="--"/>
    </tok_anno>
  </token>
  <token id="t64" trans="unde" type="token">
    <tok_dipl id="t64_d1" trans="unde" utf="unde"/>
    <tok_anno ascii="unde" id="t64_m1" trans="unde" utf="unde">
      <norm tag="unde"/>
      <lemma tag="unte"/>
      <lemma_gen tag="unte"/>
      <lemma_idmwb tag="183108000"/>
      <pos tag="KON"/>
      <pos_gen tag="KO"/>
      <infl tag="--"/>
      <inflClass tag="--"/>
      <inflClass_gen tag="--"/>
    </tok_anno>
  </token>
  <token id="t65" trans="chune" type="token">
    <tok_dipl id="t65_d1" trans="chune" utf="chune"/>
    <tok_anno ascii="chune" id="t65_m1" trans="chune" utf="chune">
      <norm tag="küene"/>
      <lemma tag="küène"/>
      <lemma_gen tag="küène"/>
      <lemma_idmwb tag="96858000"/>
      <pos tag="ADJD"/>
      <pos_gen tag="ADJ"/>
      <infl tag="Pos....0"/>
      <inflClass tag="--"/>
      <inflClass_gen tag="--"/>
    </tok_anno>
  </token>
  <token id="t66" trans="%." type="punc">
    <tok_dipl id="t66_d1" trans="%." utf="·"/>
    <tok_anno ascii="." id="t66_m1" trans="%." utf="·">
      <pos tag="$_"/>
      <pos_gen tag="$_"/>
    </tok_anno>
  </token>
  <token id="t67" trans="unde" type="token">
    <tok_dipl id="t67_d1" trans="unde" utf="unde"/>
    <tok_anno ascii="unde" id="t67_m1" trans="unde" utf="unde">
      <norm tag="unde"/>
      <lemma tag="unte"/>
      <lemma_gen tag="unte"/>
      <lemma_idmwb tag="183108000"/>
      <pos tag="KON"/>
      <pos_gen tag="KO"/>
      <infl tag="--"/>
      <inflClass tag="--"/>
      <inflClass_gen tag="--"/>
    </tok_anno>
  </token>
  <token id="t68" trans="i$t" type="token">
    <tok_dipl id="t68_d1" trans="i$t" utf="iſt"/>
    <tok_anno ascii="ist" id="t68_m1" trans="i$t" utf="iſt">
      <norm tag="ist"/>
      <lemma tag="sîn"/>
      <lemma_gen tag="sîn"/>
      <lemma_idmwb tag="150147000"/>
      <pos tag="VAFIN"/>
      <pos_gen tag="VA"/>
      <infl tag="Ind.Pres.Sg.3"/>
      <inflClass tag="irr"/>
      <inflClass_gen tag="irr"/>
    </tok_anno>
  </token>
  <token id="t69" trans="mit" type="token">
    <tok_dipl id="t69_d1" trans="mit" utf="mit"/>
    <tok_anno ascii="mit" id="t69_m1" trans="mit" utf="mit">
      <norm tag="mit"/>
      <lemma tag="mit"/>
      <lemma_gen tag="mit"/>
      <lemma_idmwb tag="113898000"/>
      <pos tag="APPR"/>
      <pos_gen tag="AP"/>
      <infl tag="--"/>
      <inflClass tag="--"/>
      <inflClass_gen tag="--"/>
    </tok_anno>
  </token>
  <token id="t70" trans="eineme" type="token">
    <tok_dipl id="t70_d1" trans="eineme" utf="eineme"/>
    <tok_anno ascii="eineme" id="t70_m1" trans="eineme" utf="eineme">
      <norm tag="eineme"/>
      <lemma tag="èin"/>
      <lemma_gen tag="èin"/>
      <lemma_idmwb tag="???"/>
      <pos tag="DIA"/>
      <pos_gen tag="DI"/>
      <infl tag="Neut.Dat.Sg.st"/>
      <inflClass tag="--"/>
      <inflClass_gen tag="--"/>
    </tok_anno>
  </token>
  <token id="t71" trans="horne(.)" type="token">
    <tok_dipl id="t71_d1" trans="horne" utf="horne"/>
    <tok_anno ascii="horne" id="t71_m1" trans="horne" utf="horne">
      <norm tag="horne"/>
      <lemma tag="horn"/>
      <lemma_gen tag="horn"/>
      <lemma_idmwb tag="77862000"/>
      <pos tag="NA"/>
      <pos_gen tag="NA"/>
      <infl tag="Dat.Sg"/>
      <inflClass tag="st.Neut"/>
      <inflClass_gen tag="st.Neut"/>
      <punc tag="DE"/>
    </tok_anno>
  </token>
  <token id="t72" trans="%." type="punc">
    <tok_dipl id="t72_d1" trans="%." utf="·"/>
    <tok_anno ascii="." id="t72_m1" trans="%." utf="·">
      <pos tag="$_"/>
      <pos_gen tag="$_"/>
      <punc tag="$E"/>
    </tok_anno>
  </token>
  <token id="t73" trans="Iz" type="token">
    <tok_dipl id="t73_d1" trans="Iz" utf="Iz"/>
    <tok_anno ascii="Iz" id="t73_m1" trans="Iz" utf="Iz">
      <norm tag="iz"/>
      <lemma tag="ër"/>
      <lemma_gen tag="ër"/>
      <lemma_idmwb tag="40380000"/>
      <pos tag="PPER"/>
      <pos_gen tag="PPER"/>
      <infl tag="Neut.Nom.Sg.3"/>
      <inflClass tag="--"/>
      <inflClass_gen tag="--"/>
    </tok_anno>
  </token>
  <token id="t74" trans="ne||mach" type="token">
    <tok_dipl id="t74_d1" trans="nemach" utf="nemach"/>
    <tok_anno ascii="ne" id="t74_m1" trans="ne|" utf="ne">
      <norm tag="ne"/>
      <token_type tag="MS1"/>
      <lemma tag="ne"/>
      <lemma_gen tag="ne"/>
      <lemma_idmwb tag="119841000"/>
      <pos tag="PTKNEG"/>
      <pos_gen tag="PTK"/>
      <infl tag="--"/>
      <inflClass tag="--"/>
      <inflClass_gen tag="--"/>
    </tok_anno>
    <tok_anno ascii="mach" id="t74_m2" trans="|mach" utf="mach">
      <norm tag="mac"/>
      <token_type tag="MS2"/>
      <lemma tag="mügen"/>
      <lemma_gen tag="mügen"/>
      <lemma_idmwb tag="116097000"/>
      <pos tag="VMFIN"/>
      <pos_gen tag="VM"/>
      <infl tag="Ind.Pres.Sg.3"/>
      <inflClass tag="prpr"/>
      <inflClass_gen tag="prpr"/>
    </tok_anno>
  </token>
  <token id="t75" trans="nehain" type="token">
    <tok_dipl id="t75_d1" trans="nehain" utf="nehain"/>
    <tok_anno ascii="nehain" id="t75_m1" trans="nehain" utf="nehain">
      <norm tag="nechein"/>
      <lemma tag="neh-èin"/>
      <lemma_gen tag="neh-èin"/>
      <lemma_idmwb tag="120018000"/>
      <pos tag="DIA"/>
      <pos_gen tag="DI"/>
      <infl tag="Masc.Nom.Sg.0"/>
      <inflClass tag="--"/>
      <inflClass_gen tag="--"/>
    </tok_anno>
  </token>
  <token id="t76" trans="man" type="token">
    <tok_dipl id="t76_d1" trans="man" utf="man"/>
    <tok_anno ascii="man" id="t76_m1" trans="man" utf="man">
      <norm tag="man"/>
      <lemma tag="mann"/>
      <lemma_gen tag="mann"/>
      <lemma_idmwb tag="107373000"/>
      <pos tag="NA"/>
      <pos_gen tag="NA"/>
      <infl tag="Nom.Sg"/>
      <inflClass tag="st.Masc"/>
      <inflClass_gen tag="st.Masc"/>
    </tok_anno>
  </token>
  <token id="t77" trans="%." type="punc">
    <tok_dipl id="t77_d1" trans="%." utf="·"/>
    <tok_anno ascii="." id="t77_m1" trans="%." utf="·">
      <pos tag="$_"/>
      <pos_gen tag="$_"/>
    </tok_anno>
  </token>
  <token id="t78" trans="mit" type="token">
    <tok_dipl id="t78_d1" trans="mit" utf="mit"/>
    <tok_anno ascii="mit" id="t78_m1" trans="mit" utf="mit">
      <norm tag="mit"/>
      <lemma tag="mit"/>
      <lemma_gen tag="mit"/>
      <lemma_idmwb tag="113898000"/>
      <pos tag="APPR"/>
      <pos_gen tag="AP"/>
      <infl tag="--"/>
      <inflClass tag="--"/>
      <inflClass_gen tag="--"/>
    </tok_anno>
  </token>
  <token id="t79" trans="nihte" type="token">
    <tok_dipl id="t79_d1" trans="nihte" utf="nihte"/>
    <tok_anno ascii="nihte" id="t79_m1" trans="nihte" utf="nihte">
      <norm tag="nihte"/>
      <lemma tag="niht"/>
      <lemma_gen tag="niht"/>
      <lemma_idmwb tag="121449000"/>
      <pos tag="NA"/>
      <pos_gen tag="NA"/>
      <infl tag="Dat.Sg"/>
      <inflClass tag="st.Neut"/>
      <inflClass_gen tag="st.Neut"/>
    </tok_anno>
  </token>
  <token id="t80" trans="geuahen" type="token">
    <tok_dipl id="t80_d1" trans="geuahen" utf="geuahen"/>
    <tok_anno ascii="geuahen" id="t80_m1" trans="geuahen" utf="geuahen">
      <norm tag="gevâhen"/>
      <lemma tag="ge-vâhen"/>
      <lemma_gen tag="ge-vâhen"/>
      <lemma_idmwb tag="58797000"/>
      <pos tag="VVINF"/>
      <pos_gen tag="VV"/>
      <infl tag="--"/>
      <inflClass tag="st7"/>
      <inflClass_gen tag="st7"/>
    </tok_anno>
  </token>
  <token id="t81" trans="%." type="punc">
    <tok_dipl id="t81_d1" trans="%." utf="·"/>
    <tok_anno ascii="." id="t81_m1" trans="%." utf="·">
      <pos tag="$_"/>
      <pos_gen tag="$_"/>
    </tok_anno>
  </token>
  <token id="t82" trans="wan" type="token">
    <tok_dipl id="t82_d1" trans="wan" utf="wan"/>
    <tok_anno ascii="wan" id="t82_m1" trans="wan" utf="wan">
      <norm tag="wan"/>
      <lemma tag="wan"/>
      <lemma_gen tag="wan"/>
      <lemma_idmwb tag="221493000"/>
      <pos tag="KOUS"/>
      <pos_gen tag="KO"/>
      <infl tag="--"/>
      <inflClass tag="--"/>
      <inflClass_gen tag="--"/>
    </tok_anno>
  </token>
  <token id="t83" trans="mit" type="token">
    <tok_dipl id="t83_d1" trans="mit" utf="mit"/>
    <tok_anno ascii="mit" id="t83_m1" trans="mit" utf="mit">
      <norm tag="mit"/>
      <lemma tag="mit(e)"/>
      <lemma_gen tag="mit(e)"/>
      <lemma_idmwb tag="113898000"/>
      <pos tag="AVD"/>
      <pos_gen tag="AVD"/>
      <infl tag="--"/>
      <inflClass tag="--"/>
      <inflClass_gen tag="--"/>
    </tok_anno>
  </token>
  <token id="t84" trans="$o||getanen" type="token">
    <tok_dipl id="t84_d1" trans="$ogetanen" utf="ſogetanen"/>
    <tok_anno ascii="so" id="t84_m1" trans="$o|" utf="ſo">
      <norm tag="sô"/>
      <token_type tag="MS1"/>
      <lemma tag="sô"/>
      <lemma_gen tag="sô"/>
      <lemma_idmwb tag="154164000"/>
      <pos tag="AVD"/>
      <pos_gen tag="AVD-KO"/>
      <infl tag="--"/>
      <inflClass tag="--"/>
      <inflClass_gen tag="--"/>
    </tok_anno>
    <tok_anno ascii="getanen" id="t84_m2" trans="|getanen" utf="getanen">
      <norm tag="getânen"/>
      <token_type tag="MS2"/>
      <lemma tag="ge-tân"/>
      <lemma_gen tag="ge-tân"/>
      <lemma_idmwb tag="58065000"/>
      <pos tag="ADJA"/>
      <pos_gen tag="VVPP"/>
      <infl tag="Pos.*.Dat.Pl.*"/>
      <inflClass tag="--"/>
      <inflClass_gen tag="--"/>
    </tok_anno>
  </token>
  <token id="t85" trans="li$ten,," type="token">
    <tok_dipl id="t85_d1" trans="li$ten" utf="liſten"/>
    <tok_anno ascii="listen" id="t85_m1" trans="li$ten" utf="liſten">
      <norm tag="listen"/>
      <lemma tag="list"/>
      <lemma_gen tag="list"/>
      <lemma_idmwb tag="103932000"/>
      <pos tag="NA"/>
      <pos_gen tag="NA"/>
      <infl tag="Dat.Pl"/>
      <inflClass tag="st.Masc,Fem"/>
      <inflClass_gen tag="st.Masc,Fem"/>
      <punc tag="S*"/>
    </tok_anno>
  </token>
  <token id="t86" trans="al$o" type="token">
    <tok_dipl id="t86_d1" trans="al$o" utf="alſo"/>
    <tok_anno ascii="also" id="t86_m1" trans="al$o" utf="alſo">
      <norm tag="alsô"/>
      <lemma tag="all-sô"/>
      <lemma_gen tag="all-sô"/>
      <lemma_idmwb tag="4629000"/>
      <pos tag="KO*"/>
      <pos_gen tag="KO"/>
      <infl tag="--"/>
      <inflClass tag="--"/>
      <inflClass_gen tag="--"/>
    </tok_anno>
  </token>
  <token id="t87" trans="ich" type="token">
    <tok_dipl id="t87_d1" trans="ich" utf="ich"/>
    <tok_anno ascii="ich" id="t87_m1" trans="ich" utf="ich">
      <norm tag="ich"/>
      <lemma tag="ich"/>
      <lemma_gen tag="ich"/>
      <lemma_idmwb tag="81210000"/>
      <pos tag="PPER"/>
      <pos_gen tag="PPER"/>
      <infl tag="Nom.Sg.1"/>
      <inflClass tag="--"/>
      <inflClass_gen tag="--"/>
    </tok_anno>
  </token>
  <token id="t88" trans="iu" type="token">
    <tok_dipl id="t88_d1" trans="iu" utf="iu"/>
    <tok_anno ascii="iu" id="t88_m1" trans="iu" utf="iu">
      <norm tag="iu"/>
      <lemma tag="ir"/>
      <lemma_gen tag="ir"/>
      <lemma_idmwb tag="83979000"/>
      <pos tag="PPER"/>
      <pos_gen tag="PPER"/>
      <infl tag="Dat.Pl.2"/>
      <inflClass tag="--"/>
      <inflClass_gen tag="--"/>
    </tok_anno>
  </token>
  <token id="t89" trans="nu" type="token">
    <tok_dipl id="t89_d1" trans="nu" utf="nu"/>
    <tok_anno ascii="nu" id="t89_m1" trans="nu" utf="nu">
      <norm tag="nû"/>
      <lemma tag="nû"/>
      <lemma_gen tag="nû"/>
      <lemma_idmwb tag="122703000"/>
      <pos tag="AVD"/>
      <pos_gen tag="AVD-KO"/>
      <infl tag="--"/>
      <inflClass tag="--"/>
      <inflClass_gen tag="--"/>
    </tok_anno>
  </token>
  <token id="t90" trans="wil" type="token">
    <tok_dipl id="t90_d1" trans="wil" utf="wil"/>
    <tok_anno ascii="wil" id="t90_m1" trans="wil" utf="wil">
      <norm tag="wile"/>
      <lemma tag="wèllen"/>
      <lemma_gen tag="wèllen"/>
      <lemma_idmwb tag="224625000"/>
      <pos tag="VMFIN"/>
      <pos_gen tag="VM"/>
      <infl tag="Ind.Pres.Sg.1"/>
      <inflClass tag="irr"/>
      <inflClass_gen tag="irr"/>
    </tok_anno>
  </token>
  <token id="t91" trans="$agen(:)" type="token">
    <tok_dipl id="t91_d1" trans="$agen" utf="ſagen"/>
    <tok_anno ascii="sagen" id="t91_m1" trans="$agen" utf="ſagen">
      <norm tag="sagen"/>
      <lemma tag="sagen"/>
      <lemma_gen tag="sagen"/>
      <lemma_idmwb tag="138999000"/>
      <pos tag="VVINF"/>
      <pos_gen tag="VV"/>
      <infl tag="--"/>
      <inflClass tag="wk"/>
      <inflClass_gen tag="wk"/>
      <punc tag="DE"/>
    </tok_anno>
  </token>
  <token id="t92" trans="%." type="punc">
    <tok_dipl id="t92_d1" trans="%." utf="·"/>
    <tok_anno ascii="." id="t92_m1" trans="%." utf="·">
      <pos tag="$_"/>
      <pos_gen tag="$_"/>
      <punc tag="$E"/>
    </tok_anno>
  </token>
  <token id="t93" trans="Man" type="token">
    <tok_dipl id="t93_d1" trans="Man" utf="Man"/>
    <tok_anno ascii="Man" id="t93_m1" trans="Man" utf="Man">
      <norm tag="man"/>
      <lemma tag="man"/>
      <lemma_gen tag="man"/>
      <lemma_idmwb tag="107376000"/>
      <pos tag="PI"/>
      <pos_gen tag="NA"/>
      <infl tag="*.Nom.Sg.st"/>
      <inflClass tag="--"/>
      <inflClass_gen tag="--"/>
    </tok_anno>
  </token>
  <token id="t94" trans="nimet" type="token">
    <tok_dipl id="t94_d1" trans="nimet" utf="nimet"/>
    <tok_anno ascii="nimet" id="t94_m1" trans="nimet" utf="nimet">
      <norm tag="nimet"/>
      <lemma tag="nëmen"/>
      <lemma_gen tag="nëmen"/>
      <lemma_idmwb tag="120132000"/>
      <pos tag="VVFIN"/>
      <pos_gen tag="VV"/>
      <infl tag="Ind.Pres.Sg.3"/>
      <inflClass tag="st4"/>
      <inflClass_gen tag="st4"/>
    </tok_anno>
  </token>
  <token id="t95" trans="e%in" type="token">
    <tok_dipl id="t95_d1" trans="e%in" utf="eͥn"/>
    <tok_anno ascii="ein" id="t95_m1" trans="e%in" utf="eͥn">
      <norm tag="ein"/>
      <lemma tag="èin"/>
      <lemma_gen tag="èin"/>
      <lemma_idmwb tag="???"/>
      <pos tag="DIA"/>
      <pos_gen tag="DI"/>
      <infl tag="Fem.Nom.Sg.0"/>
      <inflClass tag="--"/>
      <inflClass_gen tag="--"/>
    </tok_anno>
  </token>
  <token id="t96" trans="maget" type="token">
    <tok_dipl id="t96_d1" trans="maget" utf="maget"/>
    <tok_anno ascii="maget" id="t96_m1" trans="maget" utf="maget">
      <norm tag="maget"/>
      <lemma tag="maged"/>
      <lemma_gen tag="maged"/>
      <lemma_idmwb tag="106875000"/>
      <pos tag="NA"/>
      <pos_gen tag="NA"/>
      <infl tag="Nom.Sg"/>
      <inflClass tag="stu.Fem"/>
      <inflClass_gen tag="stu.Fem"/>
    </tok_anno>
  </token>
  <token id="t97" trans="%." type="punc">
    <tok_dipl id="t97_d1" trans="%." utf="·"/>
    <tok_anno ascii="." id="t97_m1" trans="%." utf="·">
      <pos tag="$_"/>
      <pos_gen tag="$_"/>
    </tok_anno>
  </token>
  <token id="t98" trans="ude" type="token">
    <tok_dipl id="t98_d1" trans="ude" utf="ude"/>
    <tok_anno ascii="ude" id="t98_m1" trans="ude" utf="ude">
      <norm tag="unde"/>
      <lemma tag="unte"/>
      <lemma_gen tag="unte"/>
      <lemma_idmwb tag="183108000"/>
      <pos tag="KON"/>
      <pos_gen tag="KO"/>
      <infl tag="--"/>
      <inflClass tag="--"/>
      <inflClass_gen tag="--"/>
    </tok_anno>
  </token>
  <token id="t99" trans="..." type="token">
    <tok_dipl id="t99_d1" trans="..." utf="..."/>
    <tok_anno ascii="..." id="t99_m1" trans="..." utf="...">
      <norm tag="--"/>
      <lemma tag="[!]"/>
      <lemma_gen tag="[!]"/>
      <lemma_idmwb tag="--"/>
      <pos tag="--"/>
      <pos_gen tag="--"/>
      <infl tag="--"/>
      <inflClass tag="--"/>
      <inflClass_gen tag="--"/>
    </tok_anno>
  </token>
</text>
