<?xml version='1.0' encoding='UTF-8'?>
<!DOCTYPE text SYSTEM "cora-xml.dtd">
<text id="M192">
  <header>
    <text>Gereimte Psalter-Paraphrase (Ps. 58-61)</text>
    <abbr_ddd>PsParaphrase</abbr_ddd>
    <abbr_mwb>-</abbr_mwb>
    <topic>Religion, Poesie</topic>
    <text-type>Psalmendichtung</text-type>
    <genre>V</genre>
    <reference>Edition</reference>
    <reference-secondary>Handschrift</reference-secondary>
    <library>Klagenfurt, Archiv der Diözese Gurk, Bestand der Mensalbibl. der Bischöfe von Gurk</library>
    <library-shelfmark>aus Cod. XXIX e 27</library-shelfmark>
    <online>http://www.handschriftencensus.de/1404</online>
    <medium>Handschrift</medium>
    <extent>4 Quer- und 2 Längsstreifen von 2 Doppelblättern</extent>
    <extract>-</extract>
    <language>mhd</language>
    <language-type>oberdeutsch</language-type>
    <language-region>-</language-region>
    <language-area>-</language-area>
    <place>-</place>
    <time>13,1</time>
    <notes-manuscript>-</notes-manuscript>
    <date>12-13,A</date>
    <text-place>-</text-place>
    <text-author>-</text-author>
    <text-language>-</text-language>
    <text-source>latein</text-source>
    <edition>Hermann Menhardt, Frühmittelhochdeutsche Bruchstücke aus Klagenfurt, ZfdA 67 (1930) 257-262 (mit Abdruck).</edition>
    <corpus>ReM I</corpus>
    <notes-transcription>-</notes-transcription>
    <notes-annotation>-</notes-annotation>
    <digitization_by>Projektgruppe Bonn</digitization_by>
    <collation_by>Thomas Klein (Bonn)</collation_by>
    <pre_editing_by>Thomas Klein (Bonn)</pre_editing_by>
    <annotation_by>Thomas Klein (Bonn)</annotation_by>
    <proofreading_by>Thomas Klein (Bonn)</proofreading_by>
  </header>
  <layoutinfo>
    <page id="p1" no="0" range="c1"/>
    <column id="c1" range="l1..l35"/>
    <line id="l1" name="1" range="t1_d1..t6_d1" loc="0a,1"/>
    <line id="l2" name="2" range="t7_d1..t13_d1" loc="0a,2"/>
    <line id="l3" name="3" range="t14_d1..t19_d1" loc="0a,3"/>
    <line id="l4" name="4" range="t20_d1..t25_d1" loc="0a,4"/>
    <line id="l5" name="5" range="t26_d1..t34_d1" loc="0a,5"/>
    <line id="l6" name="6" range="t35_d1..t41_d1" loc="0a,6"/>
    <line id="l7" name="7" range="t42_d1..t46_d1" loc="0a,7"/>
    <line id="l8" name="8" range="t47_d1..t49_d1" loc="0a,8"/>
    <line id="l9" name="9" range="t50_d1..t55_d1" loc="0a,9"/>
    <line id="l10" name="10" range="t56_d1..t62_d1" loc="0a,10"/>
    <line id="l11" name="11" range="t63_d1..t69_d1" loc="0a,11"/>
    <line id="l12" name="12" range="t70_d1..t72_d1" loc="0a,12"/>
    <line id="l13" name="13" range="t73_d1..t78_d1" loc="0a,13"/>
    <line id="l14" name="14" range="t79_d1..t83_d1" loc="0a,14"/>
    <line id="l15" name="15" range="t84_d1..t87_d1" loc="0a,15"/>
    <line id="l16" name="16" range="t88_d1..t94_d1" loc="0a,16"/>
    <line id="l17" name="17" range="t95_d1..t100_d1" loc="0a,17"/>
    <line id="l18" name="18" range="t101_d1..t105_d1" loc="0a,18"/>
    <line id="l19" name="19" range="t106_d1..t113_d1" loc="0a,19"/>
    <line id="l20" name="20" range="t114_d1..t123_d1" loc="0a,20"/>
    <line id="l21" name="21" range="t124_d1..t131_d1" loc="0a,21"/>
    <line id="l22" name="22" range="t132_d1..t133_d1" loc="0a,22"/>
    <line id="l23" name="23" range="t134_d1..t138_d1" loc="0a,23"/>
    <line id="l24" name="24" range="t139_d1..t142_d1" loc="0a,24"/>
    <line id="l25" name="25" range="t143_d1..t146_d1" loc="0a,25"/>
    <line id="l26" name="26" range="t147_d1..t152_d1" loc="0a,26"/>
    <line id="l27" name="27" range="t153_d1..t159_d1" loc="0a,27"/>
    <line id="l28" name="28" range="t160_d1..t164_d1" loc="0a,28"/>
    <line id="l29" name="29" range="t165_d1..t174_d1" loc="0a,29"/>
    <line id="l30" name="30" range="t175_d1..t181_d1" loc="0a,30"/>
    <line id="l31" name="31" range="t182_d1..t185_d1" loc="0a,31"/>
    <line id="l32" name="32" range="t186_d1..t191_d1" loc="0a,32"/>
    <line id="l33" name="33" range="t192_d1..t196_d1" loc="0a,33"/>
    <line id="l34" name="34" range="t197_d1..t202_d1" loc="0a,34"/>
    <line id="l35" name="35" range="t203_d1" loc="0a,35"/>
  </layoutinfo>
  <shifttags/>
  <token id="t1" trans="Die" type="token">
    <tok_dipl id="t1_d1" trans="Die" utf="Die"/>
    <tok_anno ascii="Die" id="t1_m1" trans="Die" utf="Die">
      <norm tag="die"/>
      <lemma tag="dër"/>
      <lemma_gen tag="dër"/>
      <lemma_idmwb tag="29823000"/>
      <pos tag="DRELS"/>
      <pos_gen tag="DD"/>
      <infl tag="*.Nom.Pl"/>
      <inflClass tag="--"/>
      <inflClass_gen tag="--"/>
    </tok_anno>
  </token>
  <comment type="K">/K[Die: davor {[.]e[.].}; "diese ganze zeile ist oben halb abgeschnitten", Menhardt]</comment>
  <token id="t2" trans="uon" type="token">
    <tok_dipl id="t2_d1" trans="uon" utf="uon"/>
    <tok_anno ascii="uon" id="t2_m1" trans="uon" utf="uon">
      <norm tag="von"/>
      <lemma tag="von"/>
      <lemma_gen tag="von"/>
      <lemma_idmwb tag="213186000"/>
      <pos tag="APPR"/>
      <pos_gen tag="AP"/>
      <infl tag="--"/>
      <inflClass tag="--"/>
      <inflClass_gen tag="--"/>
    </tok_anno>
  </token>
  <token id="t3" trans="abraham" type="token">
    <tok_dipl id="t3_d1" trans="abraham" utf="abraham"/>
    <tok_anno ascii="abraham" id="t3_m1" trans="abraham" utf="abraham">
      <norm tag="Abraham"/>
      <lemma tag="Abraham"/>
      <lemma_gen tag="Abraham"/>
      <lemma_idmwb tag="--"/>
      <pos tag="NE"/>
      <pos_gen tag="NE"/>
      <infl tag="Dat.Sg"/>
      <inflClass tag="--"/>
      <inflClass_gen tag="--"/>
    </tok_anno>
  </token>
  <token id="t4" trans="waren" type="token">
    <tok_dipl id="t4_d1" trans="waren" utf="waren"/>
    <tok_anno ascii="waren" id="t4_m1" trans="waren" utf="waren">
      <norm tag="wâren"/>
      <lemma tag="wësen"/>
      <lemma_gen tag="wësen"/>
      <lemma_idmwb tag="225783000"/>
      <pos tag="VAFIN"/>
      <pos_gen tag="VA"/>
      <infl tag="Ind.Past.Pl.3"/>
      <inflClass tag="st5"/>
      <inflClass_gen tag="st5"/>
    </tok_anno>
  </token>
  <token id="t5" trans="geborn,," type="token">
    <tok_dipl id="t5_d1" trans="geborn" utf="geborn"/>
    <tok_anno ascii="geborn" id="t5_m1" trans="geborn" utf="geborn">
      <norm tag="geboren"/>
      <lemma tag="ge-bër(e)n"/>
      <lemma_gen tag="ge-bër(e)n"/>
      <lemma_idmwb tag="47853000"/>
      <pos tag="VVPP"/>
      <pos_gen tag="VV"/>
      <infl tag="--"/>
      <inflClass tag="st4"/>
      <inflClass_gen tag="st4"/>
      <punc tag="S*"/>
    </tok_anno>
  </token>
  <token id="t6" trans="." type="punc">
    <tok_dipl id="t6_d1" trans="." utf="."/>
    <tok_anno ascii="." id="t6_m1" trans="." utf=".">
      <pos tag="$_"/>
      <pos_gen tag="$_"/>
    </tok_anno>
  </token>
  <token id="t7" trans="die" type="token">
    <tok_dipl id="t7_d1" trans="die" utf="die"/>
    <tok_anno ascii="die" id="t7_m1" trans="die" utf="die">
      <norm tag="die"/>
      <lemma tag="dër"/>
      <lemma_gen tag="dër"/>
      <lemma_idmwb tag="29823000"/>
      <pos tag="DRELS"/>
      <pos_gen tag="DD"/>
      <infl tag="*.Akk.Pl"/>
      <inflClass tag="--"/>
      <inflClass_gen tag="--"/>
    </tok_anno>
  </token>
  <token id="t8" trans="er" type="token">
    <tok_dipl id="t8_d1" trans="er" utf="er"/>
    <tok_anno ascii="er" id="t8_m1" trans="er" utf="er">
      <norm tag="er"/>
      <lemma tag="ër"/>
      <lemma_gen tag="ër"/>
      <lemma_idmwb tag="40380000"/>
      <pos tag="PPER"/>
      <pos_gen tag="PPER"/>
      <infl tag="Masc.Nom.Sg.3"/>
      <inflClass tag="--"/>
      <inflClass_gen tag="--"/>
    </tok_anno>
  </token>
  <token id="t9" trans="zu" type="token">
    <tok_dipl id="t9_d1" trans="zu" utf="zu"/>
    <tok_anno ascii="zu" id="t9_m1" trans="zu" utf="zu">
      <norm tag="zuo"/>
      <lemma tag="ze"/>
      <lemma_gen tag="ze"/>
      <lemma_idmwb tag="235656000"/>
      <pos tag="APPR"/>
      <pos_gen tag="AP"/>
      <infl tag="--"/>
      <inflClass tag="--"/>
      <inflClass_gen tag="--"/>
    </tok_anno>
  </token>
  <token id="t10" trans="inge(=)$inde" type="token">
    <tok_dipl id="t10_d1" trans="inge$inde" utf="ingeſinde"/>
    <tok_anno ascii="ingesinde" id="t10_m1" trans="inge(=)$inde" utf="ingeſinde">
      <norm tag="ingesinde"/>
      <token_type tag="UL"/>
      <lemma tag="in-ge-sinde"/>
      <lemma_gen tag="in-ge-sinde"/>
      <lemma_idmwb tag="82296000"/>
      <pos tag="NA"/>
      <pos_gen tag="NA"/>
      <infl tag="Dat.Sg"/>
      <inflClass tag="st.Neut"/>
      <inflClass_gen tag="st.Neut"/>
    </tok_anno>
  </token>
  <token id="t11" trans="hate" type="token">
    <tok_dipl id="t11_d1" trans="hate" utf="hate"/>
    <tok_anno ascii="hate" id="t11_m1" trans="hate" utf="hate">
      <norm tag="hâte"/>
      <lemma tag="haben"/>
      <lemma_gen tag="haben"/>
      <lemma_idmwb tag="66885000"/>
      <pos tag="VAFIN"/>
      <pos_gen tag="VA"/>
      <infl tag="Ind.Past.Sg.3"/>
      <inflClass tag="wk"/>
      <inflClass_gen tag="wk"/>
    </tok_anno>
  </token>
  <token id="t12" trans="erkorn(.)" type="token">
    <tok_dipl id="t12_d1" trans="erkorn" utf="erkorn"/>
    <tok_anno ascii="erkorn" id="t12_m1" trans="erkorn" utf="erkorn">
      <norm tag="erkoren"/>
      <lemma tag="er-kièsen"/>
      <lemma_gen tag="er-kièsen"/>
      <lemma_idmwb tag="42279000"/>
      <pos tag="VVPP"/>
      <pos_gen tag="VV"/>
      <infl tag="--"/>
      <inflClass tag="st2b"/>
      <inflClass_gen tag="st2b"/>
      <punc tag="DE"/>
    </tok_anno>
  </token>
  <token id="t13" trans="." type="punc">
    <tok_dipl id="t13_d1" trans="." utf="."/>
    <tok_anno ascii="." id="t13_m1" trans="." utf=".">
      <pos tag="$_"/>
      <pos_gen tag="$_"/>
      <punc tag="$E"/>
    </tok_anno>
  </token>
  <token id="t14" trans="*(D*)i$perge" type="token">
    <tok_dipl id="t14_d1" trans="*(D*)i$perge" utf="Diſperge"/>
    <tok_anno ascii="Disperge" id="t14_m1" trans="*(D*)i$perge" utf="Diſperge">
      <norm tag="--"/>
      <lemma tag="disperge"/>
      <lemma_gen tag="[!]"/>
      <lemma_idmwb tag="--"/>
      <pos tag="FM"/>
      <pos_gen tag="FM"/>
      <infl tag="--"/>
      <inflClass tag="--"/>
      <inflClass_gen tag="--"/>
    </tok_anno>
  </token>
  <token id="t15" trans="illo$" type="token">
    <tok_dipl id="t15_d1" trans="illo$" utf="illoſ"/>
    <tok_anno ascii="illos" id="t15_m1" trans="illo$" utf="illoſ">
      <norm tag="--"/>
      <lemma tag="illos"/>
      <lemma_gen tag="[!]"/>
      <lemma_idmwb tag="--"/>
      <pos tag="FM"/>
      <pos_gen tag="FM"/>
      <infl tag="--"/>
      <inflClass tag="--"/>
      <inflClass_gen tag="--"/>
    </tok_anno>
  </token>
  <token id="t16" trans="in" type="token">
    <tok_dipl id="t16_d1" trans="in" utf="in"/>
    <tok_anno ascii="in" id="t16_m1" trans="in" utf="in">
      <norm tag="--"/>
      <lemma tag="in"/>
      <lemma_gen tag="[!]"/>
      <lemma_idmwb tag="--"/>
      <pos tag="APPR"/>
      <pos_gen tag="FM"/>
      <infl tag="--"/>
      <inflClass tag="--"/>
      <inflClass_gen tag="--"/>
    </tok_anno>
  </token>
  <token id="t17" trans="uirtute" type="token">
    <tok_dipl id="t17_d1" trans="uirtute" utf="uirtute"/>
    <tok_anno ascii="uirtute" id="t17_m1" trans="uirtute" utf="uirtute">
      <norm tag="--"/>
      <lemma tag="virtute"/>
      <lemma_gen tag="[!]"/>
      <lemma_idmwb tag="--"/>
      <pos tag="FM"/>
      <pos_gen tag="FM"/>
      <infl tag="--"/>
      <inflClass tag="--"/>
      <inflClass_gen tag="--"/>
    </tok_anno>
  </token>
  <token id="t18" trans="tua(!)" type="token">
    <tok_dipl id="t18_d1" trans="tua" utf="tua"/>
    <tok_anno ascii="tua" id="t18_m1" trans="tua" utf="tua">
      <norm tag="--"/>
      <lemma tag="tua"/>
      <lemma_gen tag="[!]"/>
      <lemma_idmwb tag="--"/>
      <pos tag="FM"/>
      <pos_gen tag="FM"/>
      <infl tag="--"/>
      <inflClass tag="--"/>
      <inflClass_gen tag="--"/>
      <punc tag="EE"/>
    </tok_anno>
  </token>
  <token id="t19" trans="." type="punc">
    <tok_dipl id="t19_d1" trans="." utf="."/>
    <tok_anno ascii="." id="t19_m1" trans="." utf=".">
      <pos tag="$_"/>
      <pos_gen tag="$_"/>
      <punc tag="$E"/>
    </tok_anno>
  </token>
  <token id="t20" trans="Zer(=)$ende" type="token">
    <tok_dipl id="t20_d1" trans="Zer$ende" utf="Zerſende"/>
    <tok_anno ascii="Zersende" id="t20_m1" trans="Zer(=)$ende" utf="Zerſende">
      <norm tag="zersende"/>
      <token_type tag="UL"/>
      <lemma tag="zer-sènten"/>
      <lemma_gen tag="zer-sènten"/>
      <lemma_idmwb tag="237228000"/>
      <pos tag="VVIMP"/>
      <pos_gen tag="VV"/>
      <infl tag="Sg.2"/>
      <inflClass tag="wk"/>
      <inflClass_gen tag="wk"/>
    </tok_anno>
  </token>
  <token id="t21" trans="$i" type="token">
    <tok_dipl id="t21_d1" trans="$i" utf="ſi"/>
    <tok_anno ascii="si" id="t21_m1" trans="$i" utf="ſi">
      <norm tag="si"/>
      <lemma tag="ër"/>
      <lemma_gen tag="ër"/>
      <lemma_idmwb tag="40380000"/>
      <pos tag="PPER"/>
      <pos_gen tag="PPER"/>
      <infl tag="*.Akk.Pl.3"/>
      <inflClass tag="--"/>
      <inflClass_gen tag="--"/>
    </tok_anno>
  </token>
  <token id="t22" trans="in" type="token">
    <tok_dipl id="t22_d1" trans="in" utf="in"/>
    <tok_anno ascii="in" id="t22_m1" trans="in" utf="in">
      <norm tag="in"/>
      <lemma tag="in"/>
      <lemma_gen tag="in"/>
      <lemma_idmwb tag="81741000"/>
      <pos tag="APPR"/>
      <pos_gen tag="AP"/>
      <infl tag="--"/>
      <inflClass tag="--"/>
      <inflClass_gen tag="--"/>
    </tok_anno>
  </token>
  <token id="t23" trans="daz" type="token">
    <tok_dipl id="t23_d1" trans="daz" utf="daz"/>
    <tok_anno ascii="daz" id="t23_m1" trans="daz" utf="daz">
      <norm tag="daz"/>
      <lemma tag="dër"/>
      <lemma_gen tag="dër"/>
      <lemma_idmwb tag="29817000"/>
      <pos tag="DDART"/>
      <pos_gen tag="DD"/>
      <infl tag="Neut.Akk.Sg"/>
      <inflClass tag="--"/>
      <inflClass_gen tag="--"/>
    </tok_anno>
  </token>
  <token id="t24" trans="lant" type="token">
    <tok_dipl id="t24_d1" trans="lant" utf="lant"/>
    <tok_anno ascii="lant" id="t24_m1" trans="lant" utf="lant">
      <norm tag="lant"/>
      <lemma tag="lant"/>
      <lemma_gen tag="lant"/>
      <lemma_idmwb tag="99087000"/>
      <pos tag="NA"/>
      <pos_gen tag="NA"/>
      <infl tag="Akk.Sg"/>
      <inflClass tag="st.Neut"/>
      <inflClass_gen tag="st.Neut"/>
    </tok_anno>
  </token>
  <token id="t25" trans="." type="punc">
    <tok_dipl id="t25_d1" trans="." utf="."/>
    <tok_anno ascii="." id="t25_m1" trans="." utf=".">
      <pos tag="$_"/>
      <pos_gen tag="$_"/>
    </tok_anno>
  </token>
  <token id="t26" trans="al" type="token">
    <tok_dipl id="t26_d1" trans="al" utf="al"/>
    <tok_anno ascii="al" id="t26_m1" trans="al" utf="al">
      <norm tag="al"/>
      <lemma tag="al"/>
      <lemma_gen tag="al"/>
      <lemma_idmwb tag="3540000"/>
      <pos tag="AVD"/>
      <pos_gen tag="AVD-KO"/>
      <infl tag="--"/>
      <inflClass tag="--"/>
      <inflClass_gen tag="--"/>
    </tok_anno>
  </token>
  <token id="t27" trans="nach" type="token">
    <tok_dipl id="t27_d1" trans="nach" utf="nach"/>
    <tok_anno ascii="nach" id="t27_m1" trans="nach" utf="nach">
      <norm tag="nâch"/>
      <lemma tag="nâh"/>
      <lemma_gen tag="nâh"/>
      <lemma_idmwb tag="117855000"/>
      <pos tag="APPR"/>
      <pos_gen tag="AP"/>
      <infl tag="--"/>
      <inflClass tag="--"/>
      <inflClass_gen tag="--"/>
    </tok_anno>
  </token>
  <token id="t28" trans="diner" type="token">
    <tok_dipl id="t28_d1" trans="diner" utf="diner"/>
    <tok_anno ascii="diner" id="t28_m1" trans="diner" utf="diner">
      <norm tag="dîner"/>
      <lemma tag="dîn"/>
      <lemma_gen tag="dîn"/>
      <lemma_idmwb tag="30567000"/>
      <pos tag="DPOSA"/>
      <pos_gen tag="DPOS"/>
      <infl tag="Fem.Dat.Sg.st"/>
      <inflClass tag="--"/>
      <inflClass_gen tag="--"/>
    </tok_anno>
  </token>
  <token id="t29" trans="craft" type="token">
    <tok_dipl id="t29_d1" trans="craft" utf="craft"/>
    <tok_anno ascii="craft" id="t29_m1" trans="craft" utf="craft">
      <norm tag="kraft"/>
      <lemma tag="kraft"/>
      <lemma_gen tag="kraft"/>
      <lemma_idmwb tag="94491000"/>
      <pos tag="NA"/>
      <pos_gen tag="NA"/>
      <infl tag="Dat.Sg"/>
      <inflClass tag="stu.Fem"/>
      <inflClass_gen tag="stu.Fem"/>
    </tok_anno>
  </token>
  <token id="t30" trans="un\-" type="token">
    <tok_dipl id="t30_d1" trans="un\-" utf="un̄"/>
    <tok_anno ascii="un" id="t30_m1" trans="un\-" utf="un̄">
      <norm tag="unde"/>
      <lemma tag="unte"/>
      <lemma_gen tag="unte"/>
      <lemma_idmwb tag="183108000"/>
      <pos tag="KON"/>
      <pos_gen tag="KO"/>
      <infl tag="--"/>
      <inflClass tag="--"/>
      <inflClass_gen tag="--"/>
    </tok_anno>
  </token>
  <token id="t31" trans="nach" type="token">
    <tok_dipl id="t31_d1" trans="nach" utf="nach"/>
    <tok_anno ascii="nach" id="t31_m1" trans="nach" utf="nach">
      <norm tag="nâch"/>
      <lemma tag="nâh"/>
      <lemma_gen tag="nâh"/>
      <lemma_idmwb tag="117855000"/>
      <pos tag="APPR"/>
      <pos_gen tag="AP"/>
      <infl tag="--"/>
      <inflClass tag="--"/>
      <inflClass_gen tag="--"/>
    </tok_anno>
  </token>
  <token id="t32" trans="di(=)ner" type="token">
    <tok_dipl id="t32_d1" trans="diner" utf="diner"/>
    <tok_anno ascii="diner" id="t32_m1" trans="di(=)ner" utf="diner">
      <norm tag="dîner"/>
      <token_type tag="UL"/>
      <lemma tag="dîn"/>
      <lemma_gen tag="dîn"/>
      <lemma_idmwb tag="30567000"/>
      <pos tag="DPOSA"/>
      <pos_gen tag="DPOS"/>
      <infl tag="Fem.Dat.Sg.st"/>
      <inflClass tag="--"/>
      <inflClass_gen tag="--"/>
    </tok_anno>
  </token>
  <token id="t33" trans="gewalt,," type="token">
    <tok_dipl id="t33_d1" trans="gewalt" utf="gewalt"/>
    <tok_anno ascii="gewalt" id="t33_m1" trans="gewalt" utf="gewalt">
      <norm tag="gewalt"/>
      <lemma tag="ge-walt"/>
      <lemma_gen tag="ge-walt"/>
      <lemma_idmwb tag="???"/>
      <pos tag="NA"/>
      <pos_gen tag="NA"/>
      <infl tag="Dat.Sg"/>
      <inflClass tag="stu.Fem"/>
      <inflClass_gen tag="stu.Fem"/>
      <punc tag="S*"/>
    </tok_anno>
  </token>
  <token id="t34" trans="." type="punc">
    <tok_dipl id="t34_d1" trans="." utf="."/>
    <tok_anno ascii="." id="t34_m1" trans="." utf=".">
      <pos tag="$_"/>
      <pos_gen tag="$_"/>
    </tok_anno>
  </token>
  <token id="t35" trans="Unde" type="token">
    <tok_dipl id="t35_d1" trans="Unde" utf="Unde"/>
    <tok_anno ascii="Unde" id="t35_m1" trans="Unde" utf="Unde">
      <norm tag="unde"/>
      <lemma tag="unte"/>
      <lemma_gen tag="unte"/>
      <lemma_idmwb tag="183108000"/>
      <pos tag="KON"/>
      <pos_gen tag="KO"/>
      <infl tag="--"/>
      <inflClass tag="--"/>
      <inflClass_gen tag="--"/>
    </tok_anno>
  </token>
  <token id="t36" trans="lege" type="token">
    <tok_dipl id="t36_d1" trans="lege" utf="lege"/>
    <tok_anno ascii="lege" id="t36_m1" trans="lege" utf="lege">
      <norm tag="lege"/>
      <lemma tag="lègen"/>
      <lemma_gen tag="lègen"/>
      <lemma_idmwb tag="100629000"/>
      <pos tag="VVIMP"/>
      <pos_gen tag="VV"/>
      <infl tag="Sg.2"/>
      <inflClass tag="wk"/>
      <inflClass_gen tag="wk"/>
    </tok_anno>
  </token>
  <token id="t37" trans="$i" type="token">
    <tok_dipl id="t37_d1" trans="$i" utf="ſi"/>
    <tok_anno ascii="si" id="t37_m1" trans="$i" utf="ſi">
      <norm tag="si"/>
      <lemma tag="ër"/>
      <lemma_gen tag="ër"/>
      <lemma_idmwb tag="40380000"/>
      <pos tag="PPER"/>
      <pos_gen tag="PPER"/>
      <infl tag="*.Akk.Pl.3"/>
      <inflClass tag="--"/>
      <inflClass_gen tag="--"/>
    </tok_anno>
  </token>
  <token id="t38" trans="der" type="token">
    <tok_dipl id="t38_d1" trans="der" utf="der"/>
    <tok_anno ascii="der" id="t38_m1" trans="der" utf="der">
      <norm tag="dâr"/>
      <lemma tag="dâr/+nider(e)"/>
      <lemma_gen tag="dâr"/>
      <lemma_idmwb tag="28932000"/>
      <pos tag="PAVD"/>
      <pos_gen tag="AVD"/>
      <infl tag="--"/>
      <inflClass tag="--"/>
      <inflClass_gen tag="--"/>
    </tok_anno>
  </token>
  <token id="t39" trans="nider" type="token">
    <tok_dipl id="t39_d1" trans="nider" utf="nider"/>
    <tok_anno ascii="nider" id="t39_m1" trans="nider" utf="nider">
      <norm tag="nider"/>
      <lemma tag="nider(e)/dâr+"/>
      <lemma_gen tag="nider(e)"/>
      <lemma_idmwb tag="120594000"/>
      <pos tag="PAVAP"/>
      <pos_gen tag="AP"/>
      <infl tag="--"/>
      <inflClass tag="--"/>
      <inflClass_gen tag="--"/>
    </tok_anno>
  </token>
  <token id="t40" trans="immer" type="token">
    <tok_dipl id="t40_d1" trans="immer" utf="immer"/>
    <tok_anno ascii="immer" id="t40_m1" trans="immer" utf="immer">
      <norm tag="iemer"/>
      <lemma tag="ièmer"/>
      <lemma_gen tag="ièmer"/>
      <lemma_idmwb tag="81339000"/>
      <pos tag="AVD"/>
      <pos_gen tag="AVD"/>
      <infl tag="--"/>
      <inflClass tag="--"/>
      <inflClass_gen tag="--"/>
    </tok_anno>
  </token>
  <token id="t41" trans="mere.,," type="token">
    <tok_dipl id="t41_d1" trans="mere." utf="mere."/>
    <tok_anno ascii="mere." id="t41_m1" trans="mere." utf="mere.">
      <norm tag="mêre"/>
      <lemma tag="mêr(e)"/>
      <lemma_gen tag="mêr(e)"/>
      <lemma_idmwb tag="110610000"/>
      <pos tag="AVD"/>
      <pos_gen tag="AVD"/>
      <infl tag="Comp"/>
      <inflClass tag="--"/>
      <inflClass_gen tag="--"/>
      <punc tag="S*"/>
    </tok_anno>
  </token>
  <token id="t42" trans="her(=)re" type="token">
    <tok_dipl id="t42_d1" trans="herre" utf="herre"/>
    <tok_anno ascii="herre" id="t42_m1" trans="her(=)re" utf="herre">
      <norm tag="hêrre"/>
      <token_type tag="UL"/>
      <lemma tag="hêrre"/>
      <lemma_gen tag="hêrre"/>
      <lemma_idmwb tag="72543000"/>
      <pos tag="NA"/>
      <pos_gen tag="NA"/>
      <infl tag="Nom.Sg"/>
      <inflClass tag="*.Masc"/>
      <inflClass_gen tag="*.Masc"/>
    </tok_anno>
  </token>
  <token id="t43" trans="got," type="token">
    <tok_dipl id="t43_d1" trans="got" utf="got"/>
    <tok_anno ascii="got" id="t43_m1" trans="got" utf="got">
      <norm tag="got"/>
      <lemma tag="got"/>
      <lemma_gen tag="got"/>
      <lemma_idmwb tag="63291000"/>
      <pos tag="NA"/>
      <pos_gen tag="NA"/>
      <infl tag="Nom.Sg"/>
      <inflClass tag="st.Masc"/>
      <inflClass_gen tag="st.Masc"/>
      <punc tag="N*"/>
    </tok_anno>
  </token>
  <token id="t44" trans="min" type="token">
    <tok_dipl id="t44_d1" trans="min" utf="min"/>
    <tok_anno ascii="min" id="t44_m1" trans="min" utf="min">
      <norm tag="mîn"/>
      <lemma tag="mîn"/>
      <lemma_gen tag="mîn"/>
      <lemma_idmwb tag="112026000"/>
      <pos tag="DPOSA"/>
      <pos_gen tag="DPOS"/>
      <infl tag="*.*.*.0"/>
      <inflClass tag="--"/>
      <inflClass_gen tag="--"/>
    </tok_anno>
  </token>
  <token id="t45" trans="$chirmere(!)" type="token">
    <tok_dipl id="t45_d1" trans="$chirmere" utf="ſchirmere"/>
    <tok_anno ascii="schirmere" id="t45_m1" trans="$chirmere" utf="ſchirmere">
      <norm tag="schirmære"/>
      <lemma tag="schirmære"/>
      <lemma_gen tag="schirmære"/>
      <lemma_idmwb tag="144372000"/>
      <pos tag="NA"/>
      <pos_gen tag="NA"/>
      <infl tag="Nom.Sg"/>
      <inflClass tag="st.Masc"/>
      <inflClass_gen tag="st.Masc"/>
      <punc tag="IE"/>
    </tok_anno>
  </token>
  <token id="t46" trans="." type="punc">
    <tok_dipl id="t46_d1" trans="." utf="."/>
    <tok_anno ascii="." id="t46_m1" trans="." utf=".">
      <pos tag="$_"/>
      <pos_gen tag="$_"/>
      <punc tag="$E"/>
    </tok_anno>
  </token>
  <token id="t47" trans="*(D*)elictum" type="token">
    <tok_dipl id="t47_d1" trans="*(D*)elictum" utf="Delictum"/>
    <tok_anno ascii="Delictum" id="t47_m1" trans="*(D*)elictum" utf="Delictum">
      <norm tag="--"/>
      <lemma tag="delictum"/>
      <lemma_gen tag="[!]"/>
      <lemma_idmwb tag="--"/>
      <pos tag="FM"/>
      <pos_gen tag="FM"/>
      <infl tag="--"/>
      <inflClass tag="--"/>
      <inflClass_gen tag="--"/>
    </tok_anno>
  </token>
  <token id="t48" trans="ori$" type="token">
    <tok_dipl id="t48_d1" trans="ori$" utf="oriſ"/>
    <tok_anno ascii="oris" id="t48_m1" trans="ori$" utf="oriſ">
      <norm tag="--"/>
      <lemma tag="oris"/>
      <lemma_gen tag="[!]"/>
      <lemma_idmwb tag="--"/>
      <pos tag="FM"/>
      <pos_gen tag="FM"/>
      <infl tag="--"/>
      <inflClass tag="--"/>
      <inflClass_gen tag="--"/>
    </tok_anno>
  </token>
  <token id="t49" trans="eo4(.)" type="token">
    <tok_dipl id="t49_d1" trans="eo4" utf="eoꝝ"/>
    <tok_anno ascii="eorum" id="t49_m1" trans="eo4" utf="eoꝝ">
      <norm tag="--"/>
      <lemma tag="eorum"/>
      <lemma_gen tag="[!]"/>
      <lemma_idmwb tag="--"/>
      <pos tag="FM"/>
      <pos_gen tag="FM"/>
      <infl tag="--"/>
      <inflClass tag="--"/>
      <inflClass_gen tag="--"/>
      <punc tag="DE"/>
    </tok_anno>
  </token>
  <token id="t50" trans="Diz" type="token">
    <tok_dipl id="t50_d1" trans="Diz" utf="Diz"/>
    <tok_anno ascii="Diz" id="t50_m1" trans="Diz" utf="Diz">
      <norm tag="diz"/>
      <lemma tag="dise"/>
      <lemma_gen tag="dise"/>
      <lemma_idmwb tag="30921000"/>
      <pos tag="DDS"/>
      <pos_gen tag="DD"/>
      <infl tag="Neut.Nom.Sg"/>
      <inflClass tag="--"/>
      <inflClass_gen tag="--"/>
    </tok_anno>
  </token>
  <token id="t51" trans="i$t" type="token">
    <tok_dipl id="t51_d1" trans="i$t" utf="iſt"/>
    <tok_anno ascii="ist" id="t51_m1" trans="i$t" utf="iſt">
      <norm tag="ist"/>
      <lemma tag="sîn"/>
      <lemma_gen tag="sîn"/>
      <lemma_idmwb tag="150147000"/>
      <pos tag="VAFIN"/>
      <pos_gen tag="VA"/>
      <infl tag="Ind.Pres.Sg.3"/>
      <inflClass tag="irr"/>
      <inflClass_gen tag="irr"/>
    </tok_anno>
  </token>
  <token id="t52" trans="ir" type="token">
    <tok_dipl id="t52_d1" trans="ir" utf="ir"/>
    <tok_anno ascii="ir" id="t52_m1" trans="ir" utf="ir">
      <norm tag="ire"/>
      <lemma tag="ir(e)"/>
      <lemma_gen tag="ir(e)"/>
      <lemma_idmwb tag="83982000"/>
      <pos tag="DPOSA"/>
      <pos_gen tag="DPOS"/>
      <infl tag="Neut.Gen.Pl.0"/>
      <inflClass tag="--"/>
      <inflClass_gen tag="--"/>
    </tok_anno>
  </token>
  <token id="t53" trans="worte" type="token">
    <tok_dipl id="t53_d1" trans="worte" utf="worte"/>
    <tok_anno ascii="worte" id="t53_m1" trans="worte" utf="worte">
      <norm tag="worte"/>
      <lemma tag="wort"/>
      <lemma_gen tag="wort"/>
      <lemma_idmwb tag="233604000"/>
      <pos tag="NA"/>
      <pos_gen tag="NA"/>
      <infl tag="Gen.Pl"/>
      <inflClass tag="st.Neut"/>
      <inflClass_gen tag="st.Neut"/>
    </tok_anno>
  </token>
  <token id="t54" trans="mi$$etat,," type="token">
    <tok_dipl id="t54_d1" trans="mi$$etat" utf="miſſetat"/>
    <tok_anno ascii="missetat" id="t54_m1" trans="mi$$etat" utf="miſſetat">
      <norm tag="missetât"/>
      <lemma tag="misse-tât"/>
      <lemma_gen tag="misse-tât"/>
      <lemma_idmwb tag="113595000"/>
      <pos tag="NA"/>
      <pos_gen tag="NA"/>
      <infl tag="Nom.Sg"/>
      <inflClass tag="stu.Fem"/>
      <inflClass_gen tag="stu.Fem"/>
      <punc tag="S*"/>
    </tok_anno>
  </token>
  <token id="t55" trans="!" type="punc">
    <tok_dipl id="t55_d1" trans="!" utf=""/>
    <tok_anno ascii="." id="t55_m1" trans="!" utf="">
      <pos tag="$_"/>
      <pos_gen tag="$_"/>
    </tok_anno>
  </token>
  <token id="t56" trans="daz" type="token">
    <tok_dipl id="t56_d1" trans="daz" utf="daz"/>
    <tok_anno ascii="daz" id="t56_m1" trans="daz" utf="daz">
      <norm tag="daz"/>
      <lemma tag="dër"/>
      <lemma_gen tag="dër"/>
      <lemma_idmwb tag="29817000"/>
      <pos tag="DDART"/>
      <pos_gen tag="DD"/>
      <infl tag="Neut.Nom.Sg"/>
      <inflClass tag="--"/>
      <inflClass_gen tag="--"/>
    </tok_anno>
  </token>
  <token id="t57" trans="unreht" type="token">
    <tok_dipl id="t57_d1" trans="unreht" utf="unreht"/>
    <tok_anno ascii="unreht" id="t57_m1" trans="unreht" utf="unreht">
      <norm tag="unreht"/>
      <lemma tag="un-rëht"/>
      <lemma_gen tag="un-rëht"/>
      <lemma_idmwb tag="190143000"/>
      <pos tag="NA"/>
      <pos_gen tag="NA"/>
      <infl tag="Nom.Sg"/>
      <inflClass tag="st.Neut"/>
      <inflClass_gen tag="st.Neut"/>
    </tok_anno>
  </token>
  <token id="t58" trans="uze" type="token">
    <tok_dipl id="t58_d1" trans="uze" utf="uze"/>
    <tok_anno ascii="uze" id="t58_m1" trans="uze" utf="uze">
      <norm tag="ûze"/>
      <lemma tag="ûze"/>
      <lemma_gen tag="ûze"/>
      <lemma_idmwb tag="195078000"/>
      <pos tag="APPR"/>
      <pos_gen tag="AP"/>
      <infl tag="--"/>
      <inflClass tag="--"/>
      <inflClass_gen tag="--"/>
    </tok_anno>
  </token>
  <token id="t59" trans="ir" type="token">
    <tok_dipl id="t59_d1" trans="ir" utf="ir"/>
    <tok_anno ascii="ir" id="t59_m1" trans="ir" utf="ir">
      <norm tag="ire"/>
      <lemma tag="ir(e)"/>
      <lemma_gen tag="ir(e)"/>
      <lemma_idmwb tag="83982000"/>
      <pos tag="DPOSA"/>
      <pos_gen tag="DPOS"/>
      <infl tag="*.*.*.0"/>
      <inflClass tag="--"/>
      <inflClass_gen tag="--"/>
    </tok_anno>
  </token>
  <token id="t60" trans="munde" type="token">
    <tok_dipl id="t60_d1" trans="munde" utf="munde"/>
    <tok_anno ascii="munde" id="t60_m1" trans="munde" utf="munde">
      <norm tag="munde"/>
      <lemma tag="mund"/>
      <lemma_gen tag="mund"/>
      <lemma_idmwb tag="116649000"/>
      <pos tag="NA"/>
      <pos_gen tag="NA"/>
      <infl tag="Dat.Sg"/>
      <inflClass tag="st(u).Masc"/>
      <inflClass_gen tag="st(u).Masc"/>
    </tok_anno>
  </token>
  <token id="t61" trans="gat(.)" type="token">
    <tok_dipl id="t61_d1" trans="gat" utf="gat"/>
    <tok_anno ascii="gat" id="t61_m1" trans="gat" utf="gat">
      <norm tag="gât"/>
      <lemma tag="gân"/>
      <lemma_gen tag="gân"/>
      <lemma_idmwb tag="46788000"/>
      <pos tag="VVFIN"/>
      <pos_gen tag="VV"/>
      <infl tag="Ind.Pres.Sg.3"/>
      <inflClass tag="irr"/>
      <inflClass_gen tag="irr"/>
      <punc tag="DE"/>
    </tok_anno>
  </token>
  <token id="t62" trans="." type="punc">
    <tok_dipl id="t62_d1" trans="." utf="."/>
    <tok_anno ascii="." id="t62_m1" trans="." utf=".">
      <pos tag="$_"/>
      <pos_gen tag="$_"/>
      <punc tag="$E"/>
    </tok_anno>
  </token>
  <token id="t63" trans="An" type="token">
    <tok_dipl id="t63_d1" trans="An" utf="An"/>
    <tok_anno ascii="An" id="t63_m1" trans="An" utf="An">
      <norm tag="an"/>
      <lemma tag="ane"/>
      <lemma_gen tag="ane"/>
      <lemma_idmwb tag="5691000"/>
      <pos tag="APPR"/>
      <pos_gen tag="AP"/>
      <infl tag="--"/>
      <inflClass tag="--"/>
      <inflClass_gen tag="--"/>
    </tok_anno>
  </token>
  <token id="t64" trans="ir" type="token">
    <tok_dipl id="t64_d1" trans="ir" utf="ir"/>
    <tok_anno ascii="ir" id="t64_m1" trans="ir" utf="ir">
      <norm tag="ire"/>
      <lemma tag="ir(e)"/>
      <lemma_gen tag="ir(e)"/>
      <lemma_idmwb tag="83982000"/>
      <pos tag="DPOSA"/>
      <pos_gen tag="DPOS"/>
      <infl tag="*.*.*.0"/>
      <inflClass tag="--"/>
      <inflClass_gen tag="--"/>
    </tok_anno>
  </token>
  <token id="t65" trans="hocuart" type="token">
    <tok_dipl id="t65_d1" trans="hocuart" utf="hocuart"/>
    <tok_anno ascii="hocuart" id="t65_m1" trans="hocuart" utf="hocuart">
      <norm tag="hôchvart"/>
      <lemma tag="hôh-vart"/>
      <lemma_gen tag="hôh-vart"/>
      <lemma_idmwb tag="76689000"/>
      <pos tag="NA"/>
      <pos_gen tag="NA"/>
      <infl tag="Dat.Sg"/>
      <inflClass tag="stu.Fem"/>
      <inflClass_gen tag="stu.Fem"/>
    </tok_anno>
  </token>
  <token id="t66" trans="werden" type="token">
    <tok_dipl id="t66_d1" trans="werden" utf="werden"/>
    <tok_anno ascii="werden" id="t66_m1" trans="werden" utf="werden">
      <norm tag="werden"/>
      <lemma tag="wërden"/>
      <lemma_gen tag="wërden"/>
      <lemma_idmwb tag="225138000"/>
      <pos tag="VAFIN"/>
      <pos_gen tag="VA"/>
      <infl tag="Subj.Pres.Pl.3"/>
      <inflClass tag="st3b"/>
      <inflClass_gen tag="st3b"/>
    </tok_anno>
  </token>
  <token id="t67" trans="$i" type="token">
    <tok_dipl id="t67_d1" trans="$i" utf="ſi"/>
    <tok_anno ascii="si" id="t67_m1" trans="$i" utf="ſi">
      <norm tag="si"/>
      <lemma tag="ër"/>
      <lemma_gen tag="ër"/>
      <lemma_idmwb tag="40380000"/>
      <pos tag="PPER"/>
      <pos_gen tag="PPER"/>
      <infl tag="*.Nom.Pl.3"/>
      <inflClass tag="--"/>
      <inflClass_gen tag="--"/>
    </tok_anno>
  </token>
  <token id="t68" trans="beuangen," type="token">
    <tok_dipl id="t68_d1" trans="beuangen" utf="beuangen"/>
    <tok_anno ascii="beuangen" id="t68_m1" trans="beuangen" utf="beuangen">
      <norm tag="bevangen"/>
      <lemma tag="be-vâhen"/>
      <lemma_gen tag="be-vâhen"/>
      <lemma_idmwb tag="18855000"/>
      <pos tag="VVPP"/>
      <pos_gen tag="VV"/>
      <infl tag="--"/>
      <inflClass tag="st7"/>
      <inflClass_gen tag="st7"/>
      <punc tag="N*"/>
    </tok_anno>
  </token>
  <token id="t69" trans="." type="punc">
    <tok_dipl id="t69_d1" trans="." utf="."/>
    <tok_anno ascii="." id="t69_m1" trans="." utf=".">
      <pos tag="$_"/>
      <pos_gen tag="$_"/>
    </tok_anno>
  </token>
  <token id="t70" trans="mit" type="token">
    <tok_dipl id="t70_d1" trans="mit" utf="mit"/>
    <tok_anno ascii="mit" id="t70_m1" trans="mit" utf="mit">
      <norm tag="mit"/>
      <lemma tag="mit"/>
      <lemma_gen tag="mit"/>
      <lemma_idmwb tag="113898000"/>
      <pos tag="APPR"/>
      <pos_gen tag="AP"/>
      <infl tag="--"/>
      <inflClass tag="--"/>
      <inflClass_gen tag="--"/>
    </tok_anno>
  </token>
  <token id="t71" trans="ungnaden" type="token">
    <tok_dipl id="t71_d1" trans="ungnaden" utf="ungnaden"/>
    <tok_anno ascii="ungnaden" id="t71_m1" trans="ungnaden" utf="ungnaden">
      <norm tag="ungenâden"/>
      <lemma tag="un-ge-nâde"/>
      <lemma_gen tag="un-ge-nâde"/>
      <lemma_idmwb tag="186804000"/>
      <pos tag="NA"/>
      <pos_gen tag="NA"/>
      <infl tag="Dat.Pl"/>
      <inflClass tag="*.Fem"/>
      <inflClass_gen tag="*.Fem"/>
    </tok_anno>
  </token>
  <token id="t72" trans="behangen(.)" type="token">
    <tok_dipl id="t72_d1" trans="behangen" utf="behangen"/>
    <tok_anno ascii="behangen" id="t72_m1" trans="behangen" utf="behangen">
      <norm tag="behangen"/>
      <lemma tag="be-hâhen"/>
      <lemma_gen tag="be-hâhen"/>
      <lemma_idmwb tag="13116000"/>
      <pos tag="VVPP"/>
      <pos_gen tag="VV"/>
      <infl tag="--"/>
      <inflClass tag="st7"/>
      <inflClass_gen tag="st7"/>
      <punc tag="DE"/>
    </tok_anno>
  </token>
  <token id="t73" trans="enphehes" type="token">
    <tok_dipl id="t73_d1" trans="enphehes" utf="enphehes"/>
    <tok_anno ascii="enphehes" id="t73_m1" trans="enphehes" utf="enphehes">
      <norm tag="entvæhes"/>
      <lemma tag="ent-vâhen"/>
      <lemma_gen tag="ent-vâhen"/>
      <lemma_idmwb tag="38151000"/>
      <pos tag="VVFIN"/>
      <pos_gen tag="VV"/>
      <infl tag="*.Pres.Sg.2"/>
      <inflClass tag="st7"/>
      <inflClass_gen tag="st7"/>
    </tok_anno>
  </token>
  <comment type="K">/K[[en]phehes: "diese ganze zeile ist oben halb abgeschnitten", Menhardt]</comment>
  <token id="t74" trans="du" type="token">
    <tok_dipl id="t74_d1" trans="du" utf="du"/>
    <tok_anno ascii="du" id="t74_m1" trans="du" utf="du">
      <norm tag="dû"/>
      <lemma tag="dû"/>
      <lemma_gen tag="dû"/>
      <lemma_idmwb tag="32607000"/>
      <pos tag="PPER"/>
      <pos_gen tag="PPER"/>
      <infl tag="Nom.Sg.2"/>
      <inflClass tag="--"/>
      <inflClass_gen tag="--"/>
    </tok_anno>
  </token>
  <token id="t75" trans="mich,," type="token">
    <tok_dipl id="t75_d1" trans="mich" utf="mich"/>
    <tok_anno ascii="mich" id="t75_m1" trans="mich" utf="mich">
      <norm tag="mich"/>
      <lemma tag="ich"/>
      <lemma_gen tag="ich"/>
      <lemma_idmwb tag="81210000"/>
      <pos tag="PPER"/>
      <pos_gen tag="PPER"/>
      <infl tag="Akk.Sg.1"/>
      <inflClass tag="--"/>
      <inflClass_gen tag="--"/>
      <punc tag="S*"/>
    </tok_anno>
  </token>
  <token id="t76" trans="herro" type="token">
    <tok_dipl id="t76_d1" trans="herro" utf="herro"/>
    <tok_anno ascii="herro" id="t76_m1" trans="herro" utf="herro">
      <norm tag="hêrre"/>
      <lemma tag="hêrre"/>
      <lemma_gen tag="hêrre"/>
      <lemma_idmwb tag="72543000"/>
      <pos tag="NA"/>
      <pos_gen tag="NA"/>
      <infl tag="Akk.Sg"/>
      <inflClass tag="*.Masc"/>
      <inflClass_gen tag="*.Masc"/>
    </tok_anno>
  </token>
  <token id="t77" trans="got(.)" type="token">
    <tok_dipl id="t77_d1" trans="got" utf="got"/>
    <tok_anno ascii="got" id="t77_m1" trans="got" utf="got">
      <norm tag="got"/>
      <lemma tag="got"/>
      <lemma_gen tag="got"/>
      <lemma_idmwb tag="63291000"/>
      <pos tag="NA"/>
      <pos_gen tag="NA"/>
      <infl tag="Akk.Sg"/>
      <inflClass tag="st.Masc"/>
      <inflClass_gen tag="st.Masc"/>
      <punc tag="DE"/>
    </tok_anno>
  </token>
  <token id="t78" trans="." type="punc">
    <tok_dipl id="t78_d1" trans="." utf="."/>
    <tok_anno ascii="." id="t78_m1" trans="." utf=".">
      <pos tag="$_"/>
      <pos_gen tag="$_"/>
      <punc tag="$E"/>
    </tok_anno>
  </token>
  <token id="t79" trans="*(A*)diutor" type="token">
    <tok_dipl id="t79_d1" trans="*(A*)diutor" utf="Adiutor"/>
    <tok_anno ascii="Adiutor" id="t79_m1" trans="*(A*)diutor" utf="Adiutor">
      <norm tag="--"/>
      <lemma tag="adiutor"/>
      <lemma_gen tag="[!]"/>
      <lemma_idmwb tag="--"/>
      <pos tag="FM"/>
      <pos_gen tag="FM"/>
      <infl tag="--"/>
      <inflClass tag="--"/>
      <inflClass_gen tag="--"/>
    </tok_anno>
  </token>
  <token id="t80" trans="m\-s,," type="token">
    <tok_dipl id="t80_d1" trans="m\-s" utf="m̄s"/>
    <tok_anno ascii="mens" id="t80_m1" trans="m\-s" utf="m̄s">
      <norm tag="--"/>
      <lemma tag="meus"/>
      <lemma_gen tag="[!]"/>
      <lemma_idmwb tag="--"/>
      <pos tag="FM"/>
      <pos_gen tag="FM"/>
      <infl tag="--"/>
      <inflClass tag="--"/>
      <inflClass_gen tag="--"/>
      <punc tag="S*"/>
    </tok_anno>
  </token>
  <token id="t81" trans="tibi" type="token">
    <tok_dipl id="t81_d1" trans="tibi" utf="tibi"/>
    <tok_anno ascii="tibi" id="t81_m1" trans="tibi" utf="tibi">
      <norm tag="--"/>
      <lemma tag="tibi"/>
      <lemma_gen tag="[!]"/>
      <lemma_idmwb tag="--"/>
      <pos tag="FM"/>
      <pos_gen tag="FM"/>
      <infl tag="--"/>
      <inflClass tag="--"/>
      <inflClass_gen tag="--"/>
    </tok_anno>
  </token>
  <token id="t82" trans="p$alla\-(.)" type="token">
    <tok_dipl id="t82_d1" trans="p$alla\-" utf="pſallā"/>
    <tok_anno ascii="psallan" id="t82_m1" trans="p$alla\-" utf="pſallā">
      <norm tag="--"/>
      <lemma tag="psallam"/>
      <lemma_gen tag="[!]"/>
      <lemma_idmwb tag="--"/>
      <pos tag="FM"/>
      <pos_gen tag="FM"/>
      <infl tag="--"/>
      <inflClass tag="--"/>
      <inflClass_gen tag="--"/>
      <punc tag="DE"/>
    </tok_anno>
  </token>
  <token id="t83" trans="." type="punc">
    <tok_dipl id="t83_d1" trans="." utf="."/>
    <tok_anno ascii="." id="t83_m1" trans="." utf=".">
      <pos tag="$_"/>
      <pos_gen tag="$_"/>
      <punc tag="$E"/>
    </tok_anno>
  </token>
  <token id="t84" trans="Ich" type="token">
    <tok_dipl id="t84_d1" trans="Ich" utf="Ich"/>
    <tok_anno ascii="Ich" id="t84_m1" trans="Ich" utf="Ich">
      <norm tag="ich"/>
      <lemma tag="ich"/>
      <lemma_gen tag="ich"/>
      <lemma_idmwb tag="81210000"/>
      <pos tag="PPER"/>
      <pos_gen tag="PPER"/>
      <infl tag="Nom.Sg.1"/>
      <inflClass tag="--"/>
      <inflClass_gen tag="--"/>
    </tok_anno>
  </token>
  <token id="t85" trans="$ol" type="token">
    <tok_dipl id="t85_d1" trans="$ol" utf="ſol"/>
    <tok_anno ascii="sol" id="t85_m1" trans="$ol" utf="ſol">
      <norm tag="sol"/>
      <lemma tag="sol(e)n"/>
      <lemma_gen tag="sol(e)n"/>
      <lemma_idmwb tag="154377000"/>
      <pos tag="VMFIN"/>
      <pos_gen tag="VM"/>
      <infl tag="Ind.Pres.Sg.1"/>
      <inflClass tag="prpr"/>
      <inflClass_gen tag="prpr"/>
    </tok_anno>
  </token>
  <token id="t86" trans="dir" type="token">
    <tok_dipl id="t86_d1" trans="dir" utf="dir"/>
    <tok_anno ascii="dir" id="t86_m1" trans="dir" utf="dir">
      <norm tag="dir"/>
      <lemma tag="dû"/>
      <lemma_gen tag="dû"/>
      <lemma_idmwb tag="32607000"/>
      <pos tag="PPER"/>
      <pos_gen tag="PPER"/>
      <infl tag="Dat.Sg.2"/>
      <inflClass tag="--"/>
      <inflClass_gen tag="--"/>
    </tok_anno>
  </token>
  <token id="t87" trans="$ingen,," type="token">
    <tok_dipl id="t87_d1" trans="$ingen" utf="ſingen"/>
    <tok_anno ascii="singen" id="t87_m1" trans="$ingen" utf="ſingen">
      <norm tag="singen"/>
      <lemma tag="singen"/>
      <lemma_gen tag="singen"/>
      <lemma_idmwb tag="150228000"/>
      <pos tag="VVINF"/>
      <pos_gen tag="VV"/>
      <infl tag="--"/>
      <inflClass tag="st3a"/>
      <inflClass_gen tag="st3a"/>
      <punc tag="S*"/>
    </tok_anno>
  </token>
  <token id="t88" trans="wande" type="token">
    <tok_dipl id="t88_d1" trans="wande" utf="wande"/>
    <tok_anno ascii="wande" id="t88_m1" trans="wande" utf="wande">
      <norm tag="wande"/>
      <lemma tag="wante"/>
      <lemma_gen tag="wante"/>
      <lemma_idmwb tag="221532000"/>
      <pos tag="KO*"/>
      <pos_gen tag="KO"/>
      <infl tag="--"/>
      <inflClass tag="--"/>
      <inflClass_gen tag="--"/>
    </tok_anno>
  </token>
  <token id="t89" trans="$o" type="token">
    <tok_dipl id="t89_d1" trans="$o" utf="ſo"/>
    <tok_anno ascii="so" id="t89_m1" trans="$o" utf="ſo">
      <norm tag="sô"/>
      <lemma tag="sô"/>
      <lemma_gen tag="sô"/>
      <lemma_idmwb tag="154164000"/>
      <pos tag="KO*"/>
      <pos_gen tag="KO"/>
      <infl tag="--"/>
      <inflClass tag="--"/>
      <inflClass_gen tag="--"/>
    </tok_anno>
  </token>
  <token id="t90" trans="ich" type="token">
    <tok_dipl id="t90_d1" trans="ich" utf="ich"/>
    <tok_anno ascii="ich" id="t90_m1" trans="ich" utf="ich">
      <norm tag="ich"/>
      <lemma tag="ich"/>
      <lemma_gen tag="ich"/>
      <lemma_idmwb tag="81210000"/>
      <pos tag="PPER"/>
      <pos_gen tag="PPER"/>
      <infl tag="Nom.Sg.1"/>
      <inflClass tag="--"/>
      <inflClass_gen tag="--"/>
    </tok_anno>
  </token>
  <token id="t91" trans="dich" type="token">
    <tok_dipl id="t91_d1" trans="dich" utf="dich"/>
    <tok_anno ascii="dich" id="t91_m1" trans="dich" utf="dich">
      <norm tag="dich"/>
      <lemma tag="dû"/>
      <lemma_gen tag="dû"/>
      <lemma_idmwb tag="32607000"/>
      <pos tag="PPER"/>
      <pos_gen tag="PPER"/>
      <infl tag="Akk.Sg.2"/>
      <inflClass tag="--"/>
      <inflClass_gen tag="--"/>
    </tok_anno>
  </token>
  <token id="t92" trans="helfe" type="token">
    <tok_dipl id="t92_d1" trans="helfe" utf="helfe"/>
    <tok_anno ascii="helfe" id="t92_m1" trans="helfe" utf="helfe">
      <norm tag="helfe"/>
      <lemma tag="hëlfe"/>
      <lemma_gen tag="hëlfe"/>
      <lemma_idmwb tag="70869000"/>
      <pos tag="NA"/>
      <pos_gen tag="NA"/>
      <infl tag="Akk.Sg"/>
      <inflClass tag="st.Fem"/>
      <inflClass_gen tag="*.Fem"/>
    </tok_anno>
  </token>
  <token id="t93" trans="an*1" type="token">
    <tok_dipl id="t93_d1" trans="an" utf="an"/>
    <tok_anno ascii="an" id="t93_m1" trans="an*1" utf="an">
      <norm tag="an"/>
      <lemma tag="ane/&gt;+ge-sinnen"/>
      <lemma_gen tag="ane"/>
      <lemma_idmwb tag="5691000"/>
      <pos tag="PTKVZ"/>
      <pos_gen tag="PTK"/>
      <infl tag="--"/>
      <inflClass tag="--"/>
      <inflClass_gen tag="--"/>
      <link target="t94_m1" type="vptk"/>
    </tok_anno>
  </token>
  <token id="t94" trans="ge$in(=)ne.*2,," type="token">
    <tok_dipl id="t94_d1" trans="ge$inne." utf="geſinne."/>
    <tok_anno ascii="gesinne." id="t94_m1" trans="ge$in(=)ne.*2" utf="geſinne.">
      <norm tag="gesinne"/>
      <token_type tag="UL"/>
      <lemma tag="ge-sinnen/ane&gt;+"/>
      <lemma_gen tag="ge-sinnen"/>
      <lemma_idmwb tag="56589000"/>
      <pos tag="VVFIN"/>
      <pos_gen tag="VV"/>
      <infl tag="*.Pres.Sg.1"/>
      <inflClass tag="st3a"/>
      <inflClass_gen tag="st3a"/>
      <punc tag="S*"/>
      <link target="t93_m1" type="vptk"/>
    </tok_anno>
  </token>
  <token id="t95" trans="So" type="token">
    <tok_dipl id="t95_d1" trans="So" utf="So"/>
    <tok_anno ascii="So" id="t95_m1" trans="So" utf="So">
      <norm tag="sô"/>
      <lemma tag="sô"/>
      <lemma_gen tag="sô"/>
      <lemma_idmwb tag="154164000"/>
      <pos tag="AVD"/>
      <pos_gen tag="AVD-KO"/>
      <infl tag="--"/>
      <inflClass tag="--"/>
      <inflClass_gen tag="--"/>
    </tok_anno>
  </token>
  <token id="t96" trans="getro$tes" type="token">
    <tok_dipl id="t96_d1" trans="getro$tes" utf="getroſtes"/>
    <tok_anno ascii="getrostes" id="t96_m1" trans="getro$tes" utf="getroſtes">
      <norm tag="getroestes"/>
      <lemma tag="ge-troèsten"/>
      <lemma_gen tag="ge-troèsten"/>
      <lemma_idmwb tag="58479000"/>
      <pos tag="VVFIN"/>
      <pos_gen tag="VV"/>
      <infl tag="*.Pres.Sg.2"/>
      <inflClass tag="wk"/>
      <inflClass_gen tag="wk"/>
    </tok_anno>
  </token>
  <token id="t97" trans="du" type="token">
    <tok_dipl id="t97_d1" trans="du" utf="du"/>
    <tok_anno ascii="du" id="t97_m1" trans="du" utf="du">
      <norm tag="dû"/>
      <lemma tag="dû"/>
      <lemma_gen tag="dû"/>
      <lemma_idmwb tag="32607000"/>
      <pos tag="PPER"/>
      <pos_gen tag="PPER"/>
      <infl tag="Nom.Sg.2"/>
      <inflClass tag="--"/>
      <inflClass_gen tag="--"/>
    </tok_anno>
  </token>
  <token id="t98" trans="min" type="token">
    <tok_dipl id="t98_d1" trans="min" utf="min"/>
    <tok_anno ascii="min" id="t98_m1" trans="min" utf="min">
      <norm tag="mîn"/>
      <lemma tag="mîn"/>
      <lemma_gen tag="mîn"/>
      <lemma_idmwb tag="112026000"/>
      <pos tag="DPOSA"/>
      <pos_gen tag="DPOS"/>
      <infl tag="*.*.*.0"/>
      <inflClass tag="--"/>
      <inflClass_gen tag="--"/>
    </tok_anno>
  </token>
  <token id="t99" trans="herze(.)" type="token">
    <tok_dipl id="t99_d1" trans="herze" utf="herze"/>
    <tok_anno ascii="herze" id="t99_m1" trans="herze" utf="herze">
      <norm tag="herze"/>
      <lemma tag="hërze"/>
      <lemma_gen tag="hërze"/>
      <lemma_idmwb tag="73221000"/>
      <pos tag="NA"/>
      <pos_gen tag="NA"/>
      <infl tag="Akk.Sg"/>
      <inflClass tag="wk.Neut"/>
      <inflClass_gen tag="wk.Neut"/>
      <punc tag="DE"/>
    </tok_anno>
  </token>
  <token id="t100" trans="." type="punc">
    <tok_dipl id="t100_d1" trans="." utf="."/>
    <tok_anno ascii="." id="t100_m1" trans="." utf=".">
      <pos tag="$_"/>
      <pos_gen tag="$_"/>
      <punc tag="$E"/>
    </tok_anno>
  </token>
  <token id="t101" trans="du" type="token">
    <tok_dipl id="t101_d1" trans="du" utf="du"/>
    <tok_anno ascii="du" id="t101_m1" trans="du" utf="du">
      <norm tag="dû"/>
      <lemma tag="dû"/>
      <lemma_gen tag="dû"/>
      <lemma_idmwb tag="32607000"/>
      <pos tag="PPER"/>
      <pos_gen tag="PPER"/>
      <infl tag="Nom.Sg.2"/>
      <inflClass tag="--"/>
      <inflClass_gen tag="--"/>
    </tok_anno>
  </token>
  <token id="t102" trans="bi$" type="token">
    <tok_dipl id="t102_d1" trans="bi$" utf="biſ"/>
    <tok_anno ascii="bis" id="t102_m1" trans="bi$" utf="biſ">
      <norm tag="bis"/>
      <lemma tag="sîn"/>
      <lemma_gen tag="sîn"/>
      <lemma_idmwb tag="150147000"/>
      <pos tag="VAFIN"/>
      <pos_gen tag="VA"/>
      <infl tag="Ind.Pres.Sg.2"/>
      <inflClass tag="irr"/>
      <inflClass_gen tag="irr"/>
    </tok_anno>
  </token>
  <token id="t103" trans="$elbe" type="token">
    <tok_dipl id="t103_d1" trans="$elbe" utf="ſelbe"/>
    <tok_anno ascii="selbe" id="t103_m1" trans="$elbe" utf="ſelbe">
      <norm tag="selbe"/>
      <lemma tag="sëlb"/>
      <lemma_gen tag="sëlb"/>
      <lemma_idmwb tag="147849000"/>
      <pos tag="DDD"/>
      <pos_gen tag="DD"/>
      <infl tag="Masc.Nom.Sg.wk"/>
      <inflClass tag="--"/>
      <inflClass_gen tag="--"/>
    </tok_anno>
  </token>
  <token id="t104" trans="min" type="token">
    <tok_dipl id="t104_d1" trans="min" utf="min"/>
    <tok_anno ascii="min" id="t104_m1" trans="min" utf="min">
      <norm tag="mîn"/>
      <lemma tag="mîn"/>
      <lemma_gen tag="mîn"/>
      <lemma_idmwb tag="112026000"/>
      <pos tag="DPOSA"/>
      <pos_gen tag="DPOS"/>
      <infl tag="*.*.*.0"/>
      <inflClass tag="--"/>
      <inflClass_gen tag="--"/>
    </tok_anno>
  </token>
  <token id="t105" trans="barmherze(.)" type="token">
    <tok_dipl id="t105_d1" trans="barmherze" utf="barmherze"/>
    <tok_anno ascii="barmherze" id="t105_m1" trans="barmherze" utf="barmherze">
      <norm tag="barmherze"/>
      <lemma tag="barm-hërze"/>
      <lemma_gen tag="barm-hërze"/>
      <lemma_idmwb tag="11685000"/>
      <pos tag="NA"/>
      <pos_gen tag="NA"/>
      <infl tag="Nom.Sg"/>
      <inflClass tag="*.Fem"/>
      <inflClass_gen tag="*.Fem"/>
      <punc tag="DE"/>
    </tok_anno>
  </token>
  <comment type="K">/#[?]/K[barmherze: am Ende der Folgezeile]</comment>
  <token id="t106" trans="Deus,," type="token">
    <tok_dipl id="t106_d1" trans="Deus" utf="Deus"/>
    <tok_anno ascii="Deus" id="t106_m1" trans="Deus" utf="Deus">
      <norm tag="--"/>
      <lemma tag="deus"/>
      <lemma_gen tag="[!]"/>
      <lemma_idmwb tag="--"/>
      <pos tag="NA"/>
      <pos_gen tag="FM"/>
      <infl tag="Nom.Sg"/>
      <inflClass tag="Masc"/>
      <inflClass_gen tag="Masc"/>
      <punc tag="S*"/>
    </tok_anno>
  </token>
  <token id="t107" trans="repuli$ti" type="token">
    <tok_dipl id="t107_d1" trans="repuli$ti" utf="repuliſti"/>
    <tok_anno ascii="repulisti" id="t107_m1" trans="repuli$ti" utf="repuliſti">
      <norm tag="--"/>
      <lemma tag="repulisti"/>
      <lemma_gen tag="[!]"/>
      <lemma_idmwb tag="--"/>
      <pos tag="FM"/>
      <pos_gen tag="FM"/>
      <infl tag="--"/>
      <inflClass tag="--"/>
      <inflClass_gen tag="--"/>
    </tok_anno>
  </token>
  <token id="t108" trans="nos" type="token">
    <tok_dipl id="t108_d1" trans="nos" utf="nos"/>
    <tok_anno ascii="nos" id="t108_m1" trans="nos" utf="nos">
      <norm tag="--"/>
      <lemma tag="nos"/>
      <lemma_gen tag="[!]"/>
      <lemma_idmwb tag="--"/>
      <pos tag="FM"/>
      <pos_gen tag="FM"/>
      <infl tag="--"/>
      <inflClass tag="--"/>
      <inflClass_gen tag="--"/>
    </tok_anno>
  </token>
  <token id="t109" trans="." type="punc">
    <tok_dipl id="t109_d1" trans="." utf="."/>
    <tok_anno ascii="." id="t109_m1" trans="." utf=".">
      <pos tag="$_"/>
      <pos_gen tag="$_"/>
    </tok_anno>
  </token>
  <token id="t110" trans="7" type="token">
    <tok_dipl id="t110_d1" trans="7" utf=""/>
    <tok_anno ascii="et" id="t110_m1" trans="7" utf="">
      <norm tag="--"/>
      <lemma tag="et"/>
      <lemma_gen tag="[!]"/>
      <lemma_idmwb tag="--"/>
      <pos tag="FM"/>
      <pos_gen tag="FM"/>
      <infl tag="--"/>
      <inflClass tag="--"/>
      <inflClass_gen tag="--"/>
    </tok_anno>
  </token>
  <token id="t111" trans="de$truxi$ti" type="token">
    <tok_dipl id="t111_d1" trans="de$truxi$ti" utf="deſtruxiſti"/>
    <tok_anno ascii="destruxisti" id="t111_m1" trans="de$truxi$ti" utf="deſtruxiſti">
      <norm tag="--"/>
      <lemma tag="destruxisti"/>
      <lemma_gen tag="[!]"/>
      <lemma_idmwb tag="--"/>
      <pos tag="FM"/>
      <pos_gen tag="FM"/>
      <infl tag="--"/>
      <inflClass tag="--"/>
      <inflClass_gen tag="--"/>
    </tok_anno>
  </token>
  <token id="t112" trans="nos(.)" type="token">
    <tok_dipl id="t112_d1" trans="nos" utf="nos"/>
    <tok_anno ascii="nos" id="t112_m1" trans="nos" utf="nos">
      <norm tag="--"/>
      <lemma tag="nos"/>
      <lemma_gen tag="[!]"/>
      <lemma_idmwb tag="--"/>
      <pos tag="FM"/>
      <pos_gen tag="FM"/>
      <infl tag="--"/>
      <inflClass tag="--"/>
      <inflClass_gen tag="--"/>
      <punc tag="DE"/>
    </tok_anno>
  </token>
  <token id="t113" trans="." type="punc">
    <tok_dipl id="t113_d1" trans="." utf="."/>
    <tok_anno ascii="." id="t113_m1" trans="." utf=".">
      <pos tag="$_"/>
      <pos_gen tag="$_"/>
      <punc tag="$E"/>
    </tok_anno>
  </token>
  <token id="t114" trans="Herro" type="token">
    <tok_dipl id="t114_d1" trans="Herro" utf="Herro"/>
    <tok_anno ascii="Herro" id="t114_m1" trans="Herro" utf="Herro">
      <norm tag="hêrre"/>
      <lemma tag="hêrre"/>
      <lemma_gen tag="hêrre"/>
      <lemma_idmwb tag="72543000"/>
      <pos tag="NA"/>
      <pos_gen tag="NA"/>
      <infl tag="Nom.Sg"/>
      <inflClass tag="*.Masc"/>
      <inflClass_gen tag="*.Masc"/>
    </tok_anno>
  </token>
  <token id="t115" trans="got,," type="token">
    <tok_dipl id="t115_d1" trans="got" utf="got"/>
    <tok_anno ascii="got" id="t115_m1" trans="got" utf="got">
      <norm tag="got"/>
      <lemma tag="got"/>
      <lemma_gen tag="got"/>
      <lemma_idmwb tag="63291000"/>
      <pos tag="NA"/>
      <pos_gen tag="NA"/>
      <infl tag="Nom.Sg"/>
      <inflClass tag="st.Masc"/>
      <inflClass_gen tag="st.Masc"/>
      <punc tag="S*"/>
    </tok_anno>
  </token>
  <token id="t116" trans="dv" type="token">
    <tok_dipl id="t116_d1" trans="dv" utf="dv"/>
    <tok_anno ascii="dv" id="t116_m1" trans="dv" utf="dv">
      <norm tag="dû"/>
      <lemma tag="dû"/>
      <lemma_gen tag="dû"/>
      <lemma_idmwb tag="32607000"/>
      <pos tag="PPER"/>
      <pos_gen tag="PPER"/>
      <infl tag="Nom.Sg.2"/>
      <inflClass tag="--"/>
      <inflClass_gen tag="--"/>
    </tok_anno>
  </token>
  <token id="t117" trans="has" type="token">
    <tok_dipl id="t117_d1" trans="has" utf="has"/>
    <tok_anno ascii="has" id="t117_m1" trans="has" utf="has">
      <norm tag="hâs"/>
      <lemma tag="haben"/>
      <lemma_gen tag="haben"/>
      <lemma_idmwb tag="66885000"/>
      <pos tag="VAFIN"/>
      <pos_gen tag="VA"/>
      <infl tag="*.Pres.Sg.2"/>
      <inflClass tag="wk"/>
      <inflClass_gen tag="wk"/>
    </tok_anno>
  </token>
  <token id="t118" trans="vns" type="token">
    <tok_dipl id="t118_d1" trans="vns" utf="vns"/>
    <tok_anno ascii="vns" id="t118_m1" trans="vns" utf="vns">
      <norm tag="uns"/>
      <lemma tag="wir"/>
      <lemma_gen tag="wir"/>
      <lemma_idmwb tag="231441000"/>
      <pos tag="PPER"/>
      <pos_gen tag="PPER"/>
      <infl tag="Akk.Pl.1"/>
      <inflClass tag="--"/>
      <inflClass_gen tag="--"/>
    </tok_anno>
  </token>
  <token id="t119" trans="ge(=)$toret" type="token">
    <tok_dipl id="t119_d1" trans="ge$toret" utf="geſtoret"/>
    <tok_anno ascii="gestoret" id="t119_m1" trans="ge(=)$toret" utf="geſtoret">
      <norm tag="gestoeret"/>
      <token_type tag="UL"/>
      <lemma tag="stoèren"/>
      <lemma_gen tag="stoèren"/>
      <lemma_idmwb tag="159996000"/>
      <pos tag="VVPP"/>
      <pos_gen tag="VV"/>
      <infl tag="--"/>
      <inflClass tag="wk"/>
      <inflClass_gen tag="wk"/>
    </tok_anno>
  </token>
  <token id="t120" trans="." type="punc">
    <tok_dipl id="t120_d1" trans="." utf="."/>
    <tok_anno ascii="." id="t120_m1" trans="." utf=".">
      <pos tag="$_"/>
      <pos_gen tag="$_"/>
    </tok_anno>
  </token>
  <token id="t121" trans="unde" type="token">
    <tok_dipl id="t121_d1" trans="unde" utf="unde"/>
    <tok_anno ascii="unde" id="t121_m1" trans="unde" utf="unde">
      <norm tag="unde"/>
      <lemma tag="unte"/>
      <lemma_gen tag="unte"/>
      <lemma_idmwb tag="183108000"/>
      <pos tag="KON"/>
      <pos_gen tag="KO"/>
      <infl tag="--"/>
      <inflClass tag="--"/>
      <inflClass_gen tag="--"/>
    </tok_anno>
  </token>
  <token id="t122" trans="uertriben,," type="token">
    <tok_dipl id="t122_d1" trans="uertriben" utf="uertriben"/>
    <tok_anno ascii="uertriben" id="t122_m1" trans="uertriben" utf="uertriben">
      <norm tag="vertriben"/>
      <lemma tag="ver-trîben"/>
      <lemma_gen tag="ver-trîben"/>
      <lemma_idmwb tag="206391000"/>
      <pos tag="VVPP"/>
      <pos_gen tag="VV"/>
      <infl tag="--"/>
      <inflClass tag="st1a"/>
      <inflClass_gen tag="st1a"/>
      <punc tag="S*"/>
    </tok_anno>
  </token>
  <token id="t123" trans="." type="punc">
    <tok_dipl id="t123_d1" trans="." utf="."/>
    <tok_anno ascii="." id="t123_m1" trans="." utf=".">
      <pos tag="$_"/>
      <pos_gen tag="$_"/>
    </tok_anno>
  </token>
  <token id="t124" trans="nach" type="token">
    <tok_dipl id="t124_d1" trans="nach" utf="nach"/>
    <tok_anno ascii="nach" id="t124_m1" trans="nach" utf="nach">
      <norm tag="nâch"/>
      <lemma tag="nâh"/>
      <lemma_gen tag="nâh"/>
      <lemma_idmwb tag="117855000"/>
      <pos tag="APPR"/>
      <pos_gen tag="AP"/>
      <infl tag="--"/>
      <inflClass tag="--"/>
      <inflClass_gen tag="--"/>
    </tok_anno>
  </token>
  <token id="t125" trans="dineme" type="token">
    <tok_dipl id="t125_d1" trans="dineme" utf="dineme"/>
    <tok_anno ascii="dineme" id="t125_m1" trans="dineme" utf="dineme">
      <norm tag="dîneme"/>
      <lemma tag="dîn"/>
      <lemma_gen tag="dîn"/>
      <lemma_idmwb tag="30567000"/>
      <pos tag="DPOSA"/>
      <pos_gen tag="DPOS"/>
      <infl tag="Masc,Neut.Dat.Sg.st"/>
      <inflClass tag="--"/>
      <inflClass_gen tag="--"/>
    </tok_anno>
  </token>
  <token id="t126" trans="corne" type="token">
    <tok_dipl id="t126_d1" trans="corne" utf="corne"/>
    <tok_anno ascii="corne" id="t126_m1" trans="corne" utf="corne">
      <norm tag="zorne"/>
      <lemma tag="zorn"/>
      <lemma_gen tag="zorn"/>
      <lemma_idmwb tag="239814000"/>
      <pos tag="NA"/>
      <pos_gen tag="NA"/>
      <infl tag="Dat.Sg"/>
      <inflClass tag="st.Masc,Neut"/>
      <inflClass_gen tag="st.Masc,Neut"/>
    </tok_anno>
  </token>
  <token id="t127" trans="ha$" type="token">
    <tok_dipl id="t127_d1" trans="ha$" utf="haſ"/>
    <tok_anno ascii="has" id="t127_m1" trans="ha$" utf="haſ">
      <norm tag="hâs"/>
      <lemma tag="haben"/>
      <lemma_gen tag="haben"/>
      <lemma_idmwb tag="66885000"/>
      <pos tag="VAFIN"/>
      <pos_gen tag="VA"/>
      <infl tag="*.Pres.Sg.2"/>
      <inflClass tag="wk"/>
      <inflClass_gen tag="wk"/>
    </tok_anno>
  </token>
  <token id="t128" trans="du" type="token">
    <tok_dipl id="t128_d1" trans="du" utf="du"/>
    <tok_anno ascii="du" id="t128_m1" trans="du" utf="du">
      <norm tag="dû"/>
      <lemma tag="dû"/>
      <lemma_gen tag="dû"/>
      <lemma_idmwb tag="32607000"/>
      <pos tag="PPER"/>
      <pos_gen tag="PPER"/>
      <infl tag="Nom.Sg.2"/>
      <inflClass tag="--"/>
      <inflClass_gen tag="--"/>
    </tok_anno>
  </token>
  <token id="t129" trans="vns" type="token">
    <tok_dipl id="t129_d1" trans="vns" utf="vns"/>
    <tok_anno ascii="vns" id="t129_m1" trans="vns" utf="vns">
      <norm tag="uns"/>
      <lemma tag="wir"/>
      <lemma_gen tag="wir"/>
      <lemma_idmwb tag="231441000"/>
      <pos tag="PPER"/>
      <pos_gen tag="PPER"/>
      <infl tag="Akk.Pl.1"/>
      <inflClass tag="--"/>
      <inflClass_gen tag="--"/>
    </tok_anno>
  </token>
  <token id="t130" trans="entliben(.)" type="token">
    <tok_dipl id="t130_d1" trans="entliben" utf="entliben"/>
    <tok_anno ascii="entliben" id="t130_m1" trans="entliben" utf="entliben">
      <norm tag="entliben"/>
      <lemma tag="ent-lîben"/>
      <lemma_gen tag="ent-lîben"/>
      <lemma_idmwb tag="38826000"/>
      <pos tag="VVPP"/>
      <pos_gen tag="VV"/>
      <infl tag="--"/>
      <inflClass tag="st1a"/>
      <inflClass_gen tag="st1a"/>
      <punc tag="DE"/>
    </tok_anno>
  </token>
  <token id="t131" trans="." type="punc">
    <tok_dipl id="t131_d1" trans="." utf="."/>
    <tok_anno ascii="." id="t131_m1" trans="." utf=".">
      <pos tag="$_"/>
      <pos_gen tag="$_"/>
      <punc tag="$E"/>
    </tok_anno>
  </token>
  <token id="t132" trans="Conmoui$ti" type="token">
    <tok_dipl id="t132_d1" trans="Conmoui$ti" utf="Conmouiſti"/>
    <tok_anno ascii="Conmouisti" id="t132_m1" trans="Conmoui$ti" utf="Conmouiſti">
      <norm tag="--"/>
      <lemma tag="conmovisti"/>
      <lemma_gen tag="[!]"/>
      <lemma_idmwb tag="--"/>
      <pos tag="FM"/>
      <pos_gen tag="FM"/>
      <infl tag="--"/>
      <inflClass tag="--"/>
      <inflClass_gen tag="--"/>
    </tok_anno>
  </token>
  <token id="t133" trans="terram.(.)" type="token">
    <tok_dipl id="t133_d1" trans="terram." utf="terram."/>
    <tok_anno ascii="terram." id="t133_m1" trans="terram." utf="terram.">
      <norm tag="--"/>
      <lemma tag="terram"/>
      <lemma_gen tag="[!]"/>
      <lemma_idmwb tag="--"/>
      <pos tag="FM"/>
      <pos_gen tag="FM"/>
      <infl tag="--"/>
      <inflClass tag="--"/>
      <inflClass_gen tag="--"/>
      <punc tag="DE"/>
    </tok_anno>
  </token>
  <token id="t134" trans="Du" type="token">
    <tok_dipl id="t134_d1" trans="Du" utf="Du"/>
    <tok_anno ascii="Du" id="t134_m1" trans="Du" utf="Du">
      <norm tag="dû"/>
      <lemma tag="dû"/>
      <lemma_gen tag="dû"/>
      <lemma_idmwb tag="32607000"/>
      <pos tag="PPER"/>
      <pos_gen tag="PPER"/>
      <infl tag="Nom.Sg.2"/>
      <inflClass tag="--"/>
      <inflClass_gen tag="--"/>
    </tok_anno>
  </token>
  <token id="t135" trans="ha$" type="token">
    <tok_dipl id="t135_d1" trans="ha$" utf="haſ"/>
    <tok_anno ascii="has" id="t135_m1" trans="ha$" utf="haſ">
      <norm tag="hâs"/>
      <lemma tag="haben"/>
      <lemma_gen tag="haben"/>
      <lemma_idmwb tag="66885000"/>
      <pos tag="VAFIN"/>
      <pos_gen tag="VA"/>
      <infl tag="*.Pres.Sg.2"/>
      <inflClass tag="wk"/>
      <inflClass_gen tag="wk"/>
    </tok_anno>
  </token>
  <token id="t136" trans="bewe=get" type="token">
    <tok_dipl id="t136_d1" trans="bewe=get" utf="bewe=get"/>
    <tok_anno ascii="bewe=get" id="t136_m1" trans="bewe=get" utf="bewe=get">
      <norm tag="beweget"/>
      <lemma tag="be-wègen"/>
      <lemma_gen tag="be-wègen"/>
      <lemma_idmwb tag="19293000"/>
      <pos tag="VVFIN"/>
      <pos_gen tag="VV"/>
      <infl tag="Ind.Pres.Sg.3"/>
      <inflClass tag="wk"/>
      <inflClass_gen tag="wk"/>
    </tok_anno>
  </token>
  <token id="t137" trans="die" type="token">
    <tok_dipl id="t137_d1" trans="die" utf="die"/>
    <tok_anno ascii="die" id="t137_m1" trans="die" utf="die">
      <norm tag="die"/>
      <lemma tag="dër"/>
      <lemma_gen tag="dër"/>
      <lemma_idmwb tag="29817000"/>
      <pos tag="DDART"/>
      <pos_gen tag="DD"/>
      <infl tag="Fem.Akk.Sg"/>
      <inflClass tag="--"/>
      <inflClass_gen tag="--"/>
    </tok_anno>
  </token>
  <token id="t138" trans="erde(.)" type="token">
    <tok_dipl id="t138_d1" trans="erde" utf="erde"/>
    <tok_anno ascii="erde" id="t138_m1" trans="erde" utf="erde">
      <norm tag="erde"/>
      <lemma tag="ërde"/>
      <lemma_gen tag="ërde"/>
      <lemma_idmwb tag="41217000"/>
      <pos tag="NA"/>
      <pos_gen tag="NA"/>
      <infl tag="Akk.Sg"/>
      <inflClass tag="st.Fem"/>
      <inflClass_gen tag="*.Fem"/>
      <punc tag="DE"/>
    </tok_anno>
  </token>
  <token id="t139" trans="in" type="token">
    <tok_dipl id="t139_d1" trans="in" utf="in"/>
    <tok_anno ascii="in" id="t139_m1" trans="in" utf="in">
      <norm tag="in"/>
      <lemma tag="in"/>
      <lemma_gen tag="in"/>
      <lemma_idmwb tag="81741000"/>
      <pos tag="APPR"/>
      <pos_gen tag="AP"/>
      <infl tag="--"/>
      <inflClass tag="--"/>
      <inflClass_gen tag="--"/>
    </tok_anno>
  </token>
  <token id="t140" trans="ir" type="token">
    <tok_dipl id="t140_d1" trans="ir" utf="ir"/>
    <tok_anno ascii="ir" id="t140_m1" trans="ir" utf="ir">
      <norm tag="ire"/>
      <lemma tag="ir(e)"/>
      <lemma_gen tag="ir(e)"/>
      <lemma_idmwb tag="83982000"/>
      <pos tag="DPOSA"/>
      <pos_gen tag="DPOS"/>
      <infl tag="*.*.*.0"/>
      <inflClass tag="--"/>
      <inflClass_gen tag="--"/>
    </tok_anno>
  </token>
  <token id="t141" trans="mu\et(.)" type="token">
    <tok_dipl id="t141_d1" trans="mu\et" utf="muͤt"/>
    <tok_anno ascii="muet" id="t141_m1" trans="mu\et" utf="muͤt">
      <norm tag="muote"/>
      <lemma tag="muot"/>
      <lemma_gen tag="muot"/>
      <lemma_idmwb tag="116904000"/>
      <pos tag="NA"/>
      <pos_gen tag="NA"/>
      <infl tag="Dat.Sg"/>
      <inflClass tag="st(u).Masc,Neut"/>
      <inflClass_gen tag="st(u).Masc,Neut"/>
      <punc tag="DE"/>
    </tok_anno>
  </token>
  <token id="t142" trans="." type="punc">
    <tok_dipl id="t142_d1" trans="." utf="."/>
    <tok_anno ascii="." id="t142_m1" trans="." utf=".">
      <pos tag="$_"/>
      <pos_gen tag="$_"/>
      <punc tag="$E"/>
    </tok_anno>
  </token>
  <token id="t143" trans="Veruntamen" type="token">
    <tok_dipl id="t143_d1" trans="Veruntamen" utf="Veruntamen"/>
    <tok_anno ascii="Veruntamen" id="t143_m1" trans="Veruntamen" utf="Veruntamen">
      <norm tag="--"/>
      <lemma tag="veruntamen"/>
      <lemma_gen tag="[!]"/>
      <lemma_idmwb tag="--"/>
      <pos tag="FM"/>
      <pos_gen tag="FM"/>
      <infl tag="--"/>
      <inflClass tag="--"/>
      <inflClass_gen tag="--"/>
    </tok_anno>
  </token>
  <token id="t144" trans="deo" type="token">
    <tok_dipl id="t144_d1" trans="deo" utf="deo"/>
    <tok_anno ascii="deo" id="t144_m1" trans="deo" utf="deo">
      <norm tag="--"/>
      <lemma tag="deo"/>
      <lemma_gen tag="[!]"/>
      <lemma_idmwb tag="--"/>
      <pos tag="FM"/>
      <pos_gen tag="FM"/>
      <infl tag="--"/>
      <inflClass tag="--"/>
      <inflClass_gen tag="--"/>
    </tok_anno>
  </token>
  <token id="t145" trans="$ubiecta" type="token">
    <tok_dipl id="t145_d1" trans="$ubiecta" utf="ſubiecta"/>
    <tok_anno ascii="subiecta" id="t145_m1" trans="$ubiecta" utf="ſubiecta">
      <norm tag="--"/>
      <lemma tag="subiecta"/>
      <lemma_gen tag="[!]"/>
      <lemma_idmwb tag="--"/>
      <pos tag="FM"/>
      <pos_gen tag="FM"/>
      <infl tag="--"/>
      <inflClass tag="--"/>
      <inflClass_gen tag="--"/>
    </tok_anno>
  </token>
  <token id="t146" trans="esto.(.)" type="token">
    <tok_dipl id="t146_d1" trans="esto." utf="esto."/>
    <tok_anno ascii="esto." id="t146_m1" trans="esto." utf="esto.">
      <norm tag="--"/>
      <lemma tag="esto"/>
      <lemma_gen tag="[!]"/>
      <lemma_idmwb tag="--"/>
      <pos tag="FM"/>
      <pos_gen tag="FM"/>
      <infl tag="--"/>
      <inflClass tag="--"/>
      <inflClass_gen tag="--"/>
      <punc tag="DE"/>
    </tok_anno>
  </token>
  <token id="t147" trans="Min" type="token">
    <tok_dipl id="t147_d1" trans="Min" utf="Min"/>
    <tok_anno ascii="Min" id="t147_m1" trans="Min" utf="Min">
      <norm tag="mîn"/>
      <lemma tag="mîn"/>
      <lemma_gen tag="mîn"/>
      <lemma_idmwb tag="112026000"/>
      <pos tag="DPOSA"/>
      <pos_gen tag="DPOS"/>
      <infl tag="*.*.*.0"/>
      <inflClass tag="--"/>
      <inflClass_gen tag="--"/>
    </tok_anno>
  </token>
  <token id="t148" trans="$ele" type="token">
    <tok_dipl id="t148_d1" trans="$ele" utf="ſele"/>
    <tok_anno ascii="sele" id="t148_m1" trans="$ele" utf="ſele">
      <norm tag="sêle"/>
      <lemma tag="sêle"/>
      <lemma_gen tag="sêle"/>
      <lemma_idmwb tag="147720000"/>
      <pos tag="NA"/>
      <pos_gen tag="NA"/>
      <infl tag="Nom.Sg"/>
      <inflClass tag="*.Fem"/>
      <inflClass_gen tag="*.Fem"/>
    </tok_anno>
  </token>
  <token id="t149" trans="$ol" type="token">
    <tok_dipl id="t149_d1" trans="$ol" utf="ſol"/>
    <tok_anno ascii="sol" id="t149_m1" trans="$ol" utf="ſol">
      <norm tag="sol"/>
      <lemma tag="sol(e)n"/>
      <lemma_gen tag="sol(e)n"/>
      <lemma_idmwb tag="154377000"/>
      <pos tag="VMFIN"/>
      <pos_gen tag="VM"/>
      <infl tag="Ind.Pres.Sg.3"/>
      <inflClass tag="prpr"/>
      <inflClass_gen tag="prpr"/>
    </tok_anno>
  </token>
  <token id="t150" trans="gote" type="token">
    <tok_dipl id="t150_d1" trans="gote" utf="gote"/>
    <tok_anno ascii="gote" id="t150_m1" trans="gote" utf="gote">
      <norm tag="gote"/>
      <lemma tag="got"/>
      <lemma_gen tag="got"/>
      <lemma_idmwb tag="63291000"/>
      <pos tag="NA"/>
      <pos_gen tag="NA"/>
      <infl tag="Dat.Sg"/>
      <inflClass tag="st.Masc"/>
      <inflClass_gen tag="st.Masc"/>
    </tok_anno>
  </token>
  <token id="t151" trans="we$en" type="token">
    <tok_dipl id="t151_d1" trans="we$en" utf="weſen"/>
    <tok_anno ascii="wesen" id="t151_m1" trans="we$en" utf="weſen">
      <norm tag="wesen"/>
      <lemma tag="wësen"/>
      <lemma_gen tag="wësen"/>
      <lemma_idmwb tag="225783000"/>
      <pos tag="VAINF"/>
      <pos_gen tag="VA"/>
      <infl tag="--"/>
      <inflClass tag="st5"/>
      <inflClass_gen tag="st5"/>
    </tok_anno>
  </token>
  <token id="t152" trans="undertan.,," type="token">
    <tok_dipl id="t152_d1" trans="undertan." utf="undertan."/>
    <tok_anno ascii="undertan." id="t152_m1" trans="undertan." utf="undertan.">
      <norm tag="undertân"/>
      <lemma tag="unter-tân"/>
      <lemma_gen tag="unter-tân"/>
      <lemma_idmwb tag="184482000"/>
      <pos tag="ADJD"/>
      <pos_gen tag="VVPP"/>
      <infl tag="Pos....0"/>
      <inflClass tag="--"/>
      <inflClass_gen tag="--"/>
      <punc tag="S*"/>
    </tok_anno>
  </token>
  <token id="t153" trans="uon" type="token">
    <tok_dipl id="t153_d1" trans="uon" utf="uon"/>
    <tok_anno ascii="uon" id="t153_m1" trans="uon" utf="uon">
      <norm tag="von"/>
      <lemma tag="von"/>
      <lemma_gen tag="von"/>
      <lemma_idmwb tag="213186000"/>
      <pos tag="APPR"/>
      <pos_gen tag="AP"/>
      <infl tag="--"/>
      <inflClass tag="--"/>
      <inflClass_gen tag="--"/>
    </tok_anno>
  </token>
  <token id="t154" trans="deme" type="token">
    <tok_dipl id="t154_d1" trans="deme" utf="deme"/>
    <tok_anno ascii="deme" id="t154_m1" trans="deme" utf="deme">
      <norm tag="deme"/>
      <lemma tag="dër"/>
      <lemma_gen tag="dër"/>
      <lemma_idmwb tag="29823000"/>
      <pos tag="DRELS"/>
      <pos_gen tag="DD"/>
      <infl tag="Masc.Dat.Sg"/>
      <inflClass tag="--"/>
      <inflClass_gen tag="--"/>
    </tok_anno>
  </token>
  <token id="t155" trans="ich" type="token">
    <tok_dipl id="t155_d1" trans="ich" utf="ich"/>
    <tok_anno ascii="ich" id="t155_m1" trans="ich" utf="ich">
      <norm tag="ich"/>
      <lemma tag="ich"/>
      <lemma_gen tag="ich"/>
      <lemma_idmwb tag="81210000"/>
      <pos tag="PPER"/>
      <pos_gen tag="PPER"/>
      <infl tag="Nom.Sg.1"/>
      <inflClass tag="--"/>
      <inflClass_gen tag="--"/>
    </tok_anno>
  </token>
  <token id="t156" trans="mine" type="token">
    <tok_dipl id="t156_d1" trans="mine" utf="mine"/>
    <tok_anno ascii="mine" id="t156_m1" trans="mine" utf="mine">
      <norm tag="mîne"/>
      <lemma tag="mîn"/>
      <lemma_gen tag="mîn"/>
      <lemma_idmwb tag="112026000"/>
      <pos tag="DPOSA"/>
      <pos_gen tag="DPOS"/>
      <infl tag="Fem.Akk.Sg.st"/>
      <inflClass tag="--"/>
      <inflClass_gen tag="--"/>
    </tok_anno>
  </token>
  <token id="t157" trans="gedult" type="token">
    <tok_dipl id="t157_d1" trans="gedult" utf="gedult"/>
    <tok_anno ascii="gedult" id="t157_m1" trans="gedult" utf="gedult">
      <norm tag="gedult"/>
      <lemma tag="ge-dult(e)"/>
      <lemma_gen tag="ge-dult(e)"/>
      <lemma_idmwb tag="49209000"/>
      <pos tag="NA"/>
      <pos_gen tag="NA"/>
      <infl tag="Akk.Sg"/>
      <inflClass tag="*.Fem"/>
      <inflClass_gen tag="*.Masc,Fem"/>
    </tok_anno>
  </token>
  <token id="t158" trans="han(.)" type="token">
    <tok_dipl id="t158_d1" trans="han" utf="han"/>
    <tok_anno ascii="han" id="t158_m1" trans="han" utf="han">
      <norm tag="hân"/>
      <lemma tag="haben"/>
      <lemma_gen tag="haben"/>
      <lemma_idmwb tag="66885000"/>
      <pos tag="VAFIN"/>
      <pos_gen tag="VA"/>
      <infl tag="Ind.Pres.Sg.1"/>
      <inflClass tag="wk"/>
      <inflClass_gen tag="wk"/>
      <punc tag="DE"/>
    </tok_anno>
  </token>
  <token id="t159" trans="." type="punc">
    <tok_dipl id="t159_d1" trans="." utf="."/>
    <tok_anno ascii="." id="t159_m1" trans="." utf=".">
      <pos tag="$_"/>
      <pos_gen tag="$_"/>
      <punc tag="$E"/>
    </tok_anno>
  </token>
  <token id="t160" trans="Quia" type="token">
    <tok_dipl id="t160_d1" trans="Quia" utf="Quia"/>
    <tok_anno ascii="Quia" id="t160_m1" trans="Quia" utf="Quia">
      <norm tag="--"/>
      <lemma tag="quia"/>
      <lemma_gen tag="[!]"/>
      <lemma_idmwb tag="--"/>
      <pos tag="FM"/>
      <pos_gen tag="FM"/>
      <infl tag="--"/>
      <inflClass tag="--"/>
      <inflClass_gen tag="--"/>
    </tok_anno>
  </token>
  <token id="t161" trans="ip$e" type="token">
    <tok_dipl id="t161_d1" trans="ip$e" utf="ipſe"/>
    <tok_anno ascii="ipse" id="t161_m1" trans="ip$e" utf="ipſe">
      <norm tag="--"/>
      <lemma tag="ipse"/>
      <lemma_gen tag="[!]"/>
      <lemma_idmwb tag="--"/>
      <pos tag="FM"/>
      <pos_gen tag="FM"/>
      <infl tag="--"/>
      <inflClass tag="--"/>
      <inflClass_gen tag="--"/>
    </tok_anno>
  </token>
  <token id="t162" trans="deu$" type="token">
    <tok_dipl id="t162_d1" trans="deu$" utf="deuſ"/>
    <tok_anno ascii="deus" id="t162_m1" trans="deu$" utf="deuſ">
      <norm tag="--"/>
      <lemma tag="deus"/>
      <lemma_gen tag="[!]"/>
      <lemma_idmwb tag="--"/>
      <pos tag="NA"/>
      <pos_gen tag="FM"/>
      <infl tag="Nom.Sg"/>
      <inflClass tag="Masc"/>
      <inflClass_gen tag="Masc"/>
    </tok_anno>
  </token>
  <token id="t163" trans="meus(.)" type="token">
    <tok_dipl id="t163_d1" trans="meus" utf="meus"/>
    <tok_anno ascii="meus" id="t163_m1" trans="meus" utf="meus">
      <norm tag="--"/>
      <lemma tag="meus"/>
      <lemma_gen tag="[!]"/>
      <lemma_idmwb tag="--"/>
      <pos tag="FM"/>
      <pos_gen tag="FM"/>
      <infl tag="--"/>
      <inflClass tag="--"/>
      <inflClass_gen tag="--"/>
      <punc tag="DE"/>
    </tok_anno>
  </token>
  <token id="t164" trans="." type="punc">
    <tok_dipl id="t164_d1" trans="." utf="."/>
    <tok_anno ascii="." id="t164_m1" trans="." utf=".">
      <pos tag="$_"/>
      <pos_gen tag="$_"/>
      <punc tag="$E"/>
    </tok_anno>
  </token>
  <token id="t165" trans="Wande" type="token">
    <tok_dipl id="t165_d1" trans="Wande" utf="Wande"/>
    <tok_anno ascii="Wande" id="t165_m1" trans="Wande" utf="Wande">
      <norm tag="wande"/>
      <lemma tag="wante"/>
      <lemma_gen tag="wante"/>
      <lemma_idmwb tag="221532000"/>
      <pos tag="KO*"/>
      <pos_gen tag="KO"/>
      <infl tag="--"/>
      <inflClass tag="--"/>
      <inflClass_gen tag="--"/>
    </tok_anno>
  </token>
  <token id="t166" trans="er" type="token">
    <tok_dipl id="t166_d1" trans="er" utf="er"/>
    <tok_anno ascii="er" id="t166_m1" trans="er" utf="er">
      <norm tag="er"/>
      <lemma tag="ër"/>
      <lemma_gen tag="ër"/>
      <lemma_idmwb tag="40380000"/>
      <pos tag="PPER"/>
      <pos_gen tag="PPER"/>
      <infl tag="Masc.Nom.Sg.3"/>
      <inflClass tag="--"/>
      <inflClass_gen tag="--"/>
    </tok_anno>
  </token>
  <token id="t167" trans="i$t" type="token">
    <tok_dipl id="t167_d1" trans="i$t" utf="iſt"/>
    <tok_anno ascii="ist" id="t167_m1" trans="i$t" utf="iſt">
      <norm tag="ist"/>
      <lemma tag="sîn"/>
      <lemma_gen tag="sîn"/>
      <lemma_idmwb tag="150147000"/>
      <pos tag="VAFIN"/>
      <pos_gen tag="VA"/>
      <infl tag="Ind.Pres.Sg.3"/>
      <inflClass tag="irr"/>
      <inflClass_gen tag="irr"/>
    </tok_anno>
  </token>
  <token id="t168" trans="$elbe" type="token">
    <tok_dipl id="t168_d1" trans="$elbe" utf="ſelbe"/>
    <tok_anno ascii="selbe" id="t168_m1" trans="$elbe" utf="ſelbe">
      <norm tag="selbe"/>
      <lemma tag="sëlb"/>
      <lemma_gen tag="sëlb"/>
      <lemma_idmwb tag="147849000"/>
      <pos tag="DDD"/>
      <pos_gen tag="DD"/>
      <infl tag="Masc.Nom.Sg.wk"/>
      <inflClass tag="--"/>
      <inflClass_gen tag="--"/>
    </tok_anno>
  </token>
  <token id="t169" trans="min" type="token">
    <tok_dipl id="t169_d1" trans="min" utf="min"/>
    <tok_anno ascii="min" id="t169_m1" trans="min" utf="min">
      <norm tag="mîn"/>
      <lemma tag="mîn"/>
      <lemma_gen tag="mîn"/>
      <lemma_idmwb tag="112026000"/>
      <pos tag="DPOSA"/>
      <pos_gen tag="DPOS"/>
      <infl tag="*.*.*.0"/>
      <inflClass tag="--"/>
      <inflClass_gen tag="--"/>
    </tok_anno>
  </token>
  <token id="t170" trans="got" type="token">
    <tok_dipl id="t170_d1" trans="got" utf="got"/>
    <tok_anno ascii="got" id="t170_m1" trans="got" utf="got">
      <norm tag="got"/>
      <lemma tag="got"/>
      <lemma_gen tag="got"/>
      <lemma_idmwb tag="63291000"/>
      <pos tag="NA"/>
      <pos_gen tag="NA"/>
      <infl tag="Nom.Sg"/>
      <inflClass tag="st.Masc"/>
      <inflClass_gen tag="st.Masc"/>
    </tok_anno>
  </token>
  <token id="t171" trans="." type="punc">
    <tok_dipl id="t171_d1" trans="." utf="."/>
    <tok_anno ascii="." id="t171_m1" trans="." utf=".">
      <pos tag="$_"/>
      <pos_gen tag="$_"/>
    </tok_anno>
  </token>
  <token id="t172" trans="un\-" type="token">
    <tok_dipl id="t172_d1" trans="un\-" utf="un̄"/>
    <tok_anno ascii="un" id="t172_m1" trans="un\-" utf="un̄">
      <norm tag="unde"/>
      <lemma tag="unte"/>
      <lemma_gen tag="unte"/>
      <lemma_idmwb tag="183108000"/>
      <pos tag="KON"/>
      <pos_gen tag="KO"/>
      <infl tag="--"/>
      <inflClass tag="--"/>
      <inflClass_gen tag="--"/>
    </tok_anno>
  </token>
  <token id="t173" trans="min" type="token">
    <tok_dipl id="t173_d1" trans="min" utf="min"/>
    <tok_anno ascii="min" id="t173_m1" trans="min" utf="min">
      <norm tag="mîn"/>
      <lemma tag="mîn"/>
      <lemma_gen tag="mîn"/>
      <lemma_idmwb tag="112026000"/>
      <pos tag="DPOSA"/>
      <pos_gen tag="DPOS"/>
      <infl tag="*.*.*.0"/>
      <inflClass tag="--"/>
      <inflClass_gen tag="--"/>
    </tok_anno>
  </token>
  <token id="t174" trans="heilant,," type="token">
    <tok_dipl id="t174_d1" trans="heilant" utf="heilant"/>
    <tok_anno ascii="heilant" id="t174_m1" trans="heilant" utf="heilant">
      <norm tag="heilant"/>
      <lemma tag="hèilant"/>
      <lemma_gen tag="hèilant"/>
      <lemma_idmwb tag="70080000"/>
      <pos tag="NA"/>
      <pos_gen tag="NA"/>
      <infl tag="Nom.Sg"/>
      <inflClass tag="st.Masc"/>
      <inflClass_gen tag="st.Masc"/>
      <punc tag="S*"/>
    </tok_anno>
  </token>
  <token id="t175" trans="mit" type="token">
    <tok_dipl id="t175_d1" trans="mit" utf="mit"/>
    <tok_anno ascii="mit" id="t175_m1" trans="mit" utf="mit">
      <norm tag="mit"/>
      <lemma tag="mit"/>
      <lemma_gen tag="mit"/>
      <lemma_idmwb tag="113898000"/>
      <pos tag="APPR"/>
      <pos_gen tag="AP"/>
      <infl tag="--"/>
      <inflClass tag="--"/>
      <inflClass_gen tag="--"/>
    </tok_anno>
  </token>
  <token id="t176" trans="$..." type="token">
    <tok_dipl id="t176_d1" trans="$..." utf="ſ..."/>
    <tok_anno ascii="s..." id="t176_m1" trans="$..." utf="ſ...">
      <norm tag="--"/>
      <lemma tag="[!]"/>
      <lemma_gen tag="[!]"/>
      <lemma_idmwb tag="--"/>
      <pos tag="--"/>
      <pos_gen tag="--"/>
      <infl tag="--"/>
      <inflClass tag="--"/>
      <inflClass_gen tag="--"/>
    </tok_anno>
  </token>
  <token id="t177" trans="..." type="token">
    <tok_dipl id="t177_d1" trans="..." utf="..."/>
    <tok_anno ascii="..." id="t177_m1" trans="..." utf="...">
      <norm tag="--"/>
      <lemma tag="[!]"/>
      <lemma_gen tag="[!]"/>
      <lemma_idmwb tag="--"/>
      <pos tag="--"/>
      <pos_gen tag="--"/>
      <infl tag="--"/>
      <inflClass tag="--"/>
      <inflClass_gen tag="--"/>
    </tok_anno>
  </token>
  <token id="t178" trans="rumen" type="token">
    <tok_dipl id="t178_d1" trans="rumen" utf="rumen"/>
    <tok_anno ascii="rumen" id="t178_m1" trans="rumen" utf="rumen">
      <norm tag="rûmen"/>
      <lemma tag="rûmen"/>
      <lemma_gen tag="rûmen"/>
      <lemma_idmwb tag="137922000"/>
      <pos tag="VVINF"/>
      <pos_gen tag="VV"/>
      <infl tag="--"/>
      <inflClass tag="wk"/>
      <inflClass_gen tag="wk"/>
    </tok_anno>
  </token>
  <token id="t179" trans="das" type="token">
    <tok_dipl id="t179_d1" trans="das" utf="das"/>
    <tok_anno ascii="das" id="t179_m1" trans="das" utf="das">
      <norm tag="daz"/>
      <lemma tag="dër"/>
      <lemma_gen tag="dër"/>
      <lemma_idmwb tag="29817000"/>
      <pos tag="DDART"/>
      <pos_gen tag="DD"/>
      <infl tag="Neut.Akk.Sg"/>
      <inflClass tag="--"/>
      <inflClass_gen tag="--"/>
    </tok_anno>
  </token>
  <token id="t180" trans="lant(.)" type="token">
    <tok_dipl id="t180_d1" trans="lant" utf="lant"/>
    <tok_anno ascii="lant" id="t180_m1" trans="lant" utf="lant">
      <norm tag="lant"/>
      <lemma tag="lant"/>
      <lemma_gen tag="lant"/>
      <lemma_idmwb tag="99087000"/>
      <pos tag="NA"/>
      <pos_gen tag="NA"/>
      <infl tag="Akk.Sg"/>
      <inflClass tag="st.Neut"/>
      <inflClass_gen tag="st.Neut"/>
      <punc tag="DE"/>
    </tok_anno>
  </token>
  <token id="t181" trans="." type="punc">
    <tok_dipl id="t181_d1" trans="." utf="."/>
    <tok_anno ascii="." id="t181_m1" trans="." utf=".">
      <pos tag="$_"/>
      <pos_gen tag="$_"/>
      <punc tag="$E"/>
    </tok_anno>
  </token>
  <token id="t182" trans="In" type="token">
    <tok_dipl id="t182_d1" trans="In" utf="In"/>
    <tok_anno ascii="In" id="t182_m1" trans="In" utf="In">
      <norm tag="in"/>
      <lemma tag="in"/>
      <lemma_gen tag="in"/>
      <lemma_idmwb tag="81741000"/>
      <pos tag="APPR"/>
      <pos_gen tag="AP"/>
      <infl tag="--"/>
      <inflClass tag="--"/>
      <inflClass_gen tag="--"/>
    </tok_anno>
  </token>
  <token id="t183" trans="deo" type="token">
    <tok_dipl id="t183_d1" trans="deo" utf="deo"/>
    <tok_anno ascii="deo" id="t183_m1" trans="deo" utf="deo">
      <norm tag="--"/>
      <lemma tag="deo"/>
      <lemma_gen tag="[!]"/>
      <lemma_idmwb tag="--"/>
      <pos tag="FM"/>
      <pos_gen tag="FM"/>
      <infl tag="--"/>
      <inflClass tag="--"/>
      <inflClass_gen tag="--"/>
    </tok_anno>
  </token>
  <token id="t184" trans="$alutare" type="token">
    <tok_dipl id="t184_d1" trans="$alutare" utf="ſalutare"/>
    <tok_anno ascii="salutare" id="t184_m1" trans="$alutare" utf="ſalutare">
      <norm tag="--"/>
      <lemma tag="salutare"/>
      <lemma_gen tag="[!]"/>
      <lemma_idmwb tag="--"/>
      <pos tag="FM"/>
      <pos_gen tag="FM"/>
      <infl tag="--"/>
      <inflClass tag="--"/>
      <inflClass_gen tag="--"/>
    </tok_anno>
  </token>
  <token id="t185" trans="meum.(.)" type="token">
    <tok_dipl id="t185_d1" trans="meum." utf="meum."/>
    <tok_anno ascii="meum." id="t185_m1" trans="meum." utf="meum.">
      <norm tag="--"/>
      <lemma tag="meum"/>
      <lemma_gen tag="[!]"/>
      <lemma_idmwb tag="--"/>
      <pos tag="FM"/>
      <pos_gen tag="FM"/>
      <infl tag="--"/>
      <inflClass tag="--"/>
      <inflClass_gen tag="--"/>
      <punc tag="DE"/>
    </tok_anno>
  </token>
  <token id="t186" trans="Min" type="token">
    <tok_dipl id="t186_d1" trans="Min" utf="Min"/>
    <tok_anno ascii="Min" id="t186_m1" trans="Min" utf="Min">
      <norm tag="mîn"/>
      <lemma tag="mîn"/>
      <lemma_gen tag="mîn"/>
      <lemma_idmwb tag="112026000"/>
      <pos tag="DPOSA"/>
      <pos_gen tag="DPOS"/>
      <infl tag="*.*.*.0"/>
      <inflClass tag="--"/>
      <inflClass_gen tag="--"/>
    </tok_anno>
  </token>
  <token id="t187" trans="heil" type="token">
    <tok_dipl id="t187_d1" trans="heil" utf="heil"/>
    <tok_anno ascii="heil" id="t187_m1" trans="heil" utf="heil">
      <norm tag="heil"/>
      <lemma tag="hèil"/>
      <lemma_gen tag="hèil"/>
      <lemma_idmwb tag="70071000"/>
      <pos tag="NA"/>
      <pos_gen tag="NA"/>
      <infl tag="Nom.Sg"/>
      <inflClass tag="st.Neut"/>
      <inflClass_gen tag="st.Neut"/>
    </tok_anno>
  </token>
  <token id="t188" trans="und" type="token">
    <tok_dipl id="t188_d1" trans="und" utf="und"/>
    <tok_anno ascii="und" id="t188_m1" trans="und" utf="und">
      <norm tag="und"/>
      <lemma tag="unte"/>
      <lemma_gen tag="unte"/>
      <lemma_idmwb tag="183108000"/>
      <pos tag="KON"/>
      <pos_gen tag="KO"/>
      <infl tag="--"/>
      <inflClass tag="--"/>
      <inflClass_gen tag="--"/>
    </tok_anno>
  </token>
  <token id="t189" trans="min" type="token">
    <tok_dipl id="t189_d1" trans="min" utf="min"/>
    <tok_anno ascii="min" id="t189_m1" trans="min" utf="min">
      <norm tag="mîn"/>
      <lemma tag="mîn"/>
      <lemma_gen tag="mîn"/>
      <lemma_idmwb tag="112026000"/>
      <pos tag="DPOSA"/>
      <pos_gen tag="DPOS"/>
      <infl tag="*.*.*.0"/>
      <inflClass tag="--"/>
      <inflClass_gen tag="--"/>
    </tok_anno>
  </token>
  <token id="t190" trans="ere" type="token">
    <tok_dipl id="t190_d1" trans="ere" utf="ere"/>
    <tok_anno ascii="ere" id="t190_m1" trans="ere" utf="ere">
      <norm tag="êre"/>
      <lemma tag="êre"/>
      <lemma_gen tag="êre"/>
      <lemma_idmwb tag="41379000"/>
      <pos tag="NA"/>
      <pos_gen tag="NA"/>
      <infl tag="Nom.Sg"/>
      <inflClass tag="*.Fem"/>
      <inflClass_gen tag="*.Fem"/>
    </tok_anno>
  </token>
  <token id="t191" trans="." type="punc">
    <tok_dipl id="t191_d1" trans="." utf="."/>
    <tok_anno ascii="." id="t191_m1" trans="." utf=".">
      <pos tag="$_"/>
      <pos_gen tag="$_"/>
    </tok_anno>
  </token>
  <token id="t192" trans="$tat" type="token">
    <tok_dipl id="t192_d1" trans="$tat" utf="ſtat"/>
    <tok_anno ascii="stat" id="t192_m1" trans="$tat" utf="ſtat">
      <norm tag="stât"/>
      <lemma tag="stân"/>
      <lemma_gen tag="stân"/>
      <lemma_idmwb tag="157380000"/>
      <pos tag="VVFIN"/>
      <pos_gen tag="VV"/>
      <infl tag="Ind.Pres.Sg.3"/>
      <inflClass tag="irr"/>
      <inflClass_gen tag="irr"/>
    </tok_anno>
  </token>
  <token id="t193" trans="an" type="token">
    <tok_dipl id="t193_d1" trans="an" utf="an"/>
    <tok_anno ascii="an" id="t193_m1" trans="an" utf="an">
      <norm tag="an"/>
      <lemma tag="ane"/>
      <lemma_gen tag="ane"/>
      <lemma_idmwb tag="5691000"/>
      <pos tag="APPR"/>
      <pos_gen tag="AP"/>
      <infl tag="--"/>
      <inflClass tag="--"/>
      <inflClass_gen tag="--"/>
    </tok_anno>
  </token>
  <token id="t194" trans="gote," type="token">
    <tok_dipl id="t194_d1" trans="gote" utf="gote"/>
    <tok_anno ascii="gote" id="t194_m1" trans="gote" utf="gote">
      <norm tag="gote"/>
      <lemma tag="got"/>
      <lemma_gen tag="got"/>
      <lemma_idmwb tag="63291000"/>
      <pos tag="NA"/>
      <pos_gen tag="NA"/>
      <infl tag="Dat.Sg"/>
      <inflClass tag="st.Masc"/>
      <inflClass_gen tag="st.Masc"/>
      <punc tag="N*"/>
    </tok_anno>
  </token>
  <token id="t195" trans="mineme" type="token">
    <tok_dipl id="t195_d1" trans="mineme" utf="mineme"/>
    <tok_anno ascii="mineme" id="t195_m1" trans="mineme" utf="mineme">
      <norm tag="mîneme"/>
      <lemma tag="mîn"/>
      <lemma_gen tag="mîn"/>
      <lemma_idmwb tag="112026000"/>
      <pos tag="DPOSA"/>
      <pos_gen tag="DPOS"/>
      <infl tag="Masc.Dat.Sg.st"/>
      <inflClass tag="--"/>
      <inflClass_gen tag="--"/>
    </tok_anno>
  </token>
  <token id="t196" trans="$chephere.(.)" type="token">
    <tok_dipl id="t196_d1" trans="$chephere." utf="ſchephere."/>
    <tok_anno ascii="schephere." id="t196_m1" trans="$chephere." utf="ſchephere.">
      <norm tag="schepfære"/>
      <lemma tag="schèpfære"/>
      <lemma_gen tag="schèpfære"/>
      <lemma_idmwb tag="142953000"/>
      <pos tag="NA"/>
      <pos_gen tag="NA"/>
      <infl tag="Dat.Sg"/>
      <inflClass tag="st.Masc"/>
      <inflClass_gen tag="st.Masc"/>
      <punc tag="DE"/>
    </tok_anno>
  </token>
  <token id="t197" trans="Min" type="token">
    <tok_dipl id="t197_d1" trans="Min" utf="Min"/>
    <tok_anno ascii="Min" id="t197_m1" trans="Min" utf="Min">
      <norm tag="mîn"/>
      <lemma tag="mîn"/>
      <lemma_gen tag="mîn"/>
      <lemma_idmwb tag="112026000"/>
      <pos tag="DPOSA"/>
      <pos_gen tag="DPOS"/>
      <infl tag="*.*.*.0"/>
      <inflClass tag="--"/>
      <inflClass_gen tag="--"/>
    </tok_anno>
  </token>
  <token id="t198" trans="gedinge" type="token">
    <tok_dipl id="t198_d1" trans="gedinge" utf="gedinge"/>
    <tok_anno ascii="gedinge" id="t198_m1" trans="gedinge" utf="gedinge">
      <norm tag="gedinge"/>
      <lemma tag="ge-dinge"/>
      <lemma_gen tag="ge-dinge"/>
      <lemma_idmwb tag="49017000"/>
      <pos tag="NA"/>
      <pos_gen tag="NA"/>
      <infl tag="Nom.Sg"/>
      <inflClass tag="st.*."/>
      <inflClass_gen tag="st.*."/>
    </tok_anno>
  </token>
  <token id="t199" trans="$tat" type="token">
    <tok_dipl id="t199_d1" trans="$tat" utf="ſtat"/>
    <tok_anno ascii="stat" id="t199_m1" trans="$tat" utf="ſtat">
      <norm tag="stât"/>
      <lemma tag="stân"/>
      <lemma_gen tag="stân"/>
      <lemma_idmwb tag="157380000"/>
      <pos tag="VVFIN"/>
      <pos_gen tag="VV"/>
      <infl tag="Ind.Pres.Sg.3"/>
      <inflClass tag="irr"/>
      <inflClass_gen tag="irr"/>
    </tok_anno>
  </token>
  <token id="t200" trans="an" type="token">
    <tok_dipl id="t200_d1" trans="an" utf="an"/>
    <tok_anno ascii="an" id="t200_m1" trans="an" utf="an">
      <norm tag="an"/>
      <lemma tag="ane"/>
      <lemma_gen tag="ane"/>
      <lemma_idmwb tag="5691000"/>
      <pos tag="APPR"/>
      <pos_gen tag="AP"/>
      <infl tag="--"/>
      <inflClass tag="--"/>
      <inflClass_gen tag="--"/>
    </tok_anno>
  </token>
  <token id="t201" trans="ime" type="token">
    <tok_dipl id="t201_d1" trans="ime" utf="ime"/>
    <tok_anno ascii="ime" id="t201_m1" trans="ime" utf="ime">
      <norm tag="ime"/>
      <lemma tag="ër"/>
      <lemma_gen tag="ër"/>
      <lemma_idmwb tag="40380000"/>
      <pos tag="PPER"/>
      <pos_gen tag="PPER"/>
      <infl tag="Masc.Dat.Sg.3"/>
      <inflClass tag="--"/>
      <inflClass_gen tag="--"/>
    </tok_anno>
  </token>
  <token id="t202" trans="...(.)" type="token">
    <tok_dipl id="t202_d1" trans="..." utf="..."/>
    <tok_anno ascii="..." id="t202_m1" trans="..." utf="...">
      <norm tag="--"/>
      <lemma tag="[!]"/>
      <lemma_gen tag="[!]"/>
      <lemma_idmwb tag="--"/>
      <pos tag="--"/>
      <pos_gen tag="--"/>
      <infl tag="--"/>
      <inflClass tag="--"/>
      <inflClass_gen tag="--"/>
      <punc tag="DE"/>
    </tok_anno>
  </token>
  <token id="t203" trans="...$$...(.)" type="token">
    <tok_dipl id="t203_d1" trans="...$$..." utf="...ſſ..."/>
    <tok_anno ascii="...ss..." id="t203_m1" trans="...$$..." utf="...ſſ...">
      <norm tag="--"/>
      <lemma tag="[!]"/>
      <lemma_gen tag="[!]"/>
      <lemma_idmwb tag="--"/>
      <pos tag="--"/>
      <pos_gen tag="--"/>
      <infl tag="--"/>
      <inflClass tag="--"/>
      <inflClass_gen tag="--"/>
      <punc tag="DE"/>
    </tok_anno>
  </token>
</text>
