<?xml version='1.0' encoding='UTF-8'?>
<!DOCTYPE text SYSTEM "cora-xml.dtd">
<text id="M233">
  <header>
    <text>Sangspruchstrophe MF 'Namenlos V'</text>
    <abbr_ddd>MF I,V</abbr_ddd>
    <abbr_mwb>-</abbr_mwb>
    <topic>Poesie</topic>
    <text-type>Spruchdichtung</text-type>
    <genre>V</genre>
    <reference>Verse</reference>
    <reference-secondary>Hs.: Seite, Zeile</reference-secondary>
    <library>München, Staatsbibl.</library>
    <library-shelfmark>Cgm 5249/42a</library-shelfmark>
    <online>http://www.handschriftencensus.de/1294</online>
    <medium>Handschrift</medium>
    <extent>1v</extent>
    <extract>-</extract>
    <language>mhd</language>
    <language-type>oberdeutsch</language-type>
    <language-region>ostoberdeutsch</language-region>
    <language-area>bairisch</language-area>
    <place>-</place>
    <time>13,1</time>
    <notes-manuscript>-</notes-manuscript>
    <date>-</date>
    <text-place>-</text-place>
    <text-author>-</text-author>
    <text-language>-</text-language>
    <text-source>-</text-source>
    <edition>Friedrich Keinz, Über einige altdeutsche Denkmäler, in: Sitzungsberichte der Königl. Bayerischen Akademie der Wissenschaften zu München, Jg. 1869, Bd. II, München 1869, S. 290-321, hier S. 319 (mit Abdruck).</edition>
    <corpus>ReM I</corpus>
    <notes-transcription>-</notes-transcription>
    <notes-annotation>-</notes-annotation>
    <digitization_by>Bochum</digitization_by>
    <collation_by>Bochum</collation_by>
    <pre_editing_by>Bochum</pre_editing_by>
    <annotation_by>Bochum</annotation_by>
    <proofreading_by>Bochum</proofreading_by>
  </header>
  <layoutinfo>
    <page id="p1" no="0" range="c1"/>
    <column id="c1" range="l1..l6"/>
    <line id="l1" name="1" range="t1_d1..t4_d1" loc="0a,1"/>
    <line id="l2" name="2" range="t5_d1..t9_d1" loc="0a,2"/>
    <line id="l3" name="3" range="t10_d1..t14_d1" loc="0a,3"/>
    <line id="l4" name="4" range="t15_d1..t19_d1" loc="0a,4"/>
    <line id="l5" name="5" range="t20_d1..t24_d1" loc="0a,5"/>
    <line id="l6" name="6" range="t25_d1..t33_d1" loc="0a,6"/>
  </layoutinfo>
  <shifttags/>
  <token id="t1" trans="vbermo\vt" type="token">
    <tok_dipl id="t1_d1" trans="vbermo\vt" utf="vbermoͮt"/>
    <tok_anno ascii="vbermovt" id="t1_m1" trans="vbermo\vt" utf="vbermoͮt">
      <norm tag="übermuot"/>
      <lemma tag="über-muot"/>
      <lemma_gen tag="über-muot"/>
      <lemma_idmwb tag="176340000"/>
      <pos tag="NA"/>
      <pos_gen tag="NA"/>
      <infl tag="Nom.Sg"/>
      <inflClass tag="st(u).Fem"/>
      <inflClass_gen tag="st(u).Masc,Fem"/>
    </tok_anno>
  </token>
  <token id="t2" trans="div" type="token">
    <tok_dipl id="t2_d1" trans="div" utf="div"/>
    <tok_anno ascii="div" id="t2_m1" trans="div" utf="div">
      <norm tag="diu"/>
      <lemma tag="dër"/>
      <lemma_gen tag="dër"/>
      <lemma_idmwb tag="29823000"/>
      <pos tag="DDS"/>
      <pos_gen tag="DD"/>
      <infl tag="Fem.Nom.Sg"/>
      <inflClass tag="--"/>
      <inflClass_gen tag="--"/>
    </tok_anno>
  </token>
  <token id="t3" trans="alte,," type="token">
    <tok_dipl id="t3_d1" trans="alte" utf="alte"/>
    <tok_anno ascii="alte" id="t3_m1" trans="alte" utf="alte">
      <norm tag="alte"/>
      <lemma tag="alt"/>
      <lemma_gen tag="alt"/>
      <lemma_idmwb tag="4695000"/>
      <pos tag="ADJN"/>
      <pos_gen tag="ADJ"/>
      <infl tag="Pos.Fem.Nom.Sg.wk"/>
      <inflClass tag="--"/>
      <inflClass_gen tag="--"/>
      <punc tag="S*"/>
    </tok_anno>
  </token>
  <token id="t4" trans="%." type="punc">
    <tok_dipl id="t4_d1" trans="%." utf="·"/>
    <tok_anno ascii="." id="t4_m1" trans="%." utf="·">
      <pos tag="$_"/>
      <pos_gen tag="$_"/>
    </tok_anno>
  </token>
  <token id="t5" trans="diu" type="token">
    <tok_dipl id="t5_d1" trans="diu" utf="diu"/>
    <tok_anno ascii="diu" id="t5_m1" trans="diu" utf="diu">
      <norm tag="diu"/>
      <lemma tag="dër"/>
      <lemma_gen tag="dër"/>
      <lemma_idmwb tag="29823000"/>
      <pos tag="DDS"/>
      <pos_gen tag="DD"/>
      <infl tag="Fem.Nom.Sg"/>
      <inflClass tag="--"/>
      <inflClass_gen tag="--"/>
    </tok_anno>
  </token>
  <token id="t6" trans="rîtet" type="token">
    <tok_dipl id="t6_d1" trans="rîtet" utf="rîtet"/>
    <tok_anno ascii="ritet" id="t6_m1" trans="rîtet" utf="rîtet">
      <norm tag="rîtet"/>
      <lemma tag="rîten"/>
      <lemma_gen tag="rîten"/>
      <lemma_idmwb tag="135450000"/>
      <pos tag="VVFIN"/>
      <pos_gen tag="VV"/>
      <infl tag="Ind.Pres.Sg.3"/>
      <inflClass tag="st1a"/>
      <inflClass_gen tag="st1a"/>
    </tok_anno>
  </token>
  <token id="t7" trans="mit" type="token">
    <tok_dipl id="t7_d1" trans="mit" utf="mit"/>
    <tok_anno ascii="mit" id="t7_m1" trans="mit" utf="mit">
      <norm tag="mit"/>
      <lemma tag="mit"/>
      <lemma_gen tag="mit"/>
      <lemma_idmwb tag="113898000"/>
      <pos tag="APPR"/>
      <pos_gen tag="AP"/>
      <infl tag="--"/>
      <inflClass tag="--"/>
      <inflClass_gen tag="--"/>
    </tok_anno>
  </token>
  <token id="t8" trans="gewalte(.)" type="token">
    <tok_dipl id="t8_d1" trans="gewalte" utf="gewalte"/>
    <tok_anno ascii="gewalte" id="t8_m1" trans="gewalte" utf="gewalte">
      <norm tag="gewelte"/>
      <lemma tag="ge-walt"/>
      <lemma_gen tag="ge-walt"/>
      <lemma_idmwb tag="59655000"/>
      <pos tag="NA"/>
      <pos_gen tag="NA"/>
      <infl tag="Dat.Sg"/>
      <inflClass tag="stu.Masc,Fem"/>
      <inflClass_gen tag="stu.Masc,Fem"/>
      <punc tag="DE"/>
    </tok_anno>
  </token>
  <token id="t9" trans="%." type="punc">
    <tok_dipl id="t9_d1" trans="%." utf="·"/>
    <tok_anno ascii="." id="t9_m1" trans="%." utf="·">
      <pos tag="$_"/>
      <pos_gen tag="$_"/>
      <punc tag="$E"/>
    </tok_anno>
  </token>
  <token id="t10" trans="vntrewe" type="token">
    <tok_dipl id="t10_d1" trans="vntrewe" utf="vntrewe"/>
    <tok_anno ascii="vntrewe" id="t10_m1" trans="vntrewe" utf="vntrewe">
      <norm tag="untriuwe"/>
      <lemma tag="un-triuwe"/>
      <lemma_gen tag="un-triuwe"/>
      <lemma_idmwb tag="191211000"/>
      <pos tag="NA"/>
      <pos_gen tag="NA"/>
      <infl tag="Nom.Sg"/>
      <inflClass tag="*.Fem"/>
      <inflClass_gen tag="*.Fem"/>
    </tok_anno>
  </token>
  <token id="t11" trans="leittet" type="token">
    <tok_dipl id="t11_d1" trans="leittet" utf="leittet"/>
    <tok_anno ascii="leittet" id="t11_m1" trans="leittet" utf="leittet">
      <norm tag="leitet"/>
      <lemma tag="lèiten"/>
      <lemma_gen tag="lèiten"/>
      <lemma_idmwb tag="101202000"/>
      <pos tag="VVFIN"/>
      <pos_gen tag="VV"/>
      <infl tag="Ind.Pres.Sg.3"/>
      <inflClass tag="wk"/>
      <inflClass_gen tag="wk"/>
    </tok_anno>
  </token>
  <token id="t12" trans="ir" type="token">
    <tok_dipl id="t12_d1" trans="ir" utf="ir"/>
    <tok_anno ascii="ir" id="t12_m1" trans="ir" utf="ir">
      <norm tag="ir"/>
      <lemma tag="ër"/>
      <lemma_gen tag="ër"/>
      <lemma_idmwb tag="40380000"/>
      <pos tag="PPER"/>
      <pos_gen tag="PPER"/>
      <infl tag="Fem.Dat.Sg.3"/>
      <inflClass tag="--"/>
      <inflClass_gen tag="--"/>
    </tok_anno>
  </token>
  <token id="t13" trans="den" type="token">
    <tok_dipl id="t13_d1" trans="den" utf="den"/>
    <tok_anno ascii="den" id="t13_m1" trans="den" utf="den">
      <norm tag="den"/>
      <lemma tag="dër"/>
      <lemma_gen tag="dër"/>
      <lemma_idmwb tag="29817000"/>
      <pos tag="DDART"/>
      <pos_gen tag="DD"/>
      <infl tag="Masc.Akk.Sg"/>
      <inflClass tag="--"/>
      <inflClass_gen tag="--"/>
    </tok_anno>
  </token>
  <token id="t14" trans="uanen,," type="token">
    <tok_dipl id="t14_d1" trans="uanen" utf="uanen"/>
    <tok_anno ascii="uanen" id="t14_m1" trans="uanen" utf="uanen">
      <norm tag="vanen"/>
      <lemma tag="vane"/>
      <lemma_gen tag="vane"/>
      <lemma_idmwb tag="198186000"/>
      <pos tag="NA"/>
      <pos_gen tag="NA"/>
      <infl tag="Akk.Sg"/>
      <inflClass tag="*.Masc"/>
      <inflClass_gen tag="*.Masc"/>
      <punc tag="S*"/>
    </tok_anno>
  </token>
  <token id="t15" trans="giri$cheit,," type="token">
    <tok_dipl id="t15_d1" trans="giri$cheit" utf="giriſcheit"/>
    <tok_anno ascii="girischeit" id="t15_m1" trans="giri$cheit" utf="giriſcheit">
      <norm tag="girischheit"/>
      <lemma tag="girisch-hèit"/>
      <lemma_gen tag="girisch-hèit"/>
      <lemma_idmwb tag="61761000"/>
      <pos tag="NA"/>
      <pos_gen tag="NA"/>
      <infl tag="Nom.Sg"/>
      <inflClass tag="st.Fem"/>
      <inflClass_gen tag="st.Fem"/>
      <punc tag="S*"/>
    </tok_anno>
  </token>
  <token id="t16" trans="div" type="token">
    <tok_dipl id="t16_d1" trans="div" utf="div"/>
    <tok_anno ascii="div" id="t16_m1" trans="div" utf="div">
      <norm tag="diu"/>
      <lemma tag="dër"/>
      <lemma_gen tag="dër"/>
      <lemma_idmwb tag="29823000"/>
      <pos tag="DDS"/>
      <pos_gen tag="DD"/>
      <infl tag="Fem.Nom.Sg"/>
      <inflClass tag="--"/>
      <inflClass_gen tag="--"/>
    </tok_anno>
  </token>
  <token id="t17" trans="$cehet" type="token">
    <tok_dipl id="t17_d1" trans="$cehet" utf="ſcehet"/>
    <tok_anno ascii="scehet" id="t17_m1" trans="$cehet" utf="ſcehet">
      <norm tag="schihet"/>
      <lemma tag="schëhen"/>
      <lemma_gen tag="schëhen"/>
      <lemma_idmwb tag="142320000"/>
      <pos tag="VVFIN"/>
      <pos_gen tag="VV"/>
      <infl tag="Ind.Pres.Sg.3"/>
      <inflClass tag="st5"/>
      <inflClass_gen tag="st5"/>
    </tok_anno>
  </token>
  <token id="t18" trans="dane" type="token">
    <tok_dipl id="t18_d1" trans="dane" utf="dane"/>
    <tok_anno ascii="dane" id="t18_m1" trans="dane" utf="dane">
      <norm tag="dannen"/>
      <lemma tag="dannen"/>
      <lemma_gen tag="dannen"/>
      <lemma_idmwb tag="28866000"/>
      <pos tag="AVD"/>
      <pos_gen tag="AVD"/>
      <infl tag="--"/>
      <inflClass tag="--"/>
      <inflClass_gen tag="--"/>
    </tok_anno>
  </token>
  <token id="t19" trans="%." type="punc">
    <tok_dipl id="t19_d1" trans="%." utf="·"/>
    <tok_anno ascii="." id="t19_m1" trans="%." utf="·">
      <pos tag="$_"/>
      <pos_gen tag="$_"/>
    </tok_anno>
  </token>
  <token id="t20" trans="ze||$caden" type="token">
    <tok_dipl id="t20_d1" trans="ze$caden" utf="zeſcaden"/>
    <tok_anno ascii="ze" id="t20_m1" trans="ze|" utf="ze">
      <norm tag="ze"/>
      <token_type tag="MS1"/>
      <lemma tag="ze"/>
      <lemma_gen tag="ze"/>
      <lemma_idmwb tag="235656000"/>
      <pos tag="APPR"/>
      <pos_gen tag="AP"/>
      <infl tag="--"/>
      <inflClass tag="--"/>
      <inflClass_gen tag="--"/>
    </tok_anno>
    <tok_anno ascii="scaden" id="t20_m2" trans="|$caden" utf="ſcaden">
      <norm tag="schaden"/>
      <token_type tag="MS2"/>
      <lemma tag="schaden"/>
      <lemma_gen tag="schaden"/>
      <lemma_idmwb tag="140901000"/>
      <pos tag="NA"/>
      <pos_gen tag="VVINF"/>
      <infl tag="Dat.Sg"/>
      <inflClass tag="wk"/>
      <inflClass_gen tag="wk"/>
    </tok_anno>
  </token>
  <token id="t21" trans="den" type="token">
    <tok_dipl id="t21_d1" trans="den" utf="den"/>
    <tok_anno ascii="den" id="t21_m1" trans="den" utf="den">
      <norm tag="den"/>
      <lemma tag="dër"/>
      <lemma_gen tag="dër"/>
      <lemma_idmwb tag="29817000"/>
      <pos tag="DDART"/>
      <pos_gen tag="DD"/>
      <infl tag="*.Dat.Pl"/>
      <inflClass tag="--"/>
      <inflClass_gen tag="--"/>
    </tok_anno>
  </token>
  <token id="t22" trans="armen" type="token">
    <tok_dipl id="t22_d1" trans="armen" utf="armen"/>
    <tok_anno ascii="armen" id="t22_m1" trans="armen" utf="armen">
      <norm tag="armen"/>
      <lemma tag="arm"/>
      <lemma_gen tag="arm"/>
      <lemma_idmwb tag="9039000"/>
      <pos tag="ADJA"/>
      <pos_gen tag="ADJ"/>
      <infl tag="Pos.*.Dat.Pl.*"/>
      <inflClass tag="--"/>
      <inflClass_gen tag="--"/>
    </tok_anno>
  </token>
  <token id="t23" trans="wei$en(.)" type="token">
    <tok_dipl id="t23_d1" trans="wei$en" utf="weiſen"/>
    <tok_anno ascii="weisen" id="t23_m1" trans="wei$en" utf="weiſen">
      <norm tag="weisen"/>
      <lemma tag="wèise"/>
      <lemma_gen tag="wèise"/>
      <lemma_idmwb tag="224331000"/>
      <pos tag="NA"/>
      <pos_gen tag="NA"/>
      <infl tag="Dat.Pl"/>
      <inflClass tag="*.Masc"/>
      <inflClass_gen tag="*.Masc"/>
      <punc tag="DE"/>
    </tok_anno>
  </token>
  <token id="t24" trans="%." type="punc">
    <tok_dipl id="t24_d1" trans="%." utf="·"/>
    <tok_anno ascii="." id="t24_m1" trans="%." utf="·">
      <pos tag="$_"/>
      <pos_gen tag="$_"/>
      <punc tag="$E"/>
    </tok_anno>
  </token>
  <token id="t25" trans="div" type="token">
    <tok_dipl id="t25_d1" trans="div" utf="div"/>
    <tok_anno ascii="div" id="t25_m1" trans="div" utf="div">
      <norm tag="diu"/>
      <lemma tag="dër"/>
      <lemma_gen tag="dër"/>
      <lemma_idmwb tag="29817000"/>
      <pos tag="DDART"/>
      <pos_gen tag="DD"/>
      <infl tag="Neut.Nom.Pl"/>
      <inflClass tag="--"/>
      <inflClass_gen tag="--"/>
    </tok_anno>
  </token>
  <token id="t26" trans="lant,," type="token">
    <tok_dipl id="t26_d1" trans="lant" utf="lant"/>
    <tok_anno ascii="lant" id="t26_m1" trans="lant" utf="lant">
      <norm tag="lant"/>
      <lemma tag="lant"/>
      <lemma_gen tag="lant"/>
      <lemma_idmwb tag="99087000"/>
      <pos tag="NA"/>
      <pos_gen tag="NA"/>
      <infl tag="Nom.Pl"/>
      <inflClass tag="st.Neut"/>
      <inflClass_gen tag="st.Neut"/>
      <punc tag="S*"/>
    </tok_anno>
  </token>
  <token id="t27" trans="div" type="token">
    <tok_dipl id="t27_d1" trans="div" utf="div"/>
    <tok_anno ascii="div" id="t27_m1" trans="div" utf="div">
      <norm tag="diu"/>
      <lemma tag="dër"/>
      <lemma_gen tag="dër"/>
      <lemma_idmwb tag="29823000"/>
      <pos tag="DDS"/>
      <pos_gen tag="DD"/>
      <infl tag="Neut.Nom.Pl"/>
      <inflClass tag="--"/>
      <inflClass_gen tag="--"/>
    </tok_anno>
  </token>
  <token id="t28" trans="$tant" type="token">
    <tok_dipl id="t28_d1" trans="$tant" utf="ſtant"/>
    <tok_anno ascii="stant" id="t28_m1" trans="$tant" utf="ſtant">
      <norm tag="stânt"/>
      <lemma tag="stân"/>
      <lemma_gen tag="stân"/>
      <lemma_idmwb tag="157380000"/>
      <pos tag="VVFIN"/>
      <pos_gen tag="VV"/>
      <infl tag="Ind.Pres.Pl.3"/>
      <inflClass tag="irr"/>
      <inflClass_gen tag="irr"/>
    </tok_anno>
  </token>
  <token id="t29" trans="wol" type="token">
    <tok_dipl id="t29_d1" trans="wol" utf="wol"/>
    <tok_anno ascii="wol" id="t29_m1" trans="wol" utf="wol">
      <norm tag="wole"/>
      <lemma tag="wol(e)"/>
      <lemma_gen tag="wol(e)"/>
      <lemma_idmwb tag="232695000"/>
      <pos tag="AVD"/>
      <pos_gen tag="AVD-KO"/>
      <infl tag="--"/>
      <inflClass tag="--"/>
      <inflClass_gen tag="--"/>
    </tok_anno>
  </token>
  <token id="t30" trans="alliche" type="token">
    <tok_dipl id="t30_d1" trans="alliche" utf="alliche"/>
    <tok_anno ascii="alliche" id="t30_m1" trans="alliche" utf="alliche">
      <norm tag="allîche"/>
      <lemma tag="all-lich"/>
      <lemma_gen tag="all-lich"/>
      <lemma_idmwb tag="4362000"/>
      <pos tag="ADJA"/>
      <pos_gen tag="ADJ"/>
      <infl tag="Pos.Masc.Nom.Sg.wk"/>
      <inflClass tag="--"/>
      <inflClass_gen tag="--"/>
    </tok_anno>
  </token>
  <token id="t31" trans="en" type="token">
    <tok_dipl id="t31_d1" trans="en" utf="en"/>
    <tok_anno ascii="en" id="t31_m1" trans="en" utf="en">
      <norm tag="in"/>
      <lemma tag="in"/>
      <lemma_gen tag="in"/>
      <lemma_idmwb tag="81741000"/>
      <pos tag="APPR"/>
      <pos_gen tag="AP"/>
      <infl tag="--"/>
      <inflClass tag="--"/>
      <inflClass_gen tag="--"/>
    </tok_anno>
  </token>
  <token id="t32" trans="urei$e(.)" type="token">
    <tok_dipl id="t32_d1" trans="urei$e" utf="ureiſe"/>
    <tok_anno ascii="ureise" id="t32_m1" trans="urei$e" utf="ureiſe">
      <norm tag="vreise"/>
      <lemma tag="vrèis(e)"/>
      <lemma_gen tag="vrèis(e)"/>
      <lemma_idmwb tag="215394000"/>
      <pos tag="NA"/>
      <pos_gen tag="NA"/>
      <infl tag="Dat.Sg"/>
      <inflClass tag="*.Masc"/>
      <inflClass_gen tag="*.Masc,Fem"/>
      <punc tag="DE"/>
    </tok_anno>
  </token>
  <token id="t33" trans="." type="punc">
    <tok_dipl id="t33_d1" trans="." utf="."/>
    <tok_anno ascii="." id="t33_m1" trans="." utf=".">
      <pos tag="$_"/>
      <pos_gen tag="$_"/>
      <punc tag="$E"/>
    </tok_anno>
  </token>
</text>
