<?xml version='1.0' encoding='UTF-8'?>
<!DOCTYPE text SYSTEM "cora-xml.dtd">
<text id="M002">
  <header>
    <text>Ad fluxum sanguinis narium</text>
    <abbr_ddd>Ad fluxum sanguinis</abbr_ddd>
    <abbr_mwb>-</abbr_mwb>
    <topic>Religion, Alltag</topic>
    <text-type>Segen</text-type>
    <genre>P</genre>
    <reference>Handschrift</reference>
    <reference-secondary>Edition [Textnummer+Seite+Zeile]</reference-secondary>
    <library>Paris, Bibl. Nationale</library>
    <library-shelfmark>Ms. nouv. acq. lat. 229</library-shelfmark>
    <online>http://www.handschriftencensus.de/11468</online>
    <medium>Handschrift</medium>
    <extent>10r,7-11</extent>
    <extract>-</extract>
    <language>mhd</language>
    <language-type>mitteldeutsch</language-type>
    <language-region>westmitteldeutsch</language-region>
    <language-area>rheinfränkisch</language-area>
    <place>-</place>
    <time>12</time>
    <notes-manuscript>-</notes-manuscript>
    <date>11-12</date>
    <text-place>-</text-place>
    <text-author>-</text-author>
    <text-language>-</text-language>
    <text-source>-</text-source>
    <edition>Elias von Steinmeyer (Hg.), Die kleineren althochdeutschen Sprachdenkmäler, Berlin 1916,  Nr. 69, S. 379</edition>
    <corpus>ReM I</corpus>
    <notes-transcription>-</notes-transcription>
    <notes-annotation>-</notes-annotation>
    <digitization_by>Thomas Klein (Bonn)</digitization_by>
    <collation_by>Lukas Loevenich (Bonn)</collation_by>
    <pre_editing_by>Thomas Klein (Bonn)</pre_editing_by>
    <annotation_by>Thomas Klein (Bonn)</annotation_by>
    <proofreading_by>Thomas Klein, Elke Weber (Bonn)</proofreading_by>
  </header>
  <layoutinfo>
    <page id="p1" no="10" range="c1" side="r"/>
    <column id="c1" range="l1..l5"/>
    <line id="l1" name="7" range="t1_d1..t4_d1" loc="10ra,7"/>
    <line id="l2" name="8" range="t5_d1..t14_d1" loc="10ra,8"/>
    <line id="l3" name="9" range="t15_d1..t27_d1" loc="10ra,9"/>
    <line id="l4" name="10" range="t28_d1..t43_d1" loc="10ra,10"/>
    <line id="l5" name="11" range="t44_d1..t50_d1" loc="10ra,11"/>
  </layoutinfo>
  <shifttags>
    <quote range="t15_m1..t24_m1"/>
  </shifttags>
  <token id="t1" trans="Ad" type="token">
    <tok_dipl id="t1_d1" trans="Ad" utf="Ad"/>
    <tok_anno ascii="Ad" id="t1_m1" trans="Ad" utf="Ad">
      <norm tag="--"/>
      <lemma tag="ad"/>
      <lemma_gen tag="ad"/>
      <lemma_idmwb tag="--"/>
      <pos tag="FM"/>
      <pos_gen tag="FM"/>
      <infl tag="--"/>
      <inflClass tag="--"/>
      <inflClass_gen tag="--"/>
    </tok_anno>
  </token>
  <token id="t2" trans="fluxu\-" type="token">
    <tok_dipl id="t2_d1" trans="fluxu\-" utf="fluxū"/>
    <tok_anno ascii="fluxun" id="t2_m1" trans="fluxu\-" utf="fluxū">
      <norm tag="--"/>
      <lemma tag="fluxum"/>
      <lemma_gen tag="fluxum"/>
      <lemma_idmwb tag="--"/>
      <pos tag="FM"/>
      <pos_gen tag="FM"/>
      <infl tag="--"/>
      <inflClass tag="--"/>
      <inflClass_gen tag="--"/>
    </tok_anno>
  </token>
  <token id="t3" trans="$anguini$" type="token">
    <tok_dipl id="t3_d1" trans="$anguini$" utf="ſanguiniſ"/>
    <tok_anno ascii="sanguinis" id="t3_m1" trans="$anguini$" utf="ſanguiniſ">
      <norm tag="--"/>
      <lemma tag="sanguinis"/>
      <lemma_gen tag="sanguinis"/>
      <lemma_idmwb tag="--"/>
      <pos tag="FM"/>
      <pos_gen tag="FM"/>
      <infl tag="--"/>
      <inflClass tag="--"/>
      <inflClass_gen tag="--"/>
    </tok_anno>
  </token>
  <token id="t4" trans="nariu\-(.)" type="token">
    <tok_dipl id="t4_d1" trans="nariu\-" utf="nariū"/>
    <tok_anno ascii="nariun" id="t4_m1" trans="nariu\-" utf="nariū">
      <norm tag="--"/>
      <lemma tag="narium"/>
      <lemma_gen tag="narium"/>
      <lemma_idmwb tag="--"/>
      <pos tag="FM"/>
      <pos_gen tag="FM"/>
      <infl tag="--"/>
      <inflClass tag="--"/>
      <inflClass_gen tag="--"/>
      <punc tag="DE"/>
    </tok_anno>
  </token>
  <token id="t5" trans="Xpict" type="token">
    <tok_dipl id="t5_d1" trans="Xpict" utf="Xpict"/>
    <tok_anno ascii="Xpict" id="t5_m1" trans="Xpict" utf="Xpict">
      <norm tag="Krist"/>
      <lemma tag="Krist"/>
      <lemma_gen tag="Krist"/>
      <lemma_idmwb tag="95598000"/>
      <pos tag="NE"/>
      <pos_gen tag="NE"/>
      <infl tag="Nom.Sg"/>
      <inflClass tag="--"/>
      <inflClass_gen tag="--"/>
    </tok_anno>
  </token>
  <token id="t6" trans="unde" type="token">
    <tok_dipl id="t6_d1" trans="unde" utf="unde"/>
    <tok_anno ascii="unde" id="t6_m1" trans="unde" utf="unde">
      <norm tag="unde"/>
      <lemma tag="unte"/>
      <lemma_gen tag="unte"/>
      <lemma_idmwb tag="183108000"/>
      <pos tag="KON"/>
      <pos_gen tag="KO"/>
      <infl tag="--"/>
      <inflClass tag="--"/>
      <inflClass_gen tag="--"/>
    </tok_anno>
  </token>
  <token id="t7" trans="iohan" type="token">
    <tok_dipl id="t7_d1" trans="iohan" utf="iohan"/>
    <tok_anno ascii="iohan" id="t7_m1" trans="iohan" utf="iohan">
      <norm tag="Johan"/>
      <lemma tag="Johan"/>
      <lemma_gen tag="Johan"/>
      <lemma_idmwb tag="--"/>
      <pos tag="NE"/>
      <pos_gen tag="NE"/>
      <infl tag="Nom.Sg"/>
      <inflClass tag="--"/>
      <inflClass_gen tag="--"/>
    </tok_anno>
  </token>
  <token id="t8" trans="giengon" type="token">
    <tok_dipl id="t8_d1" trans="giengon" utf="giengon"/>
    <tok_anno ascii="giengon" id="t8_m1" trans="giengon" utf="giengon">
      <norm tag="giengen"/>
      <lemma tag="gân"/>
      <lemma_gen tag="gân"/>
      <lemma_idmwb tag="46788000"/>
      <pos tag="VVFIN"/>
      <pos_gen tag="VV"/>
      <infl tag="Ind.Past.Pl.3"/>
      <inflClass tag="irr"/>
      <inflClass_gen tag="irr"/>
    </tok_anno>
  </token>
  <token id="t9" trans="zuo||der" type="token">
    <tok_dipl id="t9_d1" trans="zuoder" utf="zuoder"/>
    <tok_anno ascii="zuo" id="t9_m1" trans="zuo|" utf="zuo">
      <norm tag="zuo"/>
      <token_type tag="MS1"/>
      <lemma tag="ze"/>
      <lemma_gen tag="ze"/>
      <lemma_idmwb tag="235656000"/>
      <pos tag="APPR"/>
      <pos_gen tag="AP"/>
      <infl tag="c.D"/>
      <inflClass tag="--"/>
      <inflClass_gen tag="--"/>
    </tok_anno>
    <tok_anno ascii="der" id="t9_m2" trans="|der" utf="der">
      <norm tag="der"/>
      <token_type tag="MS2"/>
      <lemma tag="dër"/>
      <lemma_gen tag="dër"/>
      <lemma_idmwb tag="29817000"/>
      <pos tag="DDART"/>
      <pos_gen tag="DD"/>
      <infl tag="Fem.Dat.Sg"/>
      <inflClass tag="--"/>
      <inflClass_gen tag="--"/>
    </tok_anno>
  </token>
  <token id="t10" trans="iordan(.)" type="token">
    <tok_dipl id="t10_d1" trans="iordan" utf="iordan"/>
    <tok_anno ascii="iordan" id="t10_m1" trans="iordan" utf="iordan">
      <norm tag="Jordan"/>
      <lemma tag="Jordan"/>
      <lemma_gen tag="Jordan"/>
      <lemma_idmwb tag="--"/>
      <pos tag="NE"/>
      <pos_gen tag="NE"/>
      <infl tag="Nom.Sg"/>
      <inflClass tag="--"/>
      <inflClass_gen tag="--"/>
      <punc tag="DE"/>
    </tok_anno>
  </token>
  <token id="t11" trans="." type="punc">
    <tok_dipl id="t11_d1" trans="." utf="."/>
    <tok_anno ascii="." id="t11_m1" trans="." utf=".">
      <pos tag="$_"/>
      <pos_gen tag="$_"/>
      <punc tag="$E"/>
    </tok_anno>
  </token>
  <token id="t12" trans="do" type="token">
    <tok_dipl id="t12_d1" trans="do" utf="do"/>
    <tok_anno ascii="do" id="t12_m1" trans="do" utf="do">
      <norm tag="dô"/>
      <lemma tag="dô"/>
      <lemma_gen tag="dô"/>
      <lemma_idmwb tag="31164000"/>
      <pos tag="AVD"/>
      <pos_gen tag="AVD-KO"/>
      <infl tag="--"/>
      <inflClass tag="--"/>
      <inflClass_gen tag="--"/>
    </tok_anno>
  </token>
  <token id="t13" trans="$prach" type="token">
    <tok_dipl id="t13_d1" trans="$prach" utf="ſprach"/>
    <tok_anno ascii="sprach" id="t13_m1" trans="$prach" utf="ſprach">
      <norm tag="sprach"/>
      <lemma tag="sprëchen"/>
      <lemma_gen tag="sprëchen"/>
      <lemma_idmwb tag="156540000"/>
      <pos tag="VVFIN"/>
      <pos_gen tag="VV"/>
      <infl tag="Ind.Past.Sg.3"/>
      <inflClass tag="st4"/>
      <inflClass_gen tag="st4"/>
    </tok_anno>
  </token>
  <token id="t14" trans="xpict(:)" type="token">
    <tok_dipl id="t14_d1" trans="xpict" utf="xpict"/>
    <tok_anno ascii="xpict" id="t14_m1" trans="xpict" utf="xpict">
      <norm tag="Krist"/>
      <lemma tag="Krist"/>
      <lemma_gen tag="Krist"/>
      <lemma_idmwb tag="95598000"/>
      <pos tag="NE"/>
      <pos_gen tag="NE"/>
      <infl tag="Nom.Sg"/>
      <inflClass tag="--"/>
      <inflClass_gen tag="--"/>
      <punc tag="DE"/>
    </tok_anno>
  </token>
  <token id="t15" trans="&quot;$tant,," type="token">
    <tok_dipl id="t15_d1" trans="$tant" utf="ſtant"/>
    <tok_anno ascii="stant" id="t15_m1" trans="$tant" utf="ſtant">
      <norm tag="stant"/>
      <lemma tag="stân"/>
      <lemma_gen tag="stân"/>
      <lemma_idmwb tag="157380000"/>
      <pos tag="VVIMP"/>
      <pos_gen tag="VV"/>
      <infl tag="Sg.2"/>
      <inflClass tag="irr"/>
      <inflClass_gen tag="irr"/>
      <punc tag="S*"/>
    </tok_anno>
  </token>
  <token id="t16" trans="iordan,," type="token">
    <tok_dipl id="t16_d1" trans="iordan" utf="iordan"/>
    <tok_anno ascii="iordan" id="t16_m1" trans="iordan" utf="iordan">
      <norm tag="Jordan"/>
      <lemma tag="Jordan"/>
      <lemma_gen tag="Jordan"/>
      <lemma_idmwb tag="--"/>
      <pos tag="NE"/>
      <pos_gen tag="NE"/>
      <infl tag="Nom.Sg"/>
      <inflClass tag="--"/>
      <inflClass_gen tag="--"/>
      <punc tag="S*"/>
    </tok_anno>
  </token>
  <token id="t17" trans="." type="punc">
    <tok_dipl id="t17_d1" trans="." utf="."/>
    <tok_anno ascii="." id="t17_m1" trans="." utf=".">
      <pos tag="$_"/>
      <pos_gen tag="$_"/>
    </tok_anno>
  </token>
  <token id="t18" trans="biz" type="token">
    <tok_dipl id="t18_d1" trans="biz" utf="biz"/>
    <tok_anno ascii="biz" id="t18_m1" trans="biz" utf="biz">
      <norm tag="biz"/>
      <lemma tag="biz"/>
      <lemma_gen tag="biz"/>
      <lemma_idmwb tag="21594000"/>
      <pos tag="KOUS"/>
      <pos_gen tag="KO"/>
      <infl tag="--"/>
      <inflClass tag="--"/>
      <inflClass_gen tag="--"/>
    </tok_anno>
  </token>
  <token id="t19" trans="ih" type="token">
    <tok_dipl id="t19_d1" trans="ih" utf="ih"/>
    <tok_anno ascii="ih" id="t19_m1" trans="ih" utf="ih">
      <norm tag="ich"/>
      <lemma tag="ich"/>
      <lemma_gen tag="ich"/>
      <lemma_idmwb tag="81210000"/>
      <pos tag="PPER"/>
      <pos_gen tag="PPER"/>
      <infl tag="Nom.Sg.1"/>
      <inflClass tag="--"/>
      <inflClass_gen tag="--"/>
    </tok_anno>
  </token>
  <token id="t20" trans="unde" type="token">
    <tok_dipl id="t20_d1" trans="unde" utf="unde"/>
    <tok_anno ascii="unde" id="t20_m1" trans="unde" utf="unde">
      <norm tag="unde"/>
      <lemma tag="unte"/>
      <lemma_gen tag="unte"/>
      <lemma_idmwb tag="183108000"/>
      <pos tag="KON"/>
      <pos_gen tag="KO"/>
      <infl tag="--"/>
      <inflClass tag="--"/>
      <inflClass_gen tag="--"/>
    </tok_anno>
  </token>
  <token id="t21" trans="iohan" type="token">
    <tok_dipl id="t21_d1" trans="iohan" utf="iohan"/>
    <tok_anno ascii="iohan" id="t21_m1" trans="iohan" utf="iohan">
      <norm tag="Johan"/>
      <lemma tag="Johan"/>
      <lemma_gen tag="Johan"/>
      <lemma_idmwb tag="--"/>
      <pos tag="NE"/>
      <pos_gen tag="NE"/>
      <infl tag="Nom.Sg"/>
      <inflClass tag="--"/>
      <inflClass_gen tag="--"/>
    </tok_anno>
  </token>
  <token id="t22" trans="uber" type="token">
    <tok_dipl id="t22_d1" trans="uber" utf="uber"/>
    <tok_anno ascii="uber" id="t22_m1" trans="uber" utf="uber">
      <norm tag="über"/>
      <lemma tag="über"/>
      <lemma_gen tag="über"/>
      <lemma_idmwb tag="174759000"/>
      <pos tag="APPR"/>
      <pos_gen tag="AP"/>
      <infl tag="c.A"/>
      <inflClass tag="--"/>
      <inflClass_gen tag="--"/>
    </tok_anno>
  </token>
  <token id="t23" trans="dih" type="token">
    <tok_dipl id="t23_d1" trans="dih" utf="dih"/>
    <tok_anno ascii="dih" id="t23_m1" trans="dih" utf="dih">
      <norm tag="dich"/>
      <lemma tag="dû"/>
      <lemma_gen tag="dû"/>
      <lemma_idmwb tag="32607000"/>
      <pos tag="PPER"/>
      <pos_gen tag="PPER"/>
      <infl tag="Akk.Sg.2"/>
      <inflClass tag="--"/>
      <inflClass_gen tag="--"/>
    </tok_anno>
  </token>
  <token id="t24" trans="gegan(!)&quot;" type="token">
    <tok_dipl id="t24_d1" trans="gegan" utf="gegan"/>
    <tok_anno ascii="gegan" id="t24_m1" trans="gegan" utf="gegan">
      <norm tag="gegân"/>
      <lemma tag="ge-gân"/>
      <lemma_gen tag="ge-gân"/>
      <lemma_idmwb tag="49464000"/>
      <pos tag="VVFIN"/>
      <pos_gen tag="VV"/>
      <infl tag="Ind.Pres.Sg.1"/>
      <inflClass tag="irr"/>
      <inflClass_gen tag="irr"/>
      <punc tag="EE"/>
    </tok_anno>
  </token>
  <token id="t25" trans="." type="punc">
    <tok_dipl id="t25_d1" trans="." utf="."/>
    <tok_anno ascii="." id="t25_m1" trans="." utf=".">
      <pos tag="$_"/>
      <pos_gen tag="$_"/>
      <punc tag="$E"/>
    </tok_anno>
  </token>
  <token id="t26" trans="al$o" type="token">
    <tok_dipl id="t26_d1" trans="al$o" utf="alſo"/>
    <tok_anno ascii="also" id="t26_m1" trans="al$o" utf="alſo">
      <norm tag="alsô"/>
      <lemma tag="all-sô"/>
      <lemma_gen tag="all-sô"/>
      <lemma_idmwb tag="4629000"/>
      <pos tag="KO*"/>
      <pos_gen tag="KO"/>
      <infl tag="--"/>
      <inflClass tag="--"/>
      <inflClass_gen tag="--"/>
    </tok_anno>
  </token>
  <token id="t27" trans="iordan" type="token">
    <tok_dipl id="t27_d1" trans="iordan" utf="iordan"/>
    <tok_anno ascii="iordan" id="t27_m1" trans="iordan" utf="iordan">
      <norm tag="Jordan"/>
      <lemma tag="Jordan"/>
      <lemma_gen tag="Jordan"/>
      <lemma_idmwb tag="--"/>
      <pos tag="NE"/>
      <pos_gen tag="NE"/>
      <infl tag="Nom.Sg"/>
      <inflClass tag="--"/>
      <inflClass_gen tag="--"/>
    </tok_anno>
  </token>
  <token id="t28" trans="do" type="token">
    <tok_dipl id="t28_d1" trans="do" utf="do"/>
    <tok_anno ascii="do" id="t28_m1" trans="do" utf="do">
      <norm tag="dô"/>
      <lemma tag="dô"/>
      <lemma_gen tag="dô"/>
      <lemma_idmwb tag="31164000"/>
      <pos tag="AVD"/>
      <pos_gen tag="AVD-KO"/>
      <infl tag="--"/>
      <inflClass tag="--"/>
      <inflClass_gen tag="--"/>
    </tok_anno>
  </token>
  <token id="t29" trans="$tuont,," type="token">
    <tok_dipl id="t29_d1" trans="$tuont" utf="ſtuont"/>
    <tok_anno ascii="stuont" id="t29_m1" trans="$tuont" utf="ſtuont">
      <norm tag="stuont"/>
      <lemma tag="stân"/>
      <lemma_gen tag="stân"/>
      <lemma_idmwb tag="157380000"/>
      <pos tag="VVFIN"/>
      <pos_gen tag="VV"/>
      <infl tag="Ind.Past.Sg.3"/>
      <inflClass tag="irr"/>
      <inflClass_gen tag="irr"/>
      <punc tag="S*"/>
    </tok_anno>
  </token>
  <token id="t30" trans="." type="punc">
    <tok_dipl id="t30_d1" trans="." utf="."/>
    <tok_anno ascii="." id="t30_m1" trans="." utf=".">
      <pos tag="$_"/>
      <pos_gen tag="$_"/>
    </tok_anno>
  </token>
  <token id="t31" trans="$o" type="token">
    <tok_dipl id="t31_d1" trans="$o" utf="ſo"/>
    <tok_anno ascii="so" id="t31_m1" trans="$o" utf="ſo">
      <norm tag="sô"/>
      <lemma tag="sô"/>
      <lemma_gen tag="sô"/>
      <lemma_idmwb tag="154164000"/>
      <pos tag="AVD"/>
      <pos_gen tag="AVD-KO"/>
      <infl tag="--"/>
      <inflClass tag="--"/>
      <inflClass_gen tag="--"/>
    </tok_anno>
  </token>
  <token id="t32" trans="$tant" type="token">
    <tok_dipl id="t32_d1" trans="$tant" utf="ſtant"/>
    <tok_anno ascii="stant" id="t32_m1" trans="$tant" utf="ſtant">
      <norm tag="stant"/>
      <lemma tag="stân"/>
      <lemma_gen tag="stân"/>
      <lemma_idmwb tag="157380000"/>
      <pos tag="VVIMP"/>
      <pos_gen tag="VV"/>
      <infl tag="Sg.2"/>
      <inflClass tag="irr"/>
      <inflClass_gen tag="irr"/>
    </tok_anno>
  </token>
  <token id="t33" trans="du,," type="token">
    <tok_dipl id="t33_d1" trans="du" utf="du"/>
    <tok_anno ascii="du" id="t33_m1" trans="du" utf="du">
      <norm tag="dû"/>
      <lemma tag="dû"/>
      <lemma_gen tag="dû"/>
      <lemma_idmwb tag="32607000"/>
      <pos tag="PPER"/>
      <pos_gen tag="PPER"/>
      <infl tag="Nom.Sg.2"/>
      <inflClass tag="--"/>
      <inflClass_gen tag="--"/>
      <punc tag="S*"/>
    </tok_anno>
  </token>
  <token id="t34" trans=".N." type="token">
    <tok_dipl id="t34_d1" trans=".N." utf=".N."/>
    <tok_anno ascii=".N." id="t34_m1" trans=".N." utf=".N.">
      <norm tag="--"/>
      <lemma tag="[!]"/>
      <lemma_gen tag="[!]"/>
      <lemma_idmwb tag="--"/>
      <pos tag="--"/>
      <pos_gen tag="--"/>
      <infl tag="[.?.]"/>
      <inflClass tag="--"/>
      <inflClass_gen tag="--"/>
    </tok_anno>
  </token>
  <token id="t35" trans="illiv_s" type="token">
    <tok_dipl id="t35_d1" trans="illiv_s" utf="illiv‍s"/>
    <tok_anno ascii="illivs" id="t35_m1" trans="illiv_s" utf="illiv‍s">
      <norm tag="--"/>
      <lemma tag="ille"/>
      <lemma_gen tag="ille"/>
      <lemma_idmwb tag="--"/>
      <pos tag="DIA"/>
      <pos_gen tag="FM"/>
      <infl tag="Masc.Gen.Sg"/>
      <inflClass tag="--"/>
      <inflClass_gen tag="--"/>
    </tok_anno>
  </token>
  <token id="t36" trans="bluot(!)" type="token">
    <tok_dipl id="t36_d1" trans="bluot" utf="bluot"/>
    <tok_anno ascii="bluot" id="t36_m1" trans="bluot" utf="bluot">
      <norm tag="bluot"/>
      <lemma tag="bluot"/>
      <lemma_gen tag="bluot"/>
      <lemma_idmwb tag="22908000"/>
      <pos tag="NA"/>
      <pos_gen tag="NA"/>
      <infl tag="Nom.Sg"/>
      <inflClass tag="st.Neut"/>
      <inflClass_gen tag="st.Neut"/>
      <punc tag="IE"/>
    </tok_anno>
  </token>
  <token id="t37" trans="." type="punc">
    <tok_dipl id="t37_d1" trans="." utf="."/>
    <tok_anno ascii="." id="t37_m1" trans="." utf=".">
      <pos tag="$_"/>
      <pos_gen tag="$_"/>
      <punc tag="$E"/>
    </tok_anno>
  </token>
  <token id="t38" trans="hoc" type="token">
    <tok_dipl id="t38_d1" trans="hoc" utf="hoc"/>
    <tok_anno ascii="hoc" id="t38_m1" trans="hoc" utf="hoc">
      <norm tag="--"/>
      <lemma tag="hoc"/>
      <lemma_gen tag="hoc"/>
      <lemma_idmwb tag="--"/>
      <pos tag="FM"/>
      <pos_gen tag="FM"/>
      <infl tag="--"/>
      <inflClass tag="--"/>
      <inflClass_gen tag="--"/>
    </tok_anno>
  </token>
  <token id="t39" trans="dicat%2" type="token">
    <tok_dipl id="t39_d1" trans="dicat%2" utf="dicat᷑"/>
    <tok_anno ascii="dicatur" id="t39_m1" trans="dicat%2" utf="dicat᷑">
      <norm tag="--"/>
      <lemma tag="dicatur"/>
      <lemma_gen tag="dicatur"/>
      <lemma_idmwb tag="--"/>
      <pos tag="FM"/>
      <pos_gen tag="FM"/>
      <infl tag="--"/>
      <inflClass tag="--"/>
      <inflClass_gen tag="--"/>
    </tok_anno>
  </token>
  <token id="t40" trans="ter" type="token">
    <tok_dipl id="t40_d1" trans="ter" utf="ter"/>
    <tok_anno ascii="ter" id="t40_m1" trans="ter" utf="ter">
      <norm tag="--"/>
      <lemma tag="ter"/>
      <lemma_gen tag="ter"/>
      <lemma_idmwb tag="--"/>
      <pos tag="FM"/>
      <pos_gen tag="FM"/>
      <infl tag="--"/>
      <inflClass tag="--"/>
      <inflClass_gen tag="--"/>
    </tok_anno>
  </token>
  <token id="t41" trans="." type="punc">
    <tok_dipl id="t41_d1" trans="." utf="."/>
    <tok_anno ascii="." id="t41_m1" trans="." utf=".">
      <pos tag="$_"/>
      <pos_gen tag="$_"/>
    </tok_anno>
  </token>
  <token id="t42" trans="7" type="token">
    <tok_dipl id="t42_d1" trans="7" utf=""/>
    <tok_anno ascii="et" id="t42_m1" trans="7" utf="">
      <norm tag="--"/>
      <lemma tag="et"/>
      <lemma_gen tag="et"/>
      <lemma_idmwb tag="--"/>
      <pos tag="FM"/>
      <pos_gen tag="FM"/>
      <infl tag="--"/>
      <inflClass tag="--"/>
      <inflClass_gen tag="--"/>
    </tok_anno>
  </token>
  <token id="t43" trans="$inguli$" type="token">
    <tok_dipl id="t43_d1" trans="$inguli$" utf="ſinguliſ"/>
    <tok_anno ascii="singulis" id="t43_m1" trans="$inguli$" utf="ſinguliſ">
      <norm tag="--"/>
      <lemma tag="singulis"/>
      <lemma_gen tag="singulis"/>
      <lemma_idmwb tag="--"/>
      <pos tag="FM"/>
      <pos_gen tag="FM"/>
      <infl tag="--"/>
      <inflClass tag="--"/>
      <inflClass_gen tag="--"/>
    </tok_anno>
  </token>
  <token id="t44" trans="uicib%9" type="token">
    <tok_dipl id="t44_d1" trans="uicib%9" utf="uicibꝰ"/>
    <tok_anno ascii="uicibus" id="t44_m1" trans="uicib%9" utf="uicibꝰ">
      <norm tag="--"/>
      <lemma tag="vicibus"/>
      <lemma_gen tag="vicibus"/>
      <lemma_idmwb tag="--"/>
      <pos tag="FM"/>
      <pos_gen tag="FM"/>
      <infl tag="--"/>
      <inflClass tag="--"/>
      <inflClass_gen tag="--"/>
    </tok_anno>
  </token>
  <token id="t45" trans="fiat" type="token">
    <tok_dipl id="t45_d1" trans="fiat" utf="fiat"/>
    <tok_anno ascii="fiat" id="t45_m1" trans="fiat" utf="fiat">
      <norm tag="--"/>
      <lemma tag="fiat"/>
      <lemma_gen tag="fiat"/>
      <lemma_idmwb tag="--"/>
      <pos tag="FM"/>
      <pos_gen tag="FM"/>
      <infl tag="--"/>
      <inflClass tag="--"/>
      <inflClass_gen tag="--"/>
    </tok_anno>
  </token>
  <token id="t46" trans="nodv_s" type="token">
    <tok_dipl id="t46_d1" trans="nodv_s" utf="nodv‍s"/>
    <tok_anno ascii="nodvs" id="t46_m1" trans="nodv_s" utf="nodv‍s">
      <norm tag="--"/>
      <lemma tag="nodus"/>
      <lemma_gen tag="nodus"/>
      <lemma_idmwb tag="--"/>
      <pos tag="FM"/>
      <pos_gen tag="FM"/>
      <infl tag="--"/>
      <inflClass tag="--"/>
      <inflClass_gen tag="--"/>
    </tok_anno>
  </token>
  <token id="t47" trans="in" type="token">
    <tok_dipl id="t47_d1" trans="in" utf="in"/>
    <tok_anno ascii="in" id="t47_m1" trans="in" utf="in">
      <norm tag="--"/>
      <lemma tag="in"/>
      <lemma_gen tag="in"/>
      <lemma_idmwb tag="--"/>
      <pos tag="FM"/>
      <pos_gen tag="FM"/>
      <infl tag="--"/>
      <inflClass tag="--"/>
      <inflClass_gen tag="--"/>
    </tok_anno>
  </token>
  <token id="t48" trans="crine" type="token">
    <tok_dipl id="t48_d1" trans="crine" utf="crine"/>
    <tok_anno ascii="crine" id="t48_m1" trans="crine" utf="crine">
      <norm tag="--"/>
      <lemma tag="crine"/>
      <lemma_gen tag="crine"/>
      <lemma_idmwb tag="--"/>
      <pos tag="FM"/>
      <pos_gen tag="FM"/>
      <infl tag="--"/>
      <inflClass tag="--"/>
      <inflClass_gen tag="--"/>
    </tok_anno>
  </token>
  <token id="t49" trans="ho\-i$(.)" type="token">
    <tok_dipl id="t49_d1" trans="ho\-i$" utf="hōiſ"/>
    <tok_anno ascii="honis" id="t49_m1" trans="ho\-i$" utf="hōiſ">
      <norm tag="--"/>
      <lemma tag="hominis"/>
      <lemma_gen tag="hominis"/>
      <lemma_idmwb tag="--"/>
      <pos tag="FM"/>
      <pos_gen tag="FM"/>
      <infl tag="--"/>
      <inflClass tag="--"/>
      <inflClass_gen tag="--"/>
      <punc tag="DE"/>
    </tok_anno>
  </token>
  <token id="t50" trans="." type="punc">
    <tok_dipl id="t50_d1" trans="." utf="."/>
    <tok_anno ascii="." id="t50_m1" trans="." utf=".">
      <pos tag="$_"/>
      <pos_gen tag="$_"/>
      <punc tag="$E"/>
    </tok_anno>
  </token>
</text>
