<?xml version='1.0' encoding='UTF-8'?>
<!DOCTYPE text SYSTEM "cora-xml.dtd">
<text id="M026">
  <header>
    <text>Ave Maria</text>
    <abbr_ddd>AveMaria2</abbr_ddd>
    <abbr_mwb>-</abbr_mwb>
    <topic>Religion</topic>
    <text-type>Gebet</text-type>
    <genre>V</genre>
    <reference>neu</reference>
    <reference-secondary>Handschrift</reference-secondary>
    <library>Graz, Universitätsbibl.</library>
    <library-shelfmark>Ms. 737</library-shelfmark>
    <online>http://www.handschriftencensus.de/8220</online>
    <medium>Handschrift</medium>
    <extent>121v; Nachtrag</extent>
    <extract>-</extract>
    <language>mhd</language>
    <language-type>oberdeutsch</language-type>
    <language-region>ostoberdeutsch</language-region>
    <language-area>bairisch</language-area>
    <place>-</place>
    <time>13,1</time>
    <notes-manuscript>-</notes-manuscript>
    <date>41609</date>
    <text-place>-</text-place>
    <text-author>-</text-author>
    <text-language>-</text-language>
    <text-source>-</text-source>
    <edition>Schönbach, ZfdA 18 (1875), 160;  www.uni-graz.at/ub/sosa/katalog/katalogisate/737.html</edition>
    <corpus>ReM I</corpus>
    <notes-transcription>-</notes-transcription>
    <notes-annotation>-</notes-annotation>
    <digitization_by>Thomas Klein (Bonn)</digitization_by>
    <collation_by>Thomas Klein (Bonn)</collation_by>
    <pre_editing_by>Thomas Klein (Bonn)</pre_editing_by>
    <annotation_by>Thomas Klein (Bonn)</annotation_by>
    <proofreading_by>Thomas Klein (Bonn)</proofreading_by>
  </header>
  <layoutinfo>
    <page id="p1" no="0" range="c1"/>
    <column id="c1" range="l1..l4"/>
    <line id="l1" name="1" range="t1_d1..t9_d1" loc="0a,1"/>
    <line id="l2" name="2" range="t10_d1..t16_d1" loc="0a,2"/>
    <line id="l3" name="3" range="t17_d1..t22_d1" loc="0a,3"/>
    <line id="l4" name="4" range="t23_d1..t29_d1" loc="0a,4"/>
  </layoutinfo>
  <shifttags/>
  <token id="t1" trans="Dv" type="token">
    <tok_dipl id="t1_d1" trans="Dv" utf="Dv"/>
    <tok_anno ascii="Dv" id="t1_m1" trans="Dv" utf="Dv">
      <norm tag="dû"/>
      <lemma tag="dû"/>
      <lemma_gen tag="dû"/>
      <lemma_idmwb tag="32607000"/>
      <pos tag="PPER"/>
      <pos_gen tag="PPER"/>
      <infl tag="Nom.Sg.2"/>
      <inflClass tag="--"/>
      <inflClass_gen tag="--"/>
    </tok_anno>
  </token>
  <token id="t2" trans="bi$t" type="token">
    <tok_dipl id="t2_d1" trans="bi$t" utf="biſt"/>
    <tok_anno ascii="bist" id="t2_m1" trans="bi$t" utf="biſt">
      <norm tag="bist"/>
      <lemma tag="sîn"/>
      <lemma_gen tag="sîn"/>
      <lemma_idmwb tag="150147000"/>
      <pos tag="VAFIN"/>
      <pos_gen tag="VA"/>
      <infl tag="Ind.Pres.Sg.2"/>
      <inflClass tag="irr"/>
      <inflClass_gen tag="irr"/>
    </tok_anno>
  </token>
  <token id="t3" trans="an" type="token">
    <tok_dipl id="t3_d1" trans="an" utf="an"/>
    <tok_anno ascii="an" id="t3_m1" trans="an" utf="an">
      <norm tag="an"/>
      <lemma tag="âne"/>
      <lemma_gen tag="âne"/>
      <lemma_idmwb tag="5700000"/>
      <pos tag="APPR"/>
      <pos_gen tag="AP"/>
      <infl tag="--"/>
      <inflClass tag="--"/>
      <inflClass_gen tag="--"/>
    </tok_anno>
  </token>
  <token id="t4" trans="we,," type="token">
    <tok_dipl id="t4_d1" trans="we" utf="we"/>
    <tok_anno ascii="we" id="t4_m1" trans="we" utf="we">
      <norm tag="wê"/>
      <lemma tag="wê"/>
      <lemma_gen tag="wê"/>
      <lemma_idmwb tag="223275000"/>
      <pos tag="NA"/>
      <pos_gen tag="NA"/>
      <infl tag="Akk.Sg"/>
      <inflClass tag="st.Neut"/>
      <inflClass_gen tag="st.Neut"/>
      <punc tag="S*"/>
    </tok_anno>
  </token>
  <token id="t5" trans="MaRía(:)" type="token">
    <tok_dipl id="t5_d1" trans="MaRía" utf="MaRía"/>
    <tok_anno ascii="MaRia" id="t5_m1" trans="MaRía" utf="MaRía">
      <norm tag="--"/>
      <lemma tag="Maria"/>
      <lemma_gen tag="Maria"/>
      <lemma_idmwb tag="--"/>
      <pos tag="NE"/>
      <pos_gen tag="FM"/>
      <infl tag="Nom.Sg"/>
      <inflClass tag="--"/>
      <inflClass_gen tag="--"/>
      <punc tag="DE"/>
    </tok_anno>
  </token>
  <token id="t6" trans="de$" type="token">
    <tok_dipl id="t6_d1" trans="de$" utf="deſ"/>
    <tok_anno ascii="des" id="t6_m1" trans="de$" utf="deſ">
      <norm tag="des"/>
      <lemma tag="dër"/>
      <lemma_gen tag="dër"/>
      <lemma_idmwb tag="29823000"/>
      <pos tag="DDS"/>
      <pos_gen tag="DD"/>
      <infl tag="Neut.Gen.Sg"/>
      <inflClass tag="--"/>
      <inflClass_gen tag="--"/>
    </tok_anno>
  </token>
  <token id="t7" trans="hilf" type="token">
    <tok_dipl id="t7_d1" trans="hilf" utf="hilf"/>
    <tok_anno ascii="hilf" id="t7_m1" trans="hilf" utf="hilf">
      <norm tag="hilf"/>
      <lemma tag="hëlfen"/>
      <lemma_gen tag="hëlfen"/>
      <lemma_idmwb tag="70920000"/>
      <pos tag="VVIMP"/>
      <pos_gen tag="VV"/>
      <infl tag="Sg.2"/>
      <inflClass tag="st3b"/>
      <inflClass_gen tag="st3b"/>
    </tok_anno>
  </token>
  <token id="t8" trans="ovch" type="token">
    <tok_dipl id="t8_d1" trans="ovch" utf="ovch"/>
    <tok_anno ascii="ovch" id="t8_m1" trans="ovch" utf="ovch">
      <norm tag="ouch"/>
      <lemma tag="ouch"/>
      <lemma_gen tag="ouch"/>
      <lemma_idmwb tag="125211000"/>
      <pos tag="KO*"/>
      <pos_gen tag="KO"/>
      <infl tag="--"/>
      <inflClass tag="--"/>
      <inflClass_gen tag="--"/>
    </tok_anno>
  </token>
  <token id="t9" trans="mír,," type="token">
    <tok_dipl id="t9_d1" trans="mír" utf="mír"/>
    <tok_anno ascii="mir" id="t9_m1" trans="mír" utf="mír">
      <norm tag="mir"/>
      <lemma tag="ich"/>
      <lemma_gen tag="ich"/>
      <lemma_idmwb tag="81210000"/>
      <pos tag="PPER"/>
      <pos_gen tag="PPER"/>
      <infl tag="Dat.Sg.1"/>
      <inflClass tag="--"/>
      <inflClass_gen tag="--"/>
      <punc tag="S*"/>
    </tok_anno>
  </token>
  <token id="t10" trans="genaden" type="token">
    <tok_dipl id="t10_d1" trans="genaden" utf="genaden"/>
    <tok_anno ascii="genaden" id="t10_m1" trans="genaden" utf="genaden">
      <norm tag="genâden"/>
      <lemma tag="ge-nâde"/>
      <lemma_gen tag="ge-nâde"/>
      <lemma_idmwb tag="53412000"/>
      <pos tag="NA"/>
      <pos_gen tag="NA"/>
      <infl tag="Gen.Pl"/>
      <inflClass tag="*.Fem"/>
      <inflClass_gen tag="*.Fem"/>
    </tok_anno>
  </token>
  <token id="t11" trans="volliv(!)" type="token">
    <tok_dipl id="t11_d1" trans="volliv" utf="volliv"/>
    <tok_anno ascii="volliv" id="t11_m1" trans="volliv" utf="volliv">
      <norm tag="volliu"/>
      <lemma tag="voll"/>
      <lemma_gen tag="voll"/>
      <lemma_idmwb tag="212331000"/>
      <pos tag="ADJA"/>
      <pos_gen tag="ADJ"/>
      <infl tag="Pos.Fem.Nom.Sg.st"/>
      <inflClass tag="--"/>
      <inflClass_gen tag="--"/>
      <punc tag="IE"/>
    </tok_anno>
  </token>
  <token id="t12" trans="got" type="token">
    <tok_dipl id="t12_d1" trans="got" utf="got"/>
    <tok_anno ascii="got" id="t12_m1" trans="got" utf="got">
      <norm tag="got"/>
      <lemma tag="got"/>
      <lemma_gen tag="got"/>
      <lemma_idmwb tag="63291000"/>
      <pos tag="NA"/>
      <pos_gen tag="NA"/>
      <infl tag="Nom.Sg"/>
      <inflClass tag="st.Masc"/>
      <inflClass_gen tag="st.Masc"/>
    </tok_anno>
  </token>
  <token id="t13" trans="i$t" type="token">
    <tok_dipl id="t13_d1" trans="i$t" utf="iſt"/>
    <tok_anno ascii="ist" id="t13_m1" trans="i$t" utf="iſt">
      <norm tag="ist"/>
      <lemma tag="sîn"/>
      <lemma_gen tag="sîn"/>
      <lemma_idmwb tag="150147000"/>
      <pos tag="VAFIN"/>
      <pos_gen tag="VA"/>
      <infl tag="Ind.Pres.Sg.3"/>
      <inflClass tag="irr"/>
      <inflClass_gen tag="irr"/>
    </tok_anno>
  </token>
  <token id="t14" trans="mít" type="token">
    <tok_dipl id="t14_d1" trans="mít" utf="mít"/>
    <tok_anno ascii="mit" id="t14_m1" trans="mít" utf="mít">
      <norm tag="mit"/>
      <lemma tag="mit"/>
      <lemma_gen tag="mit"/>
      <lemma_idmwb tag="113898000"/>
      <pos tag="APPR"/>
      <pos_gen tag="AP"/>
      <infl tag="--"/>
      <inflClass tag="--"/>
      <inflClass_gen tag="--"/>
    </tok_anno>
  </token>
  <token id="t15" trans="dir(.)" type="token">
    <tok_dipl id="t15_d1" trans="dir" utf="dir"/>
    <tok_anno ascii="dir" id="t15_m1" trans="dir" utf="dir">
      <norm tag="dir"/>
      <lemma tag="dû"/>
      <lemma_gen tag="dû"/>
      <lemma_idmwb tag="32607000"/>
      <pos tag="PPER"/>
      <pos_gen tag="PPER"/>
      <infl tag="Dat.Sg.2"/>
      <inflClass tag="--"/>
      <inflClass_gen tag="--"/>
      <punc tag="DE"/>
    </tok_anno>
  </token>
  <token id="t16" trans="." type="punc">
    <tok_dipl id="t16_d1" trans="." utf="."/>
    <tok_anno ascii="." id="t16_m1" trans="." utf=".">
      <pos tag="$_"/>
      <pos_gen tag="$_"/>
      <punc tag="$E"/>
    </tok_anno>
  </token>
  <token id="t17" trans="vor" type="token">
    <tok_dipl id="t17_d1" trans="vor" utf="vor"/>
    <tok_anno ascii="vor" id="t17_m1" trans="vor" utf="vor">
      <norm tag="vore"/>
      <lemma tag="vor(e)"/>
      <lemma_gen tag="vor(e)"/>
      <lemma_idmwb tag="213246000"/>
      <pos tag="APPR"/>
      <pos_gen tag="AP"/>
      <infl tag="--"/>
      <inflClass tag="--"/>
      <inflClass_gen tag="--"/>
    </tok_anno>
  </token>
  <token id="t18" trans="allen" type="token">
    <tok_dipl id="t18_d1" trans="allen" utf="allen"/>
    <tok_anno ascii="allen" id="t18_m1" trans="allen" utf="allen">
      <norm tag="allen"/>
      <lemma tag="all"/>
      <lemma_gen tag="all"/>
      <lemma_idmwb tag="3531000"/>
      <pos tag="DIA"/>
      <pos_gen tag="DI"/>
      <infl tag="*.Dat.Pl.st"/>
      <inflClass tag="--"/>
      <inflClass_gen tag="--"/>
    </tok_anno>
  </token>
  <token id="t19" trans="wiben" type="token">
    <tok_dipl id="t19_d1" trans="wiben" utf="wiben"/>
    <tok_anno ascii="wiben" id="t19_m1" trans="wiben" utf="wiben">
      <norm tag="wîben"/>
      <lemma tag="wîb"/>
      <lemma_gen tag="wîb"/>
      <lemma_idmwb tag="231363000"/>
      <pos tag="NA"/>
      <pos_gen tag="NA"/>
      <infl tag="Dat.Pl"/>
      <inflClass tag="st.Neut"/>
      <inflClass_gen tag="st.Neut"/>
    </tok_anno>
  </token>
  <token id="t20" trans="dv" type="token">
    <tok_dipl id="t20_d1" trans="dv" utf="dv"/>
    <tok_anno ascii="dv" id="t20_m1" trans="dv" utf="dv">
      <norm tag="dû"/>
      <lemma tag="dû"/>
      <lemma_gen tag="dû"/>
      <lemma_idmwb tag="32607000"/>
      <pos tag="PPER"/>
      <pos_gen tag="PPER"/>
      <infl tag="Nom.Sg.2"/>
      <inflClass tag="--"/>
      <inflClass_gen tag="--"/>
    </tok_anno>
  </token>
  <token id="t21" trans="$egent" type="token">
    <tok_dipl id="t21_d1" trans="$egent" utf="ſegent"/>
    <tok_anno ascii="segent" id="t21_m1" trans="$egent" utf="ſegent">
      <norm tag="gesegenet"/>
      <lemma tag="sëgenen"/>
      <lemma_gen tag="sëgenen"/>
      <lemma_idmwb tag="147102000"/>
      <pos tag="VVPP"/>
      <pos_gen tag="VV"/>
      <infl tag="--"/>
      <inflClass tag="wk"/>
      <inflClass_gen tag="wk"/>
    </tok_anno>
  </token>
  <comment type="K">/^[!]</comment>
  <token id="t22" trans="bí$t,," type="token">
    <tok_dipl id="t22_d1" trans="bí$t" utf="bíſt"/>
    <tok_anno ascii="bist" id="t22_m1" trans="bí$t" utf="bíſt">
      <norm tag="bist"/>
      <lemma tag="sîn"/>
      <lemma_gen tag="sîn"/>
      <lemma_idmwb tag="150147000"/>
      <pos tag="VAFIN"/>
      <pos_gen tag="VA"/>
      <infl tag="Ind.Pres.Sg.2"/>
      <inflClass tag="irr"/>
      <inflClass_gen tag="irr"/>
      <punc tag="S*"/>
    </tok_anno>
  </token>
  <token id="t23" trans="dine$" type="token">
    <tok_dipl id="t23_d1" trans="dine$" utf="dineſ"/>
    <tok_anno ascii="dines" id="t23_m1" trans="dine$" utf="dineſ">
      <norm tag="dînes"/>
      <lemma tag="dîn"/>
      <lemma_gen tag="dîn"/>
      <lemma_idmwb tag="30567000"/>
      <pos tag="DPOSA"/>
      <pos_gen tag="DPOS"/>
      <infl tag="Neut.Gen.Sg.st"/>
      <inflClass tag="--"/>
      <inflClass_gen tag="--"/>
    </tok_anno>
  </token>
  <token id="t24" trans="bv\oche$" type="token">
    <tok_dipl id="t24_d1" trans="bv\oche$" utf="bvͦcheſ"/>
    <tok_anno ascii="bvoches" id="t24_m1" trans="bv\oche$" utf="bvͦcheſ">
      <norm tag="bûches"/>
      <lemma tag="bûch"/>
      <lemma_gen tag="bûch"/>
      <lemma_idmwb tag="26667000"/>
      <pos tag="NA"/>
      <pos_gen tag="NA"/>
      <infl tag="Gen.Sg"/>
      <inflClass tag="stu.Masc"/>
      <inflClass_gen tag="stu.Masc"/>
    </tok_anno>
  </token>
  <token id="t25" trans="frvht" type="token">
    <tok_dipl id="t25_d1" trans="frvht" utf="frvht"/>
    <tok_anno ascii="frvht" id="t25_m1" trans="frvht" utf="frvht">
      <norm tag="vruht"/>
      <lemma tag="vruht"/>
      <lemma_gen tag="vruht"/>
      <lemma_idmwb tag="217305000"/>
      <pos tag="NA"/>
      <pos_gen tag="NA"/>
      <infl tag="Nom.Sg"/>
      <inflClass tag="stu.Fem"/>
      <inflClass_gen tag="stu.Fem"/>
    </tok_anno>
  </token>
  <token id="t26" trans="ovch" type="token">
    <tok_dipl id="t26_d1" trans="ovch" utf="ovch"/>
    <tok_anno ascii="ovch" id="t26_m1" trans="ovch" utf="ovch">
      <norm tag="ouch"/>
      <lemma tag="ouch"/>
      <lemma_gen tag="ouch"/>
      <lemma_idmwb tag="125211000"/>
      <pos tag="AVD"/>
      <pos_gen tag="AVD-KO"/>
      <infl tag="--"/>
      <inflClass tag="--"/>
      <inflClass_gen tag="--"/>
    </tok_anno>
  </token>
  <token id="t27" trans="ge$egent" type="token">
    <tok_dipl id="t27_d1" trans="ge$egent" utf="geſegent"/>
    <tok_anno ascii="gesegent" id="t27_m1" trans="ge$egent" utf="geſegent">
      <norm tag="gesegenet"/>
      <lemma tag="sëgenen"/>
      <lemma_gen tag="sëgenen"/>
      <lemma_idmwb tag="147102000"/>
      <pos tag="VVPP"/>
      <pos_gen tag="VV"/>
      <infl tag="--"/>
      <inflClass tag="wk"/>
      <inflClass_gen tag="wk"/>
    </tok_anno>
  </token>
  <token id="t28" trans="i$t(.)" type="token">
    <tok_dipl id="t28_d1" trans="i$t" utf="iſt"/>
    <tok_anno ascii="ist" id="t28_m1" trans="i$t" utf="iſt">
      <norm tag="ist"/>
      <lemma tag="sîn"/>
      <lemma_gen tag="sîn"/>
      <lemma_idmwb tag="150147000"/>
      <pos tag="VAFIN"/>
      <pos_gen tag="VA"/>
      <infl tag="Ind.Pres.Sg.3"/>
      <inflClass tag="irr"/>
      <inflClass_gen tag="irr"/>
      <punc tag="DE"/>
    </tok_anno>
  </token>
  <token id="t29" trans="." type="punc">
    <tok_dipl id="t29_d1" trans="." utf="."/>
    <tok_anno ascii="." id="t29_m1" trans="." utf=".">
      <pos tag="$_"/>
      <pos_gen tag="$_"/>
      <punc tag="$E"/>
    </tok_anno>
  </token>
</text>
