<?xml version='1.0' encoding='UTF-8'?>
<!DOCTYPE text SYSTEM "cora-xml.dtd">
<text id="M031">
  <header>
    <text>Blutsegen (Millstätter)</text>
    <abbr_ddd>MilBlutsegen</abbr_ddd>
    <abbr_mwb>BlutsMillst</abbr_mwb>
    <topic>Religion, Alltag</topic>
    <text-type>Segen</text-type>
    <genre>P</genre>
    <reference>Hs.: Seite, Zeile</reference>
    <reference-secondary>-</reference-secondary>
    <library>Universitätsbibliothek Uppsala</library>
    <library-shelfmark>Cod. C 664, hinteres Spiegelblatt</library-shelfmark>
    <online>http://www.handschriftencensus.de/18631</online>
    <medium>Handschrift</medium>
    <extent>hinteres Spiegelblatt</extent>
    <extract>-</extract>
    <language>mhd</language>
    <language-type>oberdeutsch</language-type>
    <language-region>ostoberdeutsch, westoberdeutsch</language-region>
    <language-area>bairisch-alemannisch</language-area>
    <place>-</place>
    <time>13,1</time>
    <notes-manuscript>_</notes-manuscript>
    <date>-</date>
    <text-place>-</text-place>
    <text-author>-</text-author>
    <text-language>-</text-language>
    <text-source>-</text-source>
    <edition>Karl Müllenhoff und Wilhelm Scherer (Hg.), Denkmäler deutscher Poesie und Prosa aus dem VIII.-XII. Jahrhundert, Bd. 1: Texte, Bd. 2: Anmerkungen, 3. Auflage Berlin 1892 (Nachdruck Berlin/Zürich 1964), Bd. 2, S. 273f. (mit Abdruck).</edition>
    <corpus>ReM I</corpus>
    <notes-transcription>-</notes-transcription>
    <notes-annotation>-</notes-annotation>
    <digitization_by>Bochum</digitization_by>
    <collation_by>Bochum</collation_by>
    <pre_editing_by>Bochum</pre_editing_by>
    <annotation_by>Bochum</annotation_by>
    <proofreading_by>Bochum</proofreading_by>
  </header>
  <layoutinfo>
    <page id="p1" no="1" range="c1"/>
    <column id="c1" range="l1..l10"/>
    <line id="l1" name="1" range="t1_d1..t16_d2" loc="1a,1"/>
    <line id="l2" name="2" range="t17_d1..t27_d1" loc="1a,2"/>
    <line id="l3" name="3" range="t28_d1..t39_d1" loc="1a,3"/>
    <line id="l4" name="4" range="t40_d1..t51_d1" loc="1a,4"/>
    <line id="l5" name="5" range="t52_d1..t62_d1" loc="1a,5"/>
    <line id="l6" name="6" range="t63_d1..t73_d1" loc="1a,6"/>
    <line id="l7" name="7" range="t74_d1..t81_d1" loc="1a,7"/>
    <line id="l8" name="8" range="t82_d1..t89_d1" loc="1a,8"/>
    <line id="l9" name="9" range="t90_d1..t100_d1" loc="1a,9"/>
    <line id="l10" name="10" range="t101_d1..t108_d1" loc="1a,10"/>
  </layoutinfo>
  <shifttags>
    <paren range="t19_m1..t20_m1"/>
    <paren range="t24_m1..t25_m1"/>
    <paren range="t89_m1..t89_m2"/>
  </shifttags>
  <token id="t1" trans="°Inomine" type="token">
    <tok_dipl id="t1_d1" trans="°Inomine" utf="°Inomine"/>
    <tok_anno ascii="°Inomine" id="t1_m1" trans="°Inomine" utf="°Inomine">
      <norm tag="--"/>
      <lemma tag="[!]"/>
      <lemma_gen tag="[!]"/>
      <lemma_idmwb tag="--"/>
      <pos tag="FM"/>
      <pos_gen tag="FM"/>
      <infl tag="--"/>
      <inflClass tag="--"/>
      <inflClass_gen tag="--"/>
    </tok_anno>
  </token>
  <comment type="K">/L[+]</comment>
  <token id="t2" trans="°patri$" type="token">
    <tok_dipl id="t2_d1" trans="°patri$" utf="°patriſ"/>
    <tok_anno ascii="°patris" id="t2_m1" trans="°patri$" utf="°patriſ">
      <norm tag="--"/>
      <lemma tag="[!]"/>
      <lemma_gen tag="[!]"/>
      <lemma_idmwb tag="--"/>
      <pos tag="FM"/>
      <pos_gen tag="FM"/>
      <infl tag="--"/>
      <inflClass tag="--"/>
      <inflClass_gen tag="--"/>
    </tok_anno>
  </token>
  <token id="t3" trans="°et" type="token">
    <tok_dipl id="t3_d1" trans="°et" utf="°et"/>
    <tok_anno ascii="°et" id="t3_m1" trans="°et" utf="°et">
      <norm tag="--"/>
      <lemma tag="[!]"/>
      <lemma_gen tag="[!]"/>
      <lemma_idmwb tag="--"/>
      <pos tag="FM"/>
      <pos_gen tag="FM"/>
      <infl tag="--"/>
      <inflClass tag="--"/>
      <inflClass_gen tag="--"/>
    </tok_anno>
  </token>
  <token id="t4" trans="°filii" type="token">
    <tok_dipl id="t4_d1" trans="°filii" utf="°filii"/>
    <tok_anno ascii="°filii" id="t4_m1" trans="°filii" utf="°filii">
      <norm tag="--"/>
      <lemma tag="[!]"/>
      <lemma_gen tag="[!]"/>
      <lemma_idmwb tag="--"/>
      <pos tag="FM"/>
      <pos_gen tag="FM"/>
      <infl tag="--"/>
      <inflClass tag="--"/>
      <inflClass_gen tag="--"/>
    </tok_anno>
  </token>
  <token id="t5" trans="°et" type="token">
    <tok_dipl id="t5_d1" trans="°et" utf="°et"/>
    <tok_anno ascii="°et" id="t5_m1" trans="°et" utf="°et">
      <norm tag="--"/>
      <lemma tag="[!]"/>
      <lemma_gen tag="[!]"/>
      <lemma_idmwb tag="--"/>
      <pos tag="FM"/>
      <pos_gen tag="FM"/>
      <infl tag="--"/>
      <inflClass tag="--"/>
      <inflClass_gen tag="--"/>
    </tok_anno>
  </token>
  <token id="t6" trans="°$pirit%9" type="token">
    <tok_dipl id="t6_d1" trans="°$pirit%9" utf="°ſpiritꝰ"/>
    <tok_anno ascii="°spiritus" id="t6_m1" trans="°$pirit%9" utf="°ſpiritꝰ">
      <norm tag="--"/>
      <lemma tag="[!]"/>
      <lemma_gen tag="[!]"/>
      <lemma_idmwb tag="--"/>
      <pos tag="FM"/>
      <pos_gen tag="FM"/>
      <infl tag="--"/>
      <inflClass tag="--"/>
      <inflClass_gen tag="--"/>
    </tok_anno>
  </token>
  <token id="t7" trans="%." type="punc">
    <tok_dipl id="t7_d1" trans="%." utf="·"/>
    <tok_anno ascii="." id="t7_m1" trans="%." utf="·">
      <pos tag="$_"/>
      <pos_gen tag="$_"/>
    </tok_anno>
  </token>
  <token id="t8" trans="°Sc\-i(:)" type="token">
    <tok_dipl id="t8_d1" trans="°Sc\-i" utf="°Sc̄i"/>
    <tok_anno ascii="°Sceni" id="t8_m1" trans="°Sc\-i" utf="°Sc̄i">
      <norm tag="--"/>
      <lemma tag="[!]"/>
      <lemma_gen tag="[!]"/>
      <lemma_idmwb tag="--"/>
      <pos tag="FM"/>
      <pos_gen tag="FM"/>
      <infl tag="--"/>
      <inflClass tag="--"/>
      <inflClass_gen tag="--"/>
      <punc tag="DE"/>
    </tok_anno>
  </token>
  <comment type="K">/L[@]</comment>
  <token id="t9" trans="%." type="punc">
    <tok_dipl id="t9_d1" trans="%." utf="·"/>
    <tok_anno ascii="." id="t9_m1" trans="%." utf="·">
      <pos tag="$_"/>
      <pos_gen tag="$_"/>
      <punc tag="$E"/>
    </tok_anno>
  </token>
  <token id="t10" trans="So" type="token">
    <tok_dipl id="t10_d1" trans="So" utf="So"/>
    <tok_anno ascii="So" id="t10_m1" trans="So" utf="So">
      <norm tag="sô"/>
      <lemma tag="sô"/>
      <lemma_gen tag="sô"/>
      <lemma_idmwb tag="154164000"/>
      <pos tag="AVD"/>
      <pos_gen tag="AVD-KO"/>
      <infl tag="--"/>
      <inflClass tag="--"/>
      <inflClass_gen tag="--"/>
    </tok_anno>
  </token>
  <token id="t11" trans="wil" type="token">
    <tok_dipl id="t11_d1" trans="wil" utf="wil"/>
    <tok_anno ascii="wil" id="t11_m1" trans="wil" utf="wil">
      <norm tag="wile"/>
      <lemma tag="wèllen"/>
      <lemma_gen tag="wèllen"/>
      <lemma_idmwb tag="224625000"/>
      <pos tag="VMFIN"/>
      <pos_gen tag="VM"/>
      <infl tag="Ind.Pres.Sg.1"/>
      <inflClass tag="irr"/>
      <inflClass_gen tag="irr"/>
    </tok_anno>
  </token>
  <token id="t12" trans="ich" type="token">
    <tok_dipl id="t12_d1" trans="ich" utf="ich"/>
    <tok_anno ascii="ich" id="t12_m1" trans="ich" utf="ich">
      <norm tag="ich"/>
      <lemma tag="ich"/>
      <lemma_gen tag="ich"/>
      <lemma_idmwb tag="81210000"/>
      <pos tag="PPER"/>
      <pos_gen tag="PPER"/>
      <infl tag="Nom.Sg.1"/>
      <inflClass tag="--"/>
      <inflClass_gen tag="--"/>
    </tok_anno>
  </token>
  <token id="t13" trans="dir" type="token">
    <tok_dipl id="t13_d1" trans="dir" utf="dir"/>
    <tok_anno ascii="dir" id="t13_m1" trans="dir" utf="dir">
      <norm tag="dir"/>
      <lemma tag="dû"/>
      <lemma_gen tag="dû"/>
      <lemma_idmwb tag="32607000"/>
      <pos tag="PPER"/>
      <pos_gen tag="PPER"/>
      <infl tag="Dat.Sg.2"/>
      <inflClass tag="--"/>
      <inflClass_gen tag="--"/>
    </tok_anno>
  </token>
  <token id="t14" trans="daz" type="token">
    <tok_dipl id="t14_d1" trans="daz" utf="daz"/>
    <tok_anno ascii="daz" id="t14_m1" trans="daz" utf="daz">
      <norm tag="daz"/>
      <lemma tag="dër"/>
      <lemma_gen tag="dër"/>
      <lemma_idmwb tag="29817000"/>
      <pos tag="DDART"/>
      <pos_gen tag="DD"/>
      <infl tag="Neut.Akk.Sg"/>
      <inflClass tag="--"/>
      <inflClass_gen tag="--"/>
    </tok_anno>
  </token>
  <token id="t15" trans="blo\vt" type="token">
    <tok_dipl id="t15_d1" trans="blo\vt" utf="bloͮt"/>
    <tok_anno ascii="blovt" id="t15_m1" trans="blo\vt" utf="bloͮt">
      <norm tag="bluot"/>
      <lemma tag="bluot"/>
      <lemma_gen tag="bluot"/>
      <lemma_idmwb tag="22908000"/>
      <pos tag="NA"/>
      <pos_gen tag="NA"/>
      <infl tag="Akk.Sg"/>
      <inflClass tag="st.Neut"/>
      <inflClass_gen tag="st.Neut"/>
    </tok_anno>
  </token>
  <token id="t16" trans="ver#$pre(=)chen(.)" type="token">
    <tok_dipl id="t16_d1" trans="ver" utf="ver"/>
    <tok_dipl id="t16_d2" trans="$prechen" utf="ſprechen"/>
    <tok_anno ascii="versprechen" id="t16_m1" trans="ver#$pre(=)chen" utf="verſprechen">
      <norm tag="versprechen"/>
      <token_type tag="US UL"/>
      <lemma tag="ver-sprëchen"/>
      <lemma_gen tag="ver-sprëchen"/>
      <lemma_idmwb tag="205590000"/>
      <pos tag="VVINF"/>
      <pos_gen tag="VV"/>
      <infl tag="--"/>
      <inflClass tag="st4"/>
      <inflClass_gen tag="st4"/>
      <punc tag="DE"/>
    </tok_anno>
  </token>
  <token id="t17" trans="ich" type="token">
    <tok_dipl id="t17_d1" trans="ich" utf="ich"/>
    <tok_anno ascii="ich" id="t17_m1" trans="ich" utf="ich">
      <norm tag="ich"/>
      <lemma tag="ich"/>
      <lemma_gen tag="ich"/>
      <lemma_idmwb tag="81210000"/>
      <pos tag="PPER"/>
      <pos_gen tag="PPER"/>
      <infl tag="Nom.Sg.1"/>
      <inflClass tag="--"/>
      <inflClass_gen tag="--"/>
    </tok_anno>
  </token>
  <token id="t18" trans="uer#$priche" type="token">
    <tok_dipl id="t18_d1" trans="uer" utf="uer"/>
    <tok_dipl id="t18_d2" trans="$priche" utf="ſpriche"/>
    <tok_anno ascii="uerspriche" id="t18_m1" trans="uer#$priche" utf="uerſpriche">
      <norm tag="verspriche"/>
      <token_type tag="US"/>
      <lemma tag="ver-sprëchen"/>
      <lemma_gen tag="ver-sprëchen"/>
      <lemma_idmwb tag="205590000"/>
      <pos tag="VVFIN"/>
      <pos_gen tag="VV"/>
      <infl tag="Ind.Pres.Sg.1"/>
      <inflClass tag="st4"/>
      <inflClass_gen tag="st4"/>
    </tok_anno>
  </token>
  <token id="t19" trans="dich,,(" type="token">
    <tok_dipl id="t19_d1" trans="dich" utf="dich"/>
    <tok_anno ascii="dich" id="t19_m1" trans="dich" utf="dich">
      <norm tag="dich"/>
      <lemma tag="dû"/>
      <lemma_gen tag="dû"/>
      <lemma_idmwb tag="32607000"/>
      <pos tag="PPER"/>
      <pos_gen tag="PPER"/>
      <infl tag="Akk.Sg.2"/>
      <inflClass tag="--"/>
      <inflClass_gen tag="--"/>
    </tok_anno>
  </token>
  <token id="t20" trans="blo\vt,,)" type="token">
    <tok_dipl id="t20_d1" trans="blo\vt" utf="bloͮt"/>
    <tok_anno ascii="blovt" id="t20_m1" trans="blo\vt" utf="bloͮt">
      <norm tag="bluot"/>
      <lemma tag="bluot"/>
      <lemma_gen tag="bluot"/>
      <lemma_idmwb tag="22908000"/>
      <pos tag="NA"/>
      <pos_gen tag="NA"/>
      <infl tag="Nom.Sg"/>
      <inflClass tag="st.Neut"/>
      <inflClass_gen tag="st.Neut"/>
    </tok_anno>
  </token>
  <token id="t21" trans="." type="punc">
    <tok_dipl id="t21_d1" trans="." utf="."/>
    <tok_anno ascii="." id="t21_m1" trans="." utf=".">
      <pos tag="$_"/>
      <pos_gen tag="$_"/>
    </tok_anno>
  </token>
  <token id="t22" trans="ich" type="token">
    <tok_dipl id="t22_d1" trans="ich" utf="ich"/>
    <tok_anno ascii="ich" id="t22_m1" trans="ich" utf="ich">
      <norm tag="ich"/>
      <lemma tag="ich"/>
      <lemma_gen tag="ich"/>
      <lemma_idmwb tag="81210000"/>
      <pos tag="PPER"/>
      <pos_gen tag="PPER"/>
      <infl tag="Nom.Sg.1"/>
      <inflClass tag="--"/>
      <inflClass_gen tag="--"/>
    </tok_anno>
  </token>
  <token id="t23" trans="uer#biute" type="token">
    <tok_dipl id="t23_d1" trans="uer" utf="uer"/>
    <tok_dipl id="t23_d2" trans="biute" utf="biute"/>
    <tok_anno ascii="uerbiute" id="t23_m1" trans="uer#biute" utf="uerbiute">
      <norm tag="verbiute"/>
      <token_type tag="US"/>
      <lemma tag="ver-bièten"/>
      <lemma_gen tag="ver-bièten"/>
      <lemma_idmwb tag="200316000"/>
      <pos tag="VVFIN"/>
      <pos_gen tag="VV"/>
      <infl tag="Ind.Pres.Sg.1"/>
      <inflClass tag="st2b"/>
      <inflClass_gen tag="st2b"/>
    </tok_anno>
  </token>
  <token id="t24" trans="dich,,(" type="token">
    <tok_dipl id="t24_d1" trans="dich" utf="dich"/>
    <tok_anno ascii="dich" id="t24_m1" trans="dich" utf="dich">
      <norm tag="dich"/>
      <lemma tag="dû"/>
      <lemma_gen tag="dû"/>
      <lemma_idmwb tag="32607000"/>
      <pos tag="PPER"/>
      <pos_gen tag="PPER"/>
      <infl tag="Akk.Sg.2"/>
      <inflClass tag="--"/>
      <inflClass_gen tag="--"/>
    </tok_anno>
  </token>
  <token id="t25" trans="blo\vt,,)(:)" type="token">
    <tok_dipl id="t25_d1" trans="blo\vt" utf="bloͮt"/>
    <tok_anno ascii="blovt" id="t25_m1" trans="blo\vt" utf="bloͮt">
      <norm tag="bluot"/>
      <lemma tag="bluot"/>
      <lemma_gen tag="bluot"/>
      <lemma_idmwb tag="22908000"/>
      <pos tag="NA"/>
      <pos_gen tag="NA"/>
      <infl tag="Nom.Sg"/>
      <inflClass tag="st.Neut"/>
      <inflClass_gen tag="st.Neut"/>
      <punc tag="DE"/>
    </tok_anno>
  </token>
  <token id="t26" trans="$tant" type="token">
    <tok_dipl id="t26_d1" trans="$tant" utf="ſtant"/>
    <tok_anno ascii="stant" id="t26_m1" trans="$tant" utf="ſtant">
      <norm tag="stant"/>
      <lemma tag="stân"/>
      <lemma_gen tag="stân"/>
      <lemma_idmwb tag="157380000"/>
      <pos tag="VVIMP"/>
      <pos_gen tag="VV"/>
      <infl tag="Sg.2"/>
      <inflClass tag="irr"/>
      <inflClass_gen tag="irr"/>
    </tok_anno>
  </token>
  <token id="t27" trans="blo\vt," type="token">
    <tok_dipl id="t27_d1" trans="blo\vt" utf="bloͮt"/>
    <tok_anno ascii="blovt" id="t27_m1" trans="blo\vt" utf="bloͮt">
      <norm tag="bluot"/>
      <lemma tag="bluot"/>
      <lemma_gen tag="bluot"/>
      <lemma_idmwb tag="22908000"/>
      <pos tag="NA"/>
      <pos_gen tag="NA"/>
      <infl tag="Nom.Sg"/>
      <inflClass tag="st.Neut"/>
      <inflClass_gen tag="st.Neut"/>
      <punc tag="N*"/>
    </tok_anno>
  </token>
  <token id="t28" trans="$tode" type="token">
    <tok_dipl id="t28_d1" trans="$tode" utf="ſtode"/>
    <tok_anno ascii="stode" id="t28_m1" trans="$tode" utf="ſtode">
      <norm tag="stâ"/>
      <lemma tag="stân"/>
      <lemma_gen tag="stân"/>
      <lemma_idmwb tag="157380000"/>
      <pos tag="VVIMP"/>
      <pos_gen tag="VV"/>
      <infl tag="Sg.2"/>
      <inflClass tag="irr"/>
      <inflClass_gen tag="irr"/>
    </tok_anno>
  </token>
  <token id="t29" trans="blo\vt," type="token">
    <tok_dipl id="t29_d1" trans="blo\vt" utf="bloͮt"/>
    <tok_anno ascii="blovt" id="t29_m1" trans="blo\vt" utf="bloͮt">
      <norm tag="bluot"/>
      <lemma tag="bluot"/>
      <lemma_gen tag="bluot"/>
      <lemma_idmwb tag="22908000"/>
      <pos tag="NA"/>
      <pos_gen tag="NA"/>
      <infl tag="Nom.Sg"/>
      <inflClass tag="st.Neut"/>
      <inflClass_gen tag="st.Neut"/>
      <punc tag="N*"/>
    </tok_anno>
  </token>
  <token id="t30" trans="$tant*2" type="token">
    <tok_dipl id="t30_d1" trans="$tant" utf="ſtant"/>
    <tok_anno ascii="stant" id="t30_m1" trans="$tant*2" utf="ſtant">
      <norm tag="stant"/>
      <lemma tag="stân/inne&lt;.+"/>
      <lemma_gen tag="stân"/>
      <lemma_idmwb tag="157380000"/>
      <pos tag="VVIMP"/>
      <pos_gen tag="VV"/>
      <infl tag="Sg.2"/>
      <inflClass tag="irr"/>
      <inflClass_gen tag="irr"/>
      <link target="t32_m1" type="vptk"/>
    </tok_anno>
  </token>
  <token id="t31" trans="blo\vt" type="token">
    <tok_dipl id="t31_d1" trans="blo\vt" utf="bloͮt"/>
    <tok_anno ascii="blovt" id="t31_m1" trans="blo\vt" utf="bloͮt">
      <norm tag="bluot"/>
      <lemma tag="bluot"/>
      <lemma_gen tag="bluot"/>
      <lemma_idmwb tag="22908000"/>
      <pos tag="NA"/>
      <pos_gen tag="NA"/>
      <infl tag="Nom.Sg"/>
      <inflClass tag="st.Neut"/>
      <inflClass_gen tag="st.Neut"/>
    </tok_anno>
  </token>
  <comment type="K">/K[blo\vt: zwischen l und o\v ein unlesbarer Buchstabe, evtl Korrektur, d.h. gestrichenes e?]</comment>
  <token id="t32" trans="inne*1" type="token">
    <tok_dipl id="t32_d1" trans="inne" utf="inne"/>
    <tok_anno ascii="inne" id="t32_m1" trans="inne*1" utf="inne">
      <norm tag="inne"/>
      <lemma tag="inne/&lt;.+stân"/>
      <lemma_gen tag="inne"/>
      <lemma_idmwb tag="82800000"/>
      <pos tag="PTKVZ"/>
      <pos_gen tag="PTK"/>
      <infl tag="--"/>
      <inflClass tag="--"/>
      <inflClass_gen tag="--"/>
      <link target="t30_m1" type="vptk"/>
    </tok_anno>
  </token>
  <token id="t33" trans="durch" type="token">
    <tok_dipl id="t33_d1" trans="durch" utf="durch"/>
    <tok_anno ascii="durch" id="t33_m1" trans="durch" utf="durch">
      <norm tag="durch"/>
      <lemma tag="durh"/>
      <lemma_gen tag="durh"/>
      <lemma_idmwb tag="32826000"/>
      <pos tag="APPR"/>
      <pos_gen tag="AP"/>
      <infl tag="--"/>
      <inflClass tag="--"/>
      <inflClass_gen tag="--"/>
    </tok_anno>
  </token>
  <token id="t34" trans="die" type="token">
    <tok_dipl id="t34_d1" trans="die" utf="die"/>
    <tok_anno ascii="die" id="t34_m1" trans="die" utf="die">
      <norm tag="die"/>
      <lemma tag="dër"/>
      <lemma_gen tag="dër"/>
      <lemma_idmwb tag="29817000"/>
      <pos tag="DDART"/>
      <pos_gen tag="DD"/>
      <infl tag="Fem.Akk.Sg"/>
      <inflClass tag="--"/>
      <inflClass_gen tag="--"/>
    </tok_anno>
  </token>
  <token id="t35" trans="gote$" type="token">
    <tok_dipl id="t35_d1" trans="gote$" utf="goteſ"/>
    <tok_anno ascii="gotes" id="t35_m1" trans="gote$" utf="goteſ">
      <norm tag="gotes"/>
      <lemma tag="got"/>
      <lemma_gen tag="got"/>
      <lemma_idmwb tag="63291000"/>
      <pos tag="NA"/>
      <pos_gen tag="NA"/>
      <infl tag="Gen.Sg"/>
      <inflClass tag="st.Masc"/>
      <inflClass_gen tag="st.Masc"/>
    </tok_anno>
  </token>
  <token id="t36" trans="minne,," type="token">
    <tok_dipl id="t36_d1" trans="minne" utf="minne"/>
    <tok_anno ascii="minne" id="t36_m1" trans="minne" utf="minne">
      <norm tag="minne"/>
      <lemma tag="minne"/>
      <lemma_gen tag="minne"/>
      <lemma_idmwb tag="112086000"/>
      <pos tag="NA"/>
      <pos_gen tag="NA"/>
      <infl tag="Akk.Sg"/>
      <inflClass tag="st.Fem"/>
      <inflClass_gen tag="*.Fem"/>
      <punc tag="S*"/>
    </tok_anno>
  </token>
  <token id="t37" trans="$tant" type="token">
    <tok_dipl id="t37_d1" trans="$tant" utf="ſtant"/>
    <tok_anno ascii="stant" id="t37_m1" trans="$tant" utf="ſtant">
      <norm tag="stant"/>
      <lemma tag="stân"/>
      <lemma_gen tag="stân"/>
      <lemma_idmwb tag="157380000"/>
      <pos tag="VVIMP"/>
      <pos_gen tag="VV"/>
      <infl tag="Sg.2"/>
      <inflClass tag="irr"/>
      <inflClass_gen tag="irr"/>
    </tok_anno>
  </token>
  <token id="t38" trans="al$o" type="token">
    <tok_dipl id="t38_d1" trans="al$o" utf="alſo"/>
    <tok_anno ascii="also" id="t38_m1" trans="al$o" utf="alſo">
      <norm tag="alsô"/>
      <lemma tag="all-sô"/>
      <lemma_gen tag="all-sô"/>
      <lemma_idmwb tag="4629000"/>
      <pos tag="KO*"/>
      <pos_gen tag="KO"/>
      <infl tag="--"/>
      <inflClass tag="--"/>
      <inflClass_gen tag="--"/>
    </tok_anno>
  </token>
  <token id="t39" trans="li$e" type="token">
    <tok_dipl id="t39_d1" trans="li$e" utf="liſe"/>
    <tok_anno ascii="lise" id="t39_m1" trans="li$e" utf="liſe">
      <norm tag="lîse"/>
      <lemma tag="lîse"/>
      <lemma_gen tag="lîse"/>
      <lemma_idmwb tag="103905000"/>
      <pos tag="AVD"/>
      <pos_gen tag="AVD"/>
      <infl tag="--"/>
      <inflClass tag="--"/>
      <inflClass_gen tag="--"/>
    </tok_anno>
  </token>
  <token id="t40" trans="in" type="token">
    <tok_dipl id="t40_d1" trans="in" utf="in"/>
    <tok_anno ascii="in" id="t40_m1" trans="in" utf="in">
      <norm tag="in"/>
      <lemma tag="in"/>
      <lemma_gen tag="in"/>
      <lemma_idmwb tag="81741000"/>
      <pos tag="APPR"/>
      <pos_gen tag="AP"/>
      <infl tag="--"/>
      <inflClass tag="--"/>
      <inflClass_gen tag="--"/>
    </tok_anno>
  </token>
  <token id="t41" trans="dem" type="token">
    <tok_dipl id="t41_d1" trans="dem" utf="dem"/>
    <tok_anno ascii="dem" id="t41_m1" trans="dem" utf="dem">
      <norm tag="dem"/>
      <lemma tag="dër"/>
      <lemma_gen tag="dër"/>
      <lemma_idmwb tag="29817000"/>
      <pos tag="DDART"/>
      <pos_gen tag="DD"/>
      <infl tag="Masc,Neut.Dat.Sg"/>
      <inflClass tag="--"/>
      <inflClass_gen tag="--"/>
    </tok_anno>
  </token>
  <token id="t42" trans="$iechem" type="token">
    <tok_dipl id="t42_d1" trans="$iechem" utf="ſiechem"/>
    <tok_anno ascii="siechem" id="t42_m1" trans="$iechem" utf="ſiechem">
      <norm tag="siechem"/>
      <lemma tag="sièch"/>
      <lemma_gen tag="sièch"/>
      <lemma_idmwb tag="149445000"/>
      <pos tag="ADJA"/>
      <pos_gen tag="ADJ"/>
      <infl tag="Pos.Masc,Neut.Dat.Sg.st"/>
      <inflClass tag="--"/>
      <inflClass_gen tag="--"/>
    </tok_anno>
  </token>
  <token id="t43" trans="libe,," type="token">
    <tok_dipl id="t43_d1" trans="libe" utf="libe"/>
    <tok_anno ascii="libe" id="t43_m1" trans="libe" utf="libe">
      <norm tag="lîbe"/>
      <lemma tag="lîb"/>
      <lemma_gen tag="lîb"/>
      <lemma_idmwb tag="103638000"/>
      <pos tag="NA"/>
      <pos_gen tag="NA"/>
      <infl tag="Dat.Sg"/>
      <inflClass tag="st.Masc,Neut"/>
      <inflClass_gen tag="st.Masc,Neut"/>
      <punc tag="S*"/>
    </tok_anno>
  </token>
  <token id="t44" trans="$tant" type="token">
    <tok_dipl id="t44_d1" trans="$tant" utf="ſtant"/>
    <tok_anno ascii="stant" id="t44_m1" trans="$tant" utf="ſtant">
      <norm tag="stant"/>
      <lemma tag="stân"/>
      <lemma_gen tag="stân"/>
      <lemma_idmwb tag="157380000"/>
      <pos tag="VVIMP"/>
      <pos_gen tag="VV"/>
      <infl tag="Sg.2"/>
      <inflClass tag="irr"/>
      <inflClass_gen tag="irr"/>
    </tok_anno>
  </token>
  <token id="t45" trans="$am" type="token">
    <tok_dipl id="t45_d1" trans="$am" utf="ſam"/>
    <tok_anno ascii="sam" id="t45_m1" trans="$am" utf="ſam">
      <norm tag="sam"/>
      <lemma tag="sam(e)"/>
      <lemma_gen tag="sam(e)"/>
      <lemma_idmwb tag="139716000"/>
      <pos tag="KO*"/>
      <pos_gen tag="KO"/>
      <infl tag="--"/>
      <inflClass tag="--"/>
      <inflClass_gen tag="--"/>
    </tok_anno>
  </token>
  <token id="t46" trans="drate" type="token">
    <tok_dipl id="t46_d1" trans="drate" utf="drate"/>
    <tok_anno ascii="drate" id="t46_m1" trans="drate" utf="drate">
      <norm tag="drâte"/>
      <lemma tag="drâte"/>
      <lemma_gen tag="drâte"/>
      <lemma_idmwb tag="31911000"/>
      <pos tag="AVD"/>
      <pos_gen tag="AVD"/>
      <infl tag="--"/>
      <inflClass tag="--"/>
      <inflClass_gen tag="--"/>
    </tok_anno>
  </token>
  <token id="t47" trans="$am" type="token">
    <tok_dipl id="t47_d1" trans="$am" utf="ſam"/>
    <tok_anno ascii="sam" id="t47_m1" trans="$am" utf="ſam">
      <norm tag="sam"/>
      <lemma tag="sam(e)"/>
      <lemma_gen tag="sam(e)"/>
      <lemma_idmwb tag="139716000"/>
      <pos tag="KO*"/>
      <pos_gen tag="KO"/>
      <infl tag="--"/>
      <inflClass tag="--"/>
      <inflClass_gen tag="--"/>
    </tok_anno>
  </token>
  <token id="t48" trans="der" type="token">
    <tok_dipl id="t48_d1" trans="der" utf="der"/>
    <tok_anno ascii="der" id="t48_m1" trans="der" utf="der">
      <norm tag="der"/>
      <lemma tag="dër"/>
      <lemma_gen tag="dër"/>
      <lemma_idmwb tag="29817000"/>
      <pos tag="DDART"/>
      <pos_gen tag="DD"/>
      <infl tag="Masc.Nom.Sg"/>
      <inflClass tag="--"/>
      <inflClass_gen tag="--"/>
    </tok_anno>
  </token>
  <token id="t49" trans="iordan" type="token">
    <tok_dipl id="t49_d1" trans="iordan" utf="iordan"/>
    <tok_anno ascii="iordan" id="t49_m1" trans="iordan" utf="iordan">
      <norm tag="Jordânen"/>
      <lemma tag="Jordân"/>
      <lemma_gen tag="Jordân"/>
      <lemma_idmwb tag="85602000"/>
      <pos tag="NE"/>
      <pos_gen tag="NE"/>
      <infl tag="Nom.Sg"/>
      <inflClass tag="--"/>
      <inflClass_gen tag="--"/>
    </tok_anno>
  </token>
  <token id="t50" trans="tate,," type="token">
    <tok_dipl id="t50_d1" trans="tate" utf="tate"/>
    <tok_anno ascii="tate" id="t50_m1" trans="tate" utf="tate">
      <norm tag="tæte"/>
      <lemma tag="tuon"/>
      <lemma_gen tag="tuon"/>
      <lemma_idmwb tag="173655000"/>
      <pos tag="VVFIN"/>
      <pos_gen tag="VV"/>
      <infl tag="Subj.Past.Sg.3"/>
      <inflClass tag="irr"/>
      <inflClass_gen tag="irr"/>
      <punc tag="S*"/>
    </tok_anno>
  </token>
  <token id="t51" trans="da||d_er" type="token">
    <tok_dipl id="t51_d1" trans="dad_er" utf="dadᵉr"/>
    <tok_anno ascii="da" id="t51_m1" trans="da|" utf="da">
      <norm tag="dâ"/>
      <token_type tag="MS1"/>
      <lemma tag="dâr"/>
      <lemma_gen tag="dâr"/>
      <lemma_idmwb tag="28932000"/>
      <pos tag="AVD"/>
      <pos_gen tag="AVD"/>
      <infl tag="--"/>
      <inflClass tag="--"/>
      <inflClass_gen tag="--"/>
    </tok_anno>
    <tok_anno ascii="der" id="t51_m2" trans="|d_er" utf="dᵉr">
      <norm tag="der"/>
      <token_type tag="MS2"/>
      <lemma tag="dër"/>
      <lemma_gen tag="dër"/>
      <lemma_idmwb tag="29817000"/>
      <pos tag="DDART"/>
      <pos_gen tag="DD"/>
      <infl tag="Masc.Nom.Sg"/>
      <inflClass tag="--"/>
      <inflClass_gen tag="--"/>
    </tok_anno>
  </token>
  <token id="t52" trans="heilige" type="token">
    <tok_dipl id="t52_d1" trans="heilige" utf="heilige"/>
    <tok_anno ascii="heilige" id="t52_m1" trans="heilige" utf="heilige">
      <norm tag="heilige"/>
      <lemma tag="hèilig"/>
      <lemma_gen tag="hèilig"/>
      <lemma_idmwb tag="70113000"/>
      <pos tag="ADJA"/>
      <pos_gen tag="ADJ"/>
      <infl tag="Pos.Masc.Nom.Sg.wk"/>
      <inflClass tag="--"/>
      <inflClass_gen tag="--"/>
    </tok_anno>
  </token>
  <token id="t53" trans="Kri$t" type="token">
    <tok_dipl id="t53_d1" trans="Kri$t" utf="Kriſt"/>
    <tok_anno ascii="Krist" id="t53_m1" trans="Kri$t" utf="Kriſt">
      <norm tag="Krist"/>
      <lemma tag="Krist"/>
      <lemma_gen tag="Krist"/>
      <lemma_idmwb tag="95598000"/>
      <pos tag="NE"/>
      <pos_gen tag="NE"/>
      <infl tag="Nom.Sg"/>
      <inflClass tag="--"/>
      <inflClass_gen tag="--"/>
    </tok_anno>
  </token>
  <token id="t54" trans="inne" type="token">
    <tok_dipl id="t54_d1" trans="inne" utf="inne"/>
    <tok_anno ascii="inne" id="t54_m1" trans="inne" utf="inne">
      <norm tag="inne"/>
      <lemma tag="inne"/>
      <lemma_gen tag="inne"/>
      <lemma_idmwb tag="82800000"/>
      <pos tag="AVD"/>
      <pos_gen tag="AVD"/>
      <infl tag="--"/>
      <inflClass tag="--"/>
      <inflClass_gen tag="--"/>
    </tok_anno>
  </token>
  <token id="t55" trans="getauffet" type="token">
    <tok_dipl id="t55_d1" trans="getauffet" utf="getauffet"/>
    <tok_anno ascii="getauffet" id="t55_m1" trans="getauffet" utf="getauffet">
      <norm tag="getoufet"/>
      <lemma tag="toufen"/>
      <lemma_gen tag="toufen"/>
      <lemma_idmwb tag="170043000"/>
      <pos tag="VVPP"/>
      <pos_gen tag="VV"/>
      <infl tag="--"/>
      <inflClass tag="wk"/>
      <inflClass_gen tag="wk"/>
    </tok_anno>
  </token>
  <token id="t56" trans="i$t(.)" type="token">
    <tok_dipl id="t56_d1" trans="i$t" utf="iſt"/>
    <tok_anno ascii="ist" id="t56_m1" trans="i$t" utf="iſt">
      <norm tag="ist"/>
      <lemma tag="sîn"/>
      <lemma_gen tag="sîn"/>
      <lemma_idmwb tag="150147000"/>
      <pos tag="VAFIN"/>
      <pos_gen tag="VA"/>
      <infl tag="Ind.Pres.Sg.3"/>
      <inflClass tag="irr"/>
      <inflClass_gen tag="irr"/>
      <punc tag="DE"/>
    </tok_anno>
  </token>
  <token id="t57" trans="." type="punc">
    <tok_dipl id="t57_d1" trans="." utf="."/>
    <tok_anno ascii="." id="t57_m1" trans="." utf=".">
      <pos tag="$_"/>
      <pos_gen tag="$_"/>
      <punc tag="$E"/>
    </tok_anno>
  </token>
  <token id="t58" trans="al$e" type="token">
    <tok_dipl id="t58_d1" trans="al$e" utf="alſe"/>
    <tok_anno ascii="alse" id="t58_m1" trans="al$e" utf="alſe">
      <norm tag="alse"/>
      <lemma tag="all-sô"/>
      <lemma_gen tag="all-sô"/>
      <lemma_idmwb tag="4629000"/>
      <pos tag="AVD"/>
      <pos_gen tag="AVD-KO"/>
      <infl tag="--"/>
      <inflClass tag="--"/>
      <inflClass_gen tag="--"/>
    </tok_anno>
  </token>
  <token id="t59" trans="du" type="token">
    <tok_dipl id="t59_d1" trans="du" utf="du"/>
    <tok_anno ascii="du" id="t59_m1" trans="du" utf="du">
      <norm tag="dû"/>
      <lemma tag="dû"/>
      <lemma_gen tag="dû"/>
      <lemma_idmwb tag="32607000"/>
      <pos tag="PPER"/>
      <pos_gen tag="PPER"/>
      <infl tag="Nom.Sg.2"/>
      <inflClass tag="--"/>
      <inflClass_gen tag="--"/>
    </tok_anno>
  </token>
  <token id="t60" trans="getaffet" type="token">
    <tok_dipl id="t60_d1" trans="getaffet" utf="getaffet"/>
    <tok_anno ascii="getaffet" id="t60_m1" trans="getaffet" utf="getaffet">
      <norm tag="getoufet"/>
      <lemma tag="toufen"/>
      <lemma_gen tag="toufen"/>
      <lemma_idmwb tag="170043000"/>
      <pos tag="VVPP"/>
      <pos_gen tag="VV"/>
      <infl tag="--"/>
      <inflClass tag="wk"/>
      <inflClass_gen tag="wk"/>
    </tok_anno>
  </token>
  <comment type="K">/K[getaffet: über dem a unleserlicher Fleck, vielleicht ein Superskript]</comment>
  <token id="t61" trans="$ist" type="token">
    <tok_dipl id="t61_d1" trans="$ist" utf="ſist"/>
    <tok_anno ascii="sist" id="t61_m1" trans="$ist" utf="ſist">
      <norm tag="sîst"/>
      <lemma tag="sîn"/>
      <lemma_gen tag="sîn"/>
      <lemma_idmwb tag="150147000"/>
      <pos tag="VAFIN"/>
      <pos_gen tag="VA"/>
      <infl tag="Subj.Pres.Sg.2"/>
      <inflClass tag="irr"/>
      <inflClass_gen tag="irr"/>
    </tok_anno>
  </token>
  <token id="t62" trans="unde" type="token">
    <tok_dipl id="t62_d1" trans="unde" utf="unde"/>
    <tok_anno ascii="unde" id="t62_m1" trans="unde" utf="unde">
      <norm tag="unde"/>
      <lemma tag="unte"/>
      <lemma_gen tag="unte"/>
      <lemma_idmwb tag="183108000"/>
      <pos tag="KON"/>
      <pos_gen tag="KO"/>
      <infl tag="--"/>
      <inflClass tag="--"/>
      <inflClass_gen tag="--"/>
    </tok_anno>
  </token>
  <token id="t63" trans="unde" type="token">
    <tok_dipl id="t63_d1" trans="unde" utf="unde"/>
    <tok_anno ascii="unde" id="t63_m1" trans="unde" utf="unde">
      <norm tag="unde"/>
      <lemma tag="unte"/>
      <lemma_gen tag="unte"/>
      <lemma_idmwb tag="183108000"/>
      <pos tag="KON"/>
      <pos_gen tag="KO"/>
      <infl tag="--"/>
      <inflClass tag="--"/>
      <inflClass_gen tag="--"/>
    </tok_anno>
  </token>
  <comment type="K">/K[unde: doppelt; überflüssig]</comment>
  <token id="t64" trans="$we" type="token">
    <tok_dipl id="t64_d1" trans="$we" utf="ſwe"/>
    <tok_anno ascii="swe" id="t64_m1" trans="$we" utf="ſwe">
      <norm tag="swie"/>
      <lemma tag="swiè"/>
      <lemma_gen tag="swiè"/>
      <lemma_idmwb tag="165753000"/>
      <pos tag="AVG"/>
      <pos_gen tag="AVG"/>
      <infl tag="--"/>
      <inflClass tag="--"/>
      <inflClass_gen tag="--"/>
    </tok_anno>
  </token>
  <token id="t65" trans="du" type="token">
    <tok_dipl id="t65_d1" trans="du" utf="du"/>
    <tok_anno ascii="du" id="t65_m1" trans="du" utf="du">
      <norm tag="dû"/>
      <lemma tag="dû"/>
      <lemma_gen tag="dû"/>
      <lemma_idmwb tag="32607000"/>
      <pos tag="PPER"/>
      <pos_gen tag="PPER"/>
      <infl tag="Nom.Sg.2"/>
      <inflClass tag="--"/>
      <inflClass_gen tag="--"/>
    </tok_anno>
  </token>
  <token id="t66" trans="gehaizen" type="token">
    <tok_dipl id="t66_d1" trans="gehaizen" utf="gehaizen"/>
    <tok_anno ascii="gehaizen" id="t66_m1" trans="gehaizen" utf="gehaizen">
      <norm tag="geheizen"/>
      <lemma tag="hèizen"/>
      <lemma_gen tag="hèizen"/>
      <lemma_idmwb tag="70758000"/>
      <pos tag="VVPP"/>
      <pos_gen tag="VV"/>
      <infl tag="--"/>
      <inflClass tag="st7"/>
      <inflClass_gen tag="st7"/>
    </tok_anno>
  </token>
  <token id="t67" trans="$i$t,," type="token">
    <tok_dipl id="t67_d1" trans="$i$t" utf="ſiſt"/>
    <tok_anno ascii="sist" id="t67_m1" trans="$i$t" utf="ſiſt">
      <norm tag="sîst"/>
      <lemma tag="sîn"/>
      <lemma_gen tag="sîn"/>
      <lemma_idmwb tag="150147000"/>
      <pos tag="VAFIN"/>
      <pos_gen tag="VA"/>
      <infl tag="Subj.Pres.Sg.2"/>
      <inflClass tag="irr"/>
      <inflClass_gen tag="irr"/>
      <punc tag="S*"/>
    </tok_anno>
  </token>
  <token id="t68" trans="daz" type="token">
    <tok_dipl id="t68_d1" trans="daz" utf="daz"/>
    <tok_anno ascii="daz" id="t68_m1" trans="daz" utf="daz">
      <norm tag="daz"/>
      <lemma tag="dazz"/>
      <lemma_gen tag="dazz"/>
      <lemma_idmwb tag="29484000"/>
      <pos tag="KOUS"/>
      <pos_gen tag="KO"/>
      <infl tag="--"/>
      <inflClass tag="--"/>
      <inflClass_gen tag="--"/>
    </tok_anno>
  </token>
  <token id="t69" trans="dir" type="token">
    <tok_dipl id="t69_d1" trans="dir" utf="dir"/>
    <tok_anno ascii="dir" id="t69_m1" trans="dir" utf="dir">
      <norm tag="dir"/>
      <lemma tag="dû"/>
      <lemma_gen tag="dû"/>
      <lemma_idmwb tag="32607000"/>
      <pos tag="PPER"/>
      <pos_gen tag="PPER"/>
      <infl tag="Dat.Sg.2"/>
      <inflClass tag="--"/>
      <inflClass_gen tag="--"/>
    </tok_anno>
  </token>
  <token id="t70" trans="ze||bo\vze(.)" type="token">
    <tok_dipl id="t70_d1" trans="zebo\vze" utf="zeboͮze"/>
    <tok_anno ascii="ze" id="t70_m1" trans="ze|" utf="ze">
      <norm tag="ze"/>
      <token_type tag="MS1"/>
      <lemma tag="ze"/>
      <lemma_gen tag="ze"/>
      <lemma_idmwb tag="235656000"/>
      <pos tag="APPR"/>
      <pos_gen tag="AP"/>
      <infl tag="--"/>
      <inflClass tag="--"/>
      <inflClass_gen tag="--"/>
    </tok_anno>
    <tok_anno ascii="bovze" id="t70_m2" trans="|bo\vze" utf="boͮze">
      <norm tag="buoze"/>
      <token_type tag="MS2"/>
      <lemma tag="buoze"/>
      <lemma_gen tag="buoze"/>
      <lemma_idmwb tag="27477000"/>
      <pos tag="NA"/>
      <pos_gen tag="NA"/>
      <infl tag="Dat.Sg"/>
      <inflClass tag="st.Fem"/>
      <inflClass_gen tag="*.Fem"/>
      <punc tag="DE"/>
    </tok_anno>
  </token>
  <token id="t71" trans="." type="punc">
    <tok_dipl id="t71_d1" trans="." utf="."/>
    <tok_anno ascii="." id="t71_m1" trans="." utf=".">
      <pos tag="$_"/>
      <pos_gen tag="$_"/>
      <punc tag="$E"/>
    </tok_anno>
  </token>
  <token id="t72" trans="Kri$t" type="token">
    <tok_dipl id="t72_d1" trans="Kri$t" utf="Kriſt"/>
    <tok_anno ascii="Krist" id="t72_m1" trans="Kri$t" utf="Kriſt">
      <norm tag="Krist"/>
      <lemma tag="Krist"/>
      <lemma_gen tag="Krist"/>
      <lemma_idmwb tag="95598000"/>
      <pos tag="NE"/>
      <pos_gen tag="NE"/>
      <infl tag="Nom.Sg"/>
      <inflClass tag="--"/>
      <inflClass_gen tag="--"/>
    </tok_anno>
  </token>
  <token id="t73" trans="wart" type="token">
    <tok_dipl id="t73_d1" trans="wart" utf="wart"/>
    <tok_anno ascii="wart" id="t73_m1" trans="wart" utf="wart">
      <norm tag="wart"/>
      <lemma tag="wërden"/>
      <lemma_gen tag="wërden"/>
      <lemma_idmwb tag="225138000"/>
      <pos tag="VAFIN"/>
      <pos_gen tag="VA"/>
      <infl tag="Ind.Past.Sg.3"/>
      <inflClass tag="st3b"/>
      <inflClass_gen tag="st3b"/>
    </tok_anno>
  </token>
  <token id="t74" trans="ge#kundet" type="token">
    <tok_dipl id="t74_d1" trans="ge" utf="ge"/>
    <tok_dipl id="t74_d2" trans="kundet" utf="kundet"/>
    <tok_anno ascii="gekundet" id="t74_m1" trans="ge#kundet" utf="gekundet">
      <norm tag="gekündet"/>
      <token_type tag="US"/>
      <lemma tag="ge-künden"/>
      <lemma_gen tag="ge-künden"/>
      <lemma_idmwb tag="51258000"/>
      <pos tag="VVPP"/>
      <pos_gen tag="VV"/>
      <infl tag="--"/>
      <inflClass tag="wk"/>
      <inflClass_gen tag="wk"/>
    </tok_anno>
  </token>
  <token id="t75" trans="ze" type="token">
    <tok_dipl id="t75_d1" trans="ze" utf="ze"/>
    <tok_anno ascii="ze" id="t75_m1" trans="ze" utf="ze">
      <norm tag="ze"/>
      <lemma tag="ze"/>
      <lemma_gen tag="ze"/>
      <lemma_idmwb tag="235656000"/>
      <pos tag="APPR"/>
      <pos_gen tag="AP"/>
      <infl tag="--"/>
      <inflClass tag="--"/>
      <inflClass_gen tag="--"/>
    </tok_anno>
  </token>
  <token id="t76" trans="nazaret," type="token">
    <tok_dipl id="t76_d1" trans="nazaret" utf="nazaret"/>
    <tok_anno ascii="nazaret" id="t76_m1" trans="nazaret" utf="nazaret">
      <norm tag="Nazaretch"/>
      <lemma tag="Nazareth"/>
      <lemma_gen tag="Nazareth"/>
      <lemma_idmwb tag="119817000"/>
      <pos tag="NE"/>
      <pos_gen tag="NE"/>
      <infl tag="Dat.Sg"/>
      <inflClass tag="--"/>
      <inflClass_gen tag="--"/>
      <punc tag="N*"/>
    </tok_anno>
  </token>
  <token id="t77" trans="unde" type="token">
    <tok_dipl id="t77_d1" trans="unde" utf="unde"/>
    <tok_anno ascii="unde" id="t77_m1" trans="unde" utf="unde">
      <norm tag="unde"/>
      <lemma tag="unte"/>
      <lemma_gen tag="unte"/>
      <lemma_idmwb tag="183108000"/>
      <pos tag="KON"/>
      <pos_gen tag="KO"/>
      <infl tag="--"/>
      <inflClass tag="--"/>
      <inflClass_gen tag="--"/>
    </tok_anno>
  </token>
  <token id="t78" trans="geborn" type="token">
    <tok_dipl id="t78_d1" trans="geborn" utf="geborn"/>
    <tok_anno ascii="geborn" id="t78_m1" trans="geborn" utf="geborn">
      <norm tag="geboren"/>
      <lemma tag="ge-bër(e)n"/>
      <lemma_gen tag="ge-bër(e)n"/>
      <lemma_idmwb tag="47853000"/>
      <pos tag="VVPP"/>
      <pos_gen tag="VV"/>
      <infl tag="--"/>
      <inflClass tag="st4"/>
      <inflClass_gen tag="st4"/>
    </tok_anno>
  </token>
  <token id="t79" trans="ze" type="token">
    <tok_dipl id="t79_d1" trans="ze" utf="ze"/>
    <tok_anno ascii="ze" id="t79_m1" trans="ze" utf="ze">
      <norm tag="ze"/>
      <lemma tag="ze"/>
      <lemma_gen tag="ze"/>
      <lemma_idmwb tag="235656000"/>
      <pos tag="APPR"/>
      <pos_gen tag="AP"/>
      <infl tag="--"/>
      <inflClass tag="--"/>
      <inflClass_gen tag="--"/>
    </tok_anno>
  </token>
  <token id="t80" trans="betle#hem," type="token">
    <tok_dipl id="t80_d1" trans="betle" utf="betle"/>
    <tok_dipl id="t80_d2" trans="hem" utf="hem"/>
    <tok_anno ascii="betlehem" id="t80_m1" trans="betle#hem" utf="betlehem">
      <norm tag="Bêthlêhêm"/>
      <token_type tag="US"/>
      <lemma tag="Bêthlêhêm"/>
      <lemma_gen tag="Bêthlêhêm"/>
      <lemma_idmwb tag="18228000"/>
      <pos tag="NE"/>
      <pos_gen tag="NE"/>
      <infl tag="Dat.Sg"/>
      <inflClass tag="--"/>
      <inflClass_gen tag="--"/>
      <punc tag="N*"/>
    </tok_anno>
  </token>
  <token id="t81" trans="unde" type="token">
    <tok_dipl id="t81_d1" trans="unde" utf="unde"/>
    <tok_anno ascii="unde" id="t81_m1" trans="unde" utf="unde">
      <norm tag="unde"/>
      <lemma tag="unte"/>
      <lemma_gen tag="unte"/>
      <lemma_idmwb tag="183108000"/>
      <pos tag="KON"/>
      <pos_gen tag="KO"/>
      <infl tag="--"/>
      <inflClass tag="--"/>
      <inflClass_gen tag="--"/>
    </tok_anno>
  </token>
  <token id="t82" trans="gemarterot" type="token">
    <tok_dipl id="t82_d1" trans="gemarterot" utf="gemarterot"/>
    <tok_anno ascii="gemarterot" id="t82_m1" trans="gemarterot" utf="gemarterot">
      <norm tag="gemarteret"/>
      <lemma tag="marter(e)n"/>
      <lemma_gen tag="marter(e)n"/>
      <lemma_idmwb tag="108630000"/>
      <pos tag="VVPP"/>
      <pos_gen tag="VV"/>
      <infl tag="--"/>
      <inflClass tag="wk"/>
      <inflClass_gen tag="wk"/>
    </tok_anno>
  </token>
  <token id="t83" trans="z" type="token">
    <tok_dipl id="t83_d1" trans="z" utf="z"/>
    <tok_anno ascii="z" id="t83_m1" trans="z" utf="z">
      <norm tag="ze"/>
      <lemma tag="ze"/>
      <lemma_gen tag="ze"/>
      <lemma_idmwb tag="235656000"/>
      <pos tag="APPR"/>
      <pos_gen tag="AP"/>
      <infl tag="--"/>
      <inflClass tag="--"/>
      <inflClass_gen tag="--"/>
    </tok_anno>
  </token>
  <token id="t84" trans="ieru$alem(.)" type="token">
    <tok_dipl id="t84_d1" trans="ieru$alem" utf="ieruſalem"/>
    <tok_anno ascii="ierusalem" id="t84_m1" trans="ieru$alem" utf="ieruſalem">
      <norm tag="Jerusalêm"/>
      <lemma tag="Jerusalêm"/>
      <lemma_gen tag="Jerusalêm"/>
      <lemma_idmwb tag="85497000"/>
      <pos tag="NE"/>
      <pos_gen tag="NE"/>
      <infl tag="Dat.Sg"/>
      <inflClass tag="--"/>
      <inflClass_gen tag="--"/>
      <punc tag="DE"/>
    </tok_anno>
  </token>
  <token id="t85" trans="da" type="token">
    <tok_dipl id="t85_d1" trans="da" utf="da"/>
    <tok_anno ascii="da" id="t85_m1" trans="da" utf="da">
      <norm tag="dâ"/>
      <lemma tag="dâr/+bî"/>
      <lemma_gen tag="dâr"/>
      <lemma_idmwb tag="28932000"/>
      <pos tag="PAVD"/>
      <pos_gen tag="AVD"/>
      <infl tag="--"/>
      <inflClass tag="--"/>
      <inflClass_gen tag="--"/>
    </tok_anno>
  </token>
  <token id="t86" trans="bi" type="token">
    <tok_dipl id="t86_d1" trans="bi" utf="bi"/>
    <tok_anno ascii="bi" id="t86_m1" trans="bi" utf="bi">
      <norm tag="bî"/>
      <lemma tag="bî/dâr+"/>
      <lemma_gen tag="bî"/>
      <lemma_idmwb tag="19761000"/>
      <pos tag="PAVAP"/>
      <pos_gen tag="AP"/>
      <infl tag="--"/>
      <inflClass tag="--"/>
      <inflClass_gen tag="--"/>
    </tok_anno>
  </token>
  <token id="t87" trans="uer#biut" type="token">
    <tok_dipl id="t87_d1" trans="uer" utf="uer"/>
    <tok_dipl id="t87_d2" trans="biut" utf="biut"/>
    <tok_anno ascii="uerbiut" id="t87_m1" trans="uer#biut" utf="uerbiut">
      <norm tag="verbiute"/>
      <token_type tag="US"/>
      <lemma tag="ver-bièten"/>
      <lemma_gen tag="ver-bièten"/>
      <lemma_idmwb tag="200316000"/>
      <pos tag="VVFIN"/>
      <pos_gen tag="VV"/>
      <infl tag="Ind.Pres.Sg.1"/>
      <inflClass tag="st2b"/>
      <inflClass_gen tag="st2b"/>
    </tok_anno>
  </token>
  <token id="t88" trans="ich" type="token">
    <tok_dipl id="t88_d1" trans="ich" utf="ich"/>
    <tok_anno ascii="ich" id="t88_m1" trans="ich" utf="ich">
      <norm tag="ich"/>
      <lemma tag="ich"/>
      <lemma_gen tag="ich"/>
      <lemma_idmwb tag="81210000"/>
      <pos tag="PPER"/>
      <pos_gen tag="PPER"/>
      <infl tag="Nom.Sg.1"/>
      <inflClass tag="--"/>
      <inflClass_gen tag="--"/>
    </tok_anno>
  </token>
  <token id="t89" trans="dir,,(||blo\vt,,)" type="token">
    <tok_dipl id="t89_d1" trans="dirblo\vt" utf="dirbloͮt"/>
    <tok_anno ascii="dir" id="t89_m1" trans="dir|" utf="dir">
      <norm tag="dir"/>
      <token_type tag="MS1"/>
      <lemma tag="dû"/>
      <lemma_gen tag="dû"/>
      <lemma_idmwb tag="32607000"/>
      <pos tag="PPER"/>
      <pos_gen tag="PPER"/>
      <infl tag="Dat.Sg.2"/>
      <inflClass tag="--"/>
      <inflClass_gen tag="--"/>
    </tok_anno>
    <tok_anno ascii="blovt" id="t89_m2" trans="|blo\vt" utf="bloͮt">
      <norm tag="bluot"/>
      <token_type tag="MS2"/>
      <lemma tag="bluot"/>
      <lemma_gen tag="bluot"/>
      <lemma_idmwb tag="22908000"/>
      <pos tag="NA"/>
      <pos_gen tag="NA"/>
      <infl tag="Nom.Sg"/>
      <inflClass tag="st.Neut"/>
      <inflClass_gen tag="st.Neut"/>
    </tok_anno>
  </token>
  <token id="t90" trans="daz" type="token">
    <tok_dipl id="t90_d1" trans="daz" utf="daz"/>
    <tok_anno ascii="daz" id="t90_m1" trans="daz" utf="daz">
      <norm tag="daz"/>
      <lemma tag="dazz"/>
      <lemma_gen tag="dazz"/>
      <lemma_idmwb tag="29484000"/>
      <pos tag="KOUS"/>
      <pos_gen tag="KO"/>
      <infl tag="--"/>
      <inflClass tag="--"/>
      <inflClass_gen tag="--"/>
    </tok_anno>
  </token>
  <token id="t91" trans="du" type="token">
    <tok_dipl id="t91_d1" trans="du" utf="du"/>
    <tok_anno ascii="du" id="t91_m1" trans="du" utf="du">
      <norm tag="dû"/>
      <lemma tag="dû"/>
      <lemma_gen tag="dû"/>
      <lemma_idmwb tag="32607000"/>
      <pos tag="PPER"/>
      <pos_gen tag="PPER"/>
      <infl tag="Nom.Sg.2"/>
      <inflClass tag="--"/>
      <inflClass_gen tag="--"/>
    </tok_anno>
  </token>
  <token id="t92" trans="$te$t" type="token">
    <tok_dipl id="t92_d1" trans="$te$t" utf="ſteſt"/>
    <tok_anno ascii="stest" id="t92_m1" trans="$te$t" utf="ſteſt">
      <norm tag="stêst"/>
      <lemma tag="stân"/>
      <lemma_gen tag="stân"/>
      <lemma_idmwb tag="157380000"/>
      <pos tag="VVFIN"/>
      <pos_gen tag="VV"/>
      <infl tag="*.Pres.Sg.2"/>
      <inflClass tag="irr"/>
      <inflClass_gen tag="irr"/>
    </tok_anno>
  </token>
  <token id="t93" trans="unde" type="token">
    <tok_dipl id="t93_d1" trans="unde" utf="unde"/>
    <tok_anno ascii="unde" id="t93_m1" trans="unde" utf="unde">
      <norm tag="unde"/>
      <lemma tag="unte"/>
      <lemma_gen tag="unte"/>
      <lemma_idmwb tag="183108000"/>
      <pos tag="KON"/>
      <pos_gen tag="KO"/>
      <infl tag="--"/>
      <inflClass tag="--"/>
      <inflClass_gen tag="--"/>
    </tok_anno>
  </token>
  <token id="t94" trans="nine" type="token">
    <tok_dipl id="t94_d1" trans="nine" utf="nine"/>
    <tok_anno ascii="nine" id="t94_m1" trans="nine" utf="nine">
      <norm tag="niene"/>
      <lemma tag="niène"/>
      <lemma_gen tag="niène"/>
      <lemma_idmwb tag="121293000"/>
      <pos tag="AVD"/>
      <pos_gen tag="AVD"/>
      <infl tag="--"/>
      <inflClass tag="--"/>
      <inflClass_gen tag="--"/>
    </tok_anno>
  </token>
  <token id="t95" trans="ge$t,," type="token">
    <tok_dipl id="t95_d1" trans="ge$t" utf="geſt"/>
    <tok_anno ascii="gest" id="t95_m1" trans="ge$t" utf="geſt">
      <norm tag="gêst"/>
      <lemma tag="gân"/>
      <lemma_gen tag="gân"/>
      <lemma_idmwb tag="46788000"/>
      <pos tag="VVFIN"/>
      <pos_gen tag="VV"/>
      <infl tag="*.Pres.Sg.2"/>
      <inflClass tag="irr"/>
      <inflClass_gen tag="irr"/>
      <punc tag="S*"/>
    </tok_anno>
  </token>
  <token id="t96" trans="in" type="token">
    <tok_dipl id="t96_d1" trans="in" utf="in"/>
    <tok_anno ascii="in" id="t96_m1" trans="in" utf="in">
      <norm tag="in"/>
      <lemma tag="in"/>
      <lemma_gen tag="in"/>
      <lemma_idmwb tag="81741000"/>
      <pos tag="APPR"/>
      <pos_gen tag="AP"/>
      <infl tag="DS"/>
      <inflClass tag="--"/>
      <inflClass_gen tag="--"/>
    </tok_anno>
  </token>
  <token id="t97" trans="d_em" type="token">
    <tok_dipl id="t97_d1" trans="d_em" utf="dᵉm"/>
    <tok_anno ascii="dem" id="t97_m1" trans="d_em" utf="dᵉm">
      <norm tag="dem"/>
      <lemma tag="dër"/>
      <lemma_gen tag="dër"/>
      <lemma_idmwb tag="29817000"/>
      <pos tag="DDART"/>
      <pos_gen tag="DD"/>
      <infl tag="Masc.Dat.Sg"/>
      <inflClass tag="--"/>
      <inflClass_gen tag="--"/>
    </tok_anno>
  </token>
  <token id="t98" trans="namen" type="token">
    <tok_dipl id="t98_d1" trans="namen" utf="namen"/>
    <tok_anno ascii="namen" id="t98_m1" trans="namen" utf="namen">
      <norm tag="namen"/>
      <lemma tag="name"/>
      <lemma_gen tag="name"/>
      <lemma_idmwb tag="119352000"/>
      <pos tag="NA"/>
      <pos_gen tag="NA"/>
      <infl tag="Dat.Sg"/>
      <inflClass tag="*.Masc"/>
      <inflClass_gen tag="*.Masc"/>
    </tok_anno>
  </token>
  <token id="t99" trans="de$" type="token">
    <tok_dipl id="t99_d1" trans="de$" utf="deſ"/>
    <tok_anno ascii="des" id="t99_m1" trans="de$" utf="deſ">
      <norm tag="des"/>
      <lemma tag="dër"/>
      <lemma_gen tag="dër"/>
      <lemma_idmwb tag="29817000"/>
      <pos tag="DDART"/>
      <pos_gen tag="DD"/>
      <infl tag="Masc.Gen.Sg"/>
      <inflClass tag="--"/>
      <inflClass_gen tag="--"/>
    </tok_anno>
  </token>
  <token id="t100" trans="uater" type="token">
    <tok_dipl id="t100_d1" trans="uater" utf="uater"/>
    <tok_anno ascii="uater" id="t100_m1" trans="uater" utf="uater">
      <norm tag="vateres"/>
      <lemma tag="vater"/>
      <lemma_gen tag="vater"/>
      <lemma_idmwb tag="198636000"/>
      <pos tag="NA"/>
      <pos_gen tag="NA"/>
      <infl tag="Gen.Sg"/>
      <inflClass tag="st(u).Masc"/>
      <inflClass_gen tag="st(u).Masc"/>
    </tok_anno>
  </token>
  <token id="t101" trans="und" type="token">
    <tok_dipl id="t101_d1" trans="und" utf="und"/>
    <tok_anno ascii="und" id="t101_m1" trans="und" utf="und">
      <norm tag="und"/>
      <lemma tag="unte"/>
      <lemma_gen tag="unte"/>
      <lemma_idmwb tag="183108000"/>
      <pos tag="KON"/>
      <pos_gen tag="KO"/>
      <infl tag="--"/>
      <inflClass tag="--"/>
      <inflClass_gen tag="--"/>
    </tok_anno>
  </token>
  <token id="t102" trans="de$" type="token">
    <tok_dipl id="t102_d1" trans="de$" utf="deſ"/>
    <tok_anno ascii="des" id="t102_m1" trans="de$" utf="deſ">
      <norm tag="des"/>
      <lemma tag="dër"/>
      <lemma_gen tag="dër"/>
      <lemma_idmwb tag="29817000"/>
      <pos tag="DDART"/>
      <pos_gen tag="DD"/>
      <infl tag="Masc.Gen.Sg"/>
      <inflClass tag="--"/>
      <inflClass_gen tag="--"/>
    </tok_anno>
  </token>
  <token id="t103" trans="$une$" type="token">
    <tok_dipl id="t103_d1" trans="$une$" utf="ſuneſ"/>
    <tok_anno ascii="sunes" id="t103_m1" trans="$une$" utf="ſuneſ">
      <norm tag="sunes"/>
      <lemma tag="sun"/>
      <lemma_gen tag="sun"/>
      <lemma_idmwb tag="162972000"/>
      <pos tag="NA"/>
      <pos_gen tag="NA"/>
      <infl tag="Gen.Sg"/>
      <inflClass tag="stu.Masc"/>
      <inflClass_gen tag="stu.Masc"/>
    </tok_anno>
  </token>
  <token id="t104" trans="unt" type="token">
    <tok_dipl id="t104_d1" trans="unt" utf="unt"/>
    <tok_anno ascii="unt" id="t104_m1" trans="unt" utf="unt">
      <norm tag="und"/>
      <lemma tag="unte"/>
      <lemma_gen tag="unte"/>
      <lemma_idmwb tag="183108000"/>
      <pos tag="KON"/>
      <pos_gen tag="KO"/>
      <infl tag="--"/>
      <inflClass tag="--"/>
      <inflClass_gen tag="--"/>
    </tok_anno>
  </token>
  <token id="t105" trans="de$" type="token">
    <tok_dipl id="t105_d1" trans="de$" utf="deſ"/>
    <tok_anno ascii="des" id="t105_m1" trans="de$" utf="deſ">
      <norm tag="des"/>
      <lemma tag="dër"/>
      <lemma_gen tag="dër"/>
      <lemma_idmwb tag="29817000"/>
      <pos tag="DDART"/>
      <pos_gen tag="DD"/>
      <infl tag="Masc.Gen.Sg"/>
      <inflClass tag="--"/>
      <inflClass_gen tag="--"/>
    </tok_anno>
  </token>
  <token id="t106" trans="heiligen" type="token">
    <tok_dipl id="t106_d1" trans="heiligen" utf="heiligen"/>
    <tok_anno ascii="heiligen" id="t106_m1" trans="heiligen" utf="heiligen">
      <norm tag="heiligen"/>
      <lemma tag="hèilig"/>
      <lemma_gen tag="hèilig"/>
      <lemma_idmwb tag="70113000"/>
      <pos tag="ADJA"/>
      <pos_gen tag="ADJ"/>
      <infl tag="Pos.Masc.Gen.Sg.wk"/>
      <inflClass tag="--"/>
      <inflClass_gen tag="--"/>
    </tok_anno>
  </token>
  <token id="t107" trans="gei$te$(.)" type="token">
    <tok_dipl id="t107_d1" trans="gei$te$" utf="geiſteſ"/>
    <tok_anno ascii="geistes" id="t107_m1" trans="gei$te$" utf="geiſteſ">
      <norm tag="geistes"/>
      <lemma tag="gèist"/>
      <lemma_gen tag="gèist"/>
      <lemma_idmwb tag="50793000"/>
      <pos tag="NA"/>
      <pos_gen tag="NA"/>
      <infl tag="Gen.Sg"/>
      <inflClass tag="st.Masc"/>
      <inflClass_gen tag="st.Masc"/>
      <punc tag="DE"/>
    </tok_anno>
  </token>
  <token id="t108" trans="AMEN(.)" type="token">
    <tok_dipl id="t108_d1" trans="AMEN" utf="AMEN"/>
    <tok_anno ascii="AMEN" id="t108_m1" trans="AMEN" utf="AMEN">
      <norm tag="âmen"/>
      <lemma tag="âmen"/>
      <lemma_gen tag="âmen"/>
      <lemma_idmwb tag="5238000"/>
      <pos tag="ITJ"/>
      <pos_gen tag="ITJ"/>
      <infl tag="--"/>
      <inflClass tag="--"/>
      <inflClass_gen tag="--"/>
      <punc tag="DE"/>
    </tok_anno>
  </token>
</text>
