<?xml version='1.0' encoding='UTF-8'?>
<!DOCTYPE text SYSTEM "cora-xml.dtd">
<text id="M032">
  <header>
    <text>Blutsegen, Abdinghofer</text>
    <abbr_ddd>AbBlutsegen</abbr_ddd>
    <abbr_mwb>-</abbr_mwb>
    <topic>Religion, Alltag</topic>
    <text-type>Segen</text-type>
    <genre>P</genre>
    <reference>Hs.: Blatt (r/v), Zeile</reference>
    <reference-secondary>-</reference-secondary>
    <library>New York, Pierpont Morgan Library</library>
    <library-shelfmark>MS M.863</library-shelfmark>
    <online>http://www.handschriftencensus.de/3518</online>
    <medium>Handschrift</medium>
    <extent>5v</extent>
    <extract>-</extract>
    <language>mhd</language>
    <language-type>mitteldeutsch</language-type>
    <language-region>westmitteldeutsch</language-region>
    <language-area>rheinfränkisch</language-area>
    <place>-</place>
    <time>12,2</time>
    <notes-manuscript>Diese 8 dt. Zeilen hängen mit dem darüberstehenden lat. Text zusammen, in dem es um Blutfluss von älteren Personen geht.</notes-manuscript>
    <date>-</date>
    <text-place>-</text-place>
    <text-author>-</text-author>
    <text-language>-</text-language>
    <text-source>-</text-source>
    <edition>Carl Selmer, An Unpublished Old German Blood Charm, in: The Journal of English and Germanic Philology 51 (1952), S. 345-354.</edition>
    <corpus>ReM I</corpus>
    <notes-transcription>-</notes-transcription>
    <notes-annotation>-</notes-annotation>
    <digitization_by>Bochum</digitization_by>
    <collation_by>Bochum</collation_by>
    <pre_editing_by>Bochum</pre_editing_by>
    <annotation_by>Bochum</annotation_by>
    <proofreading_by>Bochum</proofreading_by>
  </header>
  <layoutinfo>
    <page id="p1" no="5" range="c1" side="v"/>
    <column id="c1" range="l1..l8"/>
    <line id="l1" name="6" range="t1_d1..t6_d1" loc="5va,6"/>
    <line id="l2" name="7" range="t7_d1..t14_d1" loc="5va,7"/>
    <line id="l3" name="8" range="t15_d1..t24_d1" loc="5va,8"/>
    <line id="l4" name="9" range="t25_d1..t32_d1" loc="5va,9"/>
    <line id="l5" name="10" range="t33_d1..t36_d2" loc="5va,10"/>
    <line id="l6" name="11" range="t37_d1..t43_d1" loc="5va,11"/>
    <line id="l7" name="12" range="t44_d1..t50_d1" loc="5va,12"/>
    <line id="l8" name="13" range="t51_d1..t55_d1" loc="5va,13"/>
  </layoutinfo>
  <shifttags>
    <paren range="t46_m1..t47_m1"/>
  </shifttags>
  <token id="t1" trans="Ad" type="token">
    <tok_dipl id="t1_d1" trans="Ad" utf="Ad"/>
    <tok_anno ascii="Ad" id="t1_m1" trans="Ad" utf="Ad">
      <norm tag="--"/>
      <lemma tag="[!]"/>
      <lemma_gen tag="[!]"/>
      <lemma_idmwb tag="--"/>
      <pos tag="FM"/>
      <pos_gen tag="FM"/>
      <infl tag="--"/>
      <inflClass tag="--"/>
      <inflClass_gen tag="--"/>
    </tok_anno>
  </token>
  <comment type="K">/L[+]/R[+]</comment>
  <token id="t2" trans="re$t'nge\-du\-" type="token">
    <tok_dipl id="t2_d1" trans="re$t'nge\-du\-" utf="reſtˢngēdū"/>
    <tok_anno ascii="resterngendun" id="t2_m1" trans="re$t'nge\-du\-" utf="reſtˢngēdū">
      <norm tag="--"/>
      <lemma tag="[!]"/>
      <lemma_gen tag="[!]"/>
      <lemma_idmwb tag="--"/>
      <pos tag="FM"/>
      <pos_gen tag="FM"/>
      <infl tag="--"/>
      <inflClass tag="--"/>
      <inflClass_gen tag="--"/>
    </tok_anno>
  </token>
  <token id="t3" trans="$ang%2ne\-" type="token">
    <tok_dipl id="t3_d1" trans="$ang%2ne\-" utf="ſang᷑nē"/>
    <tok_anno ascii="sangurnen" id="t3_m1" trans="$ang%2ne\-" utf="ſang᷑nē">
      <norm tag="--"/>
      <lemma tag="[!]"/>
      <lemma_gen tag="[!]"/>
      <lemma_idmwb tag="--"/>
      <pos tag="FM"/>
      <pos_gen tag="FM"/>
      <infl tag="--"/>
      <inflClass tag="--"/>
      <inflClass_gen tag="--"/>
    </tok_anno>
  </token>
  <comment type="K">/R[@]/L[@]</comment>
  <token id="t4" trans="°*(L*)ongin%9" type="token">
    <tok_dipl id="t4_d1" trans="°*(L*)ongin%9" utf="°Longinꝰ"/>
    <tok_anno ascii="°Longinus" id="t4_m1" trans="°*(L*)ongin%9" utf="°Longinꝰ">
      <norm tag="longinus"/>
      <lemma tag="Longinus"/>
      <lemma_gen tag="Longinus"/>
      <lemma_idmwb tag="--"/>
      <pos tag="NE"/>
      <pos_gen tag="FM"/>
      <infl tag="Nom.Sg"/>
      <inflClass tag="--"/>
      <inflClass_gen tag="--"/>
    </tok_anno>
  </token>
  <comment type="K">/K[*(L*)ongin%9: {*(L*)} ist rubriziert]</comment>
  <token id="t5" trans="$tach" type="token">
    <tok_dipl id="t5_d1" trans="$tach" utf="ſtach"/>
    <tok_anno ascii="stach" id="t5_m1" trans="$tach" utf="ſtach">
      <norm tag="stach"/>
      <lemma tag="stëchen"/>
      <lemma_gen tag="stëchen"/>
      <lemma_idmwb tag="157980000"/>
      <pos tag="VVFIN"/>
      <pos_gen tag="VV"/>
      <infl tag="Ind.Past.Sg.3"/>
      <inflClass tag="st4"/>
      <inflClass_gen tag="st4"/>
    </tok_anno>
  </token>
  <token id="t6" trans="den" type="token">
    <tok_dipl id="t6_d1" trans="den" utf="den"/>
    <tok_anno ascii="den" id="t6_m1" trans="den" utf="den">
      <norm tag="den"/>
      <lemma tag="dër"/>
      <lemma_gen tag="dër"/>
      <lemma_idmwb tag="29817000"/>
      <pos tag="DDART"/>
      <pos_gen tag="DD"/>
      <infl tag="Masc.Akk.Sg"/>
      <inflClass tag="--"/>
      <inflClass_gen tag="--"/>
    </tok_anno>
  </token>
  <token id="t7" trans="eligen" type="token">
    <tok_dipl id="t7_d1" trans="eligen" utf="eligen"/>
    <tok_anno ascii="eligen" id="t7_m1" trans="eligen" utf="eligen">
      <norm tag="heiligen"/>
      <lemma tag="hèilig"/>
      <lemma_gen tag="hèilig"/>
      <lemma_idmwb tag="70113000"/>
      <pos tag="ADJA"/>
      <pos_gen tag="ADJ"/>
      <infl tag="Pos.Masc.Akk.Sg.*"/>
      <inflClass tag="--"/>
      <inflClass_gen tag="--"/>
    </tok_anno>
  </token>
  <comment type="K">/E[eligen: l. heligen]</comment>
  <token id="t8" trans="cri$t" type="token">
    <tok_dipl id="t8_d1" trans="cri$t" utf="criſt"/>
    <tok_anno ascii="crist" id="t8_m1" trans="cri$t" utf="criſt">
      <norm tag="Krist"/>
      <lemma tag="Krist"/>
      <lemma_gen tag="Krist"/>
      <lemma_idmwb tag="95598000"/>
      <pos tag="NE"/>
      <pos_gen tag="NE"/>
      <infl tag="Akk.Sg"/>
      <inflClass tag="--"/>
      <inflClass_gen tag="--"/>
    </tok_anno>
  </token>
  <token id="t9" trans="mit" type="token">
    <tok_dipl id="t9_d1" trans="mit" utf="mit"/>
    <tok_anno ascii="mit" id="t9_m1" trans="mit" utf="mit">
      <norm tag="mit"/>
      <lemma tag="mit"/>
      <lemma_gen tag="mit"/>
      <lemma_idmwb tag="113898000"/>
      <pos tag="APPR"/>
      <pos_gen tag="AP"/>
      <infl tag="--"/>
      <inflClass tag="--"/>
      <inflClass_gen tag="--"/>
    </tok_anno>
  </token>
  <token id="t10" trans="enimo" type="token">
    <tok_dipl id="t10_d1" trans="enimo" utf="enimo"/>
    <tok_anno ascii="enimo" id="t10_m1" trans="enimo" utf="enimo">
      <norm tag="eineme"/>
      <lemma tag="èin"/>
      <lemma_gen tag="èin"/>
      <lemma_idmwb tag="35925000"/>
      <pos tag="DIART"/>
      <pos_gen tag="DD"/>
      <infl tag="Neut.Dat.Sg.st"/>
      <inflClass tag="--"/>
      <inflClass_gen tag="--"/>
    </tok_anno>
  </token>
  <token id="t11" trans="$pére" type="token">
    <tok_dipl id="t11_d1" trans="$pére" utf="ſpére"/>
    <tok_anno ascii="spere" id="t11_m1" trans="$pére" utf="ſpére">
      <norm tag="spere"/>
      <lemma tag="spër"/>
      <lemma_gen tag="spër"/>
      <lemma_idmwb tag="155340000"/>
      <pos tag="NA"/>
      <pos_gen tag="NA"/>
      <infl tag="Dat.Sg"/>
      <inflClass tag="st.Neut"/>
      <inflClass_gen tag="st.Neut"/>
    </tok_anno>
  </token>
  <token id="t12" trans="in" type="token">
    <tok_dipl id="t12_d1" trans="in" utf="in"/>
    <tok_anno ascii="in" id="t12_m1" trans="in" utf="in">
      <norm tag="in"/>
      <lemma tag="in"/>
      <lemma_gen tag="in"/>
      <lemma_idmwb tag="81741000"/>
      <pos tag="APPR"/>
      <pos_gen tag="AP"/>
      <infl tag="--"/>
      <inflClass tag="--"/>
      <inflClass_gen tag="--"/>
    </tok_anno>
  </token>
  <token id="t13" trans="$ine" type="token">
    <tok_dipl id="t13_d1" trans="$ine" utf="ſine"/>
    <tok_anno ascii="sine" id="t13_m1" trans="$ine" utf="ſine">
      <norm tag="sîne"/>
      <lemma tag="sîn"/>
      <lemma_gen tag="sîn"/>
      <lemma_idmwb tag="150153000"/>
      <pos tag="DPOSA"/>
      <pos_gen tag="DPOS"/>
      <infl tag="Fem.Akk.Sg.st"/>
      <inflClass tag="--"/>
      <inflClass_gen tag="--"/>
    </tok_anno>
  </token>
  <token id="t14" trans="ce$ewen" type="token">
    <tok_dipl id="t14_d1" trans="ce$ewen" utf="ceſewen"/>
    <tok_anno ascii="cesewen" id="t14_m1" trans="ce$ewen" utf="ceſewen">
      <norm tag="zeswen"/>
      <lemma tag="zësw"/>
      <lemma_gen tag="zësw"/>
      <lemma_idmwb tag="237987000"/>
      <pos tag="ADJA"/>
      <pos_gen tag="ADJ"/>
      <infl tag="Pos.Fem.Akk.Sg.wk"/>
      <inflClass tag="--"/>
      <inflClass_gen tag="--"/>
    </tok_anno>
  </token>
  <token id="t15" trans="$idin,," type="token">
    <tok_dipl id="t15_d1" trans="$idin" utf="ſidin"/>
    <tok_anno ascii="sidin" id="t15_m1" trans="$idin" utf="ſidin">
      <norm tag="sîden"/>
      <lemma tag="sîde"/>
      <lemma_gen tag="sîde"/>
      <lemma_idmwb tag="149274000"/>
      <pos tag="NA"/>
      <pos_gen tag="NA"/>
      <infl tag="Akk.Sg"/>
      <inflClass tag="st.Fem"/>
      <inflClass_gen tag="*.Fem"/>
      <punc tag="S*"/>
    </tok_anno>
  </token>
  <comment type="K">/K[Virgel rubriziert]</comment>
  <token id="t16" trans="/" type="punc">
    <tok_dipl id="t16_d1" trans="/" utf="/"/>
    <tok_anno ascii="/" id="t16_m1" trans="/" utf="/">
      <pos tag="$_"/>
      <pos_gen tag="$_"/>
    </tok_anno>
  </token>
  <token id="t17" trans="dan" type="token">
    <tok_dipl id="t17_d1" trans="dan" utf="dan"/>
    <tok_anno ascii="dan" id="t17_m1" trans="dan" utf="dan">
      <norm tag="danne"/>
      <lemma tag="danne"/>
      <lemma_gen tag="danne"/>
      <lemma_idmwb tag="28863000"/>
      <pos tag="AVD"/>
      <pos_gen tag="AVD-KO"/>
      <infl tag="--"/>
      <inflClass tag="--"/>
      <inflClass_gen tag="--"/>
    </tok_anno>
  </token>
  <comment type="K">/E[dan: l. dar?]</comment>
  <token id="t18" trans="uz" type="token">
    <tok_dipl id="t18_d1" trans="uz" utf="uz"/>
    <tok_anno ascii="uz" id="t18_m1" trans="uz" utf="uz">
      <norm tag="ûz"/>
      <lemma tag="ûz"/>
      <lemma_gen tag="ûz"/>
      <lemma_idmwb tag="194769000"/>
      <pos tag="AVD"/>
      <pos_gen tag="AVD"/>
      <infl tag="--"/>
      <inflClass tag="--"/>
      <inflClass_gen tag="--"/>
    </tok_anno>
  </token>
  <token id="t19" trans="ran" type="token">
    <tok_dipl id="t19_d1" trans="ran" utf="ran"/>
    <tok_anno ascii="ran" id="t19_m1" trans="ran" utf="ran">
      <norm tag="ran"/>
      <lemma tag="rinnen"/>
      <lemma_gen tag="rinnen"/>
      <lemma_idmwb tag="135147000"/>
      <pos tag="VVFIN"/>
      <pos_gen tag="VV"/>
      <infl tag="Ind.Past.Sg.3"/>
      <inflClass tag="st3a"/>
      <inflClass_gen tag="st3a"/>
    </tok_anno>
  </token>
  <token id="t20" trans="wa$cer" type="token">
    <tok_dipl id="t20_d1" trans="wa$cer" utf="waſcer"/>
    <tok_anno ascii="wascer" id="t20_m1" trans="wa$cer" utf="waſcer">
      <norm tag="wazzer"/>
      <lemma tag="wazzer"/>
      <lemma_gen tag="wazzer"/>
      <lemma_idmwb tag="222660000"/>
      <pos tag="NA"/>
      <pos_gen tag="NA"/>
      <infl tag="Nom.Sg"/>
      <inflClass tag="st.Neut"/>
      <inflClass_gen tag="st.Neut"/>
    </tok_anno>
  </token>
  <token id="t21" trans="unde" type="token">
    <tok_dipl id="t21_d1" trans="unde" utf="unde"/>
    <tok_anno ascii="unde" id="t21_m1" trans="unde" utf="unde">
      <norm tag="unde"/>
      <lemma tag="unte"/>
      <lemma_gen tag="unte"/>
      <lemma_idmwb tag="183108000"/>
      <pos tag="KON"/>
      <pos_gen tag="KO"/>
      <infl tag="--"/>
      <inflClass tag="--"/>
      <inflClass_gen tag="--"/>
    </tok_anno>
  </token>
  <token id="t22" trans="bluod(.)" type="token">
    <tok_dipl id="t22_d1" trans="bluod" utf="bluod"/>
    <tok_anno ascii="bluod" id="t22_m1" trans="bluod" utf="bluod">
      <norm tag="bluot"/>
      <lemma tag="bluot"/>
      <lemma_gen tag="bluot"/>
      <lemma_idmwb tag="22908000"/>
      <pos tag="NA"/>
      <pos_gen tag="NA"/>
      <infl tag="Nom.Sg"/>
      <inflClass tag="st.Neut"/>
      <inflClass_gen tag="st.Neut"/>
      <punc tag="DE"/>
    </tok_anno>
  </token>
  <token id="t23" trans="%." type="punc">
    <tok_dipl id="t23_d1" trans="%." utf="·"/>
    <tok_anno ascii="." id="t23_m1" trans="%." utf="·">
      <pos tag="$_"/>
      <pos_gen tag="$_"/>
      <punc tag="$E"/>
    </tok_anno>
  </token>
  <token id="t24" trans="mid=||dem" type="token">
    <tok_dipl id="t24_d1" trans="middem" utf="middem"/>
    <tok_anno ascii="mid" id="t24_m1" trans="mid=|" utf="mid">
      <norm tag="mit"/>
      <token_type tag="ML1"/>
      <lemma tag="mit"/>
      <lemma_gen tag="mit"/>
      <lemma_idmwb tag="113898000"/>
      <pos tag="APPR"/>
      <pos_gen tag="AP"/>
      <infl tag="--"/>
      <inflClass tag="--"/>
      <inflClass_gen tag="--"/>
    </tok_anno>
    <tok_anno ascii="dem" id="t24_m2" trans="|dem" utf="dem">
      <norm tag="dem"/>
      <token_type tag="ML2"/>
      <lemma tag="dër"/>
      <lemma_gen tag="dër"/>
      <lemma_idmwb tag="29817000"/>
      <pos tag="DDART"/>
      <pos_gen tag="DD"/>
      <infl tag="Masc.Dat.Sg"/>
      <inflClass tag="--"/>
      <inflClass_gen tag="--"/>
    </tok_anno>
  </token>
  <token id="t25" trans="bluode" type="token">
    <tok_dipl id="t25_d1" trans="bluode" utf="bluode"/>
    <tok_anno ascii="bluode" id="t25_m1" trans="bluode" utf="bluode">
      <norm tag="bluode"/>
      <lemma tag="bluod"/>
      <lemma_gen tag="bluod"/>
      <lemma_idmwb tag="22905000"/>
      <pos tag="NA"/>
      <pos_gen tag="NA"/>
      <infl tag="Dat.Sg"/>
      <inflClass tag="st.Masc"/>
      <inflClass_gen tag="st.Masc"/>
    </tok_anno>
  </token>
  <token id="t26" trans="der" type="token">
    <tok_dipl id="t26_d1" trans="der" utf="der"/>
    <tok_anno ascii="der" id="t26_m1" trans="der" utf="der">
      <norm tag="dâr"/>
      <lemma tag="dâr"/>
      <lemma_gen tag="dâr"/>
      <lemma_idmwb tag="28932000"/>
      <pos tag="AVD"/>
      <pos_gen tag="AVD"/>
      <infl tag="--"/>
      <inflClass tag="--"/>
      <inflClass_gen tag="--"/>
    </tok_anno>
  </token>
  <token id="t27" trans="ab||erlo$t" type="token">
    <tok_dipl id="t27_d1" trans="aberlo$t" utf="aberloſt"/>
    <tok_anno ascii="ab" id="t27_m1" trans="ab|" utf="ab">
      <norm tag="ab"/>
      <token_type tag="MS1"/>
      <lemma tag="abe"/>
      <lemma_gen tag="abe"/>
      <lemma_idmwb tag="21000"/>
      <pos tag="AVD"/>
      <pos_gen tag="AVD"/>
      <infl tag="--"/>
      <inflClass tag="--"/>
      <inflClass_gen tag="--"/>
    </tok_anno>
    <tok_anno ascii="erlost" id="t27_m2" trans="|erlo$t" utf="erloſt">
      <norm tag="erlôst"/>
      <token_type tag="MS2"/>
      <lemma tag="er-loèsen"/>
      <lemma_gen tag="er-loèsen"/>
      <lemma_idmwb tag="42771000"/>
      <pos tag="VVPP"/>
      <pos_gen tag="VV"/>
      <infl tag="--"/>
      <inflClass tag="wk"/>
      <inflClass_gen tag="wk"/>
    </tok_anno>
  </token>
  <token id="t28" trans="wart" type="token">
    <tok_dipl id="t28_d1" trans="wart" utf="wart"/>
    <tok_anno ascii="wart" id="t28_m1" trans="wart" utf="wart">
      <norm tag="wart"/>
      <lemma tag="wërden"/>
      <lemma_gen tag="wërden"/>
      <lemma_idmwb tag="225138000"/>
      <pos tag="VAFIN"/>
      <pos_gen tag="VA"/>
      <infl tag="Ind.Past.Sg.3"/>
      <inflClass tag="st3b"/>
      <inflClass_gen tag="st3b"/>
    </tok_anno>
  </token>
  <token id="t29" trans="al" type="token">
    <tok_dipl id="t29_d1" trans="al" utf="al"/>
    <tok_anno ascii="al" id="t29_m1" trans="al" utf="al">
      <norm tag="al"/>
      <lemma tag="al"/>
      <lemma_gen tag="al"/>
      <lemma_idmwb tag="3540000"/>
      <pos tag="AVD"/>
      <pos_gen tag="AVD-KO"/>
      <infl tag="--"/>
      <inflClass tag="--"/>
      <inflClass_gen tag="--"/>
    </tok_anno>
  </token>
  <token id="t30" trans="mankun(=)ne(.)" type="token">
    <tok_dipl id="t30_d1" trans="mankunne" utf="mankunne"/>
    <tok_anno ascii="mankunne" id="t30_m1" trans="mankun(=)ne" utf="mankunne">
      <norm tag="mankünne"/>
      <token_type tag="UL"/>
      <lemma tag="mann-künne"/>
      <lemma_gen tag="mann-künne"/>
      <lemma_idmwb tag="107775000"/>
      <pos tag="NA"/>
      <pos_gen tag="NA"/>
      <infl tag="Nom.Sg"/>
      <inflClass tag="st.Neut"/>
      <inflClass_gen tag="st.Neut"/>
      <punc tag="DE"/>
    </tok_anno>
  </token>
  <comment type="K">/K[Virgel rubriziert]</comment>
  <token id="t31" trans="%." type="punc">
    <tok_dipl id="t31_d1" trans="%." utf="·"/>
    <tok_anno ascii="." id="t31_m1" trans="%." utf="·">
      <pos tag="$_"/>
      <pos_gen tag="$_"/>
      <punc tag="$E"/>
    </tok_anno>
  </token>
  <token id="t32" trans="/" type="punc">
    <tok_dipl id="t32_d1" trans="/" utf="/"/>
    <tok_anno ascii="/" id="t32_m1" trans="/" utf="/">
      <pos tag="$_"/>
      <pos_gen tag="$_"/>
      <punc tag="$E"/>
    </tok_anno>
  </token>
  <token id="t33" trans="mid||demo" type="token">
    <tok_dipl id="t33_d1" trans="middemo" utf="middemo"/>
    <tok_anno ascii="mid" id="t33_m1" trans="mid|" utf="mid">
      <norm tag="mit"/>
      <token_type tag="MS1"/>
      <lemma tag="mit"/>
      <lemma_gen tag="mit"/>
      <lemma_idmwb tag="113898000"/>
      <pos tag="APPR"/>
      <pos_gen tag="AP"/>
      <infl tag="--"/>
      <inflClass tag="--"/>
      <inflClass_gen tag="--"/>
    </tok_anno>
    <tok_anno ascii="demo" id="t33_m2" trans="|demo" utf="demo">
      <norm tag="deme"/>
      <token_type tag="MS2"/>
      <lemma tag="dër"/>
      <lemma_gen tag="dër"/>
      <lemma_idmwb tag="29817000"/>
      <pos tag="DDART"/>
      <pos_gen tag="DD"/>
      <infl tag="Neut.Dat.Sg"/>
      <inflClass tag="--"/>
      <inflClass_gen tag="--"/>
    </tok_anno>
  </token>
  <token id="t34" trans="wa$cere" type="token">
    <tok_dipl id="t34_d1" trans="wa$cere" utf="waſcere"/>
    <tok_anno ascii="wascere" id="t34_m1" trans="wa$cere" utf="waſcere">
      <norm tag="wazzere"/>
      <lemma tag="wazzer"/>
      <lemma_gen tag="wazzer"/>
      <lemma_idmwb tag="222660000"/>
      <pos tag="NA"/>
      <pos_gen tag="NA"/>
      <infl tag="Dat.Sg"/>
      <inflClass tag="st.Neut"/>
      <inflClass_gen tag="st.Neut"/>
    </tok_anno>
  </token>
  <token id="t35" trans="da" type="token">
    <tok_dipl id="t35_d1" trans="da" utf="da"/>
    <tok_anno ascii="da" id="t35_m1" trans="da" utf="da">
      <norm tag="dâ"/>
      <lemma tag="dâr"/>
      <lemma_gen tag="dâr"/>
      <lemma_idmwb tag="28932000"/>
      <pos tag="AVD"/>
      <pos_gen tag="AVD"/>
      <infl tag="--"/>
      <inflClass tag="--"/>
      <inflClass_gen tag="--"/>
    </tok_anno>
  </token>
  <token id="t36" trans="abe*1||ge#wa$cen*2,," type="token">
    <tok_dipl id="t36_d1" trans="abege" utf="abege"/>
    <tok_dipl id="t36_d2" trans="wa$cen" utf="waſcen"/>
    <tok_anno ascii="abe" id="t36_m1" trans="abe*1|" utf="abe">
      <norm tag="abe"/>
      <token_type tag="MS1"/>
      <lemma tag="abe/&gt;+waschen"/>
      <lemma_gen tag="abe"/>
      <lemma_idmwb tag="21000"/>
      <pos tag="PTKVZ"/>
      <pos_gen tag="PTK"/>
      <infl tag="--"/>
      <inflClass tag="--"/>
      <inflClass_gen tag="--"/>
      <link target="t36_m2" type="vptk"/>
    </tok_anno>
    <tok_anno ascii="gewascen" id="t36_m2" trans="|ge#wa$cen*2" utf="gewaſcen">
      <norm tag="gewaschen"/>
      <token_type tag="MS2 US"/>
      <lemma tag="waschen/abe&gt;+"/>
      <lemma_gen tag="waschen"/>
      <lemma_idmwb tag="222447000"/>
      <pos tag="VVPP"/>
      <pos_gen tag="VV"/>
      <infl tag="--"/>
      <inflClass tag="st6"/>
      <inflClass_gen tag="st6"/>
      <punc tag="S*"/>
      <link target="t36_m1" type="vptk"/>
    </tok_anno>
  </token>
  <token id="t37" trans="wart" type="token">
    <tok_dipl id="t37_d1" trans="wart" utf="wart"/>
    <tok_anno ascii="wart" id="t37_m1" trans="wart" utf="wart">
      <norm tag="wart"/>
      <lemma tag="wërden"/>
      <lemma_gen tag="wërden"/>
      <lemma_idmwb tag="225138000"/>
      <pos tag="VAFIN"/>
      <pos_gen tag="VA"/>
      <infl tag="Ind.Past.Sg.3"/>
      <inflClass tag="st3b"/>
      <inflClass_gen tag="st3b"/>
    </tok_anno>
  </token>
  <token id="t38" trans="al" type="token">
    <tok_dipl id="t38_d1" trans="al" utf="al"/>
    <tok_anno ascii="al" id="t38_m1" trans="al" utf="al">
      <norm tag="al"/>
      <lemma tag="all"/>
      <lemma_gen tag="all"/>
      <lemma_idmwb tag="3531000"/>
      <pos tag="DIA"/>
      <pos_gen tag="DI"/>
      <infl tag="*..st"/>
      <inflClass tag="--"/>
      <inflClass_gen tag="--"/>
    </tok_anno>
  </token>
  <token id="t39" trans="men#ni$chlich" type="token">
    <tok_dipl id="t39_d1" trans="men" utf="men"/>
    <tok_dipl id="t39_d2" trans="ni$chlich" utf="niſchlich"/>
    <tok_anno ascii="mennischlich" id="t39_m1" trans="men#ni$chlich" utf="menniſchlich">
      <norm tag="mennischlich"/>
      <token_type tag="US"/>
      <lemma tag="mèn(ni)sch-lich"/>
      <lemma_gen tag="mèn(ni)sch-lich"/>
      <lemma_idmwb tag="110511000"/>
      <pos tag="ADJA"/>
      <pos_gen tag="ADJ"/>
      <infl tag="Pos.Fem.Nom.Sg.0"/>
      <inflClass tag="--"/>
      <inflClass_gen tag="--"/>
    </tok_anno>
  </token>
  <token id="t40" trans="$unda(.)" type="token">
    <tok_dipl id="t40_d1" trans="$unda" utf="ſunda"/>
    <tok_anno ascii="sunda" id="t40_m1" trans="$unda" utf="ſunda">
      <norm tag="sünde"/>
      <lemma tag="sünte"/>
      <lemma_gen tag="sünte"/>
      <lemma_idmwb tag="162993000"/>
      <pos tag="NA"/>
      <pos_gen tag="NA"/>
      <infl tag="Nom.Sg"/>
      <inflClass tag="*.Fem"/>
      <inflClass_gen tag="*.Fem"/>
      <punc tag="DE"/>
    </tok_anno>
  </token>
  <comment type="K">/K[Virgel rubriziert]</comment>
  <token id="t41" trans="%." type="punc">
    <tok_dipl id="t41_d1" trans="%." utf="·"/>
    <tok_anno ascii="." id="t41_m1" trans="%." utf="·">
      <pos tag="$_"/>
      <pos_gen tag="$_"/>
      <punc tag="$E"/>
    </tok_anno>
  </token>
  <token id="t42" trans="/" type="punc">
    <tok_dipl id="t42_d1" trans="/" utf="/"/>
    <tok_anno ascii="/" id="t42_m1" trans="/" utf="/">
      <pos tag="$_"/>
      <pos_gen tag="$_"/>
      <punc tag="$E"/>
    </tok_anno>
  </token>
  <token id="t43" trans="dannen" type="token">
    <tok_dipl id="t43_d1" trans="dannen" utf="dannen"/>
    <tok_anno ascii="dannen" id="t43_m1" trans="dannen" utf="dannen">
      <norm tag="dannen"/>
      <lemma tag="dannen"/>
      <lemma_gen tag="dannen"/>
      <lemma_idmwb tag="28866000"/>
      <pos tag="AVD"/>
      <pos_gen tag="AVD"/>
      <infl tag="--"/>
      <inflClass tag="--"/>
      <inflClass_gen tag="--"/>
    </tok_anno>
  </token>
  <token id="t44" trans="abe||ge#biden" type="token">
    <tok_dipl id="t44_d1" trans="abege" utf="abege"/>
    <tok_dipl id="t44_d2" trans="biden" utf="biden"/>
    <tok_anno ascii="abe" id="t44_m1" trans="abe|" utf="abe">
      <norm tag="abe"/>
      <token_type tag="MS1"/>
      <lemma tag="aber"/>
      <lemma_gen tag="aber"/>
      <lemma_idmwb tag="1020000"/>
      <pos tag="AVD"/>
      <pos_gen tag="AVD-KO"/>
      <infl tag="--"/>
      <inflClass tag="--"/>
      <inflClass_gen tag="--"/>
    </tok_anno>
    <tok_anno ascii="gebiden" id="t44_m2" trans="|ge#biden" utf="gebiden">
      <norm tag="gebiuten"/>
      <token_type tag="MS2 US"/>
      <lemma tag="ge-bièten"/>
      <lemma_gen tag="ge-bièten"/>
      <lemma_idmwb tag="47949000"/>
      <pos tag="VVFIN"/>
      <pos_gen tag="VV"/>
      <infl tag="Ind.Pres.Sg.1"/>
      <inflClass tag="st2b"/>
      <inflClass_gen tag="st2b"/>
    </tok_anno>
  </token>
  <token id="t45" trans="ich" type="token">
    <tok_dipl id="t45_d1" trans="ich" utf="ich"/>
    <tok_anno ascii="ich" id="t45_m1" trans="ich" utf="ich">
      <norm tag="ich"/>
      <lemma tag="ich"/>
      <lemma_gen tag="ich"/>
      <lemma_idmwb tag="81210000"/>
      <pos tag="PPER"/>
      <pos_gen tag="PPER"/>
      <infl tag="Nom.Sg.1"/>
      <inflClass tag="--"/>
      <inflClass_gen tag="--"/>
    </tok_anno>
  </token>
  <token id="t46" trans="dir,,(" type="token">
    <tok_dipl id="t46_d1" trans="dir" utf="dir"/>
    <tok_anno ascii="dir" id="t46_m1" trans="dir" utf="dir">
      <norm tag="dir"/>
      <lemma tag="dû"/>
      <lemma_gen tag="dû"/>
      <lemma_idmwb tag="32607000"/>
      <pos tag="PPER"/>
      <pos_gen tag="PPER"/>
      <infl tag="Dat.Sg.2"/>
      <inflClass tag="--"/>
      <inflClass_gen tag="--"/>
    </tok_anno>
  </token>
  <token id="t47" trans="lichama,,)" type="token">
    <tok_dipl id="t47_d1" trans="lichama" utf="lichama"/>
    <tok_anno ascii="lichama" id="t47_m1" trans="lichama" utf="lichama">
      <norm tag="lîchame"/>
      <lemma tag="lîcham(e)"/>
      <lemma_gen tag="lîcham(e)"/>
      <lemma_idmwb tag="102234000"/>
      <pos tag="NA"/>
      <pos_gen tag="NA"/>
      <infl tag="Dat.Sg"/>
      <inflClass tag="st.Masc,Neut"/>
      <inflClass_gen tag="st.Masc,Neut"/>
    </tok_anno>
  </token>
  <token id="t48" trans="daz" type="token">
    <tok_dipl id="t48_d1" trans="daz" utf="daz"/>
    <tok_anno ascii="daz" id="t48_m1" trans="daz" utf="daz">
      <norm tag="daz"/>
      <lemma tag="dazz"/>
      <lemma_gen tag="dazz"/>
      <lemma_idmwb tag="29484000"/>
      <pos tag="KOUS"/>
      <pos_gen tag="KO"/>
      <infl tag="--"/>
      <inflClass tag="--"/>
      <inflClass_gen tag="--"/>
    </tok_anno>
  </token>
  <token id="t49" trans="du" type="token">
    <tok_dipl id="t49_d1" trans="du" utf="du"/>
    <tok_anno ascii="du" id="t49_m1" trans="du" utf="du">
      <norm tag="dû"/>
      <lemma tag="dû"/>
      <lemma_gen tag="dû"/>
      <lemma_idmwb tag="32607000"/>
      <pos tag="PPER"/>
      <pos_gen tag="PPER"/>
      <infl tag="Nom.Sg.2"/>
      <inflClass tag="--"/>
      <inflClass_gen tag="--"/>
    </tok_anno>
  </token>
  <token id="t50" trans="nie" type="token">
    <tok_dipl id="t50_d1" trans="nie" utf="nie"/>
    <tok_anno ascii="nie" id="t50_m1" trans="nie" utf="nie">
      <norm tag="nie"/>
      <lemma tag="niè"/>
      <lemma_gen tag="niè"/>
      <lemma_idmwb tag="121281000"/>
      <pos tag="AVD"/>
      <pos_gen tag="AVD"/>
      <infl tag="--"/>
      <inflClass tag="--"/>
      <inflClass_gen tag="--"/>
    </tok_anno>
  </token>
  <token id="t51" trans="mer" type="token">
    <tok_dipl id="t51_d1" trans="mer" utf="mer"/>
    <tok_anno ascii="mer" id="t51_m1" trans="mer" utf="mer">
      <norm tag="mêrer"/>
      <lemma tag="mêr(e)"/>
      <lemma_gen tag="mêr(e)"/>
      <lemma_idmwb tag="110610000"/>
      <pos tag="AVD"/>
      <pos_gen tag="AVD"/>
      <infl tag="Comp"/>
      <inflClass tag="--"/>
      <inflClass_gen tag="--"/>
    </tok_anno>
  </token>
  <token id="t52" trans="%." type="punc">
    <tok_dipl id="t52_d1" trans="%." utf="·"/>
    <tok_anno ascii="." id="t52_m1" trans="%." utf="·">
      <pos tag="$_"/>
      <pos_gen tag="$_"/>
    </tok_anno>
  </token>
  <token id="t53" trans="ne" type="token">
    <tok_dipl id="t53_d1" trans="ne" utf="ne"/>
    <tok_anno ascii="ne" id="t53_m1" trans="ne" utf="ne">
      <norm tag="ne"/>
      <lemma tag="ne"/>
      <lemma_gen tag="ne"/>
      <lemma_idmwb tag="119841000"/>
      <pos tag="PTKNEG"/>
      <pos_gen tag="PTK"/>
      <infl tag="--"/>
      <inflClass tag="--"/>
      <inflClass_gen tag="--"/>
    </tok_anno>
  </token>
  <token id="t54" trans="bluo#de$(.)" type="token">
    <tok_dipl id="t54_d1" trans="bluo" utf="bluo"/>
    <tok_dipl id="t54_d2" trans="de$" utf="deſ"/>
    <tok_anno ascii="bluodes" id="t54_m1" trans="bluo#de$" utf="bluodeſ">
      <norm tag="bluotes"/>
      <token_type tag="US"/>
      <lemma tag="bluoten"/>
      <lemma_gen tag="bluoten"/>
      <lemma_idmwb tag="22935000"/>
      <pos tag="VVFIN"/>
      <pos_gen tag="VV"/>
      <infl tag="*.Pres.Sg.2"/>
      <inflClass tag="wk"/>
      <inflClass_gen tag="wk"/>
      <punc tag="DE"/>
    </tok_anno>
  </token>
  <token id="t55" trans="%." type="punc">
    <tok_dipl id="t55_d1" trans="%." utf="·"/>
    <tok_anno ascii="." id="t55_m1" trans="%." utf="·">
      <pos tag="$_"/>
      <pos_gen tag="$_"/>
      <punc tag="$E"/>
    </tok_anno>
  </token>
</text>
