<?xml version='1.0' encoding='UTF-8'?>
<!DOCTYPE text SYSTEM "cora-xml.dtd">
<text id="M033">
  <header>
    <text>Bamberger Blutsegen</text>
    <abbr_ddd>BaBlutsegen</abbr_ddd>
    <abbr_mwb>-</abbr_mwb>
    <topic>Religion, Alltag</topic>
    <text-type>Segen</text-type>
    <genre>PV</genre>
    <reference>Edition</reference>
    <reference-secondary>Handschrift</reference-secondary>
    <library>Bamberg, Staatsbibl.</library>
    <library-shelfmark>Msc. Med. 6 (früher L.III.9)</library-shelfmark>
    <online>http://www.handschriftencensus.de/6838</online>
    <medium>Handschrift</medium>
    <extent>139rb</extent>
    <extract>-</extract>
    <language>mhd</language>
    <language-type>oberdeutsch</language-type>
    <language-region>ostoberdeutsch</language-region>
    <language-area>ostfränkisch</language-area>
    <place>-</place>
    <time>12,2</time>
    <notes-manuscript>-</notes-manuscript>
    <date>12?</date>
    <text-place>-</text-place>
    <text-author>-</text-author>
    <text-language>-</text-language>
    <text-source>-</text-source>
    <edition>Friedrich Wilhelm (Hg.), Denkmäler deutscher Prosa des 11. und 12. Jahrhunderts,  München 1914/16, Nr. 18; Elias von Steinmeyer (Hg.), Die kleineren althochdeutschen Sprachdenkmäler, Berlin 1916,  Nr. 69</edition>
    <corpus>ReM I</corpus>
    <notes-transcription>-</notes-transcription>
    <notes-annotation>-</notes-annotation>
    <digitization_by>Thomas Klein (Bonn)</digitization_by>
    <collation_by>Elke Weber (Bonn)</collation_by>
    <pre_editing_by>Elke Weber (Bonn)</pre_editing_by>
    <annotation_by>Thomas Klein (Bonn) [u.B.v. R-M.S.Heffner, A Word-Index to the Texts of Steinmeyer ... 1961]</annotation_by>
    <proofreading_by>Elke Weber (Bonn)</proofreading_by>
  </header>
  <layoutinfo>
    <page id="p1" no="69" range="c1"/>
    <column id="c1" range="l1..l14"/>
    <line id="l1" name="1" range="t1_d1..t14_d1" loc="69a,1"/>
    <line id="l2" name="2" range="t15_d1..t29_d1" loc="69a,2"/>
    <line id="l3" name="3" range="t30_d1..t41_d1" loc="69a,3"/>
    <line id="l4" name="4" range="t42_d1..t50_d1" loc="69a,4"/>
    <line id="l5" name="5" range="t51_d1..t57_d1" loc="69a,5"/>
    <line id="l6" name="6" range="t58_d1..t64_d1" loc="69a,6"/>
    <line id="l7" name="7" range="t65_d1..t71_d1" loc="69a,7"/>
    <line id="l8" name="8" range="t72_d1..t77_d1" loc="69a,8"/>
    <line id="l9" name="9" range="t78_d1..t84_d1" loc="69a,9"/>
    <line id="l10" name="10" range="t85_d1..t89_d1" loc="69a,10"/>
    <line id="l11" name="11" range="t90_d1..t101_d1" loc="69a,11"/>
    <line id="l12" name="12" range="t102_d1..t112_d1" loc="69a,12"/>
    <line id="l13" name="13" range="t113_d1..t127_d1" loc="69a,13"/>
    <line id="l14" name="14" range="t128_d1..t130_d1" loc="69a,14"/>
  </layoutinfo>
  <shifttags/>
  <token id="t1" trans="Cri$t" type="token">
    <tok_dipl id="t1_d1" trans="Cri$t" utf="Criſt"/>
    <tok_anno ascii="Crist" id="t1_m1" trans="Cri$t" utf="Criſt">
      <norm tag="Krist"/>
      <lemma tag="Krist"/>
      <lemma_gen tag="Krist"/>
      <lemma_idmwb tag="95598000"/>
      <pos tag="NE"/>
      <pos_gen tag="NE"/>
      <infl tag="Nom.Sg"/>
      <inflClass tag="--"/>
      <inflClass_gen tag="--"/>
    </tok_anno>
  </token>
  <token id="t2" trans="unte" type="token">
    <tok_dipl id="t2_d1" trans="unte" utf="unte"/>
    <tok_anno ascii="unte" id="t2_m1" trans="unte" utf="unte">
      <norm tag="unde"/>
      <lemma tag="unte"/>
      <lemma_gen tag="unte"/>
      <lemma_idmwb tag="183108000"/>
      <pos tag="KON"/>
      <pos_gen tag="KO"/>
      <infl tag="--"/>
      <inflClass tag="--"/>
      <inflClass_gen tag="--"/>
    </tok_anno>
  </token>
  <token id="t3" trans="." type="punc">
    <tok_dipl id="t3_d1" trans="." utf="."/>
    <tok_anno ascii="." id="t3_m1" trans="." utf=".">
      <pos tag="$_"/>
      <pos_gen tag="$_"/>
    </tok_anno>
  </token>
  <token id="t4" trans="iudas" type="token">
    <tok_dipl id="t4_d1" trans="iudas" utf="iudas"/>
    <tok_anno ascii="iudas" id="t4_m1" trans="iudas" utf="iudas">
      <norm tag="Judas"/>
      <lemma tag="Judas"/>
      <lemma_gen tag="Judas"/>
      <lemma_idmwb tag="--"/>
      <pos tag="NE"/>
      <pos_gen tag="NE"/>
      <infl tag="Nom.Sg"/>
      <inflClass tag="--"/>
      <inflClass_gen tag="--"/>
    </tok_anno>
  </token>
  <token id="t5" trans="$píliten" type="token">
    <tok_dipl id="t5_d1" trans="$píliten" utf="ſpíliten"/>
    <tok_anno ascii="spiliten" id="t5_m1" trans="$píliten" utf="ſpíliten">
      <norm tag="spileten"/>
      <lemma tag="spil(e)n"/>
      <lemma_gen tag="spil(e)n"/>
      <lemma_idmwb tag="155847000"/>
      <pos tag="VVFIN"/>
      <pos_gen tag="VV"/>
      <infl tag="Ind.Past.Pl.3"/>
      <inflClass tag="wk"/>
      <inflClass_gen tag="wk"/>
    </tok_anno>
  </token>
  <token id="t6" trans="mit" type="token">
    <tok_dipl id="t6_d1" trans="mit" utf="mit"/>
    <tok_anno ascii="mit" id="t6_m1" trans="mit" utf="mit">
      <norm tag="mit"/>
      <lemma tag="mit"/>
      <lemma_gen tag="mit"/>
      <lemma_idmwb tag="113898000"/>
      <pos tag="APPR"/>
      <pos_gen tag="AP"/>
      <infl tag="c.D"/>
      <inflClass tag="--"/>
      <inflClass_gen tag="--"/>
    </tok_anno>
  </token>
  <token id="t7" trans="$pîeza(.)" type="token">
    <tok_dipl id="t7_d1" trans="$pîeza" utf="ſpîeza"/>
    <tok_anno ascii="spieza" id="t7_m1" trans="$pîeza" utf="ſpîeza">
      <norm tag="spieze"/>
      <lemma tag="spièz"/>
      <lemma_gen tag="spièz"/>
      <lemma_idmwb tag="155688000"/>
      <pos tag="NA"/>
      <pos_gen tag="NA"/>
      <infl tag="Dat.Sg"/>
      <inflClass tag="st.Masc"/>
      <inflClass_gen tag="st.Masc"/>
      <punc tag="DE"/>
    </tok_anno>
  </token>
  <token id="t8" trans="." type="punc">
    <tok_dipl id="t8_d1" trans="." utf="."/>
    <tok_anno ascii="." id="t8_m1" trans="." utf=".">
      <pos tag="$_"/>
      <pos_gen tag="$_"/>
      <punc tag="$E"/>
    </tok_anno>
  </token>
  <token id="t9" trans="do" type="token">
    <tok_dipl id="t9_d1" trans="do" utf="do"/>
    <tok_anno ascii="do" id="t9_m1" trans="do" utf="do">
      <norm tag="dô"/>
      <lemma tag="dô"/>
      <lemma_gen tag="dô"/>
      <lemma_idmwb tag="31164000"/>
      <pos tag="AVD"/>
      <pos_gen tag="AVD-KO"/>
      <infl tag="--"/>
      <inflClass tag="--"/>
      <inflClass_gen tag="--"/>
    </tok_anno>
  </token>
  <token id="t10" trans="wart" type="token">
    <tok_dipl id="t10_d1" trans="wart" utf="wart"/>
    <tok_anno ascii="wart" id="t10_m1" trans="wart" utf="wart">
      <norm tag="wart"/>
      <lemma tag="wërden"/>
      <lemma_gen tag="wërden"/>
      <lemma_idmwb tag="225138000"/>
      <pos tag="VAFIN"/>
      <pos_gen tag="VA"/>
      <infl tag="Ind.Past.Sg.3"/>
      <inflClass tag="st3b"/>
      <inflClass_gen tag="st3b"/>
    </tok_anno>
  </token>
  <token id="t11" trans="der" type="token">
    <tok_dipl id="t11_d1" trans="der" utf="der"/>
    <tok_anno ascii="der" id="t11_m1" trans="der" utf="der">
      <norm tag="der"/>
      <lemma tag="dër"/>
      <lemma_gen tag="dër"/>
      <lemma_idmwb tag="29817000"/>
      <pos tag="DDART"/>
      <pos_gen tag="DD"/>
      <infl tag="Masc.Nom.Sg"/>
      <inflClass tag="--"/>
      <inflClass_gen tag="--"/>
    </tok_anno>
  </token>
  <token id="t12" trans="heili(=)go" type="token">
    <tok_dipl id="t12_d1" trans="heiligo" utf="heiligo"/>
    <tok_anno ascii="heiligo" id="t12_m1" trans="heili(=)go" utf="heiligo">
      <norm tag="heilige"/>
      <token_type tag="UL"/>
      <lemma tag="hèilig"/>
      <lemma_gen tag="hèilig"/>
      <lemma_idmwb tag="70113000"/>
      <pos tag="ADJA"/>
      <pos_gen tag="ADJ"/>
      <infl tag="Pos.Masc.Nom.Sg.wk"/>
      <inflClass tag="--"/>
      <inflClass_gen tag="--"/>
    </tok_anno>
  </token>
  <token id="t13" trans="Xri$t" type="token">
    <tok_dipl id="t13_d1" trans="Xri$t" utf="Xriſt"/>
    <tok_anno ascii="Xrist" id="t13_m1" trans="Xri$t" utf="Xriſt">
      <norm tag="Krist"/>
      <lemma tag="Krist"/>
      <lemma_gen tag="Krist"/>
      <lemma_idmwb tag="95598000"/>
      <pos tag="NE"/>
      <pos_gen tag="NE"/>
      <infl tag="Nom.Sg"/>
      <inflClass tag="--"/>
      <inflClass_gen tag="--"/>
    </tok_anno>
  </token>
  <token id="t14" trans="wnd" type="token">
    <tok_dipl id="t14_d1" trans="wnd" utf="wnd"/>
    <tok_anno ascii="wnd" id="t14_m1" trans="wnd" utf="wnd">
      <norm tag="wunt"/>
      <lemma tag="wunt"/>
      <lemma_gen tag="wunt"/>
      <lemma_idmwb tag="234558000"/>
      <pos tag="ADJD"/>
      <pos_gen tag="ADJ"/>
      <infl tag="Pos....0"/>
      <inflClass tag="--"/>
      <inflClass_gen tag="--"/>
    </tok_anno>
  </token>
  <token id="t15" trans="in" type="token">
    <tok_dipl id="t15_d1" trans="in" utf="in"/>
    <tok_anno ascii="in" id="t15_m1" trans="in" utf="in">
      <norm tag="in"/>
      <lemma tag="in"/>
      <lemma_gen tag="in"/>
      <lemma_idmwb tag="81741000"/>
      <pos tag="APPR"/>
      <pos_gen tag="AP"/>
      <infl tag="c.A"/>
      <inflClass tag="--"/>
      <inflClass_gen tag="--"/>
    </tok_anno>
  </token>
  <token id="t16" trans="$ine" type="token">
    <tok_dipl id="t16_d1" trans="$ine" utf="ſine"/>
    <tok_anno ascii="sine" id="t16_m1" trans="$ine" utf="ſine">
      <norm tag="sîne"/>
      <lemma tag="sîn"/>
      <lemma_gen tag="sîn"/>
      <lemma_idmwb tag="150153000"/>
      <pos tag="DPOSA"/>
      <pos_gen tag="DPOS"/>
      <infl tag="Fem.Akk.Sg.st"/>
      <inflClass tag="--"/>
      <inflClass_gen tag="--"/>
    </tok_anno>
  </token>
  <token id="t17" trans="sîton(.)" type="token">
    <tok_dipl id="t17_d1" trans="sîton" utf="sîton"/>
    <tok_anno ascii="siton" id="t17_m1" trans="sîton" utf="sîton">
      <norm tag="sîten"/>
      <lemma tag="sîte"/>
      <lemma_gen tag="sîte"/>
      <lemma_idmwb tag="150585000"/>
      <pos tag="NA"/>
      <pos_gen tag="NA"/>
      <infl tag="Akk.Sg"/>
      <inflClass tag="*.Fem"/>
      <inflClass_gen tag="*.Masc,Fem"/>
      <punc tag="DE"/>
    </tok_anno>
  </token>
  <token id="t18" trans="." type="punc">
    <tok_dipl id="t18_d1" trans="." utf="."/>
    <tok_anno ascii="." id="t18_m1" trans="." utf=".">
      <pos tag="$_"/>
      <pos_gen tag="$_"/>
      <punc tag="$E"/>
    </tok_anno>
  </token>
  <token id="t19" trans="do" type="token">
    <tok_dipl id="t19_d1" trans="do" utf="do"/>
    <tok_anno ascii="do" id="t19_m1" trans="do" utf="do">
      <norm tag="dô"/>
      <lemma tag="dô"/>
      <lemma_gen tag="dô"/>
      <lemma_idmwb tag="31164000"/>
      <pos tag="AVD"/>
      <pos_gen tag="AVD-KO"/>
      <infl tag="--"/>
      <inflClass tag="--"/>
      <inflClass_gen tag="--"/>
    </tok_anno>
  </token>
  <token id="t20" trans="nâm||er" type="token">
    <tok_dipl id="t20_d1" trans="nâmer" utf="nâmer"/>
    <tok_anno ascii="nam" id="t20_m1" trans="nâm|" utf="nâm">
      <norm tag="nam"/>
      <token_type tag="MS1"/>
      <lemma tag="nëmen"/>
      <lemma_gen tag="nëmen"/>
      <lemma_idmwb tag="120132000"/>
      <pos tag="VVFIN"/>
      <pos_gen tag="VV"/>
      <infl tag="Ind.Past.Sg.3"/>
      <inflClass tag="st4"/>
      <inflClass_gen tag="st4"/>
    </tok_anno>
    <tok_anno ascii="er" id="t20_m2" trans="|er" utf="er">
      <norm tag="er"/>
      <token_type tag="MS2"/>
      <lemma tag="ër"/>
      <lemma_gen tag="ër"/>
      <lemma_idmwb tag="40380000"/>
      <pos tag="PPER"/>
      <pos_gen tag="PPER"/>
      <infl tag="Masc.Nom.Sg.3"/>
      <inflClass tag="--"/>
      <inflClass_gen tag="--"/>
    </tok_anno>
  </token>
  <token id="t21" trans="den" type="token">
    <tok_dipl id="t21_d1" trans="den" utf="den"/>
    <tok_anno ascii="den" id="t21_m1" trans="den" utf="den">
      <norm tag="den"/>
      <lemma tag="dër"/>
      <lemma_gen tag="dër"/>
      <lemma_idmwb tag="29817000"/>
      <pos tag="DDART"/>
      <pos_gen tag="DD"/>
      <infl tag="Masc.Akk.Sg"/>
      <inflClass tag="--"/>
      <inflClass_gen tag="--"/>
    </tok_anno>
  </token>
  <token id="t22" trans="dv(=)men" type="token">
    <tok_dipl id="t22_d1" trans="dvmen" utf="dvmen"/>
    <tok_anno ascii="dvmen" id="t22_m1" trans="dv(=)men" utf="dvmen">
      <norm tag="dûmen"/>
      <token_type tag="UL"/>
      <lemma tag="dûme"/>
      <lemma_gen tag="dûme"/>
      <lemma_idmwb tag="32682000"/>
      <pos tag="NA"/>
      <pos_gen tag="NA"/>
      <infl tag="Akk.Sg"/>
      <inflClass tag="*.Masc"/>
      <inflClass_gen tag="*.Masc"/>
    </tok_anno>
  </token>
  <token id="t23" trans="." type="punc">
    <tok_dipl id="t23_d1" trans="." utf="."/>
    <tok_anno ascii="." id="t23_m1" trans="." utf=".">
      <pos tag="$_"/>
      <pos_gen tag="$_"/>
    </tok_anno>
  </token>
  <token id="t24" trans="unte" type="token">
    <tok_dipl id="t24_d1" trans="unte" utf="unte"/>
    <tok_anno ascii="unte" id="t24_m1" trans="unte" utf="unte">
      <norm tag="unde"/>
      <lemma tag="unte"/>
      <lemma_gen tag="unte"/>
      <lemma_idmwb tag="183108000"/>
      <pos tag="KON"/>
      <pos_gen tag="KO"/>
      <infl tag="--"/>
      <inflClass tag="--"/>
      <inflClass_gen tag="--"/>
    </tok_anno>
  </token>
  <token id="t25" trans="uor#dûhta" type="token">
    <tok_dipl id="t25_d1" trans="uor" utf="uor"/>
    <tok_dipl id="t25_d2" trans="dûhta" utf="dûhta"/>
    <tok_anno ascii="uorduhta" id="t25_m1" trans="uor#dûhta" utf="uordûhta">
      <norm tag="verdûhte"/>
      <token_type tag="US"/>
      <lemma tag="ver-diuhen"/>
      <lemma_gen tag="ver-diuhen"/>
      <lemma_idmwb tag="200994000"/>
      <pos tag="VVFIN"/>
      <pos_gen tag="VV"/>
      <infl tag="Ind.Past.Sg.3"/>
      <inflClass tag="wk"/>
      <inflClass_gen tag="wk"/>
    </tok_anno>
  </token>
  <token id="t26" trans="$e" type="token">
    <tok_dipl id="t26_d1" trans="$e" utf="ſe"/>
    <tok_anno ascii="se" id="t26_m1" trans="$e" utf="ſe">
      <norm tag="sie"/>
      <lemma tag="ër"/>
      <lemma_gen tag="ër"/>
      <lemma_idmwb tag="40380000"/>
      <pos tag="PPER"/>
      <pos_gen tag="PPER"/>
      <infl tag="Fem.Akk.Sg.3"/>
      <inflClass tag="--"/>
      <inflClass_gen tag="--"/>
    </tok_anno>
  </token>
  <token id="t27" trans="uorna(.)" type="token">
    <tok_dipl id="t27_d1" trans="uorna" utf="uorna"/>
    <tok_anno ascii="uorna" id="t27_m1" trans="uorna" utf="uorna">
      <norm tag="vorne"/>
      <lemma tag="vorn(e)"/>
      <lemma_gen tag="vorn(e)"/>
      <lemma_idmwb tag="214248000"/>
      <pos tag="AVD"/>
      <pos_gen tag="AVD"/>
      <infl tag="--"/>
      <inflClass tag="--"/>
      <inflClass_gen tag="--"/>
      <punc tag="DE"/>
    </tok_anno>
  </token>
  <token id="t28" trans="." type="punc">
    <tok_dipl id="t28_d1" trans="." utf="."/>
    <tok_anno ascii="." id="t28_m1" trans="." utf=".">
      <pos tag="$_"/>
      <pos_gen tag="$_"/>
      <punc tag="$E"/>
    </tok_anno>
  </token>
  <token id="t29" trans="So" type="token">
    <tok_dipl id="t29_d1" trans="So" utf="So"/>
    <tok_anno ascii="So" id="t29_m1" trans="So" utf="So">
      <norm tag="sô"/>
      <lemma tag="sô"/>
      <lemma_gen tag="sô"/>
      <lemma_idmwb tag="154164000"/>
      <pos tag="AVD"/>
      <pos_gen tag="AVD-KO"/>
      <infl tag="--"/>
      <inflClass tag="--"/>
      <inflClass_gen tag="--"/>
    </tok_anno>
  </token>
  <token id="t30" trans="uer#$tant" type="token">
    <tok_dipl id="t30_d1" trans="uer" utf="uer"/>
    <tok_dipl id="t30_d2" trans="$tant" utf="ſtant"/>
    <tok_anno ascii="uerstant" id="t30_m1" trans="uer#$tant" utf="uerſtant">
      <norm tag="stant"/>
      <token_type tag="US"/>
      <lemma tag="ver-stân"/>
      <lemma_gen tag="ver-stân"/>
      <lemma_idmwb tag="205629000"/>
      <pos tag="VVIMP"/>
      <pos_gen tag="VV"/>
      <infl tag="Sg.2"/>
      <inflClass tag="irr"/>
      <inflClass_gen tag="irr"/>
    </tok_anno>
  </token>
  <token id="t31" trans="du" type="token">
    <tok_dipl id="t31_d1" trans="du" utf="du"/>
    <tok_anno ascii="du" id="t31_m1" trans="du" utf="du">
      <norm tag="dû"/>
      <lemma tag="dû"/>
      <lemma_gen tag="dû"/>
      <lemma_idmwb tag="32607000"/>
      <pos tag="PPER"/>
      <pos_gen tag="PPER"/>
      <infl tag="Nom.Sg.2"/>
      <inflClass tag="--"/>
      <inflClass_gen tag="--"/>
    </tok_anno>
  </token>
  <token id="t32" trans="bluod,," type="token">
    <tok_dipl id="t32_d1" trans="bluod" utf="bluod"/>
    <tok_anno ascii="bluod" id="t32_m1" trans="bluod" utf="bluod">
      <norm tag="bluot"/>
      <lemma tag="bluot"/>
      <lemma_gen tag="bluot"/>
      <lemma_idmwb tag="22908000"/>
      <pos tag="NA"/>
      <pos_gen tag="NA"/>
      <infl tag="Nom.Sg"/>
      <inflClass tag="st.Neut"/>
      <inflClass_gen tag="st.Neut"/>
      <punc tag="S*"/>
    </tok_anno>
  </token>
  <token id="t33" trans="." type="punc">
    <tok_dipl id="t33_d1" trans="." utf="."/>
    <tok_anno ascii="." id="t33_m1" trans="." utf=".">
      <pos tag="$_"/>
      <pos_gen tag="$_"/>
    </tok_anno>
  </token>
  <token id="t34" trans="$ó#$e" type="token">
    <tok_dipl id="t34_d1" trans="$ó" utf="ſó"/>
    <tok_dipl id="t34_d2" trans="$e" utf="ſe"/>
    <tok_anno ascii="sose" id="t34_m1" trans="$ó#$e" utf="ſóſe">
      <norm tag="sôse"/>
      <token_type tag="US"/>
      <lemma tag="sô-sô"/>
      <lemma_gen tag="sô-sô"/>
      <lemma_idmwb tag="154173000"/>
      <pos tag="KO*"/>
      <pos_gen tag="KO"/>
      <infl tag="--"/>
      <inflClass tag="--"/>
      <inflClass_gen tag="--"/>
    </tok_anno>
  </token>
  <token id="t35" trans="iordani$" type="token">
    <tok_dipl id="t35_d1" trans="iordani$" utf="iordaniſ"/>
    <tok_anno ascii="iordanis" id="t35_m1" trans="iordani$" utf="iordaniſ">
      <norm tag="Jordanis"/>
      <lemma tag="Jordanes"/>
      <lemma_gen tag="Jordanes"/>
      <lemma_idmwb tag="--"/>
      <pos tag="NE"/>
      <pos_gen tag="FM"/>
      <infl tag="Gen.Sg"/>
      <inflClass tag="--"/>
      <inflClass_gen tag="--"/>
    </tok_anno>
  </token>
  <token id="t36" trans="áha" type="token">
    <tok_dipl id="t36_d1" trans="áha" utf="áha"/>
    <tok_anno ascii="aha" id="t36_m1" trans="áha" utf="áha">
      <norm tag="ahe"/>
      <lemma tag="ahe"/>
      <lemma_gen tag="ahe"/>
      <lemma_idmwb tag="3261000"/>
      <pos tag="NA"/>
      <pos_gen tag="NA"/>
      <infl tag="Nom.Sg"/>
      <inflClass tag="*.Fem"/>
      <inflClass_gen tag="*.Fem"/>
    </tok_anno>
  </token>
  <token id="t37" trans="uer$tunt,," type="token">
    <tok_dipl id="t37_d1" trans="uer$tunt" utf="uerſtunt"/>
    <tok_anno ascii="uerstunt" id="t37_m1" trans="uer$tunt" utf="uerſtunt">
      <norm tag="verstuont"/>
      <lemma tag="ver-stân"/>
      <lemma_gen tag="ver-stân"/>
      <lemma_idmwb tag="205629000"/>
      <pos tag="VVFIN"/>
      <pos_gen tag="VV"/>
      <infl tag="Ind.Past.Sg.3"/>
      <inflClass tag="irr"/>
      <inflClass_gen tag="irr"/>
      <punc tag="S*"/>
    </tok_anno>
  </token>
  <token id="t38" trans="." type="punc">
    <tok_dipl id="t38_d1" trans="." utf="."/>
    <tok_anno ascii="." id="t38_m1" trans="." utf=".">
      <pos tag="$_"/>
      <pos_gen tag="$_"/>
    </tok_anno>
  </token>
  <token id="t39" trans="do||der" type="token">
    <tok_dipl id="t39_d1" trans="doder" utf="doder"/>
    <tok_anno ascii="do" id="t39_m1" trans="do|" utf="do">
      <norm tag="dô"/>
      <token_type tag="MS1"/>
      <lemma tag="dô"/>
      <lemma_gen tag="dô"/>
      <lemma_idmwb tag="31164000"/>
      <pos tag="KOUS"/>
      <pos_gen tag="KO"/>
      <infl tag="--"/>
      <inflClass tag="--"/>
      <inflClass_gen tag="--"/>
    </tok_anno>
    <tok_anno ascii="der" id="t39_m2" trans="|der" utf="der">
      <norm tag="der"/>
      <token_type tag="MS2"/>
      <lemma tag="dër"/>
      <lemma_gen tag="dër"/>
      <lemma_idmwb tag="29817000"/>
      <pos tag="DDART"/>
      <pos_gen tag="DD"/>
      <infl tag="Masc.Nom.Sg"/>
      <inflClass tag="--"/>
      <inflClass_gen tag="--"/>
    </tok_anno>
  </token>
  <token id="t40" trans="heiligo" type="token">
    <tok_dipl id="t40_d1" trans="heiligo" utf="heiligo"/>
    <tok_anno ascii="heiligo" id="t40_m1" trans="heiligo" utf="heiligo">
      <norm tag="heilige"/>
      <lemma tag="hèilig"/>
      <lemma_gen tag="hèilig"/>
      <lemma_idmwb tag="70113000"/>
      <pos tag="ADJA"/>
      <pos_gen tag="ADJ"/>
      <infl tag="Pos.Masc.Nom.Sg.wk"/>
      <inflClass tag="--"/>
      <inflClass_gen tag="--"/>
    </tok_anno>
  </token>
  <token id="t41" trans="ioh\-es" type="token">
    <tok_dipl id="t41_d1" trans="ioh\-es" utf="ioh̄es"/>
    <tok_anno ascii="iohenes" id="t41_m1" trans="ioh\-es" utf="ioh̄es">
      <norm tag="Johanes"/>
      <lemma tag="Johan"/>
      <lemma_gen tag="Johan"/>
      <lemma_idmwb tag="--"/>
      <pos tag="NE"/>
      <pos_gen tag="NE"/>
      <infl tag="Nom.Sg"/>
      <inflClass tag="--"/>
      <inflClass_gen tag="--"/>
    </tok_anno>
  </token>
  <token id="t42" trans="den" type="token">
    <tok_dipl id="t42_d1" trans="den" utf="den"/>
    <tok_anno ascii="den" id="t42_m1" trans="den" utf="den">
      <norm tag="den"/>
      <lemma tag="dër"/>
      <lemma_gen tag="dër"/>
      <lemma_idmwb tag="29817000"/>
      <pos tag="DDART"/>
      <pos_gen tag="DD"/>
      <infl tag="Masc.Akk.Sg"/>
      <inflClass tag="--"/>
      <inflClass_gen tag="--"/>
    </tok_anno>
  </token>
  <token id="t43" trans="heilanden" type="token">
    <tok_dipl id="t43_d1" trans="heilanden" utf="heilanden"/>
    <tok_anno ascii="heilanden" id="t43_m1" trans="heilanden" utf="heilanden">
      <norm tag="heilanden"/>
      <lemma tag="hèilant"/>
      <lemma_gen tag="hèilant"/>
      <lemma_idmwb tag="70080000"/>
      <pos tag="NA"/>
      <pos_gen tag="NA"/>
      <infl tag="Akk.Sg"/>
      <inflClass tag="st.Masc"/>
      <inflClass_gen tag="st.Masc"/>
    </tok_anno>
  </token>
  <token id="t44" trans="cri$t" type="token">
    <tok_dipl id="t44_d1" trans="cri$t" utf="criſt"/>
    <tok_anno ascii="crist" id="t44_m1" trans="cri$t" utf="criſt">
      <norm tag="Krist"/>
      <lemma tag="Krist"/>
      <lemma_gen tag="Krist"/>
      <lemma_idmwb tag="95598000"/>
      <pos tag="NE"/>
      <pos_gen tag="NE"/>
      <infl tag="Akk.Sg"/>
      <inflClass tag="--"/>
      <inflClass_gen tag="--"/>
    </tok_anno>
  </token>
  <token id="t45" trans="in||íro" type="token">
    <tok_dipl id="t45_d1" trans="iníro" utf="iníro"/>
    <tok_anno ascii="in" id="t45_m1" trans="in|" utf="in">
      <norm tag="in"/>
      <token_type tag="MS1"/>
      <lemma tag="in"/>
      <lemma_gen tag="in"/>
      <lemma_idmwb tag="81741000"/>
      <pos tag="APPR"/>
      <pos_gen tag="AP"/>
      <infl tag="c.D"/>
      <inflClass tag="--"/>
      <inflClass_gen tag="--"/>
    </tok_anno>
    <tok_anno ascii="iro" id="t45_m2" trans="|íro" utf="íro">
      <norm tag="ire"/>
      <token_type tag="MS2"/>
      <lemma tag="ër"/>
      <lemma_gen tag="ër"/>
      <lemma_idmwb tag="40380000"/>
      <pos tag="PPER"/>
      <pos_gen tag="PPER"/>
      <infl tag="Fem.Dat.Sg.3"/>
      <inflClass tag="--"/>
      <inflClass_gen tag="--"/>
    </tok_anno>
  </token>
  <token id="t46" trans="tovfta(.)" type="token">
    <tok_dipl id="t46_d1" trans="tovfta" utf="tovfta"/>
    <tok_anno ascii="tovfta" id="t46_m1" trans="tovfta" utf="tovfta">
      <norm tag="toufte"/>
      <lemma tag="toufen"/>
      <lemma_gen tag="toufen"/>
      <lemma_idmwb tag="170043000"/>
      <pos tag="VVFIN"/>
      <pos_gen tag="VV"/>
      <infl tag="Ind.Past.Sg.3"/>
      <inflClass tag="wk"/>
      <inflClass_gen tag="wk"/>
      <punc tag="DE"/>
    </tok_anno>
  </token>
  <token id="t47" trans="." type="punc">
    <tok_dipl id="t47_d1" trans="." utf="."/>
    <tok_anno ascii="." id="t47_m1" trans="." utf=".">
      <pos tag="$_"/>
      <pos_gen tag="$_"/>
      <punc tag="$E"/>
    </tok_anno>
  </token>
  <token id="t48" trans="daz" type="token">
    <tok_dipl id="t48_d1" trans="daz" utf="daz"/>
    <tok_anno ascii="daz" id="t48_m1" trans="daz" utf="daz">
      <norm tag="daz"/>
      <lemma tag="dër"/>
      <lemma_gen tag="dër"/>
      <lemma_idmwb tag="29823000"/>
      <pos tag="DDS"/>
      <pos_gen tag="DD"/>
      <infl tag="Neut.Nom.Sg"/>
      <inflClass tag="--"/>
      <inflClass_gen tag="--"/>
    </tok_anno>
  </token>
  <token id="t49" trans="dir" type="token">
    <tok_dipl id="t49_d1" trans="dir" utf="dir"/>
    <tok_anno ascii="dir" id="t49_m1" trans="dir" utf="dir">
      <norm tag="dir"/>
      <lemma tag="dû"/>
      <lemma_gen tag="dû"/>
      <lemma_idmwb tag="32607000"/>
      <pos tag="PPER"/>
      <pos_gen tag="PPER"/>
      <infl tag="Dat.Sg.2"/>
      <inflClass tag="--"/>
      <inflClass_gen tag="--"/>
    </tok_anno>
  </token>
  <token id="t50" trans="zo||bvza(.)" type="token">
    <tok_dipl id="t50_d1" trans="zobvza" utf="zobvza"/>
    <tok_anno ascii="zo" id="t50_m1" trans="zo|" utf="zo">
      <norm tag="zuo"/>
      <token_type tag="MS1"/>
      <lemma tag="ze"/>
      <lemma_gen tag="ze"/>
      <lemma_idmwb tag="235656000"/>
      <pos tag="APPR"/>
      <pos_gen tag="AP"/>
      <infl tag="c.D"/>
      <inflClass tag="--"/>
      <inflClass_gen tag="--"/>
    </tok_anno>
    <tok_anno ascii="bvza" id="t50_m2" trans="|bvza" utf="bvza">
      <norm tag="buoze"/>
      <token_type tag="MS2"/>
      <lemma tag="buoz(e)"/>
      <lemma_gen tag="buoz(e)"/>
      <lemma_idmwb tag="???"/>
      <pos tag="NA"/>
      <pos_gen tag="NA"/>
      <infl tag="Dat.Sg"/>
      <inflClass tag="st.Fem"/>
      <inflClass_gen tag="*.Fem"/>
      <punc tag="DE"/>
    </tok_anno>
  </token>
  <token id="t51" trans="Cri$t" type="token">
    <tok_dipl id="t51_d1" trans="Cri$t" utf="Criſt"/>
    <tok_anno ascii="Crist" id="t51_m1" trans="Cri$t" utf="Criſt">
      <norm tag="Krist"/>
      <lemma tag="Krist"/>
      <lemma_gen tag="Krist"/>
      <lemma_idmwb tag="95598000"/>
      <pos tag="NE"/>
      <pos_gen tag="NE"/>
      <infl tag="Nom.Sg"/>
      <inflClass tag="--"/>
      <inflClass_gen tag="--"/>
    </tok_anno>
  </token>
  <token id="t52" trans="wart" type="token">
    <tok_dipl id="t52_d1" trans="wart" utf="wart"/>
    <tok_anno ascii="wart" id="t52_m1" trans="wart" utf="wart">
      <norm tag="wart"/>
      <lemma tag="wërden"/>
      <lemma_gen tag="wërden"/>
      <lemma_idmwb tag="225138000"/>
      <pos tag="VAFIN"/>
      <pos_gen tag="VA"/>
      <infl tag="Ind.Past.Sg.3"/>
      <inflClass tag="st3b"/>
      <inflClass_gen tag="st3b"/>
    </tok_anno>
  </token>
  <token id="t53" trans="hi" type="token">
    <tok_dipl id="t53_d1" trans="hi" utf="hi"/>
    <tok_anno ascii="hi" id="t53_m1" trans="hi" utf="hi">
      <norm tag="hier"/>
      <lemma tag="hièr"/>
      <lemma_gen tag="hièr"/>
      <lemma_idmwb tag="73965000"/>
      <pos tag="AVD"/>
      <pos_gen tag="AVD"/>
      <infl tag="--"/>
      <inflClass tag="--"/>
      <inflClass_gen tag="--"/>
    </tok_anno>
  </token>
  <token id="t54" trans="en" type="token">
    <tok_dipl id="t54_d1" trans="en" utf="en"/>
    <tok_anno ascii="en" id="t54_m1" trans="en" utf="en">
      <norm tag="in"/>
      <lemma tag="in"/>
      <lemma_gen tag="in"/>
      <lemma_idmwb tag="81741000"/>
      <pos tag="APPR"/>
      <pos_gen tag="AP"/>
      <infl tag="c.D"/>
      <inflClass tag="--"/>
      <inflClass_gen tag="--"/>
    </tok_anno>
  </token>
  <token id="t55" trans="erden" type="token">
    <tok_dipl id="t55_d1" trans="erden" utf="erden"/>
    <tok_anno ascii="erden" id="t55_m1" trans="erden" utf="erden">
      <norm tag="erden"/>
      <lemma tag="ërde"/>
      <lemma_gen tag="ërde"/>
      <lemma_idmwb tag="41217000"/>
      <pos tag="NA"/>
      <pos_gen tag="NA"/>
      <infl tag="Dat.Sg"/>
      <inflClass tag="st.Fem"/>
      <inflClass_gen tag="*.Fem"/>
    </tok_anno>
  </token>
  <token id="t56" trans="wnt(.)" type="token">
    <tok_dipl id="t56_d1" trans="wnt" utf="wnt"/>
    <tok_anno ascii="wnt" id="t56_m1" trans="wnt" utf="wnt">
      <norm tag="wunt"/>
      <lemma tag="wunt"/>
      <lemma_gen tag="wunt"/>
      <lemma_idmwb tag="234558000"/>
      <pos tag="ADJD"/>
      <pos_gen tag="ADJ"/>
      <infl tag="Pos....0"/>
      <inflClass tag="--"/>
      <inflClass_gen tag="--"/>
      <punc tag="DE"/>
    </tok_anno>
  </token>
  <token id="t57" trans="." type="punc">
    <tok_dipl id="t57_d1" trans="." utf="."/>
    <tok_anno ascii="." id="t57_m1" trans="." utf=".">
      <pos tag="$_"/>
      <pos_gen tag="$_"/>
      <punc tag="$E"/>
    </tok_anno>
  </token>
  <token id="t58" trans="daz" type="token">
    <tok_dipl id="t58_d1" trans="daz" utf="daz"/>
    <tok_anno ascii="daz" id="t58_m1" trans="daz" utf="daz">
      <norm tag="daz"/>
      <lemma tag="dër"/>
      <lemma_gen tag="dër"/>
      <lemma_idmwb tag="29823000"/>
      <pos tag="DDS"/>
      <pos_gen tag="DD"/>
      <infl tag="Neut.Nom.Sg"/>
      <inflClass tag="--"/>
      <inflClass_gen tag="--"/>
    </tok_anno>
  </token>
  <token id="t59" trans="wart" type="token">
    <tok_dipl id="t59_d1" trans="wart" utf="wart"/>
    <tok_anno ascii="wart" id="t59_m1" trans="wart" utf="wart">
      <norm tag="wart"/>
      <lemma tag="wërden"/>
      <lemma_gen tag="wërden"/>
      <lemma_idmwb tag="225138000"/>
      <pos tag="VAFIN"/>
      <pos_gen tag="VA"/>
      <infl tag="Ind.Past.Sg.3"/>
      <inflClass tag="st3b"/>
      <inflClass_gen tag="st3b"/>
    </tok_anno>
  </token>
  <token id="t60" trans="da" type="token">
    <tok_dipl id="t60_d1" trans="da" utf="da"/>
    <tok_anno ascii="da" id="t60_m1" trans="da" utf="da">
      <norm tag="dâ"/>
      <lemma tag="dâr"/>
      <lemma_gen tag="dâr"/>
      <lemma_idmwb tag="28932000"/>
      <pos tag="AVD"/>
      <pos_gen tag="AVD"/>
      <infl tag="--"/>
      <inflClass tag="--"/>
      <inflClass_gen tag="--"/>
    </tok_anno>
  </token>
  <token id="t61" trans="ze" type="token">
    <tok_dipl id="t61_d1" trans="ze" utf="ze"/>
    <tok_anno ascii="ze" id="t61_m1" trans="ze" utf="ze">
      <norm tag="ze"/>
      <lemma tag="ze"/>
      <lemma_gen tag="ze"/>
      <lemma_idmwb tag="235656000"/>
      <pos tag="APPR"/>
      <pos_gen tag="AP"/>
      <infl tag="c.D"/>
      <inflClass tag="--"/>
      <inflClass_gen tag="--"/>
    </tok_anno>
  </token>
  <token id="t62" trans="himele" type="token">
    <tok_dipl id="t62_d1" trans="himele" utf="himele"/>
    <tok_anno ascii="himele" id="t62_m1" trans="himele" utf="himele">
      <norm tag="himele"/>
      <lemma tag="himel"/>
      <lemma_gen tag="himel"/>
      <lemma_idmwb tag="74049000"/>
      <pos tag="NA"/>
      <pos_gen tag="NA"/>
      <infl tag="Dat.Sg"/>
      <inflClass tag="st.Masc"/>
      <inflClass_gen tag="st.Masc"/>
    </tok_anno>
  </token>
  <token id="t63" trans="chunt(.)" type="token">
    <tok_dipl id="t63_d1" trans="chunt" utf="chunt"/>
    <tok_anno ascii="chunt" id="t63_m1" trans="chunt" utf="chunt">
      <norm tag="kunt"/>
      <lemma tag="kund"/>
      <lemma_gen tag="kund"/>
      <lemma_idmwb tag="97482000"/>
      <pos tag="ADJD"/>
      <pos_gen tag="ADJ"/>
      <infl tag="Pos....0"/>
      <inflClass tag="--"/>
      <inflClass_gen tag="--"/>
      <punc tag="DE"/>
    </tok_anno>
  </token>
  <token id="t64" trans="." type="punc">
    <tok_dipl id="t64_d1" trans="." utf="."/>
    <tok_anno ascii="." id="t64_m1" trans="." utf=".">
      <pos tag="$_"/>
      <pos_gen tag="$_"/>
      <punc tag="$E"/>
    </tok_anno>
  </token>
  <token id="t65" trans="iz||ne" type="token">
    <tok_dipl id="t65_d1" trans="izne" utf="izne"/>
    <tok_anno ascii="iz" id="t65_m1" trans="iz|" utf="iz">
      <norm tag="iz"/>
      <token_type tag="MS1"/>
      <lemma tag="ër"/>
      <lemma_gen tag="ër"/>
      <lemma_idmwb tag="40380000"/>
      <pos tag="PPER"/>
      <pos_gen tag="PPER"/>
      <infl tag="Neut.Nom.Sg.3"/>
      <inflClass tag="--"/>
      <inflClass_gen tag="--"/>
    </tok_anno>
    <tok_anno ascii="ne" id="t65_m2" trans="|ne" utf="ne">
      <norm tag="ne"/>
      <token_type tag="MS2"/>
      <lemma tag="ne"/>
      <lemma_gen tag="ne"/>
      <lemma_idmwb tag="119841000"/>
      <pos tag="PTKNEG"/>
      <pos_gen tag="PTK"/>
      <infl tag="--"/>
      <inflClass tag="--"/>
      <inflClass_gen tag="--"/>
    </tok_anno>
  </token>
  <token id="t66" trans="blo\vtete" type="token">
    <tok_dipl id="t66_d1" trans="blo\vtete" utf="bloͮtete"/>
    <tok_anno ascii="blovtete" id="t66_m1" trans="blo\vtete" utf="bloͮtete">
      <norm tag="bluotete"/>
      <lemma tag="bluoten"/>
      <lemma_gen tag="bluoten"/>
      <lemma_idmwb tag="22935000"/>
      <pos tag="VVFIN"/>
      <pos_gen tag="VV"/>
      <infl tag="Ind.Past.Sg.3"/>
      <inflClass tag="wk"/>
      <inflClass_gen tag="wk"/>
    </tok_anno>
  </token>
  <token id="t67" trans="." type="punc">
    <tok_dipl id="t67_d1" trans="." utf="."/>
    <tok_anno ascii="." id="t67_m1" trans="." utf=".">
      <pos tag="$_"/>
      <pos_gen tag="$_"/>
    </tok_anno>
  </token>
  <token id="t68" trans="noch" type="token">
    <tok_dipl id="t68_d1" trans="noch" utf="noch"/>
    <tok_anno ascii="noch" id="t68_m1" trans="noch" utf="noch">
      <norm tag="noch"/>
      <lemma tag="noh"/>
      <lemma_gen tag="noh"/>
      <lemma_idmwb tag="121980000"/>
      <pos tag="KON"/>
      <pos_gen tag="KO"/>
      <infl tag="--"/>
      <inflClass tag="--"/>
      <inflClass_gen tag="--"/>
    </tok_anno>
  </token>
  <token id="t69" trans="ne" type="token">
    <tok_dipl id="t69_d1" trans="ne" utf="ne"/>
    <tok_anno ascii="ne" id="t69_m1" trans="ne" utf="ne">
      <norm tag="ne"/>
      <lemma tag="ne"/>
      <lemma_gen tag="ne"/>
      <lemma_idmwb tag="119841000"/>
      <pos tag="PTKNEG"/>
      <pos_gen tag="PTK"/>
      <infl tag="--"/>
      <inflClass tag="--"/>
      <inflClass_gen tag="--"/>
    </tok_anno>
  </token>
  <token id="t70" trans="$var" type="token">
    <tok_dipl id="t70_d1" trans="$var" utf="ſvar"/>
    <tok_anno ascii="svar" id="t70_m1" trans="$var" utf="ſvar">
      <norm tag="swar"/>
      <lemma tag="swër(e)n"/>
      <lemma_gen tag="swër(e)n"/>
      <lemma_idmwb tag="165459000"/>
      <pos tag="VVFIN"/>
      <pos_gen tag="VV"/>
      <infl tag="Ind.Past.Sg.3"/>
      <inflClass tag="st4"/>
      <inflClass_gen tag="st4"/>
    </tok_anno>
  </token>
  <token id="t71" trans="." type="punc">
    <tok_dipl id="t71_d1" trans="." utf="."/>
    <tok_anno ascii="." id="t71_m1" trans="." utf=".">
      <pos tag="$_"/>
      <pos_gen tag="$_"/>
    </tok_anno>
  </token>
  <token id="t72" trans="noch" type="token">
    <tok_dipl id="t72_d1" trans="noch" utf="noch"/>
    <tok_anno ascii="noch" id="t72_m1" trans="noch" utf="noch">
      <norm tag="noch"/>
      <lemma tag="noh"/>
      <lemma_gen tag="noh"/>
      <lemma_idmwb tag="121980000"/>
      <pos tag="KON"/>
      <pos_gen tag="KO"/>
      <infl tag="--"/>
      <inflClass tag="--"/>
      <inflClass_gen tag="--"/>
    </tok_anno>
  </token>
  <token id="t73" trans="nechein" type="token">
    <tok_dipl id="t73_d1" trans="nechein" utf="nechein"/>
    <tok_anno ascii="nechein" id="t73_m1" trans="nechein" utf="nechein">
      <norm tag="nechein"/>
      <lemma tag="neh-èin"/>
      <lemma_gen tag="neh-èin"/>
      <lemma_idmwb tag="120018000"/>
      <pos tag="DIA"/>
      <pos_gen tag="DI"/>
      <infl tag="Neut.Akk.Sg.0"/>
      <inflClass tag="--"/>
      <inflClass_gen tag="--"/>
    </tok_anno>
  </token>
  <token id="t74" trans="eiter" type="token">
    <tok_dipl id="t74_d1" trans="eiter" utf="eiter"/>
    <tok_anno ascii="eiter" id="t74_m1" trans="eiter" utf="eiter">
      <norm tag="eiter"/>
      <lemma tag="èiter"/>
      <lemma_gen tag="èiter"/>
      <lemma_idmwb tag="36651000"/>
      <pos tag="NA"/>
      <pos_gen tag="NA"/>
      <infl tag="Akk.Sg"/>
      <inflClass tag="st.Neut"/>
      <inflClass_gen tag="st.Neut"/>
    </tok_anno>
  </token>
  <token id="t75" trans="ne" type="token">
    <tok_dipl id="t75_d1" trans="ne" utf="ne"/>
    <tok_anno ascii="ne" id="t75_m1" trans="ne" utf="ne">
      <norm tag="ne"/>
      <lemma tag="ne"/>
      <lemma_gen tag="ne"/>
      <lemma_idmwb tag="119841000"/>
      <pos tag="PTKNEG"/>
      <pos_gen tag="PTK"/>
      <infl tag="--"/>
      <inflClass tag="--"/>
      <inflClass_gen tag="--"/>
    </tok_anno>
  </token>
  <token id="t76" trans="bar(.)" type="token">
    <tok_dipl id="t76_d1" trans="bar" utf="bar"/>
    <tok_anno ascii="bar" id="t76_m1" trans="bar" utf="bar">
      <norm tag="bar"/>
      <lemma tag="bër(e)n"/>
      <lemma_gen tag="bër(e)n"/>
      <lemma_idmwb tag="15879000"/>
      <pos tag="VVFIN"/>
      <pos_gen tag="VV"/>
      <infl tag="Ind.Past.Sg.3"/>
      <inflClass tag="st4"/>
      <inflClass_gen tag="st4"/>
      <punc tag="DE"/>
    </tok_anno>
  </token>
  <token id="t77" trans="." type="punc">
    <tok_dipl id="t77_d1" trans="." utf="."/>
    <tok_anno ascii="." id="t77_m1" trans="." utf=".">
      <pos tag="$_"/>
      <pos_gen tag="$_"/>
      <punc tag="$E"/>
    </tok_anno>
  </token>
  <token id="t78" trans="taz" type="token">
    <tok_dipl id="t78_d1" trans="taz" utf="taz"/>
    <tok_anno ascii="taz" id="t78_m1" trans="taz" utf="taz">
      <norm tag="daz"/>
      <lemma tag="dër"/>
      <lemma_gen tag="dër"/>
      <lemma_idmwb tag="29823000"/>
      <pos tag="DDS"/>
      <pos_gen tag="DD"/>
      <infl tag="Neut.Nom.Sg"/>
      <inflClass tag="--"/>
      <inflClass_gen tag="--"/>
    </tok_anno>
  </token>
  <token id="t79" trans="was" type="token">
    <tok_dipl id="t79_d1" trans="was" utf="was"/>
    <tok_anno ascii="was" id="t79_m1" trans="was" utf="was">
      <norm tag="was"/>
      <lemma tag="wësen"/>
      <lemma_gen tag="wësen"/>
      <lemma_idmwb tag="225783000"/>
      <pos tag="VAFIN"/>
      <pos_gen tag="VA"/>
      <infl tag="Ind.Past.Sg.3"/>
      <inflClass tag="st5"/>
      <inflClass_gen tag="st5"/>
    </tok_anno>
  </token>
  <token id="t80" trans="ein" type="token">
    <tok_dipl id="t80_d1" trans="ein" utf="ein"/>
    <tok_anno ascii="ein" id="t80_m1" trans="ein" utf="ein">
      <norm tag="ein"/>
      <lemma tag="èin"/>
      <lemma_gen tag="èin"/>
      <lemma_idmwb tag="35925000"/>
      <pos tag="CARDA"/>
      <pos_gen tag="CARD"/>
      <infl tag="Fem.Nom.Sg.0"/>
      <inflClass tag="--"/>
      <inflClass_gen tag="--"/>
    </tok_anno>
  </token>
  <token id="t81" trans="file" type="token">
    <tok_dipl id="t81_d1" trans="file" utf="file"/>
    <tok_anno ascii="file" id="t81_m1" trans="file" utf="file">
      <norm tag="vile"/>
      <lemma tag="vil(e)"/>
      <lemma_gen tag="vil(e)"/>
      <lemma_idmwb tag="208917000"/>
      <pos tag="AVD"/>
      <pos_gen tag="AVD"/>
      <infl tag="--"/>
      <inflClass tag="--"/>
      <inflClass_gen tag="--"/>
    </tok_anno>
  </token>
  <token id="t82" trans="go\vte" type="token">
    <tok_dipl id="t82_d1" trans="go\vte" utf="goͮte"/>
    <tok_anno ascii="govte" id="t82_m1" trans="go\vte" utf="goͮte">
      <norm tag="guote"/>
      <lemma tag="guot"/>
      <lemma_gen tag="guot"/>
      <lemma_idmwb tag="66528000"/>
      <pos tag="ADJA"/>
      <pos_gen tag="ADJ"/>
      <infl tag="Pos.Fem.Nom.Sg.st"/>
      <inflClass tag="--"/>
      <inflClass_gen tag="--"/>
    </tok_anno>
  </token>
  <token id="t83" trans="$tunte(.)" type="token">
    <tok_dipl id="t83_d1" trans="$tunte" utf="ſtunte"/>
    <tok_anno ascii="stunte" id="t83_m1" trans="$tunte" utf="ſtunte">
      <norm tag="stunte"/>
      <lemma tag="stunt(e)"/>
      <lemma_gen tag="stunt(e)"/>
      <lemma_idmwb tag="161682000"/>
      <pos tag="NA"/>
      <pos_gen tag="NA"/>
      <infl tag="Nom.Sg"/>
      <inflClass tag="*.Fem"/>
      <inflClass_gen tag="*.Fem"/>
      <punc tag="DE"/>
    </tok_anno>
  </token>
  <token id="t84" trans="." type="punc">
    <tok_dipl id="t84_d1" trans="." utf="."/>
    <tok_anno ascii="." id="t84_m1" trans="." utf=".">
      <pos tag="$_"/>
      <pos_gen tag="$_"/>
      <punc tag="$E"/>
    </tok_anno>
  </token>
  <token id="t85" trans="heil" type="token">
    <tok_dipl id="t85_d1" trans="heil" utf="heil"/>
    <tok_anno ascii="heil" id="t85_m1" trans="heil" utf="heil">
      <norm tag="heil"/>
      <lemma tag="hèil"/>
      <lemma_gen tag="hèil"/>
      <lemma_idmwb tag="70068000"/>
      <pos tag="ADJD"/>
      <pos_gen tag="ADJ"/>
      <infl tag="Pos....0"/>
      <inflClass tag="--"/>
      <inflClass_gen tag="--"/>
    </tok_anno>
  </token>
  <token id="t86" trans="$is" type="token">
    <tok_dipl id="t86_d1" trans="$is" utf="ſis"/>
    <tok_anno ascii="sis" id="t86_m1" trans="$is" utf="ſis">
      <norm tag="sîs"/>
      <lemma tag="sîn"/>
      <lemma_gen tag="sîn"/>
      <lemma_idmwb tag="150147000"/>
      <pos tag="VAFIN"/>
      <pos_gen tag="VA"/>
      <infl tag="Subj.Pres.Sg.2"/>
      <inflClass tag="irr"/>
      <inflClass_gen tag="irr"/>
    </tok_anno>
  </token>
  <token id="t87" trans="tu\o,," type="token">
    <tok_dipl id="t87_d1" trans="tu\o" utf="tuͦ"/>
    <tok_anno ascii="tuo" id="t87_m1" trans="tu\o" utf="tuͦ">
      <norm tag="dû"/>
      <lemma tag="dû"/>
      <lemma_gen tag="dû"/>
      <lemma_idmwb tag="32607000"/>
      <pos tag="PPER"/>
      <pos_gen tag="PPER"/>
      <infl tag="Nom.Sg.2"/>
      <inflClass tag="--"/>
      <inflClass_gen tag="--"/>
      <punc tag="S*"/>
    </tok_anno>
  </token>
  <token id="t88" trans="wnte(!)" type="token">
    <tok_dipl id="t88_d1" trans="wnte" utf="wnte"/>
    <tok_anno ascii="wnte" id="t88_m1" trans="wnte" utf="wnte">
      <norm tag="wunde"/>
      <lemma tag="wunte"/>
      <lemma_gen tag="wunte"/>
      <lemma_idmwb tag="233895000"/>
      <pos tag="NA"/>
      <pos_gen tag="NA"/>
      <infl tag="Nom.Sg"/>
      <inflClass tag="*.Fem"/>
      <inflClass_gen tag="*.Fem"/>
      <punc tag="EE"/>
    </tok_anno>
  </token>
  <token id="t89" trans="." type="punc">
    <tok_dipl id="t89_d1" trans="." utf="."/>
    <tok_anno ascii="." id="t89_m1" trans="." utf=".">
      <pos tag="$_"/>
      <pos_gen tag="$_"/>
      <punc tag="$E"/>
    </tok_anno>
  </token>
  <token id="t90" trans="In" type="token">
    <tok_dipl id="t90_d1" trans="In" utf="In"/>
    <tok_anno ascii="In" id="t90_m1" trans="In" utf="In">
      <norm tag="--"/>
      <lemma tag="in"/>
      <lemma_gen tag="in"/>
      <lemma_idmwb tag="--"/>
      <pos tag="FM"/>
      <pos_gen tag="FM"/>
      <infl tag="--"/>
      <inflClass tag="--"/>
      <inflClass_gen tag="--"/>
    </tok_anno>
  </token>
  <comment type="K">/L[+]</comment>
  <token id="t91" trans="nomine" type="token">
    <tok_dipl id="t91_d1" trans="nomine" utf="nomine"/>
    <tok_anno ascii="nomine" id="t91_m1" trans="nomine" utf="nomine">
      <norm tag="--"/>
      <lemma tag="nomine"/>
      <lemma_gen tag="nomine"/>
      <lemma_idmwb tag="--"/>
      <pos tag="FM"/>
      <pos_gen tag="FM"/>
      <infl tag="--"/>
      <inflClass tag="--"/>
      <inflClass_gen tag="--"/>
    </tok_anno>
  </token>
  <token id="t92" trans="Ihesu" type="token">
    <tok_dipl id="t92_d1" trans="Ihesu" utf="Ihesu"/>
    <tok_anno ascii="Ihesu" id="t92_m1" trans="Ihesu" utf="Ihesu">
      <norm tag="--"/>
      <lemma tag="ihesu"/>
      <lemma_gen tag="ihesu"/>
      <lemma_idmwb tag="--"/>
      <pos tag="FM"/>
      <pos_gen tag="FM"/>
      <infl tag="--"/>
      <inflClass tag="--"/>
      <inflClass_gen tag="--"/>
    </tok_anno>
  </token>
  <token id="t93" trans="Christi(.)" type="token">
    <tok_dipl id="t93_d1" trans="Christi" utf="Christi"/>
    <tok_anno ascii="Christi" id="t93_m1" trans="Christi" utf="Christi">
      <norm tag="--"/>
      <lemma tag="christi"/>
      <lemma_gen tag="christi"/>
      <lemma_idmwb tag="--"/>
      <pos tag="FM"/>
      <pos_gen tag="FM"/>
      <infl tag="--"/>
      <inflClass tag="--"/>
      <inflClass_gen tag="--"/>
      <punc tag="DE"/>
    </tok_anno>
  </token>
  <comment type="K">/L[@]</comment>
  <token id="t94" trans="daz" type="token">
    <tok_dipl id="t94_d1" trans="daz" utf="daz"/>
    <tok_anno ascii="daz" id="t94_m1" trans="daz" utf="daz">
      <norm tag="daz"/>
      <lemma tag="dër"/>
      <lemma_gen tag="dër"/>
      <lemma_idmwb tag="29823000"/>
      <pos tag="DDS"/>
      <pos_gen tag="DD"/>
      <infl tag="Neut.Nom.Sg"/>
      <inflClass tag="--"/>
      <inflClass_gen tag="--"/>
    </tok_anno>
  </token>
  <token id="t95" trans="dir" type="token">
    <tok_dipl id="t95_d1" trans="dir" utf="dir"/>
    <tok_anno ascii="dir" id="t95_m1" trans="dir" utf="dir">
      <norm tag="dir"/>
      <lemma tag="dû"/>
      <lemma_gen tag="dû"/>
      <lemma_idmwb tag="32607000"/>
      <pos tag="PPER"/>
      <pos_gen tag="PPER"/>
      <infl tag="Dat.Sg.2"/>
      <inflClass tag="--"/>
      <inflClass_gen tag="--"/>
    </tok_anno>
  </token>
  <token id="t96" trans="ze" type="token">
    <tok_dipl id="t96_d1" trans="ze" utf="ze"/>
    <tok_anno ascii="ze" id="t96_m1" trans="ze" utf="ze">
      <norm tag="ze"/>
      <lemma tag="ze"/>
      <lemma_gen tag="ze"/>
      <lemma_idmwb tag="235656000"/>
      <pos tag="APPR"/>
      <pos_gen tag="AP"/>
      <infl tag="c.D"/>
      <inflClass tag="--"/>
      <inflClass_gen tag="--"/>
    </tok_anno>
  </token>
  <token id="t97" trans="bvze(.)" type="token">
    <tok_dipl id="t97_d1" trans="bvze" utf="bvze"/>
    <tok_anno ascii="bvze" id="t97_m1" trans="bvze" utf="bvze">
      <norm tag="buoze"/>
      <lemma tag="buoz(e)"/>
      <lemma_gen tag="buoz(e)"/>
      <lemma_idmwb tag="???"/>
      <pos tag="NA"/>
      <pos_gen tag="NA"/>
      <infl tag="Dat.Sg"/>
      <inflClass tag="st.Fem"/>
      <inflClass_gen tag="*.Fem"/>
      <punc tag="DE"/>
    </tok_anno>
  </token>
  <token id="t98" trans="Pater" type="token">
    <tok_dipl id="t98_d1" trans="Pater" utf="Pater"/>
    <tok_anno ascii="Pater" id="t98_m1" trans="Pater" utf="Pater">
      <norm tag="--"/>
      <lemma tag="pater"/>
      <lemma_gen tag="pater"/>
      <lemma_idmwb tag="--"/>
      <pos tag="FM"/>
      <pos_gen tag="FM"/>
      <infl tag="--"/>
      <inflClass tag="--"/>
      <inflClass_gen tag="--"/>
    </tok_anno>
  </token>
  <comment type="K">/L[+]</comment>
  <token id="t99" trans="noster(.)" type="token">
    <tok_dipl id="t99_d1" trans="noster" utf="noster"/>
    <tok_anno ascii="noster" id="t99_m1" trans="noster" utf="noster">
      <norm tag="--"/>
      <lemma tag="noster"/>
      <lemma_gen tag="noster"/>
      <lemma_idmwb tag="--"/>
      <pos tag="FM"/>
      <pos_gen tag="FM"/>
      <infl tag="--"/>
      <inflClass tag="--"/>
      <inflClass_gen tag="--"/>
      <punc tag="DE"/>
    </tok_anno>
  </token>
  <token id="t100" trans="ter(.)" type="token">
    <tok_dipl id="t100_d1" trans="ter" utf="ter"/>
    <tok_anno ascii="ter" id="t100_m1" trans="ter" utf="ter">
      <norm tag="--"/>
      <lemma tag="ter"/>
      <lemma_gen tag="ter"/>
      <lemma_idmwb tag="--"/>
      <pos tag="FM"/>
      <pos_gen tag="FM"/>
      <infl tag="--"/>
      <inflClass tag="--"/>
      <inflClass_gen tag="--"/>
      <punc tag="DE"/>
    </tok_anno>
  </token>
  <token id="t101" trans="Et" type="token">
    <tok_dipl id="t101_d1" trans="Et" utf="Et"/>
    <tok_anno ascii="Et" id="t101_m1" trans="Et" utf="Et">
      <norm tag="--"/>
      <lemma tag="et"/>
      <lemma_gen tag="et"/>
      <lemma_idmwb tag="--"/>
      <pos tag="FM"/>
      <pos_gen tag="FM"/>
      <infl tag="--"/>
      <inflClass tag="--"/>
      <inflClass_gen tag="--"/>
    </tok_anno>
  </token>
  <token id="t102" trans="addens" type="token">
    <tok_dipl id="t102_d1" trans="addens" utf="addens"/>
    <tok_anno ascii="addens" id="t102_m1" trans="addens" utf="addens">
      <norm tag="--"/>
      <lemma tag="addens"/>
      <lemma_gen tag="addens"/>
      <lemma_idmwb tag="--"/>
      <pos tag="FM"/>
      <pos_gen tag="FM"/>
      <infl tag="--"/>
      <inflClass tag="--"/>
      <inflClass_gen tag="--"/>
    </tok_anno>
  </token>
  <token id="t103" trans="hoc" type="token">
    <tok_dipl id="t103_d1" trans="hoc" utf="hoc"/>
    <tok_anno ascii="hoc" id="t103_m1" trans="hoc" utf="hoc">
      <norm tag="--"/>
      <lemma tag="hoc"/>
      <lemma_gen tag="hoc"/>
      <lemma_idmwb tag="--"/>
      <pos tag="FM"/>
      <pos_gen tag="FM"/>
      <infl tag="--"/>
      <inflClass tag="--"/>
      <inflClass_gen tag="--"/>
    </tok_anno>
  </token>
  <token id="t104" trans="item" type="token">
    <tok_dipl id="t104_d1" trans="item" utf="item"/>
    <tok_anno ascii="item" id="t104_m1" trans="item" utf="item">
      <norm tag="--"/>
      <lemma tag="item"/>
      <lemma_gen tag="item"/>
      <lemma_idmwb tag="--"/>
      <pos tag="FM"/>
      <pos_gen tag="FM"/>
      <infl tag="--"/>
      <inflClass tag="--"/>
      <inflClass_gen tag="--"/>
    </tok_anno>
  </token>
  <token id="t105" trans="ter(.)" type="token">
    <tok_dipl id="t105_d1" trans="ter" utf="ter"/>
    <tok_anno ascii="ter" id="t105_m1" trans="ter" utf="ter">
      <norm tag="--"/>
      <lemma tag="ter"/>
      <lemma_gen tag="ter"/>
      <lemma_idmwb tag="--"/>
      <pos tag="FM"/>
      <pos_gen tag="FM"/>
      <infl tag="--"/>
      <inflClass tag="--"/>
      <inflClass_gen tag="--"/>
      <punc tag="DE"/>
    </tok_anno>
  </token>
  <comment type="K">/L[@]</comment>
  <token id="t106" trans="Ich" type="token">
    <tok_dipl id="t106_d1" trans="Ich" utf="Ich"/>
    <tok_anno ascii="Ich" id="t106_m1" trans="Ich" utf="Ich">
      <norm tag="ich"/>
      <lemma tag="ich"/>
      <lemma_gen tag="ich"/>
      <lemma_idmwb tag="81210000"/>
      <pos tag="PPER"/>
      <pos_gen tag="PPER"/>
      <infl tag="Nom.Sg.1"/>
      <inflClass tag="--"/>
      <inflClass_gen tag="--"/>
    </tok_anno>
  </token>
  <token id="t107" trans="besuere" type="token">
    <tok_dipl id="t107_d1" trans="besuere" utf="besuere"/>
    <tok_anno ascii="besuere" id="t107_m1" trans="besuere" utf="besuere">
      <norm tag="beswere"/>
      <lemma tag="be-swèr(e)n"/>
      <lemma_gen tag="be-swèr(e)n"/>
      <lemma_idmwb tag="17907000"/>
      <pos tag="VVFIN"/>
      <pos_gen tag="VV"/>
      <infl tag="*.Pres.Sg.1"/>
      <inflClass tag="st6b"/>
      <inflClass_gen tag="st6b"/>
    </tok_anno>
  </token>
  <token id="t108" trans="dich" type="token">
    <tok_dipl id="t108_d1" trans="dich" utf="dich"/>
    <tok_anno ascii="dich" id="t108_m1" trans="dich" utf="dich">
      <norm tag="dich"/>
      <lemma tag="dû"/>
      <lemma_gen tag="dû"/>
      <lemma_idmwb tag="32607000"/>
      <pos tag="PPER"/>
      <pos_gen tag="PPER"/>
      <infl tag="Akk.Sg.2"/>
      <inflClass tag="--"/>
      <inflClass_gen tag="--"/>
    </tok_anno>
  </token>
  <token id="t109" trans="bi" type="token">
    <tok_dipl id="t109_d1" trans="bi" utf="bi"/>
    <tok_anno ascii="bi" id="t109_m1" trans="bi" utf="bi">
      <norm tag="bî"/>
      <lemma tag="bî"/>
      <lemma_gen tag="bî"/>
      <lemma_idmwb tag="19761000"/>
      <pos tag="AVD"/>
      <pos_gen tag="AVD"/>
      <infl tag="--"/>
      <inflClass tag="--"/>
      <inflClass_gen tag="--"/>
    </tok_anno>
  </token>
  <token id="t110" trans="den" type="token">
    <tok_dipl id="t110_d1" trans="den" utf="den"/>
    <tok_anno ascii="den" id="t110_m1" trans="den" utf="den">
      <norm tag="den"/>
      <lemma tag="dër"/>
      <lemma_gen tag="dër"/>
      <lemma_idmwb tag="29817000"/>
      <pos tag="DDART"/>
      <pos_gen tag="DD"/>
      <infl tag="*.Dat.Pl"/>
      <inflClass tag="--"/>
      <inflClass_gen tag="--"/>
    </tok_anno>
  </token>
  <token id="t111" trans="heiligen" type="token">
    <tok_dipl id="t111_d1" trans="heiligen" utf="heiligen"/>
    <tok_anno ascii="heiligen" id="t111_m1" trans="heiligen" utf="heiligen">
      <norm tag="heiligen"/>
      <lemma tag="hèilig"/>
      <lemma_gen tag="hèilig"/>
      <lemma_idmwb tag="70113000"/>
      <pos tag="ADJA"/>
      <pos_gen tag="ADJ"/>
      <infl tag="Pos.*.Dat.Pl.*"/>
      <inflClass tag="--"/>
      <inflClass_gen tag="--"/>
    </tok_anno>
  </token>
  <token id="t112" trans="fûf" type="token">
    <tok_dipl id="t112_d1" trans="fûf" utf="fûf"/>
    <tok_anno ascii="fuf" id="t112_m1" trans="fûf" utf="fûf">
      <norm tag="vünv"/>
      <lemma tag="vünv"/>
      <lemma_gen tag="vünv"/>
      <lemma_idmwb tag="217875000"/>
      <pos tag="CARDA"/>
      <pos_gen tag="CARD"/>
      <infl tag="*.*.*.0"/>
      <inflClass tag="--"/>
      <inflClass_gen tag="--"/>
    </tok_anno>
  </token>
  <token id="t113" trans="wnten(:)" type="token">
    <tok_dipl id="t113_d1" trans="wnten" utf="wnten"/>
    <tok_anno ascii="wnten" id="t113_m1" trans="wnten" utf="wnten">
      <norm tag="wunden"/>
      <lemma tag="wunte"/>
      <lemma_gen tag="wunte"/>
      <lemma_idmwb tag="233895000"/>
      <pos tag="NA"/>
      <pos_gen tag="NA"/>
      <infl tag="Dat.Pl"/>
      <inflClass tag="*.Fem"/>
      <inflClass_gen tag="*.Fem"/>
      <punc tag="DE"/>
    </tok_anno>
  </token>
  <token id="t114" trans="." type="punc">
    <tok_dipl id="t114_d1" trans="." utf="."/>
    <tok_anno ascii="." id="t114_m1" trans="." utf=".">
      <pos tag="$_"/>
      <pos_gen tag="$_"/>
      <punc tag="$E"/>
    </tok_anno>
  </token>
  <token id="t115" trans="heil" type="token">
    <tok_dipl id="t115_d1" trans="heil" utf="heil"/>
    <tok_anno ascii="heil" id="t115_m1" trans="heil" utf="heil">
      <norm tag="heil"/>
      <lemma tag="hèil"/>
      <lemma_gen tag="hèil"/>
      <lemma_idmwb tag="70068000"/>
      <pos tag="ADJD"/>
      <pos_gen tag="ADJ"/>
      <infl tag="Pos....0"/>
      <inflClass tag="--"/>
      <inflClass_gen tag="--"/>
    </tok_anno>
  </token>
  <token id="t116" trans="sis" type="token">
    <tok_dipl id="t116_d1" trans="sis" utf="sis"/>
    <tok_anno ascii="sis" id="t116_m1" trans="sis" utf="sis">
      <norm tag="sîs"/>
      <lemma tag="sîn"/>
      <lemma_gen tag="sîn"/>
      <lemma_idmwb tag="150147000"/>
      <pos tag="VAFIN"/>
      <pos_gen tag="VA"/>
      <infl tag="Subj.Pres.Sg.2"/>
      <inflClass tag="irr"/>
      <inflClass_gen tag="irr"/>
    </tok_anno>
  </token>
  <token id="t117" trans="tu,," type="token">
    <tok_dipl id="t117_d1" trans="tu" utf="tu"/>
    <tok_anno ascii="tu" id="t117_m1" trans="tu" utf="tu">
      <norm tag="dû"/>
      <lemma tag="dû"/>
      <lemma_gen tag="dû"/>
      <lemma_idmwb tag="32607000"/>
      <pos tag="PPER"/>
      <pos_gen tag="PPER"/>
      <infl tag="Nom.Sg.2"/>
      <inflClass tag="--"/>
      <inflClass_gen tag="--"/>
      <punc tag="S*"/>
    </tok_anno>
  </token>
  <token id="t118" trans="wnde(!)" type="token">
    <tok_dipl id="t118_d1" trans="wnde" utf="wnde"/>
    <tok_anno ascii="wnde" id="t118_m1" trans="wnde" utf="wnde">
      <norm tag="wunde"/>
      <lemma tag="wunte"/>
      <lemma_gen tag="wunte"/>
      <lemma_idmwb tag="233895000"/>
      <pos tag="NA"/>
      <pos_gen tag="NA"/>
      <infl tag="Nom.Sg"/>
      <inflClass tag="*.Fem"/>
      <inflClass_gen tag="*.Fem"/>
      <punc tag="EE"/>
    </tok_anno>
  </token>
  <token id="t119" trans="." type="punc">
    <tok_dipl id="t119_d1" trans="." utf="."/>
    <tok_anno ascii="." id="t119_m1" trans="." utf=".">
      <pos tag="$_"/>
      <pos_gen tag="$_"/>
      <punc tag="$E"/>
    </tok_anno>
  </token>
  <token id="t120" trans="et" type="token">
    <tok_dipl id="t120_d1" trans="et" utf="et"/>
    <tok_anno ascii="et" id="t120_m1" trans="et" utf="et">
      <norm tag="--"/>
      <lemma tag="et"/>
      <lemma_gen tag="et"/>
      <lemma_idmwb tag="--"/>
      <pos tag="FM"/>
      <pos_gen tag="FM"/>
      <infl tag="--"/>
      <inflClass tag="--"/>
      <inflClass_gen tag="--"/>
    </tok_anno>
  </token>
  <comment type="K">/L[+]</comment>
  <token id="t121" trans="Per" type="token">
    <tok_dipl id="t121_d1" trans="Per" utf="Per"/>
    <tok_anno ascii="Per" id="t121_m1" trans="Per" utf="Per">
      <norm tag="--"/>
      <lemma tag="per"/>
      <lemma_gen tag="per"/>
      <lemma_idmwb tag="--"/>
      <pos tag="FM"/>
      <pos_gen tag="FM"/>
      <infl tag="--"/>
      <inflClass tag="--"/>
      <inflClass_gen tag="--"/>
    </tok_anno>
  </token>
  <token id="t122" trans="patrem(.)" type="token">
    <tok_dipl id="t122_d1" trans="patrem" utf="patrem"/>
    <tok_anno ascii="patrem" id="t122_m1" trans="patrem" utf="patrem">
      <norm tag="--"/>
      <lemma tag="patrem"/>
      <lemma_gen tag="patrem"/>
      <lemma_idmwb tag="--"/>
      <pos tag="FM"/>
      <pos_gen tag="FM"/>
      <infl tag="--"/>
      <inflClass tag="--"/>
      <inflClass_gen tag="--"/>
      <punc tag="DE"/>
    </tok_anno>
  </token>
  <token id="t123" trans="et" type="token">
    <tok_dipl id="t123_d1" trans="et" utf="et"/>
    <tok_anno ascii="et" id="t123_m1" trans="et" utf="et">
      <norm tag="--"/>
      <lemma tag="et"/>
      <lemma_gen tag="et"/>
      <lemma_idmwb tag="--"/>
      <pos tag="FM"/>
      <pos_gen tag="FM"/>
      <infl tag="--"/>
      <inflClass tag="--"/>
      <inflClass_gen tag="--"/>
    </tok_anno>
  </token>
  <token id="t124" trans="filium(.)" type="token">
    <tok_dipl id="t124_d1" trans="filium" utf="filium"/>
    <tok_anno ascii="filium" id="t124_m1" trans="filium" utf="filium">
      <norm tag="--"/>
      <lemma tag="filium"/>
      <lemma_gen tag="filium"/>
      <lemma_idmwb tag="--"/>
      <pos tag="FM"/>
      <pos_gen tag="FM"/>
      <infl tag="--"/>
      <inflClass tag="--"/>
      <inflClass_gen tag="--"/>
      <punc tag="DE"/>
    </tok_anno>
  </token>
  <token id="t125" trans="et" type="token">
    <tok_dipl id="t125_d1" trans="et" utf="et"/>
    <tok_anno ascii="et" id="t125_m1" trans="et" utf="et">
      <norm tag="--"/>
      <lemma tag="et"/>
      <lemma_gen tag="et"/>
      <lemma_idmwb tag="--"/>
      <pos tag="FM"/>
      <pos_gen tag="FM"/>
      <infl tag="--"/>
      <inflClass tag="--"/>
      <inflClass_gen tag="--"/>
    </tok_anno>
  </token>
  <token id="t126" trans="spiritum" type="token">
    <tok_dipl id="t126_d1" trans="spiritum" utf="spiritum"/>
    <tok_anno ascii="spiritum" id="t126_m1" trans="spiritum" utf="spiritum">
      <norm tag="--"/>
      <lemma tag="spiritum"/>
      <lemma_gen tag="spiritum"/>
      <lemma_idmwb tag="--"/>
      <pos tag="FM"/>
      <pos_gen tag="FM"/>
      <infl tag="--"/>
      <inflClass tag="--"/>
      <inflClass_gen tag="--"/>
    </tok_anno>
  </token>
  <token id="t127" trans="sanctum(.)" type="token">
    <tok_dipl id="t127_d1" trans="sanctum" utf="sanctum"/>
    <tok_anno ascii="sanctum" id="t127_m1" trans="sanctum" utf="sanctum">
      <norm tag="--"/>
      <lemma tag="sanctum"/>
      <lemma_gen tag="sanctum"/>
      <lemma_idmwb tag="--"/>
      <pos tag="FM"/>
      <pos_gen tag="FM"/>
      <infl tag="--"/>
      <inflClass tag="--"/>
      <inflClass_gen tag="--"/>
      <punc tag="DE"/>
    </tok_anno>
  </token>
  <token id="t128" trans="fiat(.)" type="token">
    <tok_dipl id="t128_d1" trans="fiat" utf="fiat"/>
    <tok_anno ascii="fiat" id="t128_m1" trans="fiat" utf="fiat">
      <norm tag="--"/>
      <lemma tag="fiat"/>
      <lemma_gen tag="fiat"/>
      <lemma_idmwb tag="--"/>
      <pos tag="FM"/>
      <pos_gen tag="FM"/>
      <infl tag="--"/>
      <inflClass tag="--"/>
      <inflClass_gen tag="--"/>
      <punc tag="DE"/>
    </tok_anno>
  </token>
  <token id="t129" trans="fiat(.)" type="token">
    <tok_dipl id="t129_d1" trans="fiat" utf="fiat"/>
    <tok_anno ascii="fiat" id="t129_m1" trans="fiat" utf="fiat">
      <norm tag="--"/>
      <lemma tag="fiat"/>
      <lemma_gen tag="fiat"/>
      <lemma_idmwb tag="--"/>
      <pos tag="FM"/>
      <pos_gen tag="FM"/>
      <infl tag="--"/>
      <inflClass tag="--"/>
      <inflClass_gen tag="--"/>
      <punc tag="DE"/>
    </tok_anno>
  </token>
  <token id="t130" trans="amen(.)" type="token">
    <tok_dipl id="t130_d1" trans="amen" utf="amen"/>
    <tok_anno ascii="amen" id="t130_m1" trans="amen" utf="amen">
      <norm tag="--"/>
      <lemma tag="amen"/>
      <lemma_gen tag="amen"/>
      <lemma_idmwb tag="--"/>
      <pos tag="FM"/>
      <pos_gen tag="FM"/>
      <infl tag="--"/>
      <inflClass tag="--"/>
      <inflClass_gen tag="--"/>
      <punc tag="DE"/>
    </tok_anno>
  </token>
  <comment type="K">/L[@]</comment>
</text>
