<?xml version='1.0' encoding='UTF-8'?>
<!DOCTYPE text SYSTEM "cora-xml.dtd">
<text id="M036">
  <header>
    <text>Schlettstädter Blutsegen</text>
    <abbr_ddd>SchlBlutsegen</abbr_ddd>
    <abbr_mwb>-</abbr_mwb>
    <topic>Religion, Poesie</topic>
    <text-type>Segen</text-type>
    <genre>V</genre>
    <reference>Edition</reference>
    <reference-secondary>-</reference-secondary>
    <library>Schlettstadt / Sélestat, Stadtbibl.</library>
    <library-shelfmark>Ms. 134</library-shelfmark>
    <online>http://www.handschriftencensus.de/3202</online>
    <medium>Handschrift</medium>
    <extent>38r</extent>
    <extract>-</extract>
    <language>mhd</language>
    <language-type>mitteldeutsch</language-type>
    <language-region>westmitteldeutsch (?)</language-region>
    <language-area>rheinfränkisch (?)</language-area>
    <place>-</place>
    <time>11</time>
    <notes-manuscript>-</notes-manuscript>
    <date>11 (?)</date>
    <text-place>-</text-place>
    <text-author>-</text-author>
    <text-language>-</text-language>
    <text-source>-</text-source>
    <edition>Elias von Steinmeyer, Segen, ZfdA 21 (1877) 210 (Abdruck); MSD II, 275; Elias von Steinmeyer (Hg.), Die kleineren althochdeutschen Sprachdenkmäler, Berlin 1916, Nr. 69, S. 380</edition>
    <corpus>ReM I</corpus>
    <notes-transcription>-</notes-transcription>
    <notes-annotation>-</notes-annotation>
    <digitization_by>Projektgruppe Bonn</digitization_by>
    <collation_by>Projektgruppe Bonn</collation_by>
    <pre_editing_by>Projektgruppe Bonn</pre_editing_by>
    <annotation_by>Thomas Klein (Bonn)</annotation_by>
    <proofreading_by>Thomas Klein (Bonn)</proofreading_by>
  </header>
  <layoutinfo>
    <page id="p1" no="69S-380" range="c1"/>
    <column id="c1" range="l1..l4"/>
    <line id="l1" name="8" range="t1_d1..t3_d1" loc="69S-380a,8"/>
    <line id="l2" name="9" range="t4_d1..t11_d1" loc="69S-380a,9"/>
    <line id="l3" name="10" range="t12_d1" loc="69S-380a,10"/>
    <line id="l4" name="11" range="t13_d1..t19_d1" loc="69S-380a,11"/>
  </layoutinfo>
  <shifttags/>
  <token id="t1" trans="Wazzer" type="token">
    <tok_dipl id="t1_d1" trans="Wazzer" utf="Wazzer"/>
    <tok_anno ascii="Wazzer" id="t1_m1" trans="Wazzer" utf="Wazzer">
      <norm tag="wazzer"/>
      <lemma tag="wazzer"/>
      <lemma_gen tag="wazzer"/>
      <lemma_idmwb tag="222660000"/>
      <pos tag="NA"/>
      <pos_gen tag="NA"/>
      <infl tag="Nom.Sg"/>
      <inflClass tag="st.Neut"/>
      <inflClass_gen tag="st.Neut"/>
    </tok_anno>
  </token>
  <token id="t2" trans="fluzit,," type="token">
    <tok_dipl id="t2_d1" trans="fluzit" utf="fluzit"/>
    <tok_anno ascii="fluzit" id="t2_m1" trans="fluzit" utf="fluzit">
      <norm tag="vliuzet"/>
      <lemma tag="vlièzen"/>
      <lemma_gen tag="vlièzen"/>
      <lemma_idmwb tag="211302000"/>
      <pos tag="VVFIN"/>
      <pos_gen tag="VV"/>
      <infl tag="Ind.Pres.Sg.3"/>
      <inflClass tag="st2b"/>
      <inflClass_gen tag="st2b"/>
      <punc tag="S*"/>
    </tok_anno>
  </token>
  <token id="t3" trans="Iordan" type="token">
    <tok_dipl id="t3_d1" trans="Iordan" utf="Iordan"/>
    <tok_anno ascii="Iordan" id="t3_m1" trans="Iordan" utf="Iordan">
      <norm tag="Jordan"/>
      <lemma tag="Jordan"/>
      <lemma_gen tag="Jordan"/>
      <lemma_idmwb tag="--"/>
      <pos tag="NE"/>
      <pos_gen tag="NE"/>
      <infl tag="Nom.Sg"/>
      <inflClass tag="--"/>
      <inflClass_gen tag="--"/>
    </tok_anno>
  </token>
  <token id="t4" trans="heizit,," type="token">
    <tok_dipl id="t4_d1" trans="heizit" utf="heizit"/>
    <tok_anno ascii="heizit" id="t4_m1" trans="heizit" utf="heizit">
      <norm tag="heizet"/>
      <lemma tag="hèizen"/>
      <lemma_gen tag="hèizen"/>
      <lemma_idmwb tag="70758000"/>
      <pos tag="VVFIN"/>
      <pos_gen tag="VV"/>
      <infl tag="Ind.Pres.Sg.3"/>
      <inflClass tag="st7"/>
      <inflClass_gen tag="st7"/>
      <punc tag="S*"/>
    </tok_anno>
  </token>
  <token id="t5" trans="da" type="token">
    <tok_dipl id="t5_d1" trans="da" utf="da"/>
    <tok_anno ascii="da" id="t5_m1" trans="da" utf="da">
      <norm tag="dâ"/>
      <lemma tag="dâr/.+inne"/>
      <lemma_gen tag="dâr"/>
      <lemma_idmwb tag="28932000"/>
      <pos tag="PAVD"/>
      <pos_gen tag="AVD"/>
      <infl tag="--"/>
      <inflClass tag="--"/>
      <inflClass_gen tag="--"/>
    </tok_anno>
  </token>
  <token id="t6" trans="der" type="token">
    <tok_dipl id="t6_d1" trans="der" utf="der"/>
    <tok_anno ascii="der" id="t6_m1" trans="der" utf="der">
      <norm tag="der"/>
      <lemma tag="dër"/>
      <lemma_gen tag="dër"/>
      <lemma_idmwb tag="29817000"/>
      <pos tag="DDART"/>
      <pos_gen tag="DD"/>
      <infl tag="Masc.Nom.Sg"/>
      <inflClass tag="--"/>
      <inflClass_gen tag="--"/>
    </tok_anno>
  </token>
  <token id="t7" trans="heiligo" type="token">
    <tok_dipl id="t7_d1" trans="heiligo" utf="heiligo"/>
    <tok_anno ascii="heiligo" id="t7_m1" trans="heiligo" utf="heiligo">
      <norm tag="heilige"/>
      <lemma tag="hèilig"/>
      <lemma_gen tag="hèilig"/>
      <lemma_idmwb tag="70113000"/>
      <pos tag="ADJA"/>
      <pos_gen tag="ADJ"/>
      <infl tag="Pos.Masc.Nom.Sg.wk"/>
      <inflClass tag="--"/>
      <inflClass_gen tag="--"/>
    </tok_anno>
  </token>
  <token id="t8" trans="Cri$t" type="token">
    <tok_dipl id="t8_d1" trans="Cri$t" utf="Criſt"/>
    <tok_anno ascii="Crist" id="t8_m1" trans="Cri$t" utf="Criſt">
      <norm tag="Krist"/>
      <lemma tag="Krist"/>
      <lemma_gen tag="Krist"/>
      <lemma_idmwb tag="95598000"/>
      <pos tag="NE"/>
      <pos_gen tag="NE"/>
      <infl tag="Nom.Sg"/>
      <inflClass tag="--"/>
      <inflClass_gen tag="--"/>
    </tok_anno>
  </token>
  <token id="t9" trans="inne" type="token">
    <tok_dipl id="t9_d1" trans="inne" utf="inne"/>
    <tok_anno ascii="inne" id="t9_m1" trans="inne" utf="inne">
      <norm tag="inne"/>
      <lemma tag="inne/dâr.+"/>
      <lemma_gen tag="inne"/>
      <lemma_idmwb tag="82800000"/>
      <pos tag="PAVAP"/>
      <pos_gen tag="AP"/>
      <infl tag="--"/>
      <inflClass tag="--"/>
      <inflClass_gen tag="--"/>
    </tok_anno>
  </token>
  <token id="t10" trans="gedofet" type="token">
    <tok_dipl id="t10_d1" trans="gedofet" utf="gedofet"/>
    <tok_anno ascii="gedofet" id="t10_m1" trans="gedofet" utf="gedofet">
      <norm tag="getoufet"/>
      <lemma tag="toufen"/>
      <lemma_gen tag="toufen"/>
      <lemma_idmwb tag="170043000"/>
      <pos tag="VVPP"/>
      <pos_gen tag="VV"/>
      <infl tag="--"/>
      <inflClass tag="wk"/>
      <inflClass_gen tag="wk"/>
    </tok_anno>
  </token>
  <token id="t11" trans="i$t(.)" type="token">
    <tok_dipl id="t11_d1" trans="i$t" utf="iſt"/>
    <tok_anno ascii="ist" id="t11_m1" trans="i$t" utf="iſt">
      <norm tag="ist"/>
      <lemma tag="sîn"/>
      <lemma_gen tag="sîn"/>
      <lemma_idmwb tag="150147000"/>
      <pos tag="VAFIN"/>
      <pos_gen tag="VA"/>
      <infl tag="Ind.Pres.Sg.3"/>
      <inflClass tag="irr"/>
      <inflClass_gen tag="irr"/>
      <punc tag="DE"/>
    </tok_anno>
  </token>
  <token id="t12" trans="Ig" type="token">
    <tok_dipl id="t12_d1" trans="Ig" utf="Ig"/>
    <tok_anno ascii="Ig" id="t12_m1" trans="Ig" utf="Ig">
      <norm tag="ich"/>
      <lemma tag="ich"/>
      <lemma_gen tag="ich"/>
      <lemma_idmwb tag="81210000"/>
      <pos tag="PPER"/>
      <pos_gen tag="PPER"/>
      <infl tag="Nom.Sg.1"/>
      <inflClass tag="--"/>
      <inflClass_gen tag="--"/>
    </tok_anno>
  </token>
  <token id="t13" trans="fant,," type="token">
    <tok_dipl id="t13_d1" trans="fant" utf="fant"/>
    <tok_anno ascii="fant" id="t13_m1" trans="fant" utf="fant">
      <norm tag="vant"/>
      <lemma tag="vinden"/>
      <lemma_gen tag="vinden"/>
      <lemma_idmwb tag="209181000"/>
      <pos tag="VVFIN"/>
      <pos_gen tag="VV"/>
      <infl tag="Ind.Past.Sg.1"/>
      <inflClass tag="st3a"/>
      <inflClass_gen tag="st3a"/>
      <punc tag="S*"/>
    </tok_anno>
  </token>
  <token id="t14" trans="iz" type="token">
    <tok_dipl id="t14_d1" trans="iz" utf="iz"/>
    <tok_anno ascii="iz" id="t14_m1" trans="iz" utf="iz">
      <norm tag="iz"/>
      <lemma tag="ër"/>
      <lemma_gen tag="ër"/>
      <lemma_idmwb tag="40380000"/>
      <pos tag="PPER"/>
      <pos_gen tag="PPER"/>
      <infl tag="Neut.Nom.Sg.3"/>
      <inflClass tag="--"/>
      <inflClass_gen tag="--"/>
    </tok_anno>
  </token>
  <token id="t15" trans="fer$uant(;)" type="token">
    <tok_dipl id="t15_d1" trans="fer$uant" utf="ferſuant"/>
    <tok_anno ascii="fersuant" id="t15_m1" trans="fer$uant" utf="ferſuant">
      <norm tag="verswant"/>
      <lemma tag="ver-swinten"/>
      <lemma_gen tag="ver-swinten"/>
      <lemma_idmwb tag="206136000"/>
      <pos tag="VVFIN"/>
      <pos_gen tag="VV"/>
      <infl tag="Ind.Past.Sg.3"/>
      <inflClass tag="st3a"/>
      <inflClass_gen tag="st3a"/>
      <punc tag="S*"/>
    </tok_anno>
  </token>
  <token id="t16" trans="Ig" type="token">
    <tok_dipl id="t16_d1" trans="Ig" utf="Ig"/>
    <tok_anno ascii="Ig" id="t16_m1" trans="Ig" utf="Ig">
      <norm tag="ich"/>
      <lemma tag="ich"/>
      <lemma_gen tag="ich"/>
      <lemma_idmwb tag="81210000"/>
      <pos tag="PPER"/>
      <pos_gen tag="PPER"/>
      <infl tag="Nom.Sg.1"/>
      <inflClass tag="--"/>
      <inflClass_gen tag="--"/>
    </tok_anno>
  </token>
  <token id="t17" trans="berein,," type="token">
    <tok_dipl id="t17_d1" trans="berein" utf="berein"/>
    <tok_anno ascii="berein" id="t17_m1" trans="berein" utf="berein">
      <norm tag="berein"/>
      <lemma tag="be-rînen"/>
      <lemma_gen tag="be-rînen"/>
      <lemma_idmwb tag="15732000"/>
      <pos tag="VVFIN"/>
      <pos_gen tag="VV"/>
      <infl tag="Ind.Past.Sg.1"/>
      <inflClass tag="st1a"/>
      <inflClass_gen tag="st1a"/>
      <punc tag="S*"/>
    </tok_anno>
  </token>
  <comment type="K">/%.[mhd. nur Herb., Eneide, Albr.!]</comment>
  <token id="t18" trans="iz" type="token">
    <tok_dipl id="t18_d1" trans="iz" utf="iz"/>
    <tok_anno ascii="iz" id="t18_m1" trans="iz" utf="iz">
      <norm tag="iz"/>
      <lemma tag="ër"/>
      <lemma_gen tag="ër"/>
      <lemma_idmwb tag="40380000"/>
      <pos tag="PPER"/>
      <pos_gen tag="PPER"/>
      <infl tag="Neut.Nom.Sg.3"/>
      <inflClass tag="--"/>
      <inflClass_gen tag="--"/>
    </tok_anno>
  </token>
  <token id="t19" trans="fer$uein(.)" type="token">
    <tok_dipl id="t19_d1" trans="fer$uein" utf="ferſuein"/>
    <tok_anno ascii="fersuein" id="t19_m1" trans="fer$uein" utf="ferſuein">
      <norm tag="verswein"/>
      <lemma tag="ver-swînen"/>
      <lemma_gen tag="ver-swînen"/>
      <lemma_idmwb tag="206139000"/>
      <pos tag="VVFIN"/>
      <pos_gen tag="VV"/>
      <infl tag="Ind.Past.Sg.3"/>
      <inflClass tag="st1a"/>
      <inflClass_gen tag="st1a"/>
      <punc tag="DE"/>
    </tok_anno>
  </token>
</text>
