<?xml version='1.0' encoding='UTF-8'?>
<!DOCTYPE text SYSTEM "cora-xml.dtd">
<text id="M041">
  <header>
    <text>Buchunterschrift, deutsche</text>
    <abbr_ddd>-</abbr_ddd>
    <abbr_mwb>-</abbr_mwb>
    <topic>Wissen(-schaft)</topic>
    <text-type>-</text-type>
    <genre>P</genre>
    <reference>Handschrift</reference>
    <reference-secondary>Edition [Textnummer+Zeile]</reference-secondary>
    <library>Stuttgart, Landesbibl.</library>
    <library-shelfmark>Cod. HB VII 32</library-shelfmark>
    <online>http://www.handschriftencensus.de/15440</online>
    <medium>Handschrift</medium>
    <extent>177r,16-19</extent>
    <extract>-</extract>
    <language>mhd</language>
    <language-type>oberdeutsch</language-type>
    <language-region>westoberdeutsch</language-region>
    <language-area>alemannisch</language-area>
    <place>-</place>
    <time>11</time>
    <notes-manuscript>-</notes-manuscript>
    <date>11</date>
    <text-place>-</text-place>
    <text-author>-</text-author>
    <text-language>-</text-language>
    <text-source>-</text-source>
    <edition>Elias von Steinmeyer (Hg.), Die kleineren althochdeutschen Sprachdenkmäler, Berlin 1916, Nr. 87</edition>
    <corpus>ReM I</corpus>
    <notes-transcription>-</notes-transcription>
    <notes-annotation>-</notes-annotation>
    <digitization_by>Thomas Klein (Bonn)</digitization_by>
    <collation_by>Elke Weber (Bonn)</collation_by>
    <pre_editing_by>Elke Weber (Bonn)</pre_editing_by>
    <annotation_by>Thomas Klein (Bonn) [u.B.v. R-M.S.Heffner, A Word-Index to the Texts of Steinmeyer ... 1961]</annotation_by>
    <proofreading_by>Elke Weber (Bonn)</proofreading_by>
  </header>
  <layoutinfo>
    <page id="p1" no="177" range="c1" side="r"/>
    <column id="c1" range="l1..l5"/>
    <line id="l1" name="15" range="t1_d1..t6_d1" loc="177ra,15"/>
    <line id="l2" name="16" range="t7_d1..t11_d1" loc="177ra,16"/>
    <line id="l3" name="17" range="t12_d1..t15_d1" loc="177ra,17"/>
    <line id="l4" name="18" range="t16_d1..t22_d1" loc="177ra,18"/>
    <line id="l5" name="19" range="t23_d1..t26_d1" loc="177ra,19"/>
  </layoutinfo>
  <shifttags/>
  <token id="t1" trans="EXPLICIT" type="token">
    <tok_dipl id="t1_d1" trans="EXPLICIT" utf="EXPLICIT"/>
    <tok_anno ascii="EXPLICIT" id="t1_m1" trans="EXPLICIT" utf="EXPLICIT">
      <norm tag="--"/>
      <lemma tag="explicit"/>
      <lemma_gen tag="[!]"/>
      <lemma_idmwb tag="--"/>
      <pos tag="FM"/>
      <pos_gen tag="FM"/>
      <infl tag="--"/>
      <inflClass tag="--"/>
      <inflClass_gen tag="--"/>
    </tok_anno>
  </token>
  <comment type="K">/L[+]</comment>
  <token id="t2" trans="." type="punc">
    <tok_dipl id="t2_d1" trans="." utf="."/>
    <tok_anno ascii="." id="t2_m1" trans="." utf=".">
      <pos tag="$_"/>
      <pos_gen tag="$_"/>
    </tok_anno>
  </token>
  <token id="t3" trans="LIBER" type="token">
    <tok_dipl id="t3_d1" trans="LIBER" utf="LIBER"/>
    <tok_anno ascii="LIBER" id="t3_m1" trans="LIBER" utf="LIBER">
      <norm tag="--"/>
      <lemma tag="liber"/>
      <lemma_gen tag="[!]"/>
      <lemma_idmwb tag="--"/>
      <pos tag="FM"/>
      <pos_gen tag="FM"/>
      <infl tag="--"/>
      <inflClass tag="--"/>
      <inflClass_gen tag="--"/>
    </tok_anno>
  </token>
  <token id="t4" trans="." type="punc">
    <tok_dipl id="t4_d1" trans="." utf="."/>
    <tok_anno ascii="." id="t4_m1" trans="." utf=".">
      <pos tag="$_"/>
      <pos_gen tag="$_"/>
    </tok_anno>
  </token>
  <token id="t5" trans="TERTIUS" type="token">
    <tok_dipl id="t5_d1" trans="TERTIUS" utf="TERTIUS"/>
    <tok_anno ascii="TERTIUS" id="t5_m1" trans="TERTIUS" utf="TERTIUS">
      <norm tag="--"/>
      <lemma tag="tertius"/>
      <lemma_gen tag="[!]"/>
      <lemma_idmwb tag="--"/>
      <pos tag="FM"/>
      <pos_gen tag="FM"/>
      <infl tag="--"/>
      <inflClass tag="--"/>
      <inflClass_gen tag="--"/>
    </tok_anno>
  </token>
  <token id="t6" trans="." type="punc">
    <tok_dipl id="t6_d1" trans="." utf="."/>
    <tok_anno ascii="." id="t6_m1" trans="." utf=".">
      <pos tag="$_"/>
      <pos_gen tag="$_"/>
    </tok_anno>
  </token>
  <token id="t7" trans="DIALOGORVM(.)" type="token">
    <tok_dipl id="t7_d1" trans="DIALOGORVM" utf="DIALOGORVM"/>
    <tok_anno ascii="DIALOGORVM" id="t7_m1" trans="DIALOGORVM" utf="DIALOGORVM">
      <norm tag="--"/>
      <lemma tag="dialogus"/>
      <lemma_gen tag="[!]"/>
      <lemma_idmwb tag="--"/>
      <pos tag="FM"/>
      <pos_gen tag="FM"/>
      <infl tag="--"/>
      <inflClass tag="--"/>
      <inflClass_gen tag="--"/>
      <punc tag="DE"/>
    </tok_anno>
  </token>
  <comment type="K">/L[@]</comment>
  <token id="t8" trans="." type="punc">
    <tok_dipl id="t8_d1" trans="." utf="."/>
    <tok_anno ascii="." id="t8_m1" trans="." utf=".">
      <pos tag="$_"/>
      <pos_gen tag="$_"/>
      <punc tag="$E"/>
    </tok_anno>
  </token>
  <token id="t9" trans="DÁZ" type="token">
    <tok_dipl id="t9_d1" trans="DÁZ" utf="DÁZ"/>
    <tok_anno ascii="DAZ" id="t9_m1" trans="DÁZ" utf="DÁZ">
      <norm tag="daz"/>
      <lemma tag="dër"/>
      <lemma_gen tag="dër"/>
      <lemma_idmwb tag="29823000"/>
      <pos tag="DDS"/>
      <pos_gen tag="DD"/>
      <infl tag="Neut.Nom.Sg"/>
      <inflClass tag="--"/>
      <inflClass_gen tag="--"/>
    </tok_anno>
  </token>
  <token id="t10" trans="CHÎT(:)" type="token">
    <tok_dipl id="t10_d1" trans="CHÎT" utf="CHÎT"/>
    <tok_anno ascii="CHIT" id="t10_m1" trans="CHÎT" utf="CHÎT">
      <norm tag="quît"/>
      <lemma tag="quëden"/>
      <lemma_gen tag="quëden"/>
      <lemma_idmwb tag="131079000"/>
      <pos tag="VVFIN"/>
      <pos_gen tag="VV"/>
      <infl tag="Ind.Pres.Sg.3"/>
      <inflClass tag="st5"/>
      <inflClass_gen tag="st5"/>
      <punc tag="DE"/>
    </tok_anno>
  </token>
  <token id="t11" trans="SER(=)MO" type="token">
    <tok_dipl id="t11_d1" trans="SERMO" utf="SERMO"/>
    <tok_anno ascii="SERMO" id="t11_m1" trans="SER(=)MO" utf="SERMO">
      <norm tag="--"/>
      <token_type tag="UL"/>
      <lemma tag="sermo"/>
      <lemma_gen tag="[!]"/>
      <lemma_idmwb tag="--"/>
      <pos tag="NA"/>
      <pos_gen tag="FM"/>
      <infl tag="Nom.Sg"/>
      <inflClass tag="Masc"/>
      <inflClass_gen tag="Masc"/>
    </tok_anno>
  </token>
  <comment type="K">/L[+]</comment>
  <token id="t12" trans="DUORVM,," type="token">
    <tok_dipl id="t12_d1" trans="DUORVM" utf="DUORVM"/>
    <tok_anno ascii="DUORVM" id="t12_m1" trans="DUORVM" utf="DUORVM">
      <norm tag="--"/>
      <lemma tag="duo"/>
      <lemma_gen tag="[!]"/>
      <lemma_idmwb tag="--"/>
      <pos tag="CARDS"/>
      <pos_gen tag="FM"/>
      <infl tag="*.Gen.Pl"/>
      <inflClass tag="--"/>
      <inflClass_gen tag="--"/>
      <punc tag="S*"/>
    </tok_anno>
  </token>
  <comment type="K">/L[@]</comment>
  <token id="t13" trans="." type="punc">
    <tok_dipl id="t13_d1" trans="." utf="."/>
    <tok_anno ascii="." id="t13_m1" trans="." utf=".">
      <pos tag="$_"/>
      <pos_gen tag="$_"/>
    </tok_anno>
  </token>
  <token id="t14" trans="VUÁNDA" type="token">
    <tok_dipl id="t14_d1" trans="VUÁNDA" utf="VUÁNDA"/>
    <tok_anno ascii="VUANDA" id="t14_m1" trans="VUÁNDA" utf="VUÁNDA">
      <norm tag="wande"/>
      <lemma tag="wante"/>
      <lemma_gen tag="wante"/>
      <lemma_idmwb tag="221532000"/>
      <pos tag="KO*"/>
      <pos_gen tag="KO"/>
      <infl tag="--"/>
      <inflClass tag="--"/>
      <inflClass_gen tag="--"/>
    </tok_anno>
  </token>
  <token id="t15" trans="ZU\^E(=)NÔ" type="token">
    <tok_dipl id="t15_d1" trans="ZU\^ENÔ" utf="ZÛENÔ"/>
    <tok_anno ascii="ZUENO" id="t15_m1" trans="ZU\^E(=)NÔ" utf="ZÛENÔ">
      <norm tag="zwêne"/>
      <token_type tag="UL"/>
      <lemma tag="zwêne"/>
      <lemma_gen tag="zwêne"/>
      <lemma_idmwb tag="242670000"/>
      <pos tag="CARDA"/>
      <pos_gen tag="CARD"/>
      <infl tag="Masc.Nom.Pl.st"/>
      <inflClass tag="--"/>
      <inflClass_gen tag="--"/>
    </tok_anno>
  </token>
  <token id="t16" trans="CHÓSON" type="token">
    <tok_dipl id="t16_d1" trans="CHÓSON" utf="CHÓSON"/>
    <tok_anno ascii="CHOSON" id="t16_m1" trans="CHÓSON" utf="CHÓSON">
      <norm tag="kôsen"/>
      <lemma tag="kôsen"/>
      <lemma_gen tag="kôsen"/>
      <lemma_idmwb tag="94011000"/>
      <pos tag="VVFIN"/>
      <pos_gen tag="VV"/>
      <infl tag="Subj.Pres.Pl.3"/>
      <inflClass tag="wk"/>
      <inflClass_gen tag="wk"/>
    </tok_anno>
  </token>
  <token id="t17" trans="DÎZ(.)" type="token">
    <tok_dipl id="t17_d1" trans="DÎZ" utf="DÎZ"/>
    <tok_anno ascii="DIZ" id="t17_m1" trans="DÎZ" utf="DÎZ">
      <norm tag="diz"/>
      <lemma tag="dise"/>
      <lemma_gen tag="dise"/>
      <lemma_idmwb tag="30921000"/>
      <pos tag="DDA"/>
      <pos_gen tag="DD"/>
      <infl tag="Neut.Akk.Sg"/>
      <inflClass tag="--"/>
      <inflClass_gen tag="--"/>
      <punc tag="DE"/>
    </tok_anno>
  </token>
  <token id="t18" trans="." type="punc">
    <tok_dipl id="t18_d1" trans="." utf="."/>
    <tok_anno ascii="." id="t18_m1" trans="." utf=".">
      <pos tag="$_"/>
      <pos_gen tag="$_"/>
      <punc tag="$E"/>
    </tok_anno>
  </token>
  <token id="t19" trans="IH" type="token">
    <tok_dipl id="t19_d1" trans="IH" utf="IH"/>
    <tok_anno ascii="IH" id="t19_m1" trans="IH" utf="IH">
      <norm tag="ich"/>
      <lemma tag="ich"/>
      <lemma_gen tag="ich"/>
      <lemma_idmwb tag="81210000"/>
      <pos tag="PPER"/>
      <pos_gen tag="PPER"/>
      <infl tag="Nom.Sg.1"/>
      <inflClass tag="--"/>
      <inflClass_gen tag="--"/>
    </tok_anno>
  </token>
  <token id="t20" trans="ME\'INO(:)" type="token">
    <tok_dipl id="t20_d1" trans="ME\'INO" utf="MÉINO"/>
    <tok_anno ascii="MEINO" id="t20_m1" trans="ME\'INO" utf="MÉINO">
      <norm tag="meine"/>
      <lemma tag="mèinen"/>
      <lemma_gen tag="mèinen"/>
      <lemma_idmwb tag="109566000"/>
      <pos tag="VVFIN"/>
      <pos_gen tag="VV"/>
      <infl tag="Ind.Pres.Sg.1"/>
      <inflClass tag="wk"/>
      <inflClass_gen tag="wk"/>
      <punc tag="DE"/>
    </tok_anno>
  </token>
  <token id="t21" trans="." type="punc">
    <tok_dipl id="t21_d1" trans="." utf="."/>
    <tok_anno ascii="." id="t21_m1" trans="." utf=".">
      <pos tag="$_"/>
      <pos_gen tag="$_"/>
      <punc tag="$E"/>
    </tok_anno>
  </token>
  <token id="t22" trans="EÎNE÷(R÷)" type="token">
    <tok_dipl id="t22_d1" trans="EÎNE÷(R÷)" utf="EÎNER"/>
    <tok_anno ascii="EINER" id="t22_m1" trans="EÎNE÷(R÷)" utf="EÎNER">
      <norm tag="einer"/>
      <lemma tag="èin"/>
      <lemma_gen tag="èin"/>
      <lemma_idmwb tag="35925000"/>
      <pos tag="CARDS"/>
      <pos_gen tag="CARD"/>
      <infl tag="Masc.Nom.Sg.st"/>
      <inflClass tag="--"/>
      <inflClass_gen tag="--"/>
    </tok_anno>
  </token>
  <token id="t23" trans="FRÁGET,," type="token">
    <tok_dipl id="t23_d1" trans="FRÁGET" utf="FRÁGET"/>
    <tok_anno ascii="FRAGET" id="t23_m1" trans="FRÁGET" utf="FRÁGET">
      <norm tag="vrâget"/>
      <lemma tag="vrâgen"/>
      <lemma_gen tag="vrâgen"/>
      <lemma_idmwb tag="215049000"/>
      <pos tag="VVFIN"/>
      <pos_gen tag="VV"/>
      <infl tag="Ind.Pres.Sg.3"/>
      <inflClass tag="wk"/>
      <inflClass_gen tag="wk"/>
      <punc tag="S*"/>
    </tok_anno>
  </token>
  <token id="t24" trans="." type="punc">
    <tok_dipl id="t24_d1" trans="." utf="."/>
    <tok_anno ascii="." id="t24_m1" trans="." utf=".">
      <pos tag="$_"/>
      <pos_gen tag="$_"/>
    </tok_anno>
  </token>
  <token id="t25" trans="AN\'DERE÷(R÷)||AN\'TUUÍRTIT(.)" type="token">
    <tok_dipl id="t25_d1" trans="AN\'DERE÷(R÷)AN\'TUUÍRTIT" utf="AŃDERERAŃTUUÍRTIT"/>
    <tok_anno ascii="ANDERER" id="t25_m1" trans="AN\'DERE÷(R÷)|" utf="AŃDERER">
      <norm tag="anderer"/>
      <token_type tag="MS1"/>
      <lemma tag="ander"/>
      <lemma_gen tag="ander"/>
      <lemma_idmwb tag="5580000"/>
      <pos tag="DIS"/>
      <pos_gen tag="DI"/>
      <infl tag="Masc.Nom.Sg.st"/>
      <inflClass tag="--"/>
      <inflClass_gen tag="--"/>
    </tok_anno>
    <tok_anno ascii="ANTUUIRTIT" id="t25_m2" trans="|AN\'TUUÍRTIT" utf="AŃTUUÍRTIT">
      <norm tag="antwürtet"/>
      <token_type tag="MS2"/>
      <lemma tag="ant-würten"/>
      <lemma_gen tag="ant-würten"/>
      <lemma_idmwb tag="8328000"/>
      <pos tag="VVFIN"/>
      <pos_gen tag="VV"/>
      <infl tag="Ind.Pres.Sg.3"/>
      <inflClass tag="wk"/>
      <inflClass_gen tag="wk"/>
      <punc tag="DE"/>
    </tok_anno>
  </token>
  <token id="t26" trans="." type="punc">
    <tok_dipl id="t26_d1" trans="." utf="."/>
    <tok_anno ascii="." id="t26_m1" trans="." utf=".">
      <pos tag="$_"/>
      <pos_gen tag="$_"/>
      <punc tag="$E"/>
    </tok_anno>
  </token>
</text>
