<?xml version='1.0' encoding='UTF-8'?>
<!DOCTYPE text SYSTEM "cora-xml.dtd">
<text id="M048M">
  <header>
    <text>Contra caducum morbum (M)</text>
    <abbr_ddd>ContracadM</abbr_ddd>
    <abbr_mwb>-</abbr_mwb>
    <topic>Religion, Alltag</topic>
    <text-type>Segen</text-type>
    <genre>P</genre>
    <reference>Handschrift</reference>
    <reference-secondary>Edition [Textnummer+Seite+Zeile]</reference-secondary>
    <library>München, Staatsbibl.</library>
    <library-shelfmark>Clm 14763</library-shelfmark>
    <online>http://www.handschriftencensus.de/15159</online>
    <medium>Handschrift</medium>
    <extent>88va</extent>
    <extract>-</extract>
    <language>mhd</language>
    <language-type>oberdeutsch</language-type>
    <language-region>ostoberdeutsch</language-region>
    <language-area>bairisch</language-area>
    <place>-</place>
    <time>11</time>
    <notes-manuscript>-</notes-manuscript>
    <date>11</date>
    <text-place>-</text-place>
    <text-author>-</text-author>
    <text-language>-</text-language>
    <text-source>-</text-source>
    <edition>Elias von Steinmeyer (Hg.), Die kleineren althochdeutschen Sprachdenkmäler, Berlin 1916,  S. 381</edition>
    <corpus>ReM I</corpus>
    <notes-transcription>-</notes-transcription>
    <notes-annotation>-</notes-annotation>
    <digitization_by>Thomas Klein (Bonn)</digitization_by>
    <collation_by>Elke Weber (Bonn)</collation_by>
    <pre_editing_by>Thomas Klein (Bonn)</pre_editing_by>
    <annotation_by>Thomas Klein (Bonn) [u.B.v. R-M.S.Heffner, A Word-Index to the Texts of Steinmeyer ... 1961]</annotation_by>
    <proofreading_by>Elke Weber (Bonn)</proofreading_by>
  </header>
  <layoutinfo>
    <page id="p1" no="88" range="c1" side="v"/>
    <column count="a" id="c1" range="l1..l15"/>
    <line id="l1" name="16" range="t1_d1..t4_d1" loc="88va,16"/>
    <line id="l2" name="17" range="t5_d1..t8_d1" loc="88va,17"/>
    <line id="l3" name="18" range="t9_d1..t12_d1" loc="88va,18"/>
    <line id="l4" name="19" range="t13_d1..t16_d1" loc="88va,19"/>
    <line id="l5" name="20" range="t17_d1..t21_d1" loc="88va,20"/>
    <line id="l6" name="21" range="t22_d1..t26_d1" loc="88va,21"/>
    <line id="l7" name="22" range="t27_d1..t32_d1" loc="88va,22"/>
    <line id="l8" name="23" range="t33_d1..t36_d1" loc="88va,23"/>
    <line id="l9" name="24" range="t37_d1..t40_d1" loc="88va,24"/>
    <line id="l10" name="25" range="t41_d1..t43_d1" loc="88va,25"/>
    <line id="l11" name="26" range="t44_d1..t47_d1" loc="88va,26"/>
    <line id="l12" name="27" range="t48_d1..t52_d1" loc="88va,27"/>
    <line id="l13" name="28" range="t53_d1..t57_d1" loc="88va,28"/>
    <line id="l14" name="29" range="t58_d1..t62_d1" loc="88va,29"/>
    <line id="l15" name="30" range="t63_d1..t67_d1" loc="88va,30"/>
  </layoutinfo>
  <shifttags>
    <paren range="t49_m1..t51_m1"/>
    <paren range="t57_m1..t61_m1"/>
  </shifttags>
  <token id="t1" trans="Doner#dutiger" type="token">
    <tok_dipl id="t1_d1" trans="Doner" utf="Doner"/>
    <tok_dipl id="t1_d2" trans="dutiger" utf="dutiger"/>
    <tok_anno ascii="Donerdutiger" id="t1_m1" trans="Doner#dutiger" utf="Donerdutiger">
      <norm tag="donerdutiger"/>
      <token_type tag="US"/>
      <lemma tag="doner-dutig"/>
      <lemma_gen tag="[!]"/>
      <lemma_idmwb tag="--"/>
      <pos tag="--"/>
      <pos_gen tag="--"/>
      <infl tag="Nom.Sg..m.%"/>
      <inflClass tag="--"/>
      <inflClass_gen tag="--"/>
    </tok_anno>
  </token>
  <comment type="K">/%.[?]</comment>
  <token id="t2" trans="ᵽ" type="token">
    <tok_dipl id="t2_d1" trans="ᵽ" utf="ᵽ"/>
    <tok_anno ascii="ᵽ" id="t2_m1" trans="ᵽ" utf="ᵽ">
      <norm tag="--"/>
      <lemma tag="ᵽ"/>
      <lemma_gen tag="ᵽ"/>
      <lemma_idmwb tag="--"/>
      <pos tag="FM"/>
      <pos_gen tag="FM"/>
      <infl tag="--"/>
      <inflClass tag="--"/>
      <inflClass_gen tag="--"/>
    </tok_anno>
  </token>
  <comment type="K">/L[+]</comment>
  <token id="t3" trans="cadente" type="token">
    <tok_dipl id="t3_d1" trans="cadente" utf="cadente"/>
    <tok_anno ascii="cadente" id="t3_m1" trans="cadente" utf="cadente">
      <norm tag="--"/>
      <lemma tag="cadente"/>
      <lemma_gen tag="cadente"/>
      <lemma_idmwb tag="--"/>
      <pos tag="FM"/>
      <pos_gen tag="FM"/>
      <infl tag="--"/>
      <inflClass tag="--"/>
      <inflClass_gen tag="--"/>
    </tok_anno>
  </token>
  <token id="t4" trans="mor\-" type="token">
    <tok_dipl id="t4_d1" trans="mor\-" utf="mor̄"/>
    <tok_anno ascii="moren" id="t4_m1" trans="mor\-" utf="mor̄">
      <norm tag="--"/>
      <lemma tag="mor\-"/>
      <lemma_gen tag="mor\-"/>
      <lemma_idmwb tag="--"/>
      <pos tag="FM"/>
      <pos_gen tag="FM"/>
      <infl tag="--"/>
      <inflClass tag="--"/>
      <inflClass_gen tag="--"/>
    </tok_anno>
  </token>
  <comment type="K">/L[@]</comment>
  <token id="t5" trans="diet#mahtiger" type="token">
    <tok_dipl id="t5_d1" trans="diet" utf="diet"/>
    <tok_dipl id="t5_d2" trans="mahtiger" utf="mahtiger"/>
    <tok_anno ascii="dietmahtiger" id="t5_m1" trans="diet#mahtiger" utf="dietmahtiger">
      <norm tag="dietmehtiger"/>
      <token_type tag="US"/>
      <lemma tag="dièt-mèhtig"/>
      <lemma_gen tag="[!]"/>
      <lemma_idmwb tag="--"/>
      <pos tag="--"/>
      <pos_gen tag="--"/>
      <infl tag="Nom.Sg..m.%"/>
      <inflClass tag="--"/>
      <inflClass_gen tag="--"/>
    </tok_anno>
  </token>
  <comment type="K">/%.[?]</comment>
  <token id="t6" trans="$tuont" type="token">
    <tok_dipl id="t6_d1" trans="$tuont" utf="ſtuont"/>
    <tok_anno ascii="stuont" id="t6_m1" trans="$tuont" utf="ſtuont">
      <norm tag="stuont"/>
      <lemma tag="stân"/>
      <lemma_gen tag="stân"/>
      <lemma_idmwb tag="157380000"/>
      <pos tag="VVFIN"/>
      <pos_gen tag="VV"/>
      <infl tag="Ind.Past.Sg.3"/>
      <inflClass tag="irr"/>
      <inflClass_gen tag="irr"/>
    </tok_anno>
  </token>
  <token id="t7" trans="uf" type="token">
    <tok_dipl id="t7_d1" trans="uf" utf="uf"/>
    <tok_anno ascii="uf" id="t7_m1" trans="uf" utf="uf">
      <norm tag="ûf"/>
      <lemma tag="ûf"/>
      <lemma_gen tag="ûf"/>
      <lemma_idmwb tag="178137000"/>
      <pos tag="APPR"/>
      <pos_gen tag="AP"/>
      <infl tag="c.D"/>
      <inflClass tag="--"/>
      <inflClass_gen tag="--"/>
    </tok_anno>
  </token>
  <token id="t8" trans="der" type="token">
    <tok_dipl id="t8_d1" trans="der" utf="der"/>
    <tok_anno ascii="der" id="t8_m1" trans="der" utf="der">
      <norm tag="der"/>
      <lemma tag="dër"/>
      <lemma_gen tag="dër"/>
      <lemma_idmwb tag="29817000"/>
      <pos tag="DDART"/>
      <pos_gen tag="DD"/>
      <infl tag="Fem.Dat.Sg"/>
      <inflClass tag="--"/>
      <inflClass_gen tag="--"/>
    </tok_anno>
  </token>
  <token id="t9" trans="adamez" type="token">
    <tok_dipl id="t9_d1" trans="adamez" utf="adamez"/>
    <tok_anno ascii="adamez" id="t9_m1" trans="adamez" utf="adamez">
      <norm tag="Adames"/>
      <lemma tag="Adam"/>
      <lemma_gen tag="Adam"/>
      <lemma_idmwb tag="--"/>
      <pos tag="NE"/>
      <pos_gen tag="NE"/>
      <infl tag="Gen.Sg"/>
      <inflClass tag="--"/>
      <inflClass_gen tag="--"/>
    </tok_anno>
  </token>
  <token id="t10" trans="p%rucche,," type="token">
    <tok_dipl id="t10_d1" trans="p%rucche" utf="pͬucche"/>
    <tok_anno ascii="prucche" id="t10_m1" trans="p%rucche" utf="pͬucche">
      <norm tag="brücke"/>
      <lemma tag="brücke"/>
      <lemma_gen tag="brücke"/>
      <lemma_idmwb tag="???"/>
      <pos tag="NA"/>
      <pos_gen tag="NA"/>
      <infl tag="Dat.Sg"/>
      <inflClass tag="st.Fem"/>
      <inflClass_gen tag="*.Fem"/>
      <punc tag="S*"/>
    </tok_anno>
  </token>
  <token id="t11" trans="sc%hitote" type="token">
    <tok_dipl id="t11_d1" trans="sc%hitote" utf="sc͛hitote"/>
    <tok_anno ascii="sceterahitote" id="t11_m1" trans="sc%hitote" utf="sc͛hitote">
      <norm tag="schitete"/>
      <lemma tag="schiten"/>
      <lemma_gen tag="schiten"/>
      <lemma_idmwb tag="???"/>
      <pos tag="VVFIN"/>
      <pos_gen tag="VV"/>
      <infl tag="Ind.Past.Sg.3"/>
      <inflClass tag="wk"/>
      <inflClass_gen tag="wk"/>
    </tok_anno>
  </token>
  <comment type="K">/`[?]/%.[?]</comment>
  <token id="t12" trans="den" type="token">
    <tok_dipl id="t12_d1" trans="den" utf="den"/>
    <tok_anno ascii="den" id="t12_m1" trans="den" utf="den">
      <norm tag="den"/>
      <lemma tag="dër"/>
      <lemma_gen tag="dër"/>
      <lemma_idmwb tag="29817000"/>
      <pos tag="DDART"/>
      <pos_gen tag="DD"/>
      <infl tag="Masc.Akk.Sg"/>
      <inflClass tag="--"/>
      <inflClass_gen tag="--"/>
    </tok_anno>
  </token>
  <token id="t13" trans="$tein" type="token">
    <tok_dipl id="t13_d1" trans="$tein" utf="ſtein"/>
    <tok_anno ascii="stein" id="t13_m1" trans="$tein" utf="ſtein">
      <norm tag="stein"/>
      <lemma tag="stèin"/>
      <lemma_gen tag="stèin"/>
      <lemma_idmwb tag="158148000"/>
      <pos tag="NA"/>
      <pos_gen tag="NA"/>
      <infl tag="Akk.Sg"/>
      <inflClass tag="st.Masc"/>
      <inflClass_gen tag="st.Masc"/>
    </tok_anno>
  </token>
  <token id="t14" trans="z||emo" type="token">
    <tok_dipl id="t14_d1" trans="zemo" utf="zemo"/>
    <tok_anno ascii="z" id="t14_m1" trans="z|" utf="z">
      <norm tag="ze"/>
      <token_type tag="MS1"/>
      <lemma tag="ze"/>
      <lemma_gen tag="ze"/>
      <lemma_idmwb tag="235656000"/>
      <pos tag="APPR"/>
      <pos_gen tag="AP"/>
      <infl tag="c.D"/>
      <inflClass tag="--"/>
      <inflClass_gen tag="--"/>
    </tok_anno>
    <tok_anno ascii="emo" id="t14_m2" trans="|emo" utf="emo">
      <norm tag="deme"/>
      <token_type tag="MS2"/>
      <lemma tag="dër"/>
      <lemma_gen tag="dër"/>
      <lemma_idmwb tag="29817000"/>
      <pos tag="DDART"/>
      <pos_gen tag="DD"/>
      <infl tag="Masc,Neut.Dat.Sg"/>
      <inflClass tag="--"/>
      <inflClass_gen tag="--"/>
    </tok_anno>
  </token>
  <token id="t15" trans="Wite(.)" type="token">
    <tok_dipl id="t15_d1" trans="Wite" utf="Wite"/>
    <tok_anno ascii="Wite" id="t15_m1" trans="Wite" utf="Wite">
      <norm tag="wite"/>
      <lemma tag="wit(e)"/>
      <lemma_gen tag="wit(e)"/>
      <lemma_idmwb tag="232089000"/>
      <pos tag="NA"/>
      <pos_gen tag="NA"/>
      <infl tag="Dat.Sg"/>
      <inflClass tag="st.Masc,Neut"/>
      <inflClass_gen tag="st.Masc,Neut"/>
      <punc tag="DE"/>
    </tok_anno>
  </token>
  <token id="t16" trans="$tuont" type="token">
    <tok_dipl id="t16_d1" trans="$tuont" utf="ſtuont"/>
    <tok_anno ascii="stuont" id="t16_m1" trans="$tuont" utf="ſtuont">
      <norm tag="stuont"/>
      <lemma tag="stân"/>
      <lemma_gen tag="stân"/>
      <lemma_idmwb tag="157380000"/>
      <pos tag="VVFIN"/>
      <pos_gen tag="VV"/>
      <infl tag="Ind.Past.Sg.3"/>
      <inflClass tag="irr"/>
      <inflClass_gen tag="irr"/>
    </tok_anno>
  </token>
  <token id="t17" trans="de$" type="token">
    <tok_dipl id="t17_d1" trans="de$" utf="deſ"/>
    <tok_anno ascii="des" id="t17_m1" trans="de$" utf="deſ">
      <norm tag="des"/>
      <lemma tag="dër"/>
      <lemma_gen tag="dër"/>
      <lemma_idmwb tag="29817000"/>
      <pos tag="DDART"/>
      <pos_gen tag="DD"/>
      <infl tag="Masc.Gen.Sg"/>
      <inflClass tag="--"/>
      <inflClass_gen tag="--"/>
    </tok_anno>
  </token>
  <token id="t18" trans="adamez" type="token">
    <tok_dipl id="t18_d1" trans="adamez" utf="adamez"/>
    <tok_anno ascii="adamez" id="t18_m1" trans="adamez" utf="adamez">
      <norm tag="Adames"/>
      <lemma tag="Adam"/>
      <lemma_gen tag="Adam"/>
      <lemma_idmwb tag="--"/>
      <pos tag="NE"/>
      <pos_gen tag="NE"/>
      <infl tag="Gen.Sg"/>
      <inflClass tag="--"/>
      <inflClass_gen tag="--"/>
    </tok_anno>
  </token>
  <token id="t19" trans="zun" type="token">
    <tok_dipl id="t19_d1" trans="zun" utf="zun"/>
    <tok_anno ascii="zun" id="t19_m1" trans="zun" utf="zun">
      <norm tag="sun"/>
      <lemma tag="sun"/>
      <lemma_gen tag="sun"/>
      <lemma_idmwb tag="162972000"/>
      <pos tag="NA"/>
      <pos_gen tag="NA"/>
      <infl tag="Nom.Sg"/>
      <inflClass tag="stu.Masc"/>
      <inflClass_gen tag="stu.Masc"/>
    </tok_anno>
  </token>
  <token id="t20" trans="." type="punc">
    <tok_dipl id="t20_d1" trans="." utf="."/>
    <tok_anno ascii="." id="t20_m1" trans="." utf=".">
      <pos tag="$_"/>
      <pos_gen tag="$_"/>
    </tok_anno>
  </token>
  <token id="t21" trans="unt" type="token">
    <tok_dipl id="t21_d1" trans="unt" utf="unt"/>
    <tok_anno ascii="unt" id="t21_m1" trans="unt" utf="unt">
      <norm tag="und"/>
      <lemma tag="unte"/>
      <lemma_gen tag="unte"/>
      <lemma_idmwb tag="183108000"/>
      <pos tag="KON"/>
      <pos_gen tag="KO"/>
      <infl tag="--"/>
      <inflClass tag="--"/>
      <inflClass_gen tag="--"/>
    </tok_anno>
  </token>
  <token id="t22" trans="$loc" type="token">
    <tok_dipl id="t22_d1" trans="$loc" utf="ſloc"/>
    <tok_anno ascii="sloc" id="t22_m1" trans="$loc" utf="ſloc">
      <norm tag="sluoc"/>
      <lemma tag="slahen"/>
      <lemma_gen tag="slahen"/>
      <lemma_idmwb tag="151182000"/>
      <pos tag="VVFIN"/>
      <pos_gen tag="VV"/>
      <infl tag="Ind.Past.Sg.3"/>
      <inflClass tag="st6"/>
      <inflClass_gen tag="st6"/>
    </tok_anno>
  </token>
  <token id="t23" trans="den" type="token">
    <tok_dipl id="t23_d1" trans="den" utf="den"/>
    <tok_anno ascii="den" id="t23_m1" trans="den" utf="den">
      <norm tag="den"/>
      <lemma tag="dër"/>
      <lemma_gen tag="dër"/>
      <lemma_idmwb tag="29817000"/>
      <pos tag="DDART"/>
      <pos_gen tag="DD"/>
      <infl tag="Masc.Akk.Sg"/>
      <inflClass tag="--"/>
      <inflClass_gen tag="--"/>
    </tok_anno>
  </token>
  <token id="t24" trans="tieueles" type="token">
    <tok_dipl id="t24_d1" trans="tieueles" utf="tieueles"/>
    <tok_anno ascii="tieueles" id="t24_m1" trans="tieueles" utf="tieueles">
      <norm tag="tiuveles"/>
      <lemma tag="tiuvel"/>
      <lemma_gen tag="tiuvel"/>
      <lemma_idmwb tag="168678000"/>
      <pos tag="NA"/>
      <pos_gen tag="NA"/>
      <infl tag="Gen.Sg"/>
      <inflClass tag="st.Masc"/>
      <inflClass_gen tag="st.Masc"/>
    </tok_anno>
  </token>
  <token id="t25" trans="zun" type="token">
    <tok_dipl id="t25_d1" trans="zun" utf="zun"/>
    <tok_anno ascii="zun" id="t25_m1" trans="zun" utf="zun">
      <norm tag="sun"/>
      <lemma tag="sun"/>
      <lemma_gen tag="sun"/>
      <lemma_idmwb tag="162972000"/>
      <pos tag="NA"/>
      <pos_gen tag="NA"/>
      <infl tag="Akk.Sg"/>
      <inflClass tag="stu.Masc"/>
      <inflClass_gen tag="stu.Masc"/>
    </tok_anno>
  </token>
  <token id="t26" trans="." type="punc">
    <tok_dipl id="t26_d1" trans="." utf="."/>
    <tok_anno ascii="." id="t26_m1" trans="." utf=".">
      <pos tag="$_"/>
      <pos_gen tag="$_"/>
    </tok_anno>
  </token>
  <token id="t27" trans="zu" type="token">
    <tok_dipl id="t27_d1" trans="zu" utf="zu"/>
    <tok_anno ascii="zu" id="t27_m1" trans="zu" utf="zu">
      <norm tag="zuo"/>
      <lemma tag="ze"/>
      <lemma_gen tag="ze"/>
      <lemma_idmwb tag="235656000"/>
      <pos tag="APPR"/>
      <pos_gen tag="AP"/>
      <infl tag="c.D"/>
      <inflClass tag="--"/>
      <inflClass_gen tag="--"/>
    </tok_anno>
  </token>
  <token id="t28" trans="der" type="token">
    <tok_dipl id="t28_d1" trans="der" utf="der"/>
    <tok_anno ascii="der" id="t28_m1" trans="der" utf="der">
      <norm tag="der"/>
      <lemma tag="dër"/>
      <lemma_gen tag="dër"/>
      <lemma_idmwb tag="29817000"/>
      <pos tag="DDART"/>
      <pos_gen tag="DD"/>
      <infl tag="Fem.Dat.Sg"/>
      <inflClass tag="--"/>
      <inflClass_gen tag="--"/>
    </tok_anno>
  </token>
  <token id="t29" trans="$tudein(.)" type="token">
    <tok_dipl id="t29_d1" trans="$tudein" utf="ſtudein"/>
    <tok_anno ascii="studein" id="t29_m1" trans="$tudein" utf="ſtudein">
      <norm tag="stûden"/>
      <lemma tag="stûde"/>
      <lemma_gen tag="stûde"/>
      <lemma_idmwb tag="161475000"/>
      <pos tag="NA"/>
      <pos_gen tag="NA"/>
      <infl tag="Dat.Sg"/>
      <inflClass tag="st.Fem"/>
      <inflClass_gen tag="*.Fem"/>
      <punc tag="DE"/>
    </tok_anno>
  </token>
  <token id="t30" trans="Sant" type="token">
    <tok_dipl id="t30_d1" trans="Sant" utf="Sant"/>
    <tok_anno ascii="Sant" id="t30_m1" trans="Sant" utf="Sant">
      <norm tag="sant"/>
      <lemma tag="sancte"/>
      <lemma_gen tag="sancte"/>
      <lemma_idmwb tag="140055000"/>
      <pos tag="ADJA"/>
      <pos_gen tag="ADJ"/>
      <infl tag="Pos.Masc.Nom.Sg.0"/>
      <inflClass tag="--"/>
      <inflClass_gen tag="--"/>
    </tok_anno>
  </token>
  <token id="t31" trans="pet\-" type="token">
    <tok_dipl id="t31_d1" trans="pet\-" utf="pet̄"/>
    <tok_anno ascii="peten" id="t31_m1" trans="pet\-" utf="pet̄">
      <norm tag="Peter"/>
      <lemma tag="Peter"/>
      <lemma_gen tag="Peter"/>
      <lemma_idmwb tag="--"/>
      <pos tag="NE"/>
      <pos_gen tag="NE"/>
      <infl tag="Nom.Sg"/>
      <inflClass tag="--"/>
      <inflClass_gen tag="--"/>
    </tok_anno>
  </token>
  <token id="t32" trans="." type="punc">
    <tok_dipl id="t32_d1" trans="." utf="."/>
    <tok_anno ascii="." id="t32_m1" trans="." utf=".">
      <pos tag="$_"/>
      <pos_gen tag="$_"/>
    </tok_anno>
  </token>
  <token id="t33" trans="$ante" type="token">
    <tok_dipl id="t33_d1" trans="$ante" utf="ſante"/>
    <tok_anno ascii="sante" id="t33_m1" trans="$ante" utf="ſante">
      <norm tag="sante"/>
      <lemma tag="sènten"/>
      <lemma_gen tag="sènten"/>
      <lemma_idmwb tag="148299000"/>
      <pos tag="VVFIN"/>
      <pos_gen tag="VV"/>
      <infl tag="Ind.Past.Sg.3"/>
      <inflClass tag="wk"/>
      <inflClass_gen tag="wk"/>
    </tok_anno>
  </token>
  <token id="t34" trans="zinen" type="token">
    <tok_dipl id="t34_d1" trans="zinen" utf="zinen"/>
    <tok_anno ascii="zinen" id="t34_m1" trans="zinen" utf="zinen">
      <norm tag="sînen"/>
      <lemma tag="sîn"/>
      <lemma_gen tag="sîn"/>
      <lemma_idmwb tag="150153000"/>
      <pos tag="DPOSA"/>
      <pos_gen tag="DPOS"/>
      <infl tag="Masc.Akk.Sg.st"/>
      <inflClass tag="--"/>
      <inflClass_gen tag="--"/>
    </tok_anno>
  </token>
  <token id="t35" trans="pruder" type="token">
    <tok_dipl id="t35_d1" trans="pruder" utf="pruder"/>
    <tok_anno ascii="pruder" id="t35_m1" trans="pruder" utf="pruder">
      <norm tag="bruoder"/>
      <lemma tag="bruoder"/>
      <lemma_gen tag="bruoder"/>
      <lemma_idmwb tag="26253000"/>
      <pos tag="NA"/>
      <pos_gen tag="NA"/>
      <infl tag="Akk.Sg"/>
      <inflClass tag="st(u).Masc"/>
      <inflClass_gen tag="st(u).Masc"/>
    </tok_anno>
  </token>
  <token id="t36" trans="pau(=)len,," type="token">
    <tok_dipl id="t36_d1" trans="paulen" utf="paulen"/>
    <tok_anno ascii="paulen" id="t36_m1" trans="pau(=)len" utf="paulen">
      <norm tag="Paulen"/>
      <token_type tag="UL"/>
      <lemma tag="Paul"/>
      <lemma_gen tag="Paul"/>
      <lemma_idmwb tag="--"/>
      <pos tag="NE"/>
      <pos_gen tag="NE"/>
      <infl tag="Akk.Sg"/>
      <inflClass tag="--"/>
      <inflClass_gen tag="--"/>
      <punc tag="S*"/>
    </tok_anno>
  </token>
  <token id="t37" trans="daz" type="token">
    <tok_dipl id="t37_d1" trans="daz" utf="daz"/>
    <tok_anno ascii="daz" id="t37_m1" trans="daz" utf="daz">
      <norm tag="daz"/>
      <lemma tag="dazz"/>
      <lemma_gen tag="dazz"/>
      <lemma_idmwb tag="29484000"/>
      <pos tag="KOUS"/>
      <pos_gen tag="KO"/>
      <infl tag="--"/>
      <inflClass tag="--"/>
      <inflClass_gen tag="--"/>
    </tok_anno>
  </token>
  <token id="t38" trans="er" type="token">
    <tok_dipl id="t38_d1" trans="er" utf="er"/>
    <tok_anno ascii="er" id="t38_m1" trans="er" utf="er">
      <norm tag="er"/>
      <lemma tag="ër"/>
      <lemma_gen tag="ër"/>
      <lemma_idmwb tag="40380000"/>
      <pos tag="PPER"/>
      <pos_gen tag="PPER"/>
      <infl tag="Masc.Nom.Sg.3"/>
      <inflClass tag="--"/>
      <inflClass_gen tag="--"/>
    </tok_anno>
  </token>
  <token id="t39" trans="arome" type="token">
    <tok_dipl id="t39_d1" trans="arome" utf="arome"/>
    <tok_anno ascii="arome" id="t39_m1" trans="arome" utf="arome">
      <norm tag="--"/>
      <lemma tag="[?]"/>
      <lemma_gen tag="[?]"/>
      <lemma_idmwb tag="???"/>
      <pos tag="--"/>
      <pos_gen tag="--"/>
      <infl tag="--"/>
      <inflClass tag="--"/>
      <inflClass_gen tag="--"/>
    </tok_anno>
  </token>
  <token id="t40" trans="adren" type="token">
    <tok_dipl id="t40_d1" trans="adren" utf="adren"/>
    <tok_anno ascii="adren" id="t40_m1" trans="adren" utf="adren">
      <norm tag="âderen"/>
      <lemma tag="âder(e)"/>
      <lemma_gen tag="âder(e)"/>
      <lemma_idmwb tag="2664000"/>
      <pos tag="NA"/>
      <pos_gen tag="NA"/>
      <infl tag="Akk.Pl"/>
      <inflClass tag="st.Fem"/>
      <inflClass_gen tag="*.Fem"/>
    </tok_anno>
  </token>
  <token id="t41" trans="ferbunte,," type="token">
    <tok_dipl id="t41_d1" trans="ferbunte" utf="ferbunte"/>
    <tok_anno ascii="ferbunte" id="t41_m1" trans="ferbunte" utf="ferbunte">
      <norm tag="verbünde"/>
      <lemma tag="ver-binten"/>
      <lemma_gen tag="ver-binten"/>
      <lemma_idmwb tag="200337000"/>
      <pos tag="VVFIN"/>
      <pos_gen tag="VV"/>
      <infl tag="Subj.Past.Sg.3"/>
      <inflClass tag="st3a"/>
      <inflClass_gen tag="st3a"/>
      <punc tag="S*"/>
    </tok_anno>
  </token>
  <token id="t42" trans="frepunte" type="token">
    <tok_dipl id="t42_d1" trans="frepunte" utf="frepunte"/>
    <tok_anno ascii="frepunte" id="t42_m1" trans="frepunte" utf="frepunte">
      <norm tag="verbünde"/>
      <lemma tag="ver-binten"/>
      <lemma_gen tag="ver-binten"/>
      <lemma_idmwb tag="200337000"/>
      <pos tag="VVFIN"/>
      <pos_gen tag="VV"/>
      <infl tag="Subj.Past.Sg.3"/>
      <inflClass tag="st3a"/>
      <inflClass_gen tag="st3a"/>
    </tok_anno>
  </token>
  <token id="t43" trans="den" type="token">
    <tok_dipl id="t43_d1" trans="den" utf="den"/>
    <tok_anno ascii="den" id="t43_m1" trans="den" utf="den">
      <norm tag="den"/>
      <lemma tag="dër"/>
      <lemma_gen tag="dër"/>
      <lemma_idmwb tag="29817000"/>
      <pos tag="DDART"/>
      <pos_gen tag="DD"/>
      <infl tag="Masc.Akk.Sg"/>
      <inflClass tag="--"/>
      <inflClass_gen tag="--"/>
    </tok_anno>
  </token>
  <token id="t44" trans="paten,," type="token">
    <tok_dipl id="t44_d1" trans="paten" utf="paten"/>
    <tok_anno ascii="paten" id="t44_m1" trans="paten" utf="paten">
      <norm tag="--"/>
      <lemma tag="[?]"/>
      <lemma_gen tag="[?]"/>
      <lemma_idmwb tag="???"/>
      <pos tag="--"/>
      <pos_gen tag="--"/>
      <infl tag="AS"/>
      <inflClass tag="--"/>
      <inflClass_gen tag="--"/>
      <punc tag="S*"/>
    </tok_anno>
  </token>
  <comment type="K">/%.[?]</comment>
  <token id="t45" trans="." type="punc">
    <tok_dipl id="t45_d1" trans="." utf="."/>
    <tok_anno ascii="." id="t45_m1" trans="." utf=".">
      <pos tag="$_"/>
      <pos_gen tag="$_"/>
    </tok_anno>
  </token>
  <token id="t46" trans="frigezeden(.)" type="token">
    <tok_dipl id="t46_d1" trans="frigezeden" utf="frigezeden"/>
    <tok_anno ascii="frigezeden" id="t46_m1" trans="frigezeden" utf="frigezeden">
      <norm tag="--"/>
      <lemma tag="[?]"/>
      <lemma_gen tag="[?]"/>
      <lemma_idmwb tag="???"/>
      <pos tag="--"/>
      <pos_gen tag="--"/>
      <infl tag="--"/>
      <inflClass tag="--"/>
      <inflClass_gen tag="--"/>
      <punc tag="DE"/>
    </tok_anno>
  </token>
  <comment type="K">/%.[?]</comment>
  <token id="t47" trans="$ama||th" type="token">
    <tok_dipl id="t47_d1" trans="$amath" utf="ſamath"/>
    <tok_anno ascii="sama" id="t47_m1" trans="$ama|" utf="ſama">
      <norm tag="same"/>
      <token_type tag="MS1"/>
      <lemma tag="sam(e)"/>
      <lemma_gen tag="sam(e)"/>
      <lemma_idmwb tag="139716000"/>
      <pos tag="AVD"/>
      <pos_gen tag="AVD-KO"/>
      <infl tag="--"/>
      <inflClass tag="--"/>
      <inflClass_gen tag="--"/>
    </tok_anno>
    <tok_anno ascii="th" id="t47_m2" trans="|th" utf="th">
      <norm tag="ich"/>
      <token_type tag="MS2"/>
      <lemma tag="ich"/>
      <lemma_gen tag="ich"/>
      <lemma_idmwb tag="81210000"/>
      <pos tag="PPER"/>
      <pos_gen tag="PPER"/>
      <infl tag="Nom.Sg.1"/>
      <inflClass tag="--"/>
      <inflClass_gen tag="--"/>
    </tok_anno>
  </token>
  <comment type="K">/%.[?]</comment>
  <comment type="K">/%.[?]</comment>
  <token id="t48" trans="fri#wize" type="token">
    <tok_dipl id="t48_d1" trans="fri" utf="fri"/>
    <tok_dipl id="t48_d2" trans="wize" utf="wize"/>
    <tok_anno ascii="friwize" id="t48_m1" trans="fri#wize" utf="friwize">
      <norm tag="verwîze"/>
      <token_type tag="US"/>
      <lemma tag="ver-wîzen"/>
      <lemma_gen tag="ver-wîzen"/>
      <lemma_idmwb tag="207516000"/>
      <pos tag="VVFIN"/>
      <pos_gen tag="VV"/>
      <infl tag="Ind.Pres.Sg.1"/>
      <inflClass tag="st1a"/>
      <inflClass_gen tag="st1a"/>
    </tok_anno>
  </token>
  <token id="t49" trans="dih,,(" type="token">
    <tok_dipl id="t49_d1" trans="dih" utf="dih"/>
    <tok_anno ascii="dih" id="t49_m1" trans="dih" utf="dih">
      <norm tag="dich"/>
      <lemma tag="dû"/>
      <lemma_gen tag="dû"/>
      <lemma_idmwb tag="32607000"/>
      <pos tag="PPER"/>
      <pos_gen tag="PPER"/>
      <infl tag="Akk.Sg.2"/>
      <inflClass tag="--"/>
      <inflClass_gen tag="--"/>
    </tok_anno>
  </token>
  <token id="t50" trans="unreiner" type="token">
    <tok_dipl id="t50_d1" trans="unreiner" utf="unreiner"/>
    <tok_anno ascii="unreiner" id="t50_m1" trans="unreiner" utf="unreiner">
      <norm tag="unreiner"/>
      <lemma tag="un-rèin(e)"/>
      <lemma_gen tag="un-rèin(e)"/>
      <lemma_idmwb tag="190185000"/>
      <pos tag="ADJA"/>
      <pos_gen tag="ADJ"/>
      <infl tag="Pos.Masc.Nom.Sg.st"/>
      <inflClass tag="--"/>
      <inflClass_gen tag="--"/>
    </tok_anno>
  </token>
  <token id="t51" trans="ate\-,,)" type="token">
    <tok_dipl id="t51_d1" trans="ate\-" utf="atē"/>
    <tok_anno ascii="aten" id="t51_m1" trans="ate\-" utf="atē">
      <norm tag="âtem"/>
      <lemma tag="âtem"/>
      <lemma_gen tag="âtem"/>
      <lemma_idmwb tag="9861000"/>
      <pos tag="NA"/>
      <pos_gen tag="NA"/>
      <infl tag="Nom.Sg"/>
      <inflClass tag="st.Masc"/>
      <inflClass_gen tag="st.Masc"/>
    </tok_anno>
  </token>
  <token id="t52" trans="." type="punc">
    <tok_dipl id="t52_d1" trans="." utf="."/>
    <tok_anno ascii="." id="t52_m1" trans="." utf=".">
      <pos tag="$_"/>
      <pos_gen tag="$_"/>
    </tok_anno>
  </token>
  <token id="t53" trans="fon" type="token">
    <tok_dipl id="t53_d1" trans="fon" utf="fon"/>
    <tok_anno ascii="fon" id="t53_m1" trans="fon" utf="fon">
      <norm tag="von"/>
      <lemma tag="von(e)"/>
      <lemma_gen tag="von(e)"/>
      <lemma_idmwb tag="213186000"/>
      <pos tag="AVD"/>
      <pos_gen tag="AVD"/>
      <infl tag="--"/>
      <inflClass tag="--"/>
      <inflClass_gen tag="--"/>
    </tok_anno>
  </token>
  <token id="t54" trans="di$emo" type="token">
    <tok_dipl id="t54_d1" trans="di$emo" utf="diſemo"/>
    <tok_anno ascii="disemo" id="t54_m1" trans="di$emo" utf="diſemo">
      <norm tag="diseme"/>
      <lemma tag="dise"/>
      <lemma_gen tag="dise"/>
      <lemma_idmwb tag="30921000"/>
      <pos tag="DDA"/>
      <pos_gen tag="DD"/>
      <infl tag="Masc.Dat.Sg"/>
      <inflClass tag="--"/>
      <inflClass_gen tag="--"/>
    </tok_anno>
  </token>
  <token id="t55" trans="mene$che\-(!)" type="token">
    <tok_dipl id="t55_d1" trans="mene$che\-" utf="meneſchē"/>
    <tok_anno ascii="meneschen" id="t55_m1" trans="mene$che\-" utf="meneſchē">
      <norm tag="mennischen"/>
      <lemma tag="mèn(ni)sche"/>
      <lemma_gen tag="mèn(ni)sche"/>
      <lemma_idmwb tag="110340000"/>
      <pos tag="NA"/>
      <pos_gen tag="NA"/>
      <infl tag="Dat.Sg"/>
      <inflClass tag="st.Masc,Neut"/>
      <inflClass_gen tag="st.Masc,Neut"/>
      <punc tag="EE"/>
    </tok_anno>
  </token>
  <token id="t56" trans="zo" type="token">
    <tok_dipl id="t56_d1" trans="zo" utf="zo"/>
    <tok_anno ascii="zo" id="t56_m1" trans="zo" utf="zo">
      <norm tag="sô"/>
      <lemma tag="sô"/>
      <lemma_gen tag="sô"/>
      <lemma_idmwb tag="154164000"/>
      <pos tag="AVD"/>
      <pos_gen tag="AVD-KO"/>
      <infl tag="--"/>
      <inflClass tag="--"/>
      <inflClass_gen tag="--"/>
    </tok_anno>
  </token>
  <token id="t57" trans="$ci(=)ero,,(" type="token">
    <tok_dipl id="t57_d1" trans="$ciero" utf="ſciero"/>
    <tok_anno ascii="sciero" id="t57_m1" trans="$ci(=)ero" utf="ſciero">
      <norm tag="schiere"/>
      <token_type tag="UL"/>
      <lemma tag="schière"/>
      <lemma_gen tag="schière"/>
      <lemma_idmwb tag="143451000"/>
      <pos tag="AVD"/>
      <pos_gen tag="AVD"/>
      <infl tag="--"/>
      <inflClass tag="--"/>
      <inflClass_gen tag="--"/>
    </tok_anno>
  </token>
  <token id="t58" trans="zo" type="token">
    <tok_dipl id="t58_d1" trans="zo" utf="zo"/>
    <tok_anno ascii="zo" id="t58_m1" trans="zo" utf="zo">
      <norm tag="sô"/>
      <lemma tag="sô"/>
      <lemma_gen tag="sô"/>
      <lemma_idmwb tag="154164000"/>
      <pos tag="KO*"/>
      <pos_gen tag="KO"/>
      <infl tag="--"/>
      <inflClass tag="--"/>
      <inflClass_gen tag="--"/>
    </tok_anno>
  </token>
  <token id="t59" trans="diu" type="token">
    <tok_dipl id="t59_d1" trans="diu" utf="diu"/>
    <tok_anno ascii="diu" id="t59_m1" trans="diu" utf="diu">
      <norm tag="diu"/>
      <lemma tag="dër"/>
      <lemma_gen tag="dër"/>
      <lemma_idmwb tag="29817000"/>
      <pos tag="DDART"/>
      <pos_gen tag="DD"/>
      <infl tag="Fem.Nom.Sg"/>
      <inflClass tag="--"/>
      <inflClass_gen tag="--"/>
    </tok_anno>
  </token>
  <token id="t60" trans="hant" type="token">
    <tok_dipl id="t60_d1" trans="hant" utf="hant"/>
    <tok_anno ascii="hant" id="t60_m1" trans="hant" utf="hant">
      <norm tag="hant"/>
      <lemma tag="hant"/>
      <lemma_gen tag="hant"/>
      <lemma_idmwb tag="68277000"/>
      <pos tag="NA"/>
      <pos_gen tag="NA"/>
      <infl tag="Nom.Sg"/>
      <inflClass tag="st(u).Fem"/>
      <inflClass_gen tag="st(u).Fem"/>
    </tok_anno>
  </token>
  <token id="t61" trans="Wentet,,)" type="token">
    <tok_dipl id="t61_d1" trans="Wentet" utf="Wentet"/>
    <tok_anno ascii="Wentet" id="t61_m1" trans="Wentet" utf="Wentet">
      <norm tag="wendet"/>
      <lemma tag="wènten"/>
      <lemma_gen tag="wènten"/>
      <lemma_idmwb tag="224805000"/>
      <pos tag="VVFIN"/>
      <pos_gen tag="VV"/>
      <infl tag="Ind.Pres.Sg.3"/>
      <inflClass tag="wk"/>
      <inflClass_gen tag="wk"/>
    </tok_anno>
  </token>
  <token id="t62" trans="z||er" type="token">
    <tok_dipl id="t62_d1" trans="zer" utf="zer"/>
    <tok_anno ascii="z" id="t62_m1" trans="z|" utf="z">
      <norm tag="ze"/>
      <token_type tag="MS1"/>
      <lemma tag="ze"/>
      <lemma_gen tag="ze"/>
      <lemma_idmwb tag="235656000"/>
      <pos tag="APPR"/>
      <pos_gen tag="AP"/>
      <infl tag="c.D"/>
      <inflClass tag="--"/>
      <inflClass_gen tag="--"/>
    </tok_anno>
    <tok_anno ascii="er" id="t62_m2" trans="|er" utf="er">
      <norm tag="der"/>
      <token_type tag="MS2"/>
      <lemma tag="dër"/>
      <lemma_gen tag="dër"/>
      <lemma_idmwb tag="29817000"/>
      <pos tag="DDART"/>
      <pos_gen tag="DD"/>
      <infl tag="Fem.Dat.Sg"/>
      <inflClass tag="--"/>
      <inflClass_gen tag="--"/>
    </tok_anno>
  </token>
  <token id="t63" trans="erden(.)" type="token">
    <tok_dipl id="t63_d1" trans="erden" utf="erden"/>
    <tok_anno ascii="erden" id="t63_m1" trans="erden" utf="erden">
      <norm tag="erden"/>
      <lemma tag="ërde"/>
      <lemma_gen tag="ërde"/>
      <lemma_idmwb tag="41217000"/>
      <pos tag="NA"/>
      <pos_gen tag="NA"/>
      <infl tag="Dat.Sg"/>
      <inflClass tag="st.Fem"/>
      <inflClass_gen tag="*.Fem"/>
      <punc tag="DE"/>
    </tok_anno>
  </token>
  <token id="t64" trans="ter" type="token">
    <tok_dipl id="t64_d1" trans="ter" utf="ter"/>
    <tok_anno ascii="ter" id="t64_m1" trans="ter" utf="ter">
      <norm tag="--"/>
      <lemma tag="ter"/>
      <lemma_gen tag="[!]"/>
      <lemma_idmwb tag="--"/>
      <pos tag="FM"/>
      <pos_gen tag="FM"/>
      <infl tag="--"/>
      <inflClass tag="--"/>
      <inflClass_gen tag="--"/>
    </tok_anno>
  </token>
  <comment type="K">/L[+]</comment>
  <token id="t65" trans="cu\-" type="token">
    <tok_dipl id="t65_d1" trans="cu\-" utf="cū"/>
    <tok_anno ascii="cun" id="t65_m1" trans="cu\-" utf="cū">
      <norm tag="--"/>
      <lemma tag="cum"/>
      <lemma_gen tag="[!]"/>
      <lemma_idmwb tag="--"/>
      <pos tag="FM"/>
      <pos_gen tag="FM"/>
      <infl tag="--"/>
      <inflClass tag="--"/>
      <inflClass_gen tag="--"/>
    </tok_anno>
  </token>
  <token id="t66" trans="pat\-" type="token">
    <tok_dipl id="t66_d1" trans="pat\-" utf="pat̄"/>
    <tok_anno ascii="paten" id="t66_m1" trans="pat\-" utf="pat̄">
      <norm tag="--"/>
      <lemma tag="pater"/>
      <lemma_gen tag="[!]"/>
      <lemma_idmwb tag="--"/>
      <pos tag="FM"/>
      <pos_gen tag="FM"/>
      <infl tag="--"/>
      <inflClass tag="--"/>
      <inflClass_gen tag="--"/>
    </tok_anno>
  </token>
  <token id="t67" trans="n\-r(.)" type="token">
    <tok_dipl id="t67_d1" trans="n\-r" utf="n̄r"/>
    <tok_anno ascii="nenr" id="t67_m1" trans="n\-r" utf="n̄r">
      <norm tag="--"/>
      <lemma tag="noster"/>
      <lemma_gen tag="[!]"/>
      <lemma_idmwb tag="--"/>
      <pos tag="FM"/>
      <pos_gen tag="FM"/>
      <infl tag="--"/>
      <inflClass tag="--"/>
      <inflClass_gen tag="--"/>
      <punc tag="DE"/>
    </tok_anno>
  </token>
  <comment type="K">/L[@]</comment>
</text>
