<?xml version='1.0' encoding='UTF-8'?>
<!DOCTYPE text SYSTEM "cora-xml.dtd">
<text id="M049">
  <header>
    <text>Contra malum malannum</text>
    <abbr_ddd>Contramal</abbr_ddd>
    <abbr_mwb>-</abbr_mwb>
    <topic>Religion, Alltag</topic>
    <text-type>Segen</text-type>
    <genre>P</genre>
    <reference>Handschrift</reference>
    <reference-secondary>Edition [Textnummer+Zeile]</reference-secondary>
    <library>Bonn, Universitätsbibl.</library>
    <library-shelfmark>Cod. S 218</library-shelfmark>
    <online>http://www.handschriftencensus.de/6902</online>
    <medium>Handschrift</medium>
    <extent>41r</extent>
    <extract>-</extract>
    <language>mhd</language>
    <language-type>mitteldeutsch, oberdeutsch</language-type>
    <language-region>oberdeutsch,westmitteldeutsch</language-region>
    <language-area>oberdeutsch, westmitteldeutsch</language-area>
    <place>-</place>
    <time>11,2</time>
    <notes-manuscript>-</notes-manuscript>
    <date>11</date>
    <text-place>-</text-place>
    <text-author>-</text-author>
    <text-language>-</text-language>
    <text-source>-</text-source>
    <edition>Elias von Steinmeyer (Hg.), Die kleineren althochdeutschen Sprachdenkmäler, Berlin 1916, Nr. 71</edition>
    <corpus>ReM I</corpus>
    <notes-transcription>-</notes-transcription>
    <notes-annotation>-</notes-annotation>
    <digitization_by>Thomas Klein (Bonn)</digitization_by>
    <collation_by>Elke Weber (Bonn)</collation_by>
    <pre_editing_by>Thomas Klein (Bonn)</pre_editing_by>
    <annotation_by>Thomas Klein (Bonn) [u.B.v. R-M.S.Heffner, A Word-Index to the Texts of Steinmeyer ... 1961]</annotation_by>
    <proofreading_by>Elke Weber (Bonn)</proofreading_by>
  </header>
  <layoutinfo>
    <page id="p1" no="41" range="c1" side="r"/>
    <column id="c1" range="l1..l3"/>
    <line id="l1" name="22" range="t1_d1..t6_d1" loc="41ra,22"/>
    <line id="l2" name="23" range="t7_d1..t20_d1" loc="41ra,23"/>
    <line id="l3" name="24" range="t21_d1..t59_d1" loc="41ra,24"/>
  </layoutinfo>
  <shifttags>
    <paren range="t16_m1..t18_m1"/>
  </shifttags>
  <token id="t1" trans="Contra" type="token">
    <tok_dipl id="t1_d1" trans="Contra" utf="Contra"/>
    <tok_anno ascii="Contra" id="t1_m1" trans="Contra" utf="Contra">
      <norm tag="--"/>
      <lemma tag="contra"/>
      <lemma_gen tag="contra"/>
      <lemma_idmwb tag="--"/>
      <pos tag="FM"/>
      <pos_gen tag="FM"/>
      <infl tag="--"/>
      <inflClass tag="--"/>
      <inflClass_gen tag="--"/>
    </tok_anno>
  </token>
  <comment type="K">/L[+]</comment>
  <token id="t2" trans="malu\-" type="token">
    <tok_dipl id="t2_d1" trans="malu\-" utf="malū"/>
    <tok_anno ascii="malun" id="t2_m1" trans="malu\-" utf="malū">
      <norm tag="--"/>
      <lemma tag="malum"/>
      <lemma_gen tag="malum"/>
      <lemma_idmwb tag="--"/>
      <pos tag="FM"/>
      <pos_gen tag="FM"/>
      <infl tag="--"/>
      <inflClass tag="--"/>
      <inflClass_gen tag="--"/>
    </tok_anno>
  </token>
  <token id="t3" trans="malannu\-(.)" type="token">
    <tok_dipl id="t3_d1" trans="malannu\-" utf="malannū"/>
    <tok_anno ascii="malannun" id="t3_m1" trans="malannu\-" utf="malannū">
      <norm tag="--"/>
      <lemma tag="malannum"/>
      <lemma_gen tag="malannum"/>
      <lemma_idmwb tag="--"/>
      <pos tag="FM"/>
      <pos_gen tag="FM"/>
      <infl tag="--"/>
      <inflClass tag="--"/>
      <inflClass_gen tag="--"/>
      <punc tag="DE"/>
    </tok_anno>
  </token>
  <comment type="K">/L[@]</comment>
  <token id="t4" trans="Cu\-" type="token">
    <tok_dipl id="t4_d1" trans="Cu\-" utf="Cū"/>
    <tok_anno ascii="Cun" id="t4_m1" trans="Cu\-" utf="Cū">
      <norm tag="--"/>
      <lemma tag="cum"/>
      <lemma_gen tag="cum"/>
      <lemma_idmwb tag="--"/>
      <pos tag="FM"/>
      <pos_gen tag="FM"/>
      <infl tag="--"/>
      <inflClass tag="--"/>
      <inflClass_gen tag="--"/>
    </tok_anno>
  </token>
  <comment type="K">/L[+]</comment>
  <token id="t5" trans="minimo" type="token">
    <tok_dipl id="t5_d1" trans="minimo" utf="minimo"/>
    <tok_anno ascii="minimo" id="t5_m1" trans="minimo" utf="minimo">
      <norm tag="--"/>
      <lemma tag="minimo"/>
      <lemma_gen tag="minimo"/>
      <lemma_idmwb tag="--"/>
      <pos tag="FM"/>
      <pos_gen tag="FM"/>
      <infl tag="--"/>
      <inflClass tag="--"/>
      <inflClass_gen tag="--"/>
    </tok_anno>
  </token>
  <token id="t6" trans="di(=)gito" type="token">
    <tok_dipl id="t6_d1" trans="digito" utf="digito"/>
    <tok_anno ascii="digito" id="t6_m1" trans="di(=)gito" utf="digito">
      <norm tag="--"/>
      <token_type tag="UL"/>
      <lemma tag="digito"/>
      <lemma_gen tag="digito"/>
      <lemma_idmwb tag="--"/>
      <pos tag="FM"/>
      <pos_gen tag="FM"/>
      <infl tag="--"/>
      <inflClass tag="--"/>
      <inflClass_gen tag="--"/>
    </tok_anno>
  </token>
  <token id="t7" trans="circu\-dare" type="token">
    <tok_dipl id="t7_d1" trans="circu\-dare" utf="circūdare"/>
    <tok_anno ascii="circundare" id="t7_m1" trans="circu\-dare" utf="circūdare">
      <norm tag="--"/>
      <lemma tag="circumdare"/>
      <lemma_gen tag="circumdare"/>
      <lemma_idmwb tag="--"/>
      <pos tag="FM"/>
      <pos_gen tag="FM"/>
      <infl tag="--"/>
      <inflClass tag="--"/>
      <inflClass_gen tag="--"/>
    </tok_anno>
  </token>
  <token id="t8" trans="locu\-" type="token">
    <tok_dipl id="t8_d1" trans="locu\-" utf="locū"/>
    <tok_anno ascii="locun" id="t8_m1" trans="locu\-" utf="locū">
      <norm tag="--"/>
      <lemma tag="locum"/>
      <lemma_gen tag="locum"/>
      <lemma_idmwb tag="--"/>
      <pos tag="FM"/>
      <pos_gen tag="FM"/>
      <infl tag="--"/>
      <inflClass tag="--"/>
      <inflClass_gen tag="--"/>
    </tok_anno>
  </token>
  <token id="t9" trans="debe$,," type="token">
    <tok_dipl id="t9_d1" trans="debe$" utf="debeſ"/>
    <tok_anno ascii="debes" id="t9_m1" trans="debe$" utf="debeſ">
      <norm tag="--"/>
      <lemma tag="debes"/>
      <lemma_gen tag="debes"/>
      <lemma_idmwb tag="--"/>
      <pos tag="FM"/>
      <pos_gen tag="FM"/>
      <infl tag="--"/>
      <inflClass tag="--"/>
      <inflClass_gen tag="--"/>
      <punc tag="S*"/>
    </tok_anno>
  </token>
  <token id="t10" trans="ubi" type="token">
    <tok_dipl id="t10_d1" trans="ubi" utf="ubi"/>
    <tok_anno ascii="ubi" id="t10_m1" trans="ubi" utf="ubi">
      <norm tag="--"/>
      <lemma tag="ubi"/>
      <lemma_gen tag="ubi"/>
      <lemma_idmwb tag="--"/>
      <pos tag="FM"/>
      <pos_gen tag="FM"/>
      <infl tag="--"/>
      <inflClass tag="--"/>
      <inflClass_gen tag="--"/>
    </tok_anno>
  </token>
  <token id="t11" trans="apparebit,," type="token">
    <tok_dipl id="t11_d1" trans="apparebit" utf="apparebit"/>
    <tok_anno ascii="apparebit" id="t11_m1" trans="apparebit" utf="apparebit">
      <norm tag="--"/>
      <lemma tag="apparebit"/>
      <lemma_gen tag="apparebit"/>
      <lemma_idmwb tag="--"/>
      <pos tag="FM"/>
      <pos_gen tag="FM"/>
      <infl tag="--"/>
      <inflClass tag="--"/>
      <inflClass_gen tag="--"/>
      <punc tag="S*"/>
    </tok_anno>
  </token>
  <token id="t12" trans="hi$" type="token">
    <tok_dipl id="t12_d1" trans="hi$" utf="hiſ"/>
    <tok_anno ascii="his" id="t12_m1" trans="hi$" utf="hiſ">
      <norm tag="--"/>
      <lemma tag="his"/>
      <lemma_gen tag="his"/>
      <lemma_idmwb tag="--"/>
      <pos tag="FM"/>
      <pos_gen tag="FM"/>
      <infl tag="--"/>
      <inflClass tag="--"/>
      <inflClass_gen tag="--"/>
    </tok_anno>
  </token>
  <token id="t13" trans="u'bi$(:)" type="token">
    <tok_dipl id="t13_d1" trans="u'bi$" utf="uˢbiſ"/>
    <tok_anno ascii="urbis" id="t13_m1" trans="u'bi$" utf="uˢbiſ">
      <norm tag="--"/>
      <lemma tag="verbis"/>
      <lemma_gen tag="verbis"/>
      <lemma_idmwb tag="--"/>
      <pos tag="FM"/>
      <pos_gen tag="FM"/>
      <infl tag="--"/>
      <inflClass tag="--"/>
      <inflClass_gen tag="--"/>
      <punc tag="DE"/>
    </tok_anno>
  </token>
  <comment type="K">/L[@]</comment>
  <token id="t14" trans="Ih" type="token">
    <tok_dipl id="t14_d1" trans="Ih" utf="Ih"/>
    <tok_anno ascii="Ih" id="t14_m1" trans="Ih" utf="Ih">
      <norm tag="ich"/>
      <lemma tag="ich"/>
      <lemma_gen tag="ich"/>
      <lemma_idmwb tag="81210000"/>
      <pos tag="PPER"/>
      <pos_gen tag="PPER"/>
      <infl tag="Nom.Sg.1"/>
      <inflClass tag="--"/>
      <inflClass_gen tag="--"/>
    </tok_anno>
  </token>
  <token id="t15" trans="bimuniun" type="token">
    <tok_dipl id="t15_d1" trans="bimuniun" utf="bimuniun"/>
    <tok_anno ascii="bimuniun" id="t15_m1" trans="bimuniun" utf="bimuniun">
      <norm tag="bemunigen"/>
      <lemma tag="be-munigen"/>
      <lemma_gen tag="be-munigen"/>
      <lemma_idmwb tag="???"/>
      <pos tag="VVFIN"/>
      <pos_gen tag="VV"/>
      <infl tag="Ind.Pres.Sg.1"/>
      <inflClass tag="wk"/>
      <inflClass_gen tag="wk"/>
    </tok_anno>
  </token>
  <comment type="K">/%.[mhd. nicht belegt!]</comment>
  <token id="t16" trans="dih,,(" type="token">
    <tok_dipl id="t16_d1" trans="dih" utf="dih"/>
    <tok_anno ascii="dih" id="t16_m1" trans="dih" utf="dih">
      <norm tag="dich"/>
      <lemma tag="dû"/>
      <lemma_gen tag="dû"/>
      <lemma_idmwb tag="32607000"/>
      <pos tag="PPER"/>
      <pos_gen tag="PPER"/>
      <infl tag="Akk.Sg.2"/>
      <inflClass tag="--"/>
      <inflClass_gen tag="--"/>
    </tok_anno>
  </token>
  <token id="t17" trans="." type="punc">
    <tok_dipl id="t17_d1" trans="." utf="."/>
    <tok_anno ascii="." id="t17_m1" trans="." utf=".">
      <pos tag="$_"/>
      <pos_gen tag="$_"/>
    </tok_anno>
  </token>
  <token id="t18" trans="sua\-,,)" type="token">
    <tok_dipl id="t18_d1" trans="sua\-" utf="suā"/>
    <tok_anno ascii="suan" id="t18_m1" trans="sua\-" utf="suā">
      <norm tag="swam"/>
      <lemma tag="swamm(e)"/>
      <lemma_gen tag="swamm(e)"/>
      <lemma_idmwb tag="164568000"/>
      <pos tag="NA"/>
      <pos_gen tag="NA"/>
      <infl tag="Nom.Sg"/>
      <inflClass tag="*.Masc"/>
      <inflClass_gen tag="*.Masc"/>
    </tok_anno>
  </token>
  <token id="t19" trans="pi||gode" type="token">
    <tok_dipl id="t19_d1" trans="pigode" utf="pigode"/>
    <tok_anno ascii="pi" id="t19_m1" trans="pi|" utf="pi">
      <norm tag="bî"/>
      <token_type tag="MS1"/>
      <lemma tag="bî"/>
      <lemma_gen tag="bî"/>
      <lemma_idmwb tag="19761000"/>
      <pos tag="AVD"/>
      <pos_gen tag="AVD"/>
      <infl tag="--"/>
      <inflClass tag="--"/>
      <inflClass_gen tag="--"/>
    </tok_anno>
    <tok_anno ascii="gode" id="t19_m2" trans="|gode" utf="gode">
      <norm tag="gote"/>
      <token_type tag="MS2"/>
      <lemma tag="got"/>
      <lemma_gen tag="got"/>
      <lemma_idmwb tag="63291000"/>
      <pos tag="NA"/>
      <pos_gen tag="NA"/>
      <infl tag="Dat.Sg"/>
      <inflClass tag="st.Masc"/>
      <inflClass_gen tag="st.Masc"/>
    </tok_anno>
  </token>
  <token id="t20" trans="iouh" type="token">
    <tok_dipl id="t20_d1" trans="iouh" utf="iouh"/>
    <tok_anno ascii="iouh" id="t20_m1" trans="iouh" utf="iouh">
      <norm tag="joch"/>
      <lemma tag="joh"/>
      <lemma_gen tag="joh"/>
      <lemma_idmwb tag="85548000"/>
      <pos tag="KON"/>
      <pos_gen tag="KO"/>
      <infl tag="--"/>
      <inflClass tag="--"/>
      <inflClass_gen tag="--"/>
    </tok_anno>
  </token>
  <token id="t21" trans="pi" type="token">
    <tok_dipl id="t21_d1" trans="pi" utf="pi"/>
    <tok_anno ascii="pi" id="t21_m1" trans="pi" utf="pi">
      <norm tag="bî"/>
      <lemma tag="bî"/>
      <lemma_gen tag="bî"/>
      <lemma_idmwb tag="19761000"/>
      <pos tag="AVD"/>
      <pos_gen tag="AVD"/>
      <infl tag="--"/>
      <inflClass tag="--"/>
      <inflClass_gen tag="--"/>
    </tok_anno>
  </token>
  <token id="t22" trans="xri$te(.)" type="token">
    <tok_dipl id="t22_d1" trans="xri$te" utf="xriſte"/>
    <tok_anno ascii="xriste" id="t22_m1" trans="xri$te" utf="xriſte">
      <norm tag="Kriste"/>
      <lemma tag="Krist"/>
      <lemma_gen tag="Krist"/>
      <lemma_idmwb tag="95598000"/>
      <pos tag="NE"/>
      <pos_gen tag="NE"/>
      <infl tag="Dat.Sg"/>
      <inflClass tag="--"/>
      <inflClass_gen tag="--"/>
      <punc tag="DE"/>
    </tok_anno>
  </token>
  <comment type="K">/E[xriſte: laut Steinmeyer davor {xri} gestr.]</comment>
  <token id="t23" trans="T\-c" type="token">
    <tok_dipl id="t23_d1" trans="T\-c" utf="T̄c"/>
    <tok_anno ascii="Tenc" id="t23_m1" trans="T\-c" utf="T̄c">
      <norm tag="--"/>
      <lemma tag="tunc"/>
      <lemma_gen tag="tunc"/>
      <lemma_idmwb tag="--"/>
      <pos tag="FM"/>
      <pos_gen tag="FM"/>
      <infl tag="--"/>
      <inflClass tag="--"/>
      <inflClass_gen tag="--"/>
    </tok_anno>
  </token>
  <comment type="K">/L[+]</comment>
  <token id="t24" trans="fac" type="token">
    <tok_dipl id="t24_d1" trans="fac" utf="fac"/>
    <tok_anno ascii="fac" id="t24_m1" trans="fac" utf="fac">
      <norm tag="--"/>
      <lemma tag="fac"/>
      <lemma_gen tag="fac"/>
      <lemma_idmwb tag="--"/>
      <pos tag="FM"/>
      <pos_gen tag="FM"/>
      <infl tag="--"/>
      <inflClass tag="--"/>
      <inflClass_gen tag="--"/>
    </tok_anno>
  </token>
  <token id="t25" trans="cruce\-" type="token">
    <tok_dipl id="t25_d1" trans="cruce\-" utf="crucē"/>
    <tok_anno ascii="crucen" id="t25_m1" trans="cruce\-" utf="crucē">
      <norm tag="--"/>
      <lemma tag="crucem"/>
      <lemma_gen tag="crucem"/>
      <lemma_idmwb tag="--"/>
      <pos tag="FM"/>
      <pos_gen tag="FM"/>
      <infl tag="--"/>
      <inflClass tag="--"/>
      <inflClass_gen tag="--"/>
    </tok_anno>
  </token>
  <token id="t26" trans="ᵽr" type="token">
    <tok_dipl id="t26_d1" trans="ᵽr" utf="ᵽr"/>
    <tok_anno ascii="ᵽr" id="t26_m1" trans="ᵽr" utf="ᵽr">
      <norm tag="--"/>
      <lemma tag="per"/>
      <lemma_gen tag="per"/>
      <lemma_idmwb tag="--"/>
      <pos tag="FM"/>
      <pos_gen tag="FM"/>
      <infl tag="--"/>
      <inflClass tag="--"/>
      <inflClass_gen tag="--"/>
    </tok_anno>
  </token>
  <token id="t27" trans="mediv\-" type="token">
    <tok_dipl id="t27_d1" trans="mediv\-" utf="mediv̄"/>
    <tok_anno ascii="medivn" id="t27_m1" trans="mediv\-" utf="mediv̄">
      <norm tag="--"/>
      <lemma tag="medivm"/>
      <lemma_gen tag="medivm"/>
      <lemma_idmwb tag="--"/>
      <pos tag="FM"/>
      <pos_gen tag="FM"/>
      <infl tag="--"/>
      <inflClass tag="--"/>
      <inflClass_gen tag="--"/>
    </tok_anno>
  </token>
  <token id="t28" trans="+" type="token">
    <tok_dipl id="t28_d1" trans="+" utf="+"/>
    <tok_anno ascii="+" id="t28_m1" trans="+" utf="+">
      <norm tag="--"/>
      <lemma tag="[!]"/>
      <lemma_gen tag="[!]"/>
      <lemma_idmwb tag="--"/>
      <pos tag="--"/>
      <pos_gen tag="--"/>
      <infl tag="--"/>
      <inflClass tag="--"/>
      <inflClass_gen tag="--"/>
    </tok_anno>
  </token>
  <token id="t29" trans="&amp;" type="token">
    <tok_dipl id="t29_d1" trans="&amp;" utf="&amp;"/>
    <tok_anno ascii="&amp;" id="t29_m1" trans="&amp;" utf="&amp;">
      <norm tag="--"/>
      <lemma tag="et"/>
      <lemma_gen tag="et"/>
      <lemma_idmwb tag="--"/>
      <pos tag="FM"/>
      <pos_gen tag="FM"/>
      <infl tag="--"/>
      <inflClass tag="--"/>
      <inflClass_gen tag="--"/>
    </tok_anno>
  </token>
  <token id="t30" trans="dic(:)" type="token">
    <tok_dipl id="t30_d1" trans="dic" utf="dic"/>
    <tok_anno ascii="dic" id="t30_m1" trans="dic" utf="dic">
      <norm tag="--"/>
      <lemma tag="dic"/>
      <lemma_gen tag="dic"/>
      <lemma_idmwb tag="--"/>
      <pos tag="FM"/>
      <pos_gen tag="FM"/>
      <infl tag="--"/>
      <inflClass tag="--"/>
      <inflClass_gen tag="--"/>
      <punc tag="DE"/>
    </tok_anno>
  </token>
  <comment type="K">/L[@]</comment>
  <token id="t31" trans="daz" type="token">
    <tok_dipl id="t31_d1" trans="daz" utf="daz"/>
    <tok_anno ascii="daz" id="t31_m1" trans="daz" utf="daz">
      <norm tag="daz"/>
      <lemma tag="dazz"/>
      <lemma_gen tag="dazz"/>
      <lemma_idmwb tag="29484000"/>
      <pos tag="KOUS"/>
      <pos_gen tag="KO"/>
      <infl tag="--"/>
      <inflClass tag="--"/>
      <inflClass_gen tag="--"/>
    </tok_anno>
  </token>
  <token id="t32" trans="tu" type="token">
    <tok_dipl id="t32_d1" trans="tu" utf="tu"/>
    <tok_anno ascii="tu" id="t32_m1" trans="tu" utf="tu">
      <norm tag="dû"/>
      <lemma tag="dû"/>
      <lemma_gen tag="dû"/>
      <lemma_idmwb tag="32607000"/>
      <pos tag="PPER"/>
      <pos_gen tag="PPER"/>
      <infl tag="Nom.Sg.2"/>
      <inflClass tag="--"/>
      <inflClass_gen tag="--"/>
    </tok_anno>
  </token>
  <token id="t33" trans="niewedar" type="token">
    <tok_dipl id="t33_d1" trans="niewedar" utf="niewedar"/>
    <tok_anno ascii="niewedar" id="t33_m1" trans="niewedar" utf="niewedar">
      <norm tag="neweder"/>
      <lemma tag="ne-wëder"/>
      <lemma_gen tag="ne-wëder"/>
      <lemma_idmwb tag="120363000"/>
      <pos tag="DIS"/>
      <pos_gen tag="DI"/>
      <infl tag="Neut.Akk.Sg.0"/>
      <inflClass tag="--"/>
      <inflClass_gen tag="--"/>
    </tok_anno>
  </token>
  <token id="t34" trans="ni||gituo" type="token">
    <tok_dipl id="t34_d1" trans="nigituo" utf="nigituo"/>
    <tok_anno ascii="ni" id="t34_m1" trans="ni|" utf="ni">
      <norm tag="ne"/>
      <token_type tag="MS1"/>
      <lemma tag="ne"/>
      <lemma_gen tag="ne"/>
      <lemma_idmwb tag="119841000"/>
      <pos tag="PTKNEG"/>
      <pos_gen tag="PTK"/>
      <infl tag="--"/>
      <inflClass tag="--"/>
      <inflClass_gen tag="--"/>
    </tok_anno>
    <tok_anno ascii="gituo" id="t34_m2" trans="|gituo" utf="gituo">
      <norm tag="getuo"/>
      <token_type tag="MS2"/>
      <lemma tag="ge-tuon"/>
      <lemma_gen tag="ge-tuon"/>
      <lemma_idmwb tag="58581000"/>
      <pos tag="VVIMP"/>
      <pos_gen tag="VV"/>
      <infl tag="Sg.2"/>
      <inflClass tag="irr"/>
      <inflClass_gen tag="irr"/>
    </tok_anno>
  </token>
  <token id="t35" trans="." type="punc">
    <tok_dipl id="t35_d1" trans="." utf="."/>
    <tok_anno ascii="." id="t35_m1" trans="." utf=".">
      <pos tag="$_"/>
      <pos_gen tag="$_"/>
    </tok_anno>
  </token>
  <token id="t36" trans="noh" type="token">
    <tok_dipl id="t36_d1" trans="noh" utf="noh"/>
    <tok_anno ascii="noh" id="t36_m1" trans="noh" utf="noh">
      <norm tag="noch"/>
      <lemma tag="noh"/>
      <lemma_gen tag="noh"/>
      <lemma_idmwb tag="121980000"/>
      <pos tag="KON"/>
      <pos_gen tag="KO"/>
      <infl tag="--"/>
      <inflClass tag="--"/>
      <inflClass_gen tag="--"/>
    </tok_anno>
  </token>
  <token id="t37" trans="tolc" type="token">
    <tok_dipl id="t37_d1" trans="tolc" utf="tolc"/>
    <tok_anno ascii="tolc" id="t37_m1" trans="tolc" utf="tolc">
      <norm tag="tolc"/>
      <lemma tag="tolg"/>
      <lemma_gen tag="tolg"/>
      <lemma_idmwb tag="???"/>
      <pos tag="NA"/>
      <pos_gen tag="NA"/>
      <infl tag="Akk.Sg"/>
      <inflClass tag="st.Masc,Neut"/>
      <inflClass_gen tag="st.Masc,Neut"/>
    </tok_anno>
  </token>
  <token id="t38" trans="noh" type="token">
    <tok_dipl id="t38_d1" trans="noh" utf="noh"/>
    <tok_anno ascii="noh" id="t38_m1" trans="noh" utf="noh">
      <norm tag="noch"/>
      <lemma tag="noh"/>
      <lemma_gen tag="noh"/>
      <lemma_idmwb tag="121980000"/>
      <pos tag="KON"/>
      <pos_gen tag="KO"/>
      <infl tag="--"/>
      <inflClass tag="--"/>
      <inflClass_gen tag="--"/>
    </tok_anno>
  </token>
  <token id="t39" trans="tot#houpit(.)" type="token">
    <tok_dipl id="t39_d1" trans="tot" utf="tot"/>
    <tok_dipl id="t39_d2" trans="houpit" utf="houpit"/>
    <tok_anno ascii="tothoupit" id="t39_m1" trans="tot#houpit" utf="tothoupit">
      <norm tag="tôthoubet"/>
      <token_type tag="US"/>
      <lemma tag="tôt-houbet"/>
      <lemma_gen tag="tôt-houbet"/>
      <lemma_idmwb tag="???"/>
      <pos tag="NA"/>
      <pos_gen tag="NA"/>
      <infl tag="Akk.Sg"/>
      <inflClass tag="st.Neut"/>
      <inflClass_gen tag="st.Neut"/>
      <punc tag="DE"/>
    </tok_anno>
  </token>
  <comment type="K">/%.[?]</comment>
  <token id="t40" trans="Ite\-" type="token">
    <tok_dipl id="t40_d1" trans="Ite\-" utf="Itē"/>
    <tok_anno ascii="Iten" id="t40_m1" trans="Ite\-" utf="Itē">
      <norm tag="--"/>
      <lemma tag="item"/>
      <lemma_gen tag="item"/>
      <lemma_idmwb tag="--"/>
      <pos tag="FM"/>
      <pos_gen tag="FM"/>
      <infl tag="--"/>
      <inflClass tag="--"/>
      <inflClass_gen tag="--"/>
    </tok_anno>
  </token>
  <comment type="K">/L[+]</comment>
  <token id="t41" trans="ad#iure" type="token">
    <tok_dipl id="t41_d1" trans="ad" utf="ad"/>
    <tok_dipl id="t41_d2" trans="iure" utf="iure"/>
    <tok_anno ascii="adiure" id="t41_m1" trans="ad#iure" utf="adiure">
      <norm tag="--"/>
      <token_type tag="US"/>
      <lemma tag="adiuro"/>
      <lemma_gen tag="adiuro"/>
      <lemma_idmwb tag="--"/>
      <pos tag="FM"/>
      <pos_gen tag="FM"/>
      <infl tag="--"/>
      <inflClass tag="--"/>
      <inflClass_gen tag="--"/>
    </tok_anno>
  </token>
  <token id="t42" trans="te" type="token">
    <tok_dipl id="t42_d1" trans="te" utf="te"/>
    <tok_anno ascii="te" id="t42_m1" trans="te" utf="te">
      <norm tag="--"/>
      <lemma tag="te"/>
      <lemma_gen tag="te"/>
      <lemma_idmwb tag="--"/>
      <pos tag="FM"/>
      <pos_gen tag="FM"/>
      <infl tag="--"/>
      <inflClass tag="--"/>
      <inflClass_gen tag="--"/>
    </tok_anno>
  </token>
  <token id="t43" trans="ᵽ" type="token">
    <tok_dipl id="t43_d1" trans="ᵽ" utf="ᵽ"/>
    <tok_anno ascii="ᵽ" id="t43_m1" trans="ᵽ" utf="ᵽ">
      <norm tag="--"/>
      <lemma tag="per"/>
      <lemma_gen tag="per"/>
      <lemma_idmwb tag="--"/>
      <pos tag="FM"/>
      <pos_gen tag="FM"/>
      <infl tag="--"/>
      <inflClass tag="--"/>
      <inflClass_gen tag="--"/>
    </tok_anno>
  </token>
  <token id="t44" trans="patre\-" type="token">
    <tok_dipl id="t44_d1" trans="patre\-" utf="patrē"/>
    <tok_anno ascii="patren" id="t44_m1" trans="patre\-" utf="patrē">
      <norm tag="--"/>
      <lemma tag="patrem"/>
      <lemma_gen tag="patrem"/>
      <lemma_idmwb tag="--"/>
      <pos tag="FM"/>
      <pos_gen tag="FM"/>
      <infl tag="--"/>
      <inflClass tag="--"/>
      <inflClass_gen tag="--"/>
    </tok_anno>
  </token>
  <token id="t45" trans="." type="punc">
    <tok_dipl id="t45_d1" trans="." utf="."/>
    <tok_anno ascii="." id="t45_m1" trans="." utf=".">
      <pos tag="$_"/>
      <pos_gen tag="$_"/>
    </tok_anno>
  </token>
  <token id="t46" trans="&amp;" type="token">
    <tok_dipl id="t46_d1" trans="&amp;" utf="&amp;"/>
    <tok_anno ascii="&amp;" id="t46_m1" trans="&amp;" utf="&amp;">
      <norm tag="--"/>
      <lemma tag="et"/>
      <lemma_gen tag="et"/>
      <lemma_idmwb tag="--"/>
      <pos tag="FM"/>
      <pos_gen tag="FM"/>
      <infl tag="--"/>
      <inflClass tag="--"/>
      <inflClass_gen tag="--"/>
    </tok_anno>
  </token>
  <token id="t47" trans="filiu\-" type="token">
    <tok_dipl id="t47_d1" trans="filiu\-" utf="filiū"/>
    <tok_anno ascii="filiun" id="t47_m1" trans="filiu\-" utf="filiū">
      <norm tag="--"/>
      <lemma tag="filium"/>
      <lemma_gen tag="filium"/>
      <lemma_idmwb tag="--"/>
      <pos tag="FM"/>
      <pos_gen tag="FM"/>
      <infl tag="--"/>
      <inflClass tag="--"/>
      <inflClass_gen tag="--"/>
    </tok_anno>
  </token>
  <token id="t48" trans="." type="punc">
    <tok_dipl id="t48_d1" trans="." utf="."/>
    <tok_anno ascii="." id="t48_m1" trans="." utf=".">
      <pos tag="$_"/>
      <pos_gen tag="$_"/>
    </tok_anno>
  </token>
  <token id="t49" trans="&amp;" type="token">
    <tok_dipl id="t49_d1" trans="&amp;" utf="&amp;"/>
    <tok_anno ascii="&amp;" id="t49_m1" trans="&amp;" utf="&amp;">
      <norm tag="--"/>
      <lemma tag="et"/>
      <lemma_gen tag="et"/>
      <lemma_idmwb tag="--"/>
      <pos tag="FM"/>
      <pos_gen tag="FM"/>
      <infl tag="--"/>
      <inflClass tag="--"/>
      <inflClass_gen tag="--"/>
    </tok_anno>
  </token>
  <token id="t50" trans="$ᵽm" type="token">
    <tok_dipl id="t50_d1" trans="$ᵽm" utf="ſᵽm"/>
    <tok_anno ascii="sᵽm" id="t50_m1" trans="$ᵽm" utf="ſᵽm">
      <norm tag="--"/>
      <lemma tag="spiritum"/>
      <lemma_gen tag="spiritum"/>
      <lemma_idmwb tag="--"/>
      <pos tag="FM"/>
      <pos_gen tag="FM"/>
      <infl tag="--"/>
      <inflClass tag="--"/>
      <inflClass_gen tag="--"/>
    </tok_anno>
  </token>
  <token id="t51" trans="$c\-m,," type="token">
    <tok_dipl id="t51_d1" trans="$c\-m" utf="ſc̄m"/>
    <tok_anno ascii="scem" id="t51_m1" trans="$c\-m" utf="ſc̄m">
      <norm tag="--"/>
      <lemma tag="sanctum"/>
      <lemma_gen tag="sanctum"/>
      <lemma_idmwb tag="--"/>
      <pos tag="FM"/>
      <pos_gen tag="FM"/>
      <infl tag="--"/>
      <inflClass tag="--"/>
      <inflClass_gen tag="--"/>
      <punc tag="S*"/>
    </tok_anno>
  </token>
  <token id="t52" trans="." type="punc">
    <tok_dipl id="t52_d1" trans="." utf="."/>
    <tok_anno ascii="." id="t52_m1" trans="." utf=".">
      <pos tag="$_"/>
      <pos_gen tag="$_"/>
    </tok_anno>
  </token>
  <token id="t53" trans="ut" type="token">
    <tok_dipl id="t53_d1" trans="ut" utf="ut"/>
    <tok_anno ascii="ut" id="t53_m1" trans="ut" utf="ut">
      <norm tag="--"/>
      <lemma tag="ut"/>
      <lemma_gen tag="ut"/>
      <lemma_idmwb tag="--"/>
      <pos tag="FM"/>
      <pos_gen tag="FM"/>
      <infl tag="--"/>
      <inflClass tag="--"/>
      <inflClass_gen tag="--"/>
    </tok_anno>
  </token>
  <token id="t54" trans="a\-pliu$" type="token">
    <tok_dipl id="t54_d1" trans="a\-pliu$" utf="āpliuſ"/>
    <tok_anno ascii="anplius" id="t54_m1" trans="a\-pliu$" utf="āpliuſ">
      <norm tag="--"/>
      <lemma tag="amplius"/>
      <lemma_gen tag="amplius"/>
      <lemma_idmwb tag="--"/>
      <pos tag="FM"/>
      <pos_gen tag="FM"/>
      <infl tag="--"/>
      <inflClass tag="--"/>
      <inflClass_gen tag="--"/>
    </tok_anno>
  </token>
  <token id="t55" trans="n\-" type="token">
    <tok_dipl id="t55_d1" trans="n\-" utf="n̄"/>
    <tok_anno ascii="nen" id="t55_m1" trans="n\-" utf="n̄">
      <norm tag="--"/>
      <lemma tag="non"/>
      <lemma_gen tag="non"/>
      <lemma_idmwb tag="--"/>
      <pos tag="FM"/>
      <pos_gen tag="FM"/>
      <infl tag="--"/>
      <inflClass tag="--"/>
      <inflClass_gen tag="--"/>
    </tok_anno>
  </token>
  <token id="t56" trans="cre$ca$,," type="token">
    <tok_dipl id="t56_d1" trans="cre$ca$" utf="creſcaſ"/>
    <tok_anno ascii="crescas" id="t56_m1" trans="cre$ca$" utf="creſcaſ">
      <norm tag="--"/>
      <lemma tag="crescas"/>
      <lemma_gen tag="crescas"/>
      <lemma_idmwb tag="--"/>
      <pos tag="FM"/>
      <pos_gen tag="FM"/>
      <infl tag="--"/>
      <inflClass tag="--"/>
      <inflClass_gen tag="--"/>
      <punc tag="S*"/>
    </tok_anno>
  </token>
  <token id="t57" trans="." type="punc">
    <tok_dipl id="t57_d1" trans="." utf="."/>
    <tok_anno ascii="." id="t57_m1" trans="." utf=".">
      <pos tag="$_"/>
      <pos_gen tag="$_"/>
    </tok_anno>
  </token>
  <token id="t58" trans="s7" type="token">
    <tok_dipl id="t58_d1" trans="s7" utf="s"/>
    <tok_anno ascii="set" id="t58_m1" trans="s7" utf="s">
      <norm tag="--"/>
      <lemma tag="sed"/>
      <lemma_gen tag="sed"/>
      <lemma_idmwb tag="--"/>
      <pos tag="FM"/>
      <pos_gen tag="FM"/>
      <infl tag="--"/>
      <inflClass tag="--"/>
      <inflClass_gen tag="--"/>
    </tok_anno>
  </token>
  <token id="t59" trans="a=re$ca$(.)" type="token">
    <tok_dipl id="t59_d1" trans="a=re$ca$" utf="a=reſcaſ"/>
    <tok_anno ascii="a=rescas" id="t59_m1" trans="a=re$ca$" utf="a=reſcaſ">
      <norm tag="--"/>
      <lemma tag="arescas"/>
      <lemma_gen tag="arescas"/>
      <lemma_idmwb tag="--"/>
      <pos tag="FM"/>
      <pos_gen tag="FM"/>
      <infl tag="--"/>
      <inflClass tag="--"/>
      <inflClass_gen tag="--"/>
      <punc tag="DE"/>
    </tok_anno>
  </token>
  <comment type="K">/L[@]</comment>
</text>
