<?xml version='1.0' encoding='UTF-8'?>
<!DOCTYPE text SYSTEM "cora-xml.dtd">
<text id="M050">
  <header>
    <text>Contra paralysin theutonice</text>
    <abbr_ddd>Contraparal</abbr_ddd>
    <abbr_mwb>-</abbr_mwb>
    <topic>Wissen(-schaft), Alltag</topic>
    <text-type>Rezept gegen Gicht</text-type>
    <genre>P</genre>
    <reference>Handschrift</reference>
    <reference-secondary>Edition [Textnummer+Seite+Zeile]</reference-secondary>
    <library>Bern, Burgerbibl.</library>
    <library-shelfmark>Cod. 803</library-shelfmark>
    <online>http://www.handschriftencensus.de/6899</online>
    <medium>Handschrift</medium>
    <extent>775-791</extent>
    <extract>-</extract>
    <language>mhd</language>
    <language-type>mitteldeutsch, oberdeutsch</language-type>
    <language-region>westoberdeutsch, westmitteldeutsch</language-region>
    <language-area>alemannisch, rheinfränkisch (?)</language-area>
    <place>-</place>
    <time>11,2-12,1</time>
    <notes-manuscript>-</notes-manuscript>
    <date>11</date>
    <text-place>-</text-place>
    <text-author>-</text-author>
    <text-language>-</text-language>
    <text-source>-</text-source>
    <edition>Elias von Steinmeyer (Hg.), Die kleineren althochdeutschen Sprachdenkmäler, Berlin 1916, Nr. 72,1</edition>
    <corpus>ReM I</corpus>
    <notes-transcription>-</notes-transcription>
    <notes-annotation>-</notes-annotation>
    <digitization_by>Thomas Klein (Bonn)</digitization_by>
    <collation_by>Elke Weber (Bonn)</collation_by>
    <pre_editing_by>Projektgruppe Bonn</pre_editing_by>
    <annotation_by>Thomas Klein (Bonn) [u.B.v. R-M.S.Heffner, A Word-Index to the Texts of Steinmeyer ... 1961]</annotation_by>
    <proofreading_by>Elke Weber (Bonn)</proofreading_by>
  </header>
  <layoutinfo>
    <page id="p1" no="0" range="c1"/>
    <column id="c1" range="l1..l17"/>
    <line id="l1" name="775" range="t1_d1..t4_d1" loc="0a,775"/>
    <line id="l2" name="776" range="t5_d1..t14_d1" loc="0a,776"/>
    <line id="l3" name="777" range="t15_d1..t22_d1" loc="0a,777"/>
    <line id="l4" name="778" range="t23_d1..t31_d1" loc="0a,778"/>
    <line id="l5" name="779" range="t32_d1..t41_d1" loc="0a,779"/>
    <line id="l6" name="780" range="t42_d1..t50_d1" loc="0a,780"/>
    <line id="l7" name="781" range="t51_d1..t59_d1" loc="0a,781"/>
    <line id="l8" name="782" range="t60_d1..t68_d1" loc="0a,782"/>
    <line id="l9" name="783" range="t69_d1..t78_d1" loc="0a,783"/>
    <line id="l10" name="784" range="t79_d1..t89_d1" loc="0a,784"/>
    <line id="l11" name="785" range="t90_d1..t98_d1" loc="0a,785"/>
    <line id="l12" name="786" range="t99_d1..t109_d1" loc="0a,786"/>
    <line id="l13" name="787" range="t110_d1..t119_d1" loc="0a,787"/>
    <line id="l14" name="788" range="t120_d1..t131_d1" loc="0a,788"/>
    <line id="l15" name="789" range="t132_d1..t138_d1" loc="0a,789"/>
    <line id="l16" name="790" range="t139_d1..t148_d1" loc="0a,790"/>
    <line id="l17" name="791" range="t149_d1..t158_d1" loc="0a,791"/>
  </layoutinfo>
  <shifttags/>
  <token id="t1" trans="Cont\-" type="token">
    <tok_dipl id="t1_d1" trans="Cont\-" utf="Cont̄"/>
    <tok_anno ascii="Conten" id="t1_m1" trans="Cont\-" utf="Cont̄">
      <norm tag="--"/>
      <lemma tag="contra"/>
      <lemma_gen tag="contra"/>
      <lemma_idmwb tag="--"/>
      <pos tag="FM"/>
      <pos_gen tag="FM"/>
      <infl tag="--"/>
      <inflClass tag="--"/>
      <inflClass_gen tag="--"/>
    </tok_anno>
  </token>
  <comment type="K">/L[+]</comment>
  <token id="t2" trans="paraly$in" type="token">
    <tok_dipl id="t2_d1" trans="paraly$in" utf="paralyſin"/>
    <tok_anno ascii="paralysin" id="t2_m1" trans="paraly$in" utf="paralyſin">
      <norm tag="--"/>
      <lemma tag="paralysin"/>
      <lemma_gen tag="paralysin"/>
      <lemma_idmwb tag="--"/>
      <pos tag="FM"/>
      <pos_gen tag="FM"/>
      <infl tag="--"/>
      <inflClass tag="--"/>
      <inflClass_gen tag="--"/>
    </tok_anno>
  </token>
  <token id="t3" trans="theutonice(.)" type="token">
    <tok_dipl id="t3_d1" trans="theutonice" utf="theutonice"/>
    <tok_anno ascii="theutonice" id="t3_m1" trans="theutonice" utf="theutonice">
      <norm tag="--"/>
      <lemma tag="theutonice"/>
      <lemma_gen tag="theutonice"/>
      <lemma_idmwb tag="--"/>
      <pos tag="FM"/>
      <pos_gen tag="FM"/>
      <infl tag="--"/>
      <inflClass tag="--"/>
      <inflClass_gen tag="--"/>
      <punc tag="DE"/>
    </tok_anno>
  </token>
  <comment type="K">/L[@]</comment>
  <token id="t4" trans="." type="punc">
    <tok_dipl id="t4_d1" trans="." utf="."/>
    <tok_anno ascii="." id="t4_m1" trans="." utf=".">
      <pos tag="$_"/>
      <pos_gen tag="$_"/>
      <punc tag="$E"/>
    </tok_anno>
  </token>
  <token id="t5" trans="÷(S÷)i#uuelich" type="token">
    <tok_dipl id="t5_d1" trans="÷(S÷)i" utf="Si"/>
    <tok_dipl id="t5_d2" trans="uuelich" utf="uuelich"/>
    <tok_anno ascii="Siuuelich" id="t5_m1" trans="÷(S÷)i#uuelich" utf="Siuuelich">
      <norm tag="sichwelicher"/>
      <token_type tag="US"/>
      <lemma tag="sih-wèl(i)ch"/>
      <lemma_gen tag="sih-wèl(i)ch"/>
      <lemma_idmwb tag="???"/>
      <pos tag="DIA"/>
      <pos_gen tag="DI"/>
      <infl tag="Masc.Nom.Sg.st"/>
      <inflClass tag="--"/>
      <inflClass_gen tag="--"/>
    </tok_anno>
  </token>
  <token id="t6" trans="mán" type="token">
    <tok_dipl id="t6_d1" trans="mán" utf="mán"/>
    <tok_anno ascii="man" id="t6_m1" trans="mán" utf="mán">
      <norm tag="man"/>
      <lemma tag="mann"/>
      <lemma_gen tag="mann"/>
      <lemma_idmwb tag="107373000"/>
      <pos tag="NA"/>
      <pos_gen tag="NA"/>
      <infl tag="Nom.Sg"/>
      <inflClass tag="st.Masc"/>
      <inflClass_gen tag="st.Masc"/>
    </tok_anno>
  </token>
  <token id="t7" trans="odor" type="token">
    <tok_dipl id="t7_d1" trans="odor" utf="odor"/>
    <tok_anno ascii="odor" id="t7_m1" trans="odor" utf="odor">
      <norm tag="oder"/>
      <lemma tag="oder"/>
      <lemma_gen tag="oder"/>
      <lemma_idmwb tag="123531000"/>
      <pos tag="KON"/>
      <pos_gen tag="KO"/>
      <infl tag="--"/>
      <inflClass tag="--"/>
      <inflClass_gen tag="--"/>
    </tok_anno>
  </token>
  <token id="t8" trans="wîb" type="token">
    <tok_dipl id="t8_d1" trans="wîb" utf="wîb"/>
    <tok_anno ascii="wib" id="t8_m1" trans="wîb" utf="wîb">
      <norm tag="wîp"/>
      <lemma tag="wîb"/>
      <lemma_gen tag="wîb"/>
      <lemma_idmwb tag="231363000"/>
      <pos tag="NA"/>
      <pos_gen tag="NA"/>
      <infl tag="Nom.Sg"/>
      <inflClass tag="st.Neut"/>
      <inflClass_gen tag="st.Neut"/>
    </tok_anno>
  </token>
  <token id="t9" trans="firgihdigód" type="token">
    <tok_dipl id="t9_d1" trans="firgihdigód" utf="firgihdigód"/>
    <tok_anno ascii="firgihdigod" id="t9_m1" trans="firgihdigód" utf="firgihdigód">
      <norm tag="vergihtiget"/>
      <lemma tag="ver-gihtigen"/>
      <lemma_gen tag="ver-gihtigen"/>
      <lemma_idmwb tag="201726000"/>
      <pos tag="VVPP"/>
      <pos_gen tag="VV"/>
      <infl tag="--"/>
      <inflClass tag="wk"/>
      <inflClass_gen tag="wk"/>
    </tok_anno>
  </token>
  <token id="t10" trans="uuerde" type="token">
    <tok_dipl id="t10_d1" trans="uuerde" utf="uuerde"/>
    <tok_anno ascii="uuerde" id="t10_m1" trans="uuerde" utf="uuerde">
      <norm tag="werde"/>
      <lemma tag="wërden"/>
      <lemma_gen tag="wërden"/>
      <lemma_idmwb tag="225138000"/>
      <pos tag="VAFIN"/>
      <pos_gen tag="VA"/>
      <infl tag="Subj.Pres.Sg.3"/>
      <inflClass tag="st3b"/>
      <inflClass_gen tag="st3b"/>
    </tok_anno>
  </token>
  <token id="t11" trans="." type="punc">
    <tok_dipl id="t11_d1" trans="." utf="."/>
    <tok_anno ascii="." id="t11_m1" trans="." utf=".">
      <pos tag="$_"/>
      <pos_gen tag="$_"/>
    </tok_anno>
  </token>
  <token id="t12" trans="zé$euuen" type="token">
    <tok_dipl id="t12_d1" trans="zé$euuen" utf="zéſeuuen"/>
    <tok_anno ascii="zeseuuen" id="t12_m1" trans="zé$euuen" utf="zéſeuuen">
      <norm tag="zeswen"/>
      <lemma tag="zësw"/>
      <lemma_gen tag="zësw"/>
      <lemma_idmwb tag="237987000"/>
      <pos tag="ADJA"/>
      <pos_gen tag="ADJ"/>
      <infl tag="Pos.Fem.Dat.Sg.wk"/>
      <inflClass tag="--"/>
      <inflClass_gen tag="--"/>
    </tok_anno>
  </token>
  <token id="t13" trans="hál(=)bun,," type="token">
    <tok_dipl id="t13_d1" trans="hálbun" utf="hálbun"/>
    <tok_anno ascii="halbun" id="t13_m1" trans="hál(=)bun" utf="hálbun">
      <norm tag="halben"/>
      <token_type tag="UL"/>
      <lemma tag="halbe"/>
      <lemma_gen tag="halbe"/>
      <lemma_idmwb tag="67389000"/>
      <pos tag="NA"/>
      <pos_gen tag="NA"/>
      <infl tag="Dat.Sg"/>
      <inflClass tag="st.Fem"/>
      <inflClass_gen tag="*.Fem"/>
      <punc tag="S*"/>
    </tok_anno>
  </token>
  <token id="t14" trans="." type="punc">
    <tok_dipl id="t14_d1" trans="." utf="."/>
    <tok_anno ascii="." id="t14_m1" trans="." utf=".">
      <pos tag="$_"/>
      <pos_gen tag="$_"/>
    </tok_anno>
  </token>
  <token id="t15" trans="$o||lâza||man" type="token">
    <tok_dipl id="t15_d1" trans="$olâzaman" utf="ſolâzaman"/>
    <tok_anno ascii="so" id="t15_m1" trans="$o|" utf="ſo">
      <norm tag="sô"/>
      <token_type tag="MS1"/>
      <lemma tag="sô"/>
      <lemma_gen tag="sô"/>
      <lemma_idmwb tag="154164000"/>
      <pos tag="AVD"/>
      <pos_gen tag="AVD-KO"/>
      <infl tag="--"/>
      <inflClass tag="--"/>
      <inflClass_gen tag="--"/>
    </tok_anno>
    <tok_anno ascii="laza" id="t15_m2" trans="|lâza|" utf="lâza">
      <norm tag="lâze"/>
      <token_type tag="MS2"/>
      <lemma tag="lâzen"/>
      <lemma_gen tag="lâzen"/>
      <lemma_idmwb tag="100122000"/>
      <pos tag="VVFIN"/>
      <pos_gen tag="VV"/>
      <infl tag="Subj.Pres.Sg.3"/>
      <inflClass tag="st7"/>
      <inflClass_gen tag="st7"/>
    </tok_anno>
    <tok_anno ascii="man" id="t15_m3" trans="|man" utf="man">
      <norm tag="man"/>
      <token_type tag="MS3"/>
      <lemma tag="man"/>
      <lemma_gen tag="man"/>
      <lemma_idmwb tag="107376000"/>
      <pos tag="PI"/>
      <pos_gen tag="NA"/>
      <infl tag="*.Nom.Sg.st"/>
      <inflClass tag="--"/>
      <inflClass_gen tag="--"/>
    </tok_anno>
  </token>
  <token id="t16" trans="ímo" type="token">
    <tok_dipl id="t16_d1" trans="ímo" utf="ímo"/>
    <tok_anno ascii="imo" id="t16_m1" trans="ímo" utf="ímo">
      <norm tag="ime"/>
      <lemma tag="ër"/>
      <lemma_gen tag="ër"/>
      <lemma_idmwb tag="40380000"/>
      <pos tag="PPER"/>
      <pos_gen tag="PPER"/>
      <infl tag="Masc.Dat.Sg.3"/>
      <inflClass tag="--"/>
      <inflClass_gen tag="--"/>
    </tok_anno>
  </token>
  <token id="t17" trans="in" type="token">
    <tok_dipl id="t17_d1" trans="in" utf="in"/>
    <tok_anno ascii="in" id="t17_m1" trans="in" utf="in">
      <norm tag="in"/>
      <lemma tag="in"/>
      <lemma_gen tag="in"/>
      <lemma_idmwb tag="81741000"/>
      <pos tag="APPR"/>
      <pos_gen tag="AP"/>
      <infl tag="c.D"/>
      <inflClass tag="--"/>
      <inflClass_gen tag="--"/>
    </tok_anno>
  </token>
  <token id="t18" trans="déro" type="token">
    <tok_dipl id="t18_d1" trans="déro" utf="déro"/>
    <tok_anno ascii="dero" id="t18_m1" trans="déro" utf="déro">
      <norm tag="dere"/>
      <lemma tag="dër"/>
      <lemma_gen tag="dër"/>
      <lemma_idmwb tag="29817000"/>
      <pos tag="DDART"/>
      <pos_gen tag="DD"/>
      <infl tag="Fem.Dat.Sg"/>
      <inflClass tag="--"/>
      <inflClass_gen tag="--"/>
    </tok_anno>
  </token>
  <token id="t19" trans="uuín$terun" type="token">
    <tok_dipl id="t19_d1" trans="uuín$terun" utf="uuínſterun"/>
    <tok_anno ascii="uuinsterun" id="t19_m1" trans="uuín$terun" utf="uuínſterun">
      <norm tag="winsteren"/>
      <lemma tag="winster"/>
      <lemma_gen tag="winster"/>
      <lemma_idmwb tag="230820000"/>
      <pos tag="ADJA"/>
      <pos_gen tag="ADJ"/>
      <infl tag="Pos.Fem.Dat.Sg.wk"/>
      <inflClass tag="--"/>
      <inflClass_gen tag="--"/>
    </tok_anno>
  </token>
  <token id="t20" trans="hénde" type="token">
    <tok_dipl id="t20_d1" trans="hénde" utf="hénde"/>
    <tok_anno ascii="hende" id="t20_m1" trans="hénde" utf="hénde">
      <norm tag="hende"/>
      <lemma tag="hant"/>
      <lemma_gen tag="hant"/>
      <lemma_idmwb tag="68277000"/>
      <pos tag="NA"/>
      <pos_gen tag="NA"/>
      <infl tag="Dat.Sg"/>
      <inflClass tag="st(u).Fem"/>
      <inflClass_gen tag="st(u).Fem"/>
    </tok_anno>
  </token>
  <token id="t21" trans="an" type="token">
    <tok_dipl id="t21_d1" trans="an" utf="an"/>
    <tok_anno ascii="an" id="t21_m1" trans="an" utf="an">
      <norm tag="an"/>
      <lemma tag="ane"/>
      <lemma_gen tag="ane"/>
      <lemma_idmwb tag="5691000"/>
      <pos tag="AVD"/>
      <pos_gen tag="AVD"/>
      <infl tag="--"/>
      <inflClass tag="--"/>
      <inflClass_gen tag="--"/>
    </tok_anno>
  </token>
  <token id="t22" trans="demo" type="token">
    <tok_dipl id="t22_d1" trans="demo" utf="demo"/>
    <tok_anno ascii="demo" id="t22_m1" trans="demo" utf="demo">
      <norm tag="deme"/>
      <lemma tag="dër"/>
      <lemma_gen tag="dër"/>
      <lemma_idmwb tag="29817000"/>
      <pos tag="DDART"/>
      <pos_gen tag="DD"/>
      <infl tag="Masc.Dat.Sg"/>
      <inflClass tag="--"/>
      <inflClass_gen tag="--"/>
    </tok_anno>
  </token>
  <token id="t23" trans="ballen" type="token">
    <tok_dipl id="t23_d1" trans="ballen" utf="ballen"/>
    <tok_anno ascii="ballen" id="t23_m1" trans="ballen" utf="ballen">
      <norm tag="ballen"/>
      <lemma tag="ball(e)"/>
      <lemma_gen tag="ball(e)"/>
      <lemma_idmwb tag="10785000"/>
      <pos tag="NA"/>
      <pos_gen tag="NA"/>
      <infl tag="Dat.Sg"/>
      <inflClass tag="*.Masc"/>
      <inflClass_gen tag="*.Masc"/>
    </tok_anno>
  </token>
  <token id="t24" trans="." type="punc">
    <tok_dipl id="t24_d1" trans="." utf="."/>
    <tok_anno ascii="." id="t24_m1" trans="." utf=".">
      <pos tag="$_"/>
      <pos_gen tag="$_"/>
    </tok_anno>
  </token>
  <token id="t25" trans="de$||minni$ten" type="token">
    <tok_dipl id="t25_d1" trans="de$minni$ten" utf="deſminniſten"/>
    <tok_anno ascii="des" id="t25_m1" trans="de$|" utf="deſ">
      <norm tag="des"/>
      <token_type tag="MS1"/>
      <lemma tag="dër"/>
      <lemma_gen tag="dër"/>
      <lemma_idmwb tag="29817000"/>
      <pos tag="DDART"/>
      <pos_gen tag="DD"/>
      <infl tag="Masc.Gen.Sg"/>
      <inflClass tag="--"/>
      <inflClass_gen tag="--"/>
    </tok_anno>
    <tok_anno ascii="minnisten" id="t25_m2" trans="|minni$ten" utf="minniſten">
      <norm tag="minnesten"/>
      <token_type tag="MS2"/>
      <lemma tag="minnest"/>
      <lemma_gen tag="minnest"/>
      <lemma_idmwb tag="112668000"/>
      <pos tag="ADJA"/>
      <pos_gen tag="ADJ"/>
      <infl tag="Sup.Masc.Gen.Sg.wk"/>
      <inflClass tag="--"/>
      <inflClass_gen tag="--"/>
    </tok_anno>
  </token>
  <token id="t26" trans="uingere$" type="token">
    <tok_dipl id="t26_d1" trans="uingere$" utf="uingereſ"/>
    <tok_anno ascii="uingeres" id="t26_m1" trans="uingere$" utf="uingereſ">
      <norm tag="vingeres"/>
      <lemma tag="vinger"/>
      <lemma_gen tag="vinger"/>
      <lemma_idmwb tag="209211000"/>
      <pos tag="NA"/>
      <pos_gen tag="NA"/>
      <infl tag="Gen.Sg"/>
      <inflClass tag="st.Masc"/>
      <inflClass_gen tag="st.Masc"/>
    </tok_anno>
  </token>
  <token id="t27" trans="." type="punc">
    <tok_dipl id="t27_d1" trans="." utf="."/>
    <tok_anno ascii="." id="t27_m1" trans="." utf=".">
      <pos tag="$_"/>
      <pos_gen tag="$_"/>
    </tok_anno>
  </token>
  <token id="t28" trans="unde" type="token">
    <tok_dipl id="t28_d1" trans="unde" utf="unde"/>
    <tok_anno ascii="unde" id="t28_m1" trans="unde" utf="unde">
      <norm tag="unde"/>
      <lemma tag="unte"/>
      <lemma_gen tag="unte"/>
      <lemma_idmwb tag="183108000"/>
      <pos tag="KON"/>
      <pos_gen tag="KO"/>
      <infl tag="--"/>
      <inflClass tag="--"/>
      <inflClass_gen tag="--"/>
    </tok_anno>
  </token>
  <token id="t29" trans="ane" type="token">
    <tok_dipl id="t29_d1" trans="ane" utf="ane"/>
    <tok_anno ascii="ane" id="t29_m1" trans="ane" utf="ane">
      <norm tag="ane"/>
      <lemma tag="ane"/>
      <lemma_gen tag="ane"/>
      <lemma_idmwb tag="5691000"/>
      <pos tag="AVD"/>
      <pos_gen tag="AVD"/>
      <infl tag="--"/>
      <inflClass tag="--"/>
      <inflClass_gen tag="--"/>
    </tok_anno>
  </token>
  <token id="t30" trans="dero" type="token">
    <tok_dipl id="t30_d1" trans="dero" utf="dero"/>
    <tok_anno ascii="dero" id="t30_m1" trans="dero" utf="dero">
      <norm tag="dere"/>
      <lemma tag="dër"/>
      <lemma_gen tag="dër"/>
      <lemma_idmwb tag="29817000"/>
      <pos tag="DDART"/>
      <pos_gen tag="DD"/>
      <infl tag="Fem.Gen.Sg"/>
      <inflClass tag="--"/>
      <inflClass_gen tag="--"/>
    </tok_anno>
  </token>
  <token id="t31" trans="minni$tun" type="token">
    <tok_dipl id="t31_d1" trans="minni$tun" utf="minniſtun"/>
    <tok_anno ascii="minnistun" id="t31_m1" trans="minni$tun" utf="minniſtun">
      <norm tag="minnesten"/>
      <lemma tag="minnest"/>
      <lemma_gen tag="minnest"/>
      <lemma_idmwb tag="112668000"/>
      <pos tag="ADJA"/>
      <pos_gen tag="ADJ"/>
      <infl tag="Sup.Fem.Gen.Sg.wk"/>
      <inflClass tag="--"/>
      <inflClass_gen tag="--"/>
    </tok_anno>
  </token>
  <token id="t32" trans="cehun" type="token">
    <tok_dipl id="t32_d1" trans="cehun" utf="cehun"/>
    <tok_anno ascii="cehun" id="t32_m1" trans="cehun" utf="cehun">
      <norm tag="zêhen"/>
      <lemma tag="zêhe"/>
      <lemma_gen tag="zêhe"/>
      <lemma_idmwb tag="235854000"/>
      <pos tag="NA"/>
      <pos_gen tag="NA"/>
      <infl tag="Gen.Sg"/>
      <inflClass tag="st.Fem"/>
      <inflClass_gen tag="*.Fem"/>
    </tok_anno>
  </token>
  <token id="t33" trans="ballen" type="token">
    <tok_dipl id="t33_d1" trans="ballen" utf="ballen"/>
    <tok_anno ascii="ballen" id="t33_m1" trans="ballen" utf="ballen">
      <norm tag="ballen"/>
      <lemma tag="ball(e)"/>
      <lemma_gen tag="ball(e)"/>
      <lemma_idmwb tag="10785000"/>
      <pos tag="NA"/>
      <pos_gen tag="NA"/>
      <infl tag="Dat.Sg"/>
      <inflClass tag="*.Masc"/>
      <inflClass_gen tag="*.Masc"/>
    </tok_anno>
  </token>
  <token id="t34" trans="." type="punc">
    <tok_dipl id="t34_d1" trans="." utf="."/>
    <tok_anno ascii="." id="t34_m1" trans="." utf=".">
      <pos tag="$_"/>
      <pos_gen tag="$_"/>
    </tok_anno>
  </token>
  <token id="t35" trans="de$" type="token">
    <tok_dipl id="t35_d1" trans="de$" utf="deſ"/>
    <tok_anno ascii="des" id="t35_m1" trans="de$" utf="deſ">
      <norm tag="des"/>
      <lemma tag="dër"/>
      <lemma_gen tag="dër"/>
      <lemma_idmwb tag="29817000"/>
      <pos tag="DDART"/>
      <pos_gen tag="DD"/>
      <infl tag="Masc.Gen.Sg"/>
      <inflClass tag="--"/>
      <inflClass_gen tag="--"/>
    </tok_anno>
  </token>
  <token id="t36" trans="ze$euuen" type="token">
    <tok_dipl id="t36_d1" trans="ze$euuen" utf="zeſeuuen"/>
    <tok_anno ascii="zeseuuen" id="t36_m1" trans="ze$euuen" utf="zeſeuuen">
      <norm tag="zeswen"/>
      <lemma tag="zësw"/>
      <lemma_gen tag="zësw"/>
      <lemma_idmwb tag="237987000"/>
      <pos tag="ADJA"/>
      <pos_gen tag="ADJ"/>
      <infl tag="Pos.Masc.Gen.Sg.wk"/>
      <inflClass tag="--"/>
      <inflClass_gen tag="--"/>
    </tok_anno>
  </token>
  <token id="t37" trans="fûoze$(.)" type="token">
    <tok_dipl id="t37_d1" trans="fûoze$" utf="fûozeſ"/>
    <tok_anno ascii="fuozes" id="t37_m1" trans="fûoze$" utf="fûozeſ">
      <norm tag="vuozes"/>
      <lemma tag="vuoz"/>
      <lemma_gen tag="vuoz"/>
      <lemma_idmwb tag="218250000"/>
      <pos tag="NA"/>
      <pos_gen tag="NA"/>
      <infl tag="Gen.Sg"/>
      <inflClass tag="st(u).Masc"/>
      <inflClass_gen tag="st(u).Masc"/>
      <punc tag="DE"/>
    </tok_anno>
  </token>
  <token id="t38" trans="." type="punc">
    <tok_dipl id="t38_d1" trans="." utf="."/>
    <tok_anno ascii="." id="t38_m1" trans="." utf=".">
      <pos tag="$_"/>
      <pos_gen tag="$_"/>
      <punc tag="$E"/>
    </tok_anno>
  </token>
  <token id="t39" trans="Ob||ez||imo" type="token">
    <tok_dipl id="t39_d1" trans="Obezimo" utf="Obezimo"/>
    <tok_anno ascii="Ob" id="t39_m1" trans="Ob|" utf="Ob">
      <norm tag="ob"/>
      <token_type tag="MS1"/>
      <lemma tag="obe"/>
      <lemma_gen tag="obe"/>
      <lemma_idmwb tag="123036000"/>
      <pos tag="KOUS"/>
      <pos_gen tag="KO"/>
      <infl tag="--"/>
      <inflClass tag="--"/>
      <inflClass_gen tag="--"/>
    </tok_anno>
    <tok_anno ascii="ez" id="t39_m2" trans="|ez|" utf="ez">
      <norm tag="ez"/>
      <token_type tag="MS2"/>
      <lemma tag="ër"/>
      <lemma_gen tag="ër"/>
      <lemma_idmwb tag="40380000"/>
      <pos tag="PPER"/>
      <pos_gen tag="PPER"/>
      <infl tag="Neut.Nom.Sg.3"/>
      <inflClass tag="--"/>
      <inflClass_gen tag="--"/>
    </tok_anno>
    <tok_anno ascii="imo" id="t39_m3" trans="|imo" utf="imo">
      <norm tag="ime"/>
      <token_type tag="MS3"/>
      <lemma tag="ër"/>
      <lemma_gen tag="ër"/>
      <lemma_idmwb tag="40380000"/>
      <pos tag="PPER"/>
      <pos_gen tag="PPER"/>
      <infl tag="Masc.Dat.Sg.3"/>
      <inflClass tag="--"/>
      <inflClass_gen tag="--"/>
    </tok_anno>
  </token>
  <token id="t40" trans="abor" type="token">
    <tok_dipl id="t40_d1" trans="abor" utf="abor"/>
    <tok_anno ascii="abor" id="t40_m1" trans="abor" utf="abor">
      <norm tag="aber"/>
      <lemma tag="aber"/>
      <lemma_gen tag="aber"/>
      <lemma_idmwb tag="1020000"/>
      <pos tag="AVD-KO*"/>
      <pos_gen tag="AVD-KO"/>
      <infl tag="--"/>
      <inflClass tag="--"/>
      <inflClass_gen tag="--"/>
    </tok_anno>
  </token>
  <token id="t41" trans="uuinstu(=)run||halbun" type="token">
    <tok_dipl id="t41_d1" trans="uuinsturunhalbun" utf="uuinsturunhalbun"/>
    <tok_anno ascii="uuinsturun" id="t41_m1" trans="uuinstu(=)run|" utf="uuinsturun">
      <norm tag="winsteren"/>
      <token_type tag="MS1 UL"/>
      <lemma tag="winster"/>
      <lemma_gen tag="winster"/>
      <lemma_idmwb tag="230820000"/>
      <pos tag="ADJA"/>
      <pos_gen tag="ADJ"/>
      <infl tag="Pos.Fem.Dat.Sg.wk"/>
      <inflClass tag="--"/>
      <inflClass_gen tag="--"/>
    </tok_anno>
    <tok_anno ascii="halbun" id="t41_m2" trans="|halbun" utf="halbun">
      <norm tag="halben"/>
      <token_type tag="MS2"/>
      <lemma tag="halbe"/>
      <lemma_gen tag="halbe"/>
      <lemma_idmwb tag="67389000"/>
      <pos tag="NA"/>
      <pos_gen tag="NA"/>
      <infl tag="Dat.Sg"/>
      <inflClass tag="st.Fem"/>
      <inflClass_gen tag="*.Fem"/>
    </tok_anno>
  </token>
  <token id="t42" trans="$i,," type="token">
    <tok_dipl id="t42_d1" trans="$i" utf="ſi"/>
    <tok_anno ascii="si" id="t42_m1" trans="$i" utf="ſi">
      <norm tag="sî"/>
      <lemma tag="sîn"/>
      <lemma_gen tag="sîn"/>
      <lemma_idmwb tag="150147000"/>
      <pos tag="VAFIN"/>
      <pos_gen tag="VA"/>
      <infl tag="Subj.Pres.Sg.3"/>
      <inflClass tag="irr"/>
      <inflClass_gen tag="irr"/>
      <punc tag="S*"/>
    </tok_anno>
  </token>
  <token id="t43" trans="." type="punc">
    <tok_dipl id="t43_d1" trans="." utf="."/>
    <tok_anno ascii="." id="t43_m1" trans="." utf=".">
      <pos tag="$_"/>
      <pos_gen tag="$_"/>
    </tok_anno>
  </token>
  <token id="t44" trans="$o||laze||man" type="token">
    <tok_dipl id="t44_d1" trans="$olazeman" utf="ſolazeman"/>
    <tok_anno ascii="so" id="t44_m1" trans="$o|" utf="ſo">
      <norm tag="sô"/>
      <token_type tag="MS1"/>
      <lemma tag="sô"/>
      <lemma_gen tag="sô"/>
      <lemma_idmwb tag="154164000"/>
      <pos tag="AVD"/>
      <pos_gen tag="AVD-KO"/>
      <infl tag="--"/>
      <inflClass tag="--"/>
      <inflClass_gen tag="--"/>
    </tok_anno>
    <tok_anno ascii="laze" id="t44_m2" trans="|laze|" utf="laze">
      <norm tag="lâze"/>
      <token_type tag="MS2"/>
      <lemma tag="lâzen"/>
      <lemma_gen tag="lâzen"/>
      <lemma_idmwb tag="100122000"/>
      <pos tag="VVFIN"/>
      <pos_gen tag="VV"/>
      <infl tag="Subj.Pres.Sg.3"/>
      <inflClass tag="st7"/>
      <inflClass_gen tag="st7"/>
    </tok_anno>
    <tok_anno ascii="man" id="t44_m3" trans="|man" utf="man">
      <norm tag="man"/>
      <token_type tag="MS3"/>
      <lemma tag="man"/>
      <lemma_gen tag="man"/>
      <lemma_idmwb tag="107376000"/>
      <pos tag="PI"/>
      <pos_gen tag="NA"/>
      <infl tag="*.Nom.Sg.st"/>
      <inflClass tag="--"/>
      <inflClass_gen tag="--"/>
    </tok_anno>
  </token>
  <token id="t45" trans="imo" type="token">
    <tok_dipl id="t45_d1" trans="imo" utf="imo"/>
    <tok_anno ascii="imo" id="t45_m1" trans="imo" utf="imo">
      <norm tag="ime"/>
      <lemma tag="ër"/>
      <lemma_gen tag="ër"/>
      <lemma_idmwb tag="40380000"/>
      <pos tag="PPER"/>
      <pos_gen tag="PPER"/>
      <infl tag="Masc.Dat.Sg.3"/>
      <inflClass tag="--"/>
      <inflClass_gen tag="--"/>
    </tok_anno>
  </token>
  <token id="t46" trans="in" type="token">
    <tok_dipl id="t46_d1" trans="in" utf="in"/>
    <tok_anno ascii="in" id="t46_m1" trans="in" utf="in">
      <norm tag="in"/>
      <lemma tag="in"/>
      <lemma_gen tag="in"/>
      <lemma_idmwb tag="81741000"/>
      <pos tag="APPR"/>
      <pos_gen tag="AP"/>
      <infl tag="c.D"/>
      <inflClass tag="--"/>
      <inflClass_gen tag="--"/>
    </tok_anno>
  </token>
  <token id="t47" trans="dero" type="token">
    <tok_dipl id="t47_d1" trans="dero" utf="dero"/>
    <tok_anno ascii="dero" id="t47_m1" trans="dero" utf="dero">
      <norm tag="dere"/>
      <lemma tag="dër"/>
      <lemma_gen tag="dër"/>
      <lemma_idmwb tag="29817000"/>
      <pos tag="DDART"/>
      <pos_gen tag="DD"/>
      <infl tag="Fem.Dat.Sg"/>
      <inflClass tag="--"/>
      <inflClass_gen tag="--"/>
    </tok_anno>
  </token>
  <token id="t48" trans="ce$euuen" type="token">
    <tok_dipl id="t48_d1" trans="ce$euuen" utf="ceſeuuen"/>
    <tok_anno ascii="ceseuuen" id="t48_m1" trans="ce$euuen" utf="ceſeuuen">
      <norm tag="zeswen"/>
      <lemma tag="zësw"/>
      <lemma_gen tag="zësw"/>
      <lemma_idmwb tag="237987000"/>
      <pos tag="ADJA"/>
      <pos_gen tag="ADJ"/>
      <infl tag="Pos.Fem.Dat.Sg.wk"/>
      <inflClass tag="--"/>
      <inflClass_gen tag="--"/>
    </tok_anno>
  </token>
  <token id="t49" trans="hende" type="token">
    <tok_dipl id="t49_d1" trans="hende" utf="hende"/>
    <tok_anno ascii="hende" id="t49_m1" trans="hende" utf="hende">
      <norm tag="hende"/>
      <lemma tag="hant"/>
      <lemma_gen tag="hant"/>
      <lemma_idmwb tag="68277000"/>
      <pos tag="NA"/>
      <pos_gen tag="NA"/>
      <infl tag="Dat.Sg"/>
      <inflClass tag="st(u).Fem"/>
      <inflClass_gen tag="st(u).Fem"/>
    </tok_anno>
  </token>
  <token id="t50" trans="ane" type="token">
    <tok_dipl id="t50_d1" trans="ane" utf="ane"/>
    <tok_anno ascii="ane" id="t50_m1" trans="ane" utf="ane">
      <norm tag="ane"/>
      <lemma tag="ane"/>
      <lemma_gen tag="ane"/>
      <lemma_idmwb tag="5691000"/>
      <pos tag="AVD"/>
      <pos_gen tag="AVD"/>
      <infl tag="--"/>
      <inflClass tag="--"/>
      <inflClass_gen tag="--"/>
    </tok_anno>
  </token>
  <token id="t51" trans="demo" type="token">
    <tok_dipl id="t51_d1" trans="demo" utf="demo"/>
    <tok_anno ascii="demo" id="t51_m1" trans="demo" utf="demo">
      <norm tag="deme"/>
      <lemma tag="dër"/>
      <lemma_gen tag="dër"/>
      <lemma_idmwb tag="29817000"/>
      <pos tag="DDART"/>
      <pos_gen tag="DD"/>
      <infl tag="Masc.Dat.Sg"/>
      <inflClass tag="--"/>
      <inflClass_gen tag="--"/>
    </tok_anno>
  </token>
  <token id="t52" trans="ballen" type="token">
    <tok_dipl id="t52_d1" trans="ballen" utf="ballen"/>
    <tok_anno ascii="ballen" id="t52_m1" trans="ballen" utf="ballen">
      <norm tag="ballen"/>
      <lemma tag="ball(e)"/>
      <lemma_gen tag="ball(e)"/>
      <lemma_idmwb tag="10785000"/>
      <pos tag="NA"/>
      <pos_gen tag="NA"/>
      <infl tag="Dat.Sg"/>
      <inflClass tag="*.Masc"/>
      <inflClass_gen tag="*.Masc"/>
    </tok_anno>
  </token>
  <token id="t53" trans="de$||minni$ten" type="token">
    <tok_dipl id="t53_d1" trans="de$minni$ten" utf="deſminniſten"/>
    <tok_anno ascii="des" id="t53_m1" trans="de$|" utf="deſ">
      <norm tag="des"/>
      <token_type tag="MS1"/>
      <lemma tag="dër"/>
      <lemma_gen tag="dër"/>
      <lemma_idmwb tag="29817000"/>
      <pos tag="DDART"/>
      <pos_gen tag="DD"/>
      <infl tag="Masc.Gen.Sg"/>
      <inflClass tag="--"/>
      <inflClass_gen tag="--"/>
    </tok_anno>
    <tok_anno ascii="minnisten" id="t53_m2" trans="|minni$ten" utf="minniſten">
      <norm tag="minnesten"/>
      <token_type tag="MS2"/>
      <lemma tag="minnest"/>
      <lemma_gen tag="minnest"/>
      <lemma_idmwb tag="112668000"/>
      <pos tag="ADJA"/>
      <pos_gen tag="ADJ"/>
      <infl tag="Sup.Masc.Gen.Sg.wk"/>
      <inflClass tag="--"/>
      <inflClass_gen tag="--"/>
    </tok_anno>
  </token>
  <token id="t54" trans="uingere$" type="token">
    <tok_dipl id="t54_d1" trans="uingere$" utf="uingereſ"/>
    <tok_anno ascii="uingeres" id="t54_m1" trans="uingere$" utf="uingereſ">
      <norm tag="vingeres"/>
      <lemma tag="vinger"/>
      <lemma_gen tag="vinger"/>
      <lemma_idmwb tag="209211000"/>
      <pos tag="NA"/>
      <pos_gen tag="NA"/>
      <infl tag="Gen.Sg"/>
      <inflClass tag="st.Masc"/>
      <inflClass_gen tag="st.Masc"/>
    </tok_anno>
  </token>
  <token id="t55" trans="." type="punc">
    <tok_dipl id="t55_d1" trans="." utf="."/>
    <tok_anno ascii="." id="t55_m1" trans="." utf=".">
      <pos tag="$_"/>
      <pos_gen tag="$_"/>
    </tok_anno>
  </token>
  <token id="t56" trans="unde" type="token">
    <tok_dipl id="t56_d1" trans="unde" utf="unde"/>
    <tok_anno ascii="unde" id="t56_m1" trans="unde" utf="unde">
      <norm tag="unde"/>
      <lemma tag="unte"/>
      <lemma_gen tag="unte"/>
      <lemma_idmwb tag="183108000"/>
      <pos tag="KON"/>
      <pos_gen tag="KO"/>
      <infl tag="--"/>
      <inflClass tag="--"/>
      <inflClass_gen tag="--"/>
    </tok_anno>
  </token>
  <token id="t57" trans="an" type="token">
    <tok_dipl id="t57_d1" trans="an" utf="an"/>
    <tok_anno ascii="an" id="t57_m1" trans="an" utf="an">
      <norm tag="an"/>
      <lemma tag="ane"/>
      <lemma_gen tag="ane"/>
      <lemma_idmwb tag="5691000"/>
      <pos tag="AVD"/>
      <pos_gen tag="AVD"/>
      <infl tag="--"/>
      <inflClass tag="--"/>
      <inflClass_gen tag="--"/>
    </tok_anno>
  </token>
  <token id="t58" trans="dero" type="token">
    <tok_dipl id="t58_d1" trans="dero" utf="dero"/>
    <tok_anno ascii="dero" id="t58_m1" trans="dero" utf="dero">
      <norm tag="dere"/>
      <lemma tag="dër"/>
      <lemma_gen tag="dër"/>
      <lemma_idmwb tag="29817000"/>
      <pos tag="DDART"/>
      <pos_gen tag="DD"/>
      <infl tag="Fem.Gen.Sg"/>
      <inflClass tag="--"/>
      <inflClass_gen tag="--"/>
    </tok_anno>
  </token>
  <token id="t59" trans="uuin$terun" type="token">
    <tok_dipl id="t59_d1" trans="uuin$terun" utf="uuinſterun"/>
    <tok_anno ascii="uuinsterun" id="t59_m1" trans="uuin$terun" utf="uuinſterun">
      <norm tag="winsteren"/>
      <lemma tag="winster"/>
      <lemma_gen tag="winster"/>
      <lemma_idmwb tag="230820000"/>
      <pos tag="ADJA"/>
      <pos_gen tag="ADJ"/>
      <infl tag="Pos.Fem.Gen.Sg.wk"/>
      <inflClass tag="--"/>
      <inflClass_gen tag="--"/>
    </tok_anno>
  </token>
  <token id="t60" trans="minni$tun" type="token">
    <tok_dipl id="t60_d1" trans="minni$tun" utf="minniſtun"/>
    <tok_anno ascii="minnistun" id="t60_m1" trans="minni$tun" utf="minniſtun">
      <norm tag="minnesten"/>
      <lemma tag="minnest"/>
      <lemma_gen tag="minnest"/>
      <lemma_idmwb tag="112668000"/>
      <pos tag="ADJA"/>
      <pos_gen tag="ADJ"/>
      <infl tag="Sup.Fem.Gen.Sg.wk"/>
      <inflClass tag="--"/>
      <inflClass_gen tag="--"/>
    </tok_anno>
  </token>
  <token id="t61" trans="cehun" type="token">
    <tok_dipl id="t61_d1" trans="cehun" utf="cehun"/>
    <tok_anno ascii="cehun" id="t61_m1" trans="cehun" utf="cehun">
      <norm tag="zêhen"/>
      <lemma tag="zêhe"/>
      <lemma_gen tag="zêhe"/>
      <lemma_idmwb tag="235854000"/>
      <pos tag="NA"/>
      <pos_gen tag="NA"/>
      <infl tag="Gen.Sg"/>
      <inflClass tag="st.Fem"/>
      <inflClass_gen tag="*.Fem"/>
    </tok_anno>
  </token>
  <token id="t62" trans="ballen(.)" type="token">
    <tok_dipl id="t62_d1" trans="ballen" utf="ballen"/>
    <tok_anno ascii="ballen" id="t62_m1" trans="ballen" utf="ballen">
      <norm tag="ballen"/>
      <lemma tag="ball(e)"/>
      <lemma_gen tag="ball(e)"/>
      <lemma_idmwb tag="10785000"/>
      <pos tag="NA"/>
      <pos_gen tag="NA"/>
      <infl tag="Dat.Sg"/>
      <inflClass tag="*.Masc"/>
      <inflClass_gen tag="*.Masc"/>
      <punc tag="DE"/>
    </tok_anno>
  </token>
  <token id="t63" trans="." type="punc">
    <tok_dipl id="t63_d1" trans="." utf="."/>
    <tok_anno ascii="." id="t63_m1" trans="." utf=".">
      <pos tag="$_"/>
      <pos_gen tag="$_"/>
      <punc tag="$E"/>
    </tok_anno>
  </token>
  <token id="t64" trans="Dare" type="token">
    <tok_dipl id="t64_d1" trans="Dare" utf="Dare"/>
    <tok_anno ascii="Dare" id="t64_m1" trans="Dare" utf="Dare">
      <norm tag="dare"/>
      <lemma tag="dar(e)/+nâh"/>
      <lemma_gen tag="dar(e)"/>
      <lemma_idmwb tag="29004000"/>
      <pos tag="AVD"/>
      <pos_gen tag="AVD-KO"/>
      <infl tag="--"/>
      <inflClass tag="--"/>
      <inflClass_gen tag="--"/>
    </tok_anno>
  </token>
  <token id="t65" trans="nach" type="token">
    <tok_dipl id="t65_d1" trans="nach" utf="nach"/>
    <tok_anno ascii="nach" id="t65_m1" trans="nach" utf="nach">
      <norm tag="nâch"/>
      <lemma tag="nâh/dar(e)+"/>
      <lemma_gen tag="nâh"/>
      <lemma_idmwb tag="117855000"/>
      <pos tag="APPR"/>
      <pos_gen tag="AP"/>
      <infl tag="--"/>
      <inflClass tag="--"/>
      <inflClass_gen tag="--"/>
    </tok_anno>
  </token>
  <token id="t66" trans="neme||man" type="token">
    <tok_dipl id="t66_d1" trans="nememan" utf="nememan"/>
    <tok_anno ascii="neme" id="t66_m1" trans="neme|" utf="neme">
      <norm tag="neme"/>
      <token_type tag="MS1"/>
      <lemma tag="nëmen"/>
      <lemma_gen tag="nëmen"/>
      <lemma_idmwb tag="120132000"/>
      <pos tag="VVFIN"/>
      <pos_gen tag="VV"/>
      <infl tag="Subj.Pres.Sg.3"/>
      <inflClass tag="st4"/>
      <inflClass_gen tag="st4"/>
    </tok_anno>
    <tok_anno ascii="man" id="t66_m2" trans="|man" utf="man">
      <norm tag="man"/>
      <token_type tag="MS2"/>
      <lemma tag="man"/>
      <lemma_gen tag="man"/>
      <lemma_idmwb tag="107376000"/>
      <pos tag="PI"/>
      <pos_gen tag="NA"/>
      <infl tag="*.Nom.Sg.st"/>
      <inflClass tag="--"/>
      <inflClass_gen tag="--"/>
    </tok_anno>
  </token>
  <token id="t67" trans="haberen" type="token">
    <tok_dipl id="t67_d1" trans="haberen" utf="haberen"/>
    <tok_anno ascii="haberen" id="t67_m1" trans="haberen" utf="haberen">
      <norm tag="haberen"/>
      <lemma tag="haber(e)"/>
      <lemma_gen tag="haber(e)"/>
      <lemma_idmwb tag="66924000"/>
      <pos tag="NA"/>
      <pos_gen tag="NA"/>
      <infl tag="Akk.Sg"/>
      <inflClass tag="st.Masc"/>
      <inflClass_gen tag="st.Masc"/>
    </tok_anno>
  </token>
  <token id="t68" trans="gedro$(=)genan" type="token">
    <tok_dipl id="t68_d1" trans="gedro$genan" utf="gedroſgenan"/>
    <tok_anno ascii="gedrosgenan" id="t68_m1" trans="gedro$(=)genan" utf="gedroſgenan">
      <norm tag="gedroschenen"/>
      <token_type tag="UL"/>
      <lemma tag="drëschen"/>
      <lemma_gen tag="drëschen"/>
      <lemma_idmwb tag="31980000"/>
      <pos tag="ADJA"/>
      <pos_gen tag="VVPP"/>
      <infl tag="Sup.Masc.Akk.Sg.*"/>
      <inflClass tag="st4"/>
      <inflClass_gen tag="st4"/>
    </tok_anno>
  </token>
  <token id="t69" trans="unde" type="token">
    <tok_dipl id="t69_d1" trans="unde" utf="unde"/>
    <tok_anno ascii="unde" id="t69_m1" trans="unde" utf="unde">
      <norm tag="unde"/>
      <lemma tag="unte"/>
      <lemma_gen tag="unte"/>
      <lemma_idmwb tag="183108000"/>
      <pos tag="KON"/>
      <pos_gen tag="KO"/>
      <infl tag="--"/>
      <inflClass tag="--"/>
      <inflClass_gen tag="--"/>
    </tok_anno>
  </token>
  <token id="t70" trans="ungedro$genan" type="token">
    <tok_dipl id="t70_d1" trans="ungedro$genan" utf="ungedroſgenan"/>
    <tok_anno ascii="ungedrosgenan" id="t70_m1" trans="ungedro$genan" utf="ungedroſgenan">
      <norm tag="ungedroschenen"/>
      <lemma tag="un-ge-droschen"/>
      <lemma_gen tag="un-ge-droschen"/>
      <lemma_idmwb tag="186027000"/>
      <pos tag="ADJD"/>
      <pos_gen tag="VVPP"/>
      <infl tag="Pos.Masc.Akk.Sg.*"/>
      <inflClass tag="--"/>
      <inflClass_gen tag="--"/>
    </tok_anno>
  </token>
  <token id="t71" trans="." type="punc">
    <tok_dipl id="t71_d1" trans="." utf="."/>
    <tok_anno ascii="." id="t71_m1" trans="." utf=".">
      <pos tag="$_"/>
      <pos_gen tag="$_"/>
    </tok_anno>
  </token>
  <token id="t72" trans="unde" type="token">
    <tok_dipl id="t72_d1" trans="unde" utf="unde"/>
    <tok_anno ascii="unde" id="t72_m1" trans="unde" utf="unde">
      <norm tag="unde"/>
      <lemma tag="unte"/>
      <lemma_gen tag="unte"/>
      <lemma_idmwb tag="183108000"/>
      <pos tag="KON"/>
      <pos_gen tag="KO"/>
      <infl tag="--"/>
      <inflClass tag="--"/>
      <inflClass_gen tag="--"/>
    </tok_anno>
  </token>
  <token id="t73" trans="adech" type="token">
    <tok_dipl id="t73_d1" trans="adech" utf="adech"/>
    <tok_anno ascii="adech" id="t73_m1" trans="adech" utf="adech">
      <norm tag="atich"/>
      <lemma tag="atich"/>
      <lemma_gen tag="atich"/>
      <lemma_idmwb tag="9915000"/>
      <pos tag="NA"/>
      <pos_gen tag="NA"/>
      <infl tag="Akk.Sg"/>
      <inflClass tag="st.Masc"/>
      <inflClass_gen tag="st.Masc"/>
    </tok_anno>
  </token>
  <token id="t74" trans="." type="punc">
    <tok_dipl id="t74_d1" trans="." utf="."/>
    <tok_anno ascii="." id="t74_m1" trans="." utf=".">
      <pos tag="$_"/>
      <pos_gen tag="$_"/>
    </tok_anno>
  </token>
  <token id="t75" trans="unde" type="token">
    <tok_dipl id="t75_d1" trans="unde" utf="unde"/>
    <tok_anno ascii="unde" id="t75_m1" trans="unde" utf="unde">
      <norm tag="unde"/>
      <lemma tag="unte"/>
      <lemma_gen tag="unte"/>
      <lemma_idmwb tag="183108000"/>
      <pos tag="KON"/>
      <pos_gen tag="KO"/>
      <infl tag="--"/>
      <inflClass tag="--"/>
      <inflClass_gen tag="--"/>
    </tok_anno>
  </token>
  <token id="t76" trans="ebah" type="token">
    <tok_dipl id="t76_d1" trans="ebah" utf="ebah"/>
    <tok_anno ascii="ebah" id="t76_m1" trans="ebah" utf="ebah">
      <norm tag="ebech"/>
      <lemma tag="ëbeh"/>
      <lemma_gen tag="ëbeh"/>
      <lemma_idmwb tag="???"/>
      <pos tag="NA"/>
      <pos_gen tag="NA"/>
      <infl tag="Akk.Sg"/>
      <inflClass tag="st.Neut"/>
      <inflClass_gen tag="st.Neut"/>
    </tok_anno>
  </token>
  <token id="t77" trans="." type="punc">
    <tok_dipl id="t77_d1" trans="." utf="."/>
    <tok_anno ascii="." id="t77_m1" trans="." utf=".">
      <pos tag="$_"/>
      <pos_gen tag="$_"/>
    </tok_anno>
  </token>
  <token id="t78" trans="unde" type="token">
    <tok_dipl id="t78_d1" trans="unde" utf="unde"/>
    <tok_anno ascii="unde" id="t78_m1" trans="unde" utf="unde">
      <norm tag="unde"/>
      <lemma tag="unte"/>
      <lemma_gen tag="unte"/>
      <lemma_idmwb tag="183108000"/>
      <pos tag="KON"/>
      <pos_gen tag="KO"/>
      <infl tag="--"/>
      <inflClass tag="--"/>
      <inflClass_gen tag="--"/>
    </tok_anno>
  </token>
  <token id="t79" trans="uarn" type="token">
    <tok_dipl id="t79_d1" trans="uarn" utf="uarn"/>
    <tok_anno ascii="uarn" id="t79_m1" trans="uarn" utf="uarn">
      <norm tag="varn"/>
      <lemma tag="varn"/>
      <lemma_gen tag="varn"/>
      <lemma_idmwb tag="???"/>
      <pos tag="NA"/>
      <pos_gen tag="NA"/>
      <infl tag="Akk.Sg"/>
      <inflClass tag="st.Masc"/>
      <inflClass_gen tag="st.Masc"/>
    </tok_anno>
  </token>
  <token id="t80" trans="." type="punc">
    <tok_dipl id="t80_d1" trans="." utf="."/>
    <tok_anno ascii="." id="t80_m1" trans="." utf=".">
      <pos tag="$_"/>
      <pos_gen tag="$_"/>
    </tok_anno>
  </token>
  <token id="t81" trans="unde" type="token">
    <tok_dipl id="t81_d1" trans="unde" utf="unde"/>
    <tok_anno ascii="unde" id="t81_m1" trans="unde" utf="unde">
      <norm tag="unde"/>
      <lemma tag="unte"/>
      <lemma_gen tag="unte"/>
      <lemma_idmwb tag="183108000"/>
      <pos tag="KON"/>
      <pos_gen tag="KO"/>
      <infl tag="--"/>
      <inflClass tag="--"/>
      <inflClass_gen tag="--"/>
    </tok_anno>
  </token>
  <token id="t82" trans="emeizun" type="token">
    <tok_dipl id="t82_d1" trans="emeizun" utf="emeizun"/>
    <tok_anno ascii="emeizun" id="t82_m1" trans="emeizun" utf="emeizun">
      <norm tag="âmeizen"/>
      <lemma tag="âmèize"/>
      <lemma_gen tag="âmèize"/>
      <lemma_idmwb tag="5202000"/>
      <pos tag="NA"/>
      <pos_gen tag="NA"/>
      <infl tag="Akk.Pl"/>
      <inflClass tag="*.Masc,Fem"/>
      <inflClass_gen tag="*.Masc,Fem"/>
    </tok_anno>
  </token>
  <token id="t83" trans="." type="punc">
    <tok_dipl id="t83_d1" trans="." utf="."/>
    <tok_anno ascii="." id="t83_m1" trans="." utf=".">
      <pos tag="$_"/>
      <pos_gen tag="$_"/>
    </tok_anno>
  </token>
  <token id="t84" trans="unde" type="token">
    <tok_dipl id="t84_d1" trans="unde" utf="unde"/>
    <tok_anno ascii="unde" id="t84_m1" trans="unde" utf="unde">
      <norm tag="unde"/>
      <lemma tag="unte"/>
      <lemma_gen tag="unte"/>
      <lemma_idmwb tag="183108000"/>
      <pos tag="KON"/>
      <pos_gen tag="KO"/>
      <infl tag="--"/>
      <inflClass tag="--"/>
      <inflClass_gen tag="--"/>
    </tok_anno>
  </token>
  <token id="t85" trans="uueremu\odun" type="token">
    <tok_dipl id="t85_d1" trans="uueremu\odun" utf="uueremuͦdun"/>
    <tok_anno ascii="uueremuodun" id="t85_m1" trans="uueremu\odun" utf="uueremuͦdun">
      <norm tag="wermuoten"/>
      <lemma tag="wërmuot(e)"/>
      <lemma_gen tag="wërmuot(e)"/>
      <lemma_idmwb tag="???"/>
      <pos tag="NA"/>
      <pos_gen tag="NA"/>
      <infl tag="Akk.Sg"/>
      <inflClass tag="st.Fem"/>
      <inflClass_gen tag="*.Fem"/>
    </tok_anno>
  </token>
  <token id="t86" trans="." type="punc">
    <tok_dipl id="t86_d1" trans="." utf="."/>
    <tok_anno ascii="." id="t86_m1" trans="." utf=".">
      <pos tag="$_"/>
      <pos_gen tag="$_"/>
    </tok_anno>
  </token>
  <token id="t87" trans="unde" type="token">
    <tok_dipl id="t87_d1" trans="unde" utf="unde"/>
    <tok_anno ascii="unde" id="t87_m1" trans="unde" utf="unde">
      <norm tag="unde"/>
      <lemma tag="unte"/>
      <lemma_gen tag="unte"/>
      <lemma_idmwb tag="183108000"/>
      <pos tag="KON"/>
      <pos_gen tag="KO"/>
      <infl tag="--"/>
      <inflClass tag="--"/>
      <inflClass_gen tag="--"/>
    </tok_anno>
  </token>
  <token id="t88" trans="heidernez(=)zelun,," type="token">
    <tok_dipl id="t88_d1" trans="heidernezzelun" utf="heidernezzelun"/>
    <tok_anno ascii="heidernezzelun" id="t88_m1" trans="heidernez(=)zelun" utf="heidernezzelun">
      <norm tag="eiternezzelen"/>
      <token_type tag="UL"/>
      <lemma tag="èiter-nèzzel(e)"/>
      <lemma_gen tag="èiter-nèzzel(e)"/>
      <lemma_idmwb tag="36720000"/>
      <pos tag="NA"/>
      <pos_gen tag="NA"/>
      <infl tag="Akk.Pl"/>
      <inflClass tag="st.Fem"/>
      <inflClass_gen tag="*.Fem"/>
      <punc tag="S*"/>
    </tok_anno>
  </token>
  <token id="t89" trans="." type="punc">
    <tok_dipl id="t89_d1" trans="." utf="."/>
    <tok_anno ascii="." id="t89_m1" trans="." utf=".">
      <pos tag="$_"/>
      <pos_gen tag="$_"/>
    </tok_anno>
  </token>
  <token id="t90" trans="unde" type="token">
    <tok_dipl id="t90_d1" trans="unde" utf="unde"/>
    <tok_anno ascii="unde" id="t90_m1" trans="unde" utf="unde">
      <norm tag="unde"/>
      <lemma tag="unte"/>
      <lemma_gen tag="unte"/>
      <lemma_idmwb tag="183108000"/>
      <pos tag="KON"/>
      <pos_gen tag="KO"/>
      <infl tag="--"/>
      <inflClass tag="--"/>
      <inflClass_gen tag="--"/>
    </tok_anno>
  </token>
  <token id="t91" trans="mache" type="token">
    <tok_dipl id="t91_d1" trans="mache" utf="mache"/>
    <tok_anno ascii="mache" id="t91_m1" trans="mache" utf="mache">
      <norm tag="mache"/>
      <lemma tag="machen"/>
      <lemma_gen tag="machen"/>
      <lemma_idmwb tag="106683000"/>
      <pos tag="VVFIN"/>
      <pos_gen tag="VV"/>
      <infl tag="Subj.Pres.Sg.3"/>
      <inflClass tag="wk"/>
      <inflClass_gen tag="wk"/>
    </tok_anno>
  </token>
  <token id="t92" trans="ein||bahd" type="token">
    <tok_dipl id="t92_d1" trans="einbahd" utf="einbahd"/>
    <tok_anno ascii="ein" id="t92_m1" trans="ein|" utf="ein">
      <norm tag="ein"/>
      <token_type tag="MS1"/>
      <lemma tag="èin"/>
      <lemma_gen tag="èin"/>
      <lemma_idmwb tag="35925000"/>
      <pos tag="DIART"/>
      <pos_gen tag="DD"/>
      <infl tag="Neut.Akk.Sg.0"/>
      <inflClass tag="--"/>
      <inflClass_gen tag="--"/>
    </tok_anno>
    <tok_anno ascii="bahd" id="t92_m2" trans="|bahd" utf="bahd">
      <norm tag="bat"/>
      <token_type tag="MS2"/>
      <lemma tag="bad"/>
      <lemma_gen tag="bad"/>
      <lemma_idmwb tag="11940000"/>
      <pos tag="NA"/>
      <pos_gen tag="NA"/>
      <infl tag="Akk.Sg"/>
      <inflClass tag="st.Neut"/>
      <inflClass_gen tag="st.Neut"/>
    </tok_anno>
  </token>
  <token id="t93" trans="unde" type="token">
    <tok_dipl id="t93_d1" trans="unde" utf="unde"/>
    <tok_anno ascii="unde" id="t93_m1" trans="unde" utf="unde">
      <norm tag="unde"/>
      <lemma tag="unte"/>
      <lemma_gen tag="unte"/>
      <lemma_idmwb tag="183108000"/>
      <pos tag="KON"/>
      <pos_gen tag="KO"/>
      <infl tag="--"/>
      <inflClass tag="--"/>
      <inflClass_gen tag="--"/>
    </tok_anno>
  </token>
  <token id="t94" trans="bade" type="token">
    <tok_dipl id="t94_d1" trans="bade" utf="bade"/>
    <tok_anno ascii="bade" id="t94_m1" trans="bade" utf="bade">
      <norm tag="bade"/>
      <lemma tag="baden"/>
      <lemma_gen tag="baden"/>
      <lemma_idmwb tag="10557000"/>
      <pos tag="VVFIN"/>
      <pos_gen tag="VV"/>
      <infl tag="Subj.Pres.Sg.3"/>
      <inflClass tag="wk"/>
      <inflClass_gen tag="wk"/>
    </tok_anno>
  </token>
  <token id="t95" trans="in" type="token">
    <tok_dipl id="t95_d1" trans="in" utf="in"/>
    <tok_anno ascii="in" id="t95_m1" trans="in" utf="in">
      <norm tag="in"/>
      <lemma tag="in"/>
      <lemma_gen tag="in"/>
      <lemma_idmwb tag="81741000"/>
      <pos tag="APPR"/>
      <pos_gen tag="AP"/>
      <infl tag="c.D"/>
      <inflClass tag="--"/>
      <inflClass_gen tag="--"/>
    </tok_anno>
  </token>
  <token id="t96" trans="demo" type="token">
    <tok_dipl id="t96_d1" trans="demo" utf="demo"/>
    <tok_anno ascii="demo" id="t96_m1" trans="demo" utf="demo">
      <norm tag="deme"/>
      <lemma tag="dër"/>
      <lemma_gen tag="dër"/>
      <lemma_idmwb tag="29823000"/>
      <pos tag="DDS"/>
      <pos_gen tag="DD"/>
      <infl tag="Neut.Dat.Sg"/>
      <inflClass tag="--"/>
      <inflClass_gen tag="--"/>
    </tok_anno>
  </token>
  <token id="t97" trans="drie||daga,," type="token">
    <tok_dipl id="t97_d1" trans="driedaga" utf="driedaga"/>
    <tok_anno ascii="drie" id="t97_m1" trans="drie|" utf="drie">
      <norm tag="drîe"/>
      <token_type tag="MS1"/>
      <lemma tag="drî"/>
      <lemma_gen tag="drî"/>
      <lemma_idmwb tag="31992000"/>
      <pos tag="CARDA"/>
      <pos_gen tag="CARD"/>
      <infl tag="Masc.Akk.Pl.st"/>
      <inflClass tag="--"/>
      <inflClass_gen tag="--"/>
    </tok_anno>
    <tok_anno ascii="daga" id="t97_m2" trans="|daga" utf="daga">
      <norm tag="tage"/>
      <token_type tag="MS2"/>
      <lemma tag="tag"/>
      <lemma_gen tag="tag"/>
      <lemma_idmwb tag="166296000"/>
      <pos tag="NA"/>
      <pos_gen tag="NA"/>
      <infl tag="Akk.Pl"/>
      <inflClass tag="st.Masc"/>
      <inflClass_gen tag="st.Masc"/>
      <punc tag="S*"/>
    </tok_anno>
  </token>
  <token id="t98" trans="." type="punc">
    <tok_dipl id="t98_d1" trans="." utf="."/>
    <tok_anno ascii="." id="t98_m1" trans="." utf=".">
      <pos tag="$_"/>
      <pos_gen tag="$_"/>
    </tok_anno>
  </token>
  <token id="t99" trans="vnde" type="token">
    <tok_dipl id="t99_d1" trans="vnde" utf="vnde"/>
    <tok_anno ascii="vnde" id="t99_m1" trans="vnde" utf="vnde">
      <norm tag="unde"/>
      <lemma tag="unte"/>
      <lemma_gen tag="unte"/>
      <lemma_idmwb tag="183108000"/>
      <pos tag="KON"/>
      <pos_gen tag="KO"/>
      <infl tag="--"/>
      <inflClass tag="--"/>
      <inflClass_gen tag="--"/>
    </tok_anno>
  </token>
  <token id="t100" trans="nemo" type="token">
    <tok_dipl id="t100_d1" trans="nemo" utf="nemo"/>
    <tok_anno ascii="nemo" id="t100_m1" trans="nemo" utf="nemo">
      <norm tag="neme"/>
      <lemma tag="nëmen"/>
      <lemma_gen tag="nëmen"/>
      <lemma_idmwb tag="120132000"/>
      <pos tag="VVFIN"/>
      <pos_gen tag="VV"/>
      <infl tag="Subj.Pres.Sg.3"/>
      <inflClass tag="st4"/>
      <inflClass_gen tag="st4"/>
    </tok_anno>
  </token>
  <token id="t101" trans="danne" type="token">
    <tok_dipl id="t101_d1" trans="danne" utf="danne"/>
    <tok_anno ascii="danne" id="t101_m1" trans="danne" utf="danne">
      <norm tag="danne"/>
      <lemma tag="danne"/>
      <lemma_gen tag="danne"/>
      <lemma_idmwb tag="28863000"/>
      <pos tag="AVD"/>
      <pos_gen tag="AVD-KO"/>
      <infl tag="--"/>
      <inflClass tag="--"/>
      <inflClass_gen tag="--"/>
    </tok_anno>
  </token>
  <token id="t102" trans="gingibern," type="token">
    <tok_dipl id="t102_d1" trans="gingibern" utf="gingibern"/>
    <tok_anno ascii="gingibern" id="t102_m1" trans="gingibern" utf="gingibern">
      <norm tag="ingewern"/>
      <lemma tag="ingewër"/>
      <lemma_gen tag="ingewër"/>
      <lemma_idmwb tag="82392000"/>
      <pos tag="NA"/>
      <pos_gen tag="NA"/>
      <infl tag="Akk.Sg"/>
      <inflClass tag="st.Masc"/>
      <inflClass_gen tag="st.Masc"/>
      <punc tag="N*"/>
    </tok_anno>
  </token>
  <token id="t103" trans="." type="punc">
    <tok_dipl id="t103_d1" trans="." utf="."/>
    <tok_anno ascii="." id="t103_m1" trans="." utf=".">
      <pos tag="$_"/>
      <pos_gen tag="$_"/>
    </tok_anno>
  </token>
  <token id="t104" trans="uuîn" type="token">
    <tok_dipl id="t104_d1" trans="uuîn" utf="uuîn"/>
    <tok_anno ascii="uuin" id="t104_m1" trans="uuîn" utf="uuîn">
      <norm tag="wîn"/>
      <lemma tag="wîn"/>
      <lemma_gen tag="wîn"/>
      <lemma_idmwb tag="229956000"/>
      <pos tag="NA"/>
      <pos_gen tag="NA"/>
      <infl tag="Akk.Sg"/>
      <inflClass tag="st.Masc"/>
      <inflClass_gen tag="st.Masc"/>
    </tok_anno>
  </token>
  <token id="t105" trans="." type="punc">
    <tok_dipl id="t105_d1" trans="." utf="."/>
    <tok_anno ascii="." id="t105_m1" trans="." utf=".">
      <pos tag="$_"/>
      <pos_gen tag="$_"/>
    </tok_anno>
  </token>
  <token id="t106" trans="unde" type="token">
    <tok_dipl id="t106_d1" trans="unde" utf="unde"/>
    <tok_anno ascii="unde" id="t106_m1" trans="unde" utf="unde">
      <norm tag="unde"/>
      <lemma tag="unte"/>
      <lemma_gen tag="unte"/>
      <lemma_idmwb tag="183108000"/>
      <pos tag="KON"/>
      <pos_gen tag="KO"/>
      <infl tag="--"/>
      <inflClass tag="--"/>
      <inflClass_gen tag="--"/>
    </tok_anno>
  </token>
  <token id="t107" trans="honak" type="token">
    <tok_dipl id="t107_d1" trans="honak" utf="honak"/>
    <tok_anno ascii="honak" id="t107_m1" trans="honak" utf="honak">
      <norm tag="honic"/>
      <lemma tag="honig"/>
      <lemma_gen tag="honig"/>
      <lemma_idmwb tag="77484000"/>
      <pos tag="NA"/>
      <pos_gen tag="NA"/>
      <infl tag="Akk.Sg"/>
      <inflClass tag="st.Neut"/>
      <inflClass_gen tag="st.Neut"/>
    </tok_anno>
  </token>
  <token id="t108" trans="." type="punc">
    <tok_dipl id="t108_d1" trans="." utf="."/>
    <tok_anno ascii="." id="t108_m1" trans="." utf=".">
      <pos tag="$_"/>
      <pos_gen tag="$_"/>
    </tok_anno>
  </token>
  <token id="t109" trans="unde" type="token">
    <tok_dipl id="t109_d1" trans="unde" utf="unde"/>
    <tok_anno ascii="unde" id="t109_m1" trans="unde" utf="unde">
      <norm tag="unde"/>
      <lemma tag="unte"/>
      <lemma_gen tag="unte"/>
      <lemma_idmwb tag="183108000"/>
      <pos tag="KON"/>
      <pos_gen tag="KO"/>
      <infl tag="--"/>
      <inflClass tag="--"/>
      <inflClass_gen tag="--"/>
    </tok_anno>
  </token>
  <token id="t110" trans="dero" type="token">
    <tok_dipl id="t110_d1" trans="dero" utf="dero"/>
    <tok_anno ascii="dero" id="t110_m1" trans="dero" utf="dero">
      <norm tag="dere"/>
      <lemma tag="dër"/>
      <lemma_gen tag="dër"/>
      <lemma_idmwb tag="29817000"/>
      <pos tag="DDART"/>
      <pos_gen tag="DD"/>
      <infl tag="Fem.Gen.Sg"/>
      <inflClass tag="--"/>
      <inflClass_gen tag="--"/>
    </tok_anno>
  </token>
  <token id="t111" trans="uuizun" type="token">
    <tok_dipl id="t111_d1" trans="uuizun" utf="uuizun"/>
    <tok_anno ascii="uuizun" id="t111_m1" trans="uuizun" utf="uuizun">
      <norm tag="wîzen"/>
      <lemma tag="wîz"/>
      <lemma_gen tag="wîz"/>
      <lemma_idmwb tag="232389000"/>
      <pos tag="ADJA"/>
      <pos_gen tag="ADJ"/>
      <infl tag="Pos.Fem.Gen.Sg.wk"/>
      <inflClass tag="--"/>
      <inflClass_gen tag="--"/>
    </tok_anno>
  </token>
  <token id="t112" trans="uuidun" type="token">
    <tok_dipl id="t112_d1" trans="uuidun" utf="uuidun"/>
    <tok_anno ascii="uuidun" id="t112_m1" trans="uuidun" utf="uuidun">
      <norm tag="wîden"/>
      <lemma tag="wîde"/>
      <lemma_gen tag="wîde"/>
      <lemma_idmwb tag="226560000"/>
      <pos tag="NA"/>
      <pos_gen tag="NA"/>
      <infl tag="Gen.Sg"/>
      <inflClass tag="st.Fem"/>
      <inflClass_gen tag="*.Fem"/>
    </tok_anno>
  </token>
  <token id="t113" trans="loub" type="token">
    <tok_dipl id="t113_d1" trans="loub" utf="loub"/>
    <tok_anno ascii="loub" id="t113_m1" trans="loub" utf="loub">
      <norm tag="loup"/>
      <lemma tag="loub"/>
      <lemma_gen tag="loub"/>
      <lemma_idmwb tag="105315000"/>
      <pos tag="NA"/>
      <pos_gen tag="NA"/>
      <infl tag="Akk.Sg"/>
      <inflClass tag="st.Neut"/>
      <inflClass_gen tag="st.Neut"/>
    </tok_anno>
  </token>
  <token id="t114" trans="." type="punc">
    <tok_dipl id="t114_d1" trans="." utf="."/>
    <tok_anno ascii="." id="t114_m1" trans="." utf=".">
      <pos tag="$_"/>
      <pos_gen tag="$_"/>
    </tok_anno>
  </token>
  <token id="t115" trans="unde" type="token">
    <tok_dipl id="t115_d1" trans="unde" utf="unde"/>
    <tok_anno ascii="unde" id="t115_m1" trans="unde" utf="unde">
      <norm tag="unde"/>
      <lemma tag="unte"/>
      <lemma_gen tag="unte"/>
      <lemma_idmwb tag="183108000"/>
      <pos tag="KON"/>
      <pos_gen tag="KO"/>
      <infl tag="--"/>
      <inflClass tag="--"/>
      <inflClass_gen tag="--"/>
    </tok_anno>
  </token>
  <token id="t116" trans="kir$eboume$" type="token">
    <tok_dipl id="t116_d1" trans="kir$eboume$" utf="kirſeboumeſ"/>
    <tok_anno ascii="kirseboumes" id="t116_m1" trans="kir$eboume$" utf="kirſeboumeſ">
      <norm tag="kerseboumes"/>
      <lemma tag="kërse-boum"/>
      <lemma_gen tag="kërse-boum"/>
      <lemma_idmwb tag="88962000"/>
      <pos tag="NA"/>
      <pos_gen tag="NA"/>
      <infl tag="Gen.Sg"/>
      <inflClass tag="st.Masc"/>
      <inflClass_gen tag="st.Masc"/>
    </tok_anno>
  </token>
  <token id="t117" trans="loub" type="token">
    <tok_dipl id="t117_d1" trans="loub" utf="loub"/>
    <tok_anno ascii="loub" id="t117_m1" trans="loub" utf="loub">
      <norm tag="loup"/>
      <lemma tag="loub"/>
      <lemma_gen tag="loub"/>
      <lemma_idmwb tag="105315000"/>
      <pos tag="NA"/>
      <pos_gen tag="NA"/>
      <infl tag="Akk.Sg"/>
      <inflClass tag="st.Neut"/>
      <inflClass_gen tag="st.Neut"/>
    </tok_anno>
  </token>
  <token id="t118" trans="." type="punc">
    <tok_dipl id="t118_d1" trans="." utf="."/>
    <tok_anno ascii="." id="t118_m1" trans="." utf=".">
      <pos tag="$_"/>
      <pos_gen tag="$_"/>
    </tok_anno>
  </token>
  <token id="t119" trans="unde" type="token">
    <tok_dipl id="t119_d1" trans="unde" utf="unde"/>
    <tok_anno ascii="unde" id="t119_m1" trans="unde" utf="unde">
      <norm tag="unde"/>
      <lemma tag="unte"/>
      <lemma_gen tag="unte"/>
      <lemma_idmwb tag="183108000"/>
      <pos tag="KON"/>
      <pos_gen tag="KO"/>
      <infl tag="--"/>
      <inflClass tag="--"/>
      <inflClass_gen tag="--"/>
    </tok_anno>
  </token>
  <token id="t120" trans="phir$ihboume$" type="token">
    <tok_dipl id="t120_d1" trans="phir$ihboume$" utf="phirſihboumeſ"/>
    <tok_anno ascii="phirsihboumes" id="t120_m1" trans="phir$ihboume$" utf="phirſihboumeſ">
      <norm tag="pfersichboumes"/>
      <lemma tag="pfërsich-boum"/>
      <lemma_gen tag="pfërsich-boum"/>
      <lemma_idmwb tag="127680000"/>
      <pos tag="NA"/>
      <pos_gen tag="NA"/>
      <infl tag="Gen.Sg"/>
      <inflClass tag="st.Masc"/>
      <inflClass_gen tag="st.Masc"/>
    </tok_anno>
  </token>
  <token id="t121" trans="loub" type="token">
    <tok_dipl id="t121_d1" trans="loub" utf="loub"/>
    <tok_anno ascii="loub" id="t121_m1" trans="loub" utf="loub">
      <norm tag="loup"/>
      <lemma tag="loub"/>
      <lemma_gen tag="loub"/>
      <lemma_idmwb tag="105315000"/>
      <pos tag="NA"/>
      <pos_gen tag="NA"/>
      <infl tag="Akk.Sg"/>
      <inflClass tag="st.Neut"/>
      <inflClass_gen tag="st.Neut"/>
    </tok_anno>
  </token>
  <token id="t122" trans="." type="punc">
    <tok_dipl id="t122_d1" trans="." utf="."/>
    <tok_anno ascii="." id="t122_m1" trans="." utf=".">
      <pos tag="$_"/>
      <pos_gen tag="$_"/>
    </tok_anno>
  </token>
  <token id="t123" trans="unde" type="token">
    <tok_dipl id="t123_d1" trans="unde" utf="unde"/>
    <tok_anno ascii="unde" id="t123_m1" trans="unde" utf="unde">
      <norm tag="unde"/>
      <lemma tag="unte"/>
      <lemma_gen tag="unte"/>
      <lemma_idmwb tag="183108000"/>
      <pos tag="KON"/>
      <pos_gen tag="KO"/>
      <infl tag="--"/>
      <inflClass tag="--"/>
      <inflClass_gen tag="--"/>
    </tok_anno>
  </token>
  <token id="t124" trans="$albeiun" type="token">
    <tok_dipl id="t124_d1" trans="$albeiun" utf="ſalbeiun"/>
    <tok_anno ascii="salbeiun" id="t124_m1" trans="$albeiun" utf="ſalbeiun">
      <norm tag="salveien"/>
      <lemma tag="salvèi(e)"/>
      <lemma_gen tag="salvèi(e)"/>
      <lemma_idmwb tag="139491000"/>
      <pos tag="NA"/>
      <pos_gen tag="NA"/>
      <infl tag="Akk.Sg"/>
      <inflClass tag="*.Fem"/>
      <inflClass_gen tag="*.Masc,Fem"/>
    </tok_anno>
  </token>
  <token id="t125" trans="." type="punc">
    <tok_dipl id="t125_d1" trans="." utf="."/>
    <tok_anno ascii="." id="t125_m1" trans="." utf=".">
      <pos tag="$_"/>
      <pos_gen tag="$_"/>
    </tok_anno>
  </token>
  <token id="t126" trans="unde" type="token">
    <tok_dipl id="t126_d1" trans="unde" utf="unde"/>
    <tok_anno ascii="unde" id="t126_m1" trans="unde" utf="unde">
      <norm tag="unde"/>
      <lemma tag="unte"/>
      <lemma_gen tag="unte"/>
      <lemma_idmwb tag="183108000"/>
      <pos tag="KON"/>
      <pos_gen tag="KO"/>
      <infl tag="--"/>
      <inflClass tag="--"/>
      <inflClass_gen tag="--"/>
    </tok_anno>
  </token>
  <token id="t127" trans="rutun" type="token">
    <tok_dipl id="t127_d1" trans="rutun" utf="rutun"/>
    <tok_anno ascii="rutun" id="t127_m1" trans="rutun" utf="rutun">
      <norm tag="rûten"/>
      <lemma tag="rûte"/>
      <lemma_gen tag="rûte"/>
      <lemma_idmwb tag="138570000"/>
      <pos tag="NA"/>
      <pos_gen tag="NA"/>
      <infl tag="Akk.Sg"/>
      <inflClass tag="st.Fem"/>
      <inflClass_gen tag="*.Fem"/>
    </tok_anno>
  </token>
  <token id="t128" trans="." type="punc">
    <tok_dipl id="t128_d1" trans="." utf="."/>
    <tok_anno ascii="." id="t128_m1" trans="." utf=".">
      <pos tag="$_"/>
      <pos_gen tag="$_"/>
    </tok_anno>
  </token>
  <token id="t129" trans="unde" type="token">
    <tok_dipl id="t129_d1" trans="unde" utf="unde"/>
    <tok_anno ascii="unde" id="t129_m1" trans="unde" utf="unde">
      <norm tag="unde"/>
      <lemma tag="unte"/>
      <lemma_gen tag="unte"/>
      <lemma_idmwb tag="183108000"/>
      <pos tag="KON"/>
      <pos_gen tag="KO"/>
      <infl tag="--"/>
      <inflClass tag="--"/>
      <inflClass_gen tag="--"/>
    </tok_anno>
  </token>
  <token id="t130" trans="stor(=)che$#$nabel" type="token">
    <tok_dipl id="t130_d1" trans="storche$" utf="storcheſ"/>
    <tok_dipl id="t130_d2" trans="$nabel" utf="ſnabel"/>
    <tok_anno ascii="storchessnabel" id="t130_m1" trans="stor(=)che$#$nabel" utf="storcheſſnabel">
      <norm tag="storchessnabel"/>
      <token_type tag="US UL"/>
      <lemma tag="storches-snabel"/>
      <lemma_gen tag="storches-snabel"/>
      <lemma_idmwb tag="???"/>
      <pos tag="NA"/>
      <pos_gen tag="NA"/>
      <infl tag="Akk.Sg"/>
      <inflClass tag="st.Masc"/>
      <inflClass_gen tag="st.Masc"/>
    </tok_anno>
  </token>
  <token id="t131" trans="." type="punc">
    <tok_dipl id="t131_d1" trans="." utf="."/>
    <tok_anno ascii="." id="t131_m1" trans="." utf=".">
      <pos tag="$_"/>
      <pos_gen tag="$_"/>
    </tok_anno>
  </token>
  <token id="t132" trans="unde" type="token">
    <tok_dipl id="t132_d1" trans="unde" utf="unde"/>
    <tok_anno ascii="unde" id="t132_m1" trans="unde" utf="unde">
      <norm tag="unde"/>
      <lemma tag="unte"/>
      <lemma_gen tag="unte"/>
      <lemma_idmwb tag="183108000"/>
      <pos tag="KON"/>
      <pos_gen tag="KO"/>
      <infl tag="--"/>
      <inflClass tag="--"/>
      <inflClass_gen tag="--"/>
    </tok_anno>
  </token>
  <token id="t133" trans="berehtram" type="token">
    <tok_dipl id="t133_d1" trans="berehtram" utf="berehtram"/>
    <tok_anno ascii="berehtram" id="t133_m1" trans="berehtram" utf="berehtram">
      <norm tag="berhtram"/>
      <lemma tag="bërht-ram"/>
      <lemma_gen tag="bërht-ram"/>
      <lemma_idmwb tag="15639000"/>
      <pos tag="NA"/>
      <pos_gen tag="NA"/>
      <infl tag="Akk.Sg"/>
      <inflClass tag="st.Masc"/>
      <inflClass_gen tag="st.Masc"/>
    </tok_anno>
  </token>
  <token id="t134" trans="." type="punc">
    <tok_dipl id="t134_d1" trans="." utf="."/>
    <tok_anno ascii="." id="t134_m1" trans="." utf=".">
      <pos tag="$_"/>
      <pos_gen tag="$_"/>
    </tok_anno>
  </token>
  <token id="t135" trans="unde" type="token">
    <tok_dipl id="t135_d1" trans="unde" utf="unde"/>
    <tok_anno ascii="unde" id="t135_m1" trans="unde" utf="unde">
      <norm tag="unde"/>
      <lemma tag="unte"/>
      <lemma_gen tag="unte"/>
      <lemma_idmwb tag="183108000"/>
      <pos tag="KON"/>
      <pos_gen tag="KO"/>
      <infl tag="--"/>
      <inflClass tag="--"/>
      <inflClass_gen tag="--"/>
    </tok_anno>
  </token>
  <token id="t136" trans="mide#uuirz," type="token">
    <tok_dipl id="t136_d1" trans="mide" utf="mide"/>
    <tok_dipl id="t136_d2" trans="uuirz" utf="uuirz"/>
    <tok_anno ascii="mideuuirz" id="t136_m1" trans="mide#uuirz" utf="mideuuirz">
      <norm tag="mitewirz"/>
      <token_type tag="US"/>
      <lemma tag="mite-wirz"/>
      <lemma_gen tag="mite-wirz"/>
      <lemma_idmwb tag="???"/>
      <pos tag="NA"/>
      <pos_gen tag="NA"/>
      <infl tag="Akk.Sg"/>
      <inflClass tag="st.Fem,Neut"/>
      <inflClass_gen tag="st.Fem,Neut"/>
      <punc tag="N*"/>
    </tok_anno>
  </token>
  <comment type="K">/%.[?]</comment>
  <token id="t137" trans="." type="punc">
    <tok_dipl id="t137_d1" trans="." utf="."/>
    <tok_anno ascii="." id="t137_m1" trans="." utf=".">
      <pos tag="$_"/>
      <pos_gen tag="$_"/>
    </tok_anno>
  </token>
  <token id="t138" trans="iegeliche$" type="token">
    <tok_dipl id="t138_d1" trans="iegeliche$" utf="iegelicheſ"/>
    <tok_anno ascii="iegeliches" id="t138_m1" trans="iegeliche$" utf="iegelicheſ">
      <norm tag="iegelîches"/>
      <lemma tag="iè-ge-lich"/>
      <lemma_gen tag="iè-ge-lich"/>
      <lemma_idmwb tag="81306000"/>
      <pos tag="DIS"/>
      <pos_gen tag="DI"/>
      <infl tag="Neut.Gen.Sg.st"/>
      <inflClass tag="--"/>
      <inflClass_gen tag="--"/>
    </tok_anno>
  </token>
  <token id="t139" trans="einero" type="token">
    <tok_dipl id="t139_d1" trans="einero" utf="einero"/>
    <tok_anno ascii="einero" id="t139_m1" trans="einero" utf="einero">
      <norm tag="einere"/>
      <lemma tag="èin"/>
      <lemma_gen tag="èin"/>
      <lemma_idmwb tag="35925000"/>
      <pos tag="CARDA"/>
      <pos_gen tag="CARD"/>
      <infl tag="Fem.Gen.Sg.st"/>
      <inflClass tag="--"/>
      <inflClass_gen tag="--"/>
    </tok_anno>
  </token>
  <token id="t140" trans="unzun" type="token">
    <tok_dipl id="t140_d1" trans="unzun" utf="unzun"/>
    <tok_anno ascii="unzun" id="t140_m1" trans="unzun" utf="unzun">
      <norm tag="unzen"/>
      <lemma tag="unze"/>
      <lemma_gen tag="unze"/>
      <lemma_idmwb tag="193728000"/>
      <pos tag="NA"/>
      <pos_gen tag="NA"/>
      <infl tag="Gen.Sg"/>
      <inflClass tag="st.Fem"/>
      <inflClass_gen tag="*.Fem"/>
    </tok_anno>
  </token>
  <token id="t141" trans="geuuiht,," type="token">
    <tok_dipl id="t141_d1" trans="geuuiht" utf="geuuiht"/>
    <tok_anno ascii="geuuiht" id="t141_m1" trans="geuuiht" utf="geuuiht">
      <norm tag="gewiht"/>
      <lemma tag="ge-wiht"/>
      <lemma_gen tag="ge-wihte"/>
      <lemma_idmwb tag="60405000"/>
      <pos tag="NA"/>
      <pos_gen tag="NA"/>
      <infl tag="Akk.Sg"/>
      <inflClass tag="st.Neut"/>
      <inflClass_gen tag="st.Neut"/>
      <punc tag="S*"/>
    </tok_anno>
  </token>
  <token id="t142" trans="." type="punc">
    <tok_dipl id="t142_d1" trans="." utf="."/>
    <tok_anno ascii="." id="t142_m1" trans="." utf=".">
      <pos tag="$_"/>
      <pos_gen tag="$_"/>
    </tok_anno>
  </token>
  <token id="t143" trans="unde" type="token">
    <tok_dipl id="t143_d1" trans="unde" utf="unde"/>
    <tok_anno ascii="unde" id="t143_m1" trans="unde" utf="unde">
      <norm tag="unde"/>
      <lemma tag="unte"/>
      <lemma_gen tag="unte"/>
      <lemma_idmwb tag="183108000"/>
      <pos tag="KON"/>
      <pos_gen tag="KO"/>
      <infl tag="--"/>
      <inflClass tag="--"/>
      <inflClass_gen tag="--"/>
    </tok_anno>
  </token>
  <token id="t144" trans="mache" type="token">
    <tok_dipl id="t144_d1" trans="mache" utf="mache"/>
    <tok_anno ascii="mache" id="t144_m1" trans="mache" utf="mache">
      <norm tag="mache"/>
      <lemma tag="machen"/>
      <lemma_gen tag="machen"/>
      <lemma_idmwb tag="106683000"/>
      <pos tag="VVFIN"/>
      <pos_gen tag="VV"/>
      <infl tag="Subj.Pres.Sg.3"/>
      <inflClass tag="wk"/>
      <inflClass_gen tag="wk"/>
    </tok_anno>
  </token>
  <token id="t145" trans="ein||drank,," type="token">
    <tok_dipl id="t145_d1" trans="eindrank" utf="eindrank"/>
    <tok_anno ascii="ein" id="t145_m1" trans="ein|" utf="ein">
      <norm tag="ein"/>
      <token_type tag="MS1"/>
      <lemma tag="èin"/>
      <lemma_gen tag="èin"/>
      <lemma_idmwb tag="35925000"/>
      <pos tag="DIART"/>
      <pos_gen tag="DD"/>
      <infl tag="Neut.Akk.Sg.0"/>
      <inflClass tag="--"/>
      <inflClass_gen tag="--"/>
    </tok_anno>
    <tok_anno ascii="drank" id="t145_m2" trans="|drank" utf="drank">
      <norm tag="tranc"/>
      <token_type tag="MS2"/>
      <lemma tag="trank"/>
      <lemma_gen tag="trank"/>
      <lemma_idmwb tag="170565000"/>
      <pos tag="NA"/>
      <pos_gen tag="NA"/>
      <infl tag="Akk.Sg"/>
      <inflClass tag="st.Neut"/>
      <inflClass_gen tag="st(u).Masc,Neut"/>
      <punc tag="S*"/>
    </tok_anno>
  </token>
  <token id="t146" trans="." type="punc">
    <tok_dipl id="t146_d1" trans="." utf="."/>
    <tok_anno ascii="." id="t146_m1" trans="." utf=".">
      <pos tag="$_"/>
      <pos_gen tag="$_"/>
    </tok_anno>
  </token>
  <token id="t147" trans="unde" type="token">
    <tok_dipl id="t147_d1" trans="unde" utf="unde"/>
    <tok_anno ascii="unde" id="t147_m1" trans="unde" utf="unde">
      <norm tag="unde"/>
      <lemma tag="unte"/>
      <lemma_gen tag="unte"/>
      <lemma_idmwb tag="183108000"/>
      <pos tag="KON"/>
      <pos_gen tag="KO"/>
      <infl tag="--"/>
      <inflClass tag="--"/>
      <inflClass_gen tag="--"/>
    </tok_anno>
  </token>
  <token id="t148" trans="drin(=)ke" type="token">
    <tok_dipl id="t148_d1" trans="drinke" utf="drinke"/>
    <tok_anno ascii="drinke" id="t148_m1" trans="drin(=)ke" utf="drinke">
      <norm tag="trinke"/>
      <token_type tag="UL"/>
      <lemma tag="trinken"/>
      <lemma_gen tag="trinken"/>
      <lemma_idmwb tag="171357000"/>
      <pos tag="VVFIN"/>
      <pos_gen tag="VV"/>
      <infl tag="Subj.Pres.Sg.3"/>
      <inflClass tag="st3a"/>
      <inflClass_gen tag="st3a"/>
    </tok_anno>
  </token>
  <token id="t149" trans="daz" type="token">
    <tok_dipl id="t149_d1" trans="daz" utf="daz"/>
    <tok_anno ascii="daz" id="t149_m1" trans="daz" utf="daz">
      <norm tag="daz"/>
      <lemma tag="dër"/>
      <lemma_gen tag="dër"/>
      <lemma_idmwb tag="29823000"/>
      <pos tag="DDS"/>
      <pos_gen tag="DD"/>
      <infl tag="Neut.Akk.Sg"/>
      <inflClass tag="--"/>
      <inflClass_gen tag="--"/>
    </tok_anno>
  </token>
  <token id="t150" trans="in" type="token">
    <tok_dipl id="t150_d1" trans="in" utf="in"/>
    <tok_anno ascii="in" id="t150_m1" trans="in" utf="in">
      <norm tag="in"/>
      <lemma tag="in"/>
      <lemma_gen tag="in"/>
      <lemma_idmwb tag="81741000"/>
      <pos tag="APPR"/>
      <pos_gen tag="AP"/>
      <infl tag="c.D"/>
      <inflClass tag="--"/>
      <inflClass_gen tag="--"/>
    </tok_anno>
  </token>
  <token id="t151" trans="demo" type="token">
    <tok_dipl id="t151_d1" trans="demo" utf="demo"/>
    <tok_anno ascii="demo" id="t151_m1" trans="demo" utf="demo">
      <norm tag="deme"/>
      <lemma tag="dër"/>
      <lemma_gen tag="dër"/>
      <lemma_idmwb tag="29817000"/>
      <pos tag="DDART"/>
      <pos_gen tag="DD"/>
      <infl tag="Neut.Dat.Sg"/>
      <inflClass tag="--"/>
      <inflClass_gen tag="--"/>
    </tok_anno>
  </token>
  <token id="t152" trans="uuarmen" type="token">
    <tok_dipl id="t152_d1" trans="uuarmen" utf="uuarmen"/>
    <tok_anno ascii="uuarmen" id="t152_m1" trans="uuarmen" utf="uuarmen">
      <norm tag="warmen"/>
      <lemma tag="warm"/>
      <lemma_gen tag="warm"/>
      <lemma_idmwb tag="222213000"/>
      <pos tag="ADJA"/>
      <pos_gen tag="ADJ"/>
      <infl tag="Pos.Neut.Dat.Sg.wk"/>
      <inflClass tag="--"/>
      <inflClass_gen tag="--"/>
    </tok_anno>
  </token>
  <token id="t153" trans="bade,," type="token">
    <tok_dipl id="t153_d1" trans="bade" utf="bade"/>
    <tok_anno ascii="bade" id="t153_m1" trans="bade" utf="bade">
      <norm tag="bade"/>
      <lemma tag="bad"/>
      <lemma_gen tag="bad"/>
      <lemma_idmwb tag="11940000"/>
      <pos tag="NA"/>
      <pos_gen tag="NA"/>
      <infl tag="Dat.Sg"/>
      <inflClass tag="st.Neut"/>
      <inflClass_gen tag="st.Neut"/>
      <punc tag="S*"/>
    </tok_anno>
  </token>
  <token id="t154" trans="." type="punc">
    <tok_dipl id="t154_d1" trans="." utf="."/>
    <tok_anno ascii="." id="t154_m1" trans="." utf=".">
      <pos tag="$_"/>
      <pos_gen tag="$_"/>
    </tok_anno>
  </token>
  <token id="t155" trans="$o" type="token">
    <tok_dipl id="t155_d1" trans="$o" utf="ſo"/>
    <tok_anno ascii="so" id="t155_m1" trans="$o" utf="ſo">
      <norm tag="sô"/>
      <lemma tag="sô"/>
      <lemma_gen tag="sô"/>
      <lemma_idmwb tag="154164000"/>
      <pos tag="AVD"/>
      <pos_gen tag="AVD-KO"/>
      <infl tag="--"/>
      <inflClass tag="--"/>
      <inflClass_gen tag="--"/>
    </tok_anno>
  </token>
  <token id="t156" trans="uuird||e$" type="token">
    <tok_dipl id="t156_d1" trans="uuirde$" utf="uuirdeſ"/>
    <tok_anno ascii="uuird" id="t156_m1" trans="uuird|" utf="uuird">
      <norm tag="wirdet"/>
      <token_type tag="MS1"/>
      <lemma tag="wërden"/>
      <lemma_gen tag="wërden"/>
      <lemma_idmwb tag="225138000"/>
      <pos tag="VAFIN"/>
      <pos_gen tag="VA"/>
      <infl tag="Ind.Pres.Sg.3"/>
      <inflClass tag="st3b"/>
      <inflClass_gen tag="st3b"/>
    </tok_anno>
    <tok_anno ascii="es" id="t156_m2" trans="|e$" utf="eſ">
      <norm tag="es"/>
      <token_type tag="MS2"/>
      <lemma tag="ër"/>
      <lemma_gen tag="ër"/>
      <lemma_idmwb tag="40380000"/>
      <pos tag="PPER"/>
      <pos_gen tag="PPER"/>
      <infl tag="Neut.Gen.Sg.3"/>
      <inflClass tag="--"/>
      <inflClass_gen tag="--"/>
    </tok_anno>
  </token>
  <token id="t157" trans="imo" type="token">
    <tok_dipl id="t157_d1" trans="imo" utf="imo"/>
    <tok_anno ascii="imo" id="t157_m1" trans="imo" utf="imo">
      <norm tag="ime"/>
      <lemma tag="ër"/>
      <lemma_gen tag="ër"/>
      <lemma_idmwb tag="40380000"/>
      <pos tag="PPER"/>
      <pos_gen tag="PPER"/>
      <infl tag="Masc.Dat.Sg.3"/>
      <inflClass tag="--"/>
      <inflClass_gen tag="--"/>
    </tok_anno>
  </token>
  <token id="t158" trans="bu\oz(.)" type="token">
    <tok_dipl id="t158_d1" trans="bu\oz" utf="buͦz"/>
    <tok_anno ascii="buoz" id="t158_m1" trans="bu\oz" utf="buͦz">
      <norm tag="buoz"/>
      <lemma tag="buoz(e)"/>
      <lemma_gen tag="buoz(e)"/>
      <lemma_idmwb tag="???"/>
      <pos tag="NA"/>
      <pos_gen tag="NA"/>
      <infl tag="Nom.Sg"/>
      <inflClass tag="*.Fem"/>
      <inflClass_gen tag="*.Fem"/>
      <punc tag="DE"/>
    </tok_anno>
  </token>
</text>
