<?xml version='1.0' encoding='UTF-8'?>
<!DOCTYPE text SYSTEM "cora-xml.dtd">
<text id="M054">
  <header>
    <text>Contra vermes pecus edentes</text>
    <abbr_ddd>Contravermpec</abbr_ddd>
    <abbr_mwb>-</abbr_mwb>
    <topic>Religion, Alltag</topic>
    <text-type>Segen</text-type>
    <genre>P</genre>
    <reference>Handschrift</reference>
    <reference-secondary>Edition [Textnummer+Seite+Zeile]</reference-secondary>
    <library>Paris, Bibl. Nationale</library>
    <library-shelfmark>Ms. nouv. acq. lat. 229</library-shelfmark>
    <online>http://www.handschriftencensus.de/11468</online>
    <medium>Handschrift</medium>
    <extent>10r</extent>
    <extract>-</extract>
    <language>mhd</language>
    <language-type>mitteldeutsch</language-type>
    <language-region>westmitteldeutsch</language-region>
    <language-area>(süd)rheinfränkisch (?)</language-area>
    <place>-</place>
    <time>12</time>
    <notes-manuscript>-</notes-manuscript>
    <date>-</date>
    <text-place>-</text-place>
    <text-author>-</text-author>
    <text-language>-</text-language>
    <text-source>-</text-source>
    <edition>Elias von Steinmeyer (Hg.), Die kleineren althochdeutschen Sprachdenkmäler, Berlin 1916, Nr. 66,3</edition>
    <corpus>ReM I</corpus>
    <notes-transcription>-</notes-transcription>
    <notes-annotation>-</notes-annotation>
    <digitization_by>Thomas Klein (Bonn)</digitization_by>
    <collation_by>Elke Weber (Bonn)</collation_by>
    <pre_editing_by>Thomas Klein (Bonn)</pre_editing_by>
    <annotation_by>Thomas Klein (Bonn) [u.B.v. R-M.S.Heffner, A Word-Index to the Texts of Steinmeyer ... 1961]</annotation_by>
    <proofreading_by>Elke Weber (Bonn)</proofreading_by>
  </header>
  <layoutinfo>
    <page id="p1" no="10" range="c1" side="r"/>
    <column id="c1" range="l1..l3"/>
    <line id="l1" name="20" range="t1_d1..t11_d1" loc="10ra,20"/>
    <line id="l2" name="21" range="t12_d1..t26_d1" loc="10ra,21"/>
    <line id="l3" name="22" range="t27_d1" loc="10ra,22"/>
  </layoutinfo>
  <shifttags>
    <paren range="t8_m1..t9_m1"/>
    <paren range="t21_m1..t23_m1"/>
  </shifttags>
  <token id="t1" trans="Cont'" type="token">
    <tok_dipl id="t1_d1" trans="Cont'" utf="Contˢ"/>
    <tok_anno ascii="Conter" id="t1_m1" trans="Cont'" utf="Contˢ">
      <norm tag="--"/>
      <lemma tag="contra"/>
      <lemma_gen tag="contra"/>
      <lemma_idmwb tag="--"/>
      <pos tag="FM"/>
      <pos_gen tag="FM"/>
      <infl tag="--"/>
      <inflClass tag="--"/>
      <inflClass_gen tag="--"/>
    </tok_anno>
  </token>
  <comment type="K">/L[+]</comment>
  <token id="t2" trans="uerme$" type="token">
    <tok_dipl id="t2_d1" trans="uerme$" utf="uermeſ"/>
    <tok_anno ascii="uermes" id="t2_m1" trans="uerme$" utf="uermeſ">
      <norm tag="--"/>
      <lemma tag="vermes"/>
      <lemma_gen tag="vermes"/>
      <lemma_idmwb tag="--"/>
      <pos tag="FM"/>
      <pos_gen tag="FM"/>
      <infl tag="--"/>
      <inflClass tag="--"/>
      <inflClass_gen tag="--"/>
    </tok_anno>
  </token>
  <token id="t3" trans="pec%9" type="token">
    <tok_dipl id="t3_d1" trans="pec%9" utf="pecꝰ"/>
    <tok_anno ascii="pecus" id="t3_m1" trans="pec%9" utf="pecꝰ">
      <norm tag="--"/>
      <lemma tag="pecus"/>
      <lemma_gen tag="pecus"/>
      <lemma_idmwb tag="--"/>
      <pos tag="FM"/>
      <pos_gen tag="FM"/>
      <infl tag="--"/>
      <inflClass tag="--"/>
      <inflClass_gen tag="--"/>
    </tok_anno>
  </token>
  <token id="t4" trans="edente$(.)" type="token">
    <tok_dipl id="t4_d1" trans="edente$" utf="edenteſ"/>
    <tok_anno ascii="edentes" id="t4_m1" trans="edente$" utf="edenteſ">
      <norm tag="--"/>
      <lemma tag="edentes"/>
      <lemma_gen tag="edentes"/>
      <lemma_idmwb tag="--"/>
      <pos tag="FM"/>
      <pos_gen tag="FM"/>
      <infl tag="--"/>
      <inflClass tag="--"/>
      <inflClass_gen tag="--"/>
      <punc tag="DE"/>
    </tok_anno>
  </token>
  <comment type="K">/L[@]</comment>
  <token id="t5" trans="." type="punc">
    <tok_dipl id="t5_d1" trans="." utf="."/>
    <tok_anno ascii="." id="t5_m1" trans="." utf=".">
      <pos tag="$_"/>
      <pos_gen tag="$_"/>
      <punc tag="$E"/>
    </tok_anno>
  </token>
  <token id="t6" trans="Ih" type="token">
    <tok_dipl id="t6_d1" trans="Ih" utf="Ih"/>
    <tok_anno ascii="Ih" id="t6_m1" trans="Ih" utf="Ih">
      <norm tag="ich"/>
      <lemma tag="ich"/>
      <lemma_gen tag="ich"/>
      <lemma_idmwb tag="81210000"/>
      <pos tag="PPER"/>
      <pos_gen tag="PPER"/>
      <infl tag="Nom.Sg.1"/>
      <inflClass tag="--"/>
      <inflClass_gen tag="--"/>
    </tok_anno>
  </token>
  <token id="t7" trans="be$uere" type="token">
    <tok_dipl id="t7_d1" trans="be$uere" utf="beſuere"/>
    <tok_anno ascii="besuere" id="t7_m1" trans="be$uere" utf="beſuere">
      <norm tag="beswere"/>
      <lemma tag="be-swèr(e)n"/>
      <lemma_gen tag="be-swèr(e)n"/>
      <lemma_idmwb tag="17907000"/>
      <pos tag="VVFIN"/>
      <pos_gen tag="VV"/>
      <infl tag="Ind.Pres.Sg.1"/>
      <inflClass tag="st6b"/>
      <inflClass_gen tag="st6b"/>
    </tok_anno>
  </token>
  <token id="t8" trans="dih,,(" type="token">
    <tok_dipl id="t8_d1" trans="dih" utf="dih"/>
    <tok_anno ascii="dih" id="t8_m1" trans="dih" utf="dih">
      <norm tag="dich"/>
      <lemma tag="dû"/>
      <lemma_gen tag="dû"/>
      <lemma_idmwb tag="32607000"/>
      <pos tag="PPER"/>
      <pos_gen tag="PPER"/>
      <infl tag="Akk.Sg.2"/>
      <inflClass tag="--"/>
      <inflClass_gen tag="--"/>
    </tok_anno>
  </token>
  <token id="t9" trans="$unno,,)" type="token">
    <tok_dipl id="t9_d1" trans="$unno" utf="ſunno"/>
    <tok_anno ascii="sunno" id="t9_m1" trans="$unno" utf="ſunno">
      <norm tag="sunne"/>
      <lemma tag="sunne"/>
      <lemma_gen tag="sunne"/>
      <lemma_idmwb tag="163761000"/>
      <pos tag="NA"/>
      <pos_gen tag="NA"/>
      <infl tag="Nom.Sg"/>
      <inflClass tag="*.Masc"/>
      <inflClass_gen tag="*.Masc,Fem"/>
    </tok_anno>
  </token>
  <token id="t10" trans="." type="punc">
    <tok_dipl id="t10_d1" trans="." utf="."/>
    <tok_anno ascii="." id="t10_m1" trans="." utf=".">
      <pos tag="$_"/>
      <pos_gen tag="$_"/>
    </tok_anno>
  </token>
  <token id="t11" trans="bi||sco\-" type="token">
    <tok_dipl id="t11_d1" trans="bisco\-" utf="biscō"/>
    <tok_anno ascii="bi" id="t11_m1" trans="bi|" utf="bi">
      <norm tag="bî"/>
      <token_type tag="MS1"/>
      <lemma tag="bî"/>
      <lemma_gen tag="bî"/>
      <lemma_idmwb tag="19761000"/>
      <pos tag="AVD"/>
      <pos_gen tag="AVD"/>
      <infl tag="--"/>
      <inflClass tag="--"/>
      <inflClass_gen tag="--"/>
    </tok_anno>
    <tok_anno ascii="scon" id="t11_m2" trans="|sco\-" utf="scō">
      <norm tag="sancto"/>
      <token_type tag="MS2"/>
      <lemma tag="sanctus"/>
      <lemma_gen tag="sanctus"/>
      <lemma_idmwb tag="--"/>
      <pos tag="ADJA"/>
      <pos_gen tag="FM"/>
      <infl tag="Pos.Masc.Dat.Sg"/>
      <inflClass tag="--"/>
      <inflClass_gen tag="--"/>
    </tok_anno>
  </token>
  <token id="t12" trans="Germano,," type="token">
    <tok_dipl id="t12_d1" trans="Germano" utf="Germano"/>
    <tok_anno ascii="Germano" id="t12_m1" trans="Germano" utf="Germano">
      <norm tag="Germano"/>
      <lemma tag="Germanus"/>
      <lemma_gen tag="Germanus"/>
      <lemma_idmwb tag="--"/>
      <pos tag="NE"/>
      <pos_gen tag="NE"/>
      <infl tag="Dat.Sg"/>
      <inflClass tag="--"/>
      <inflClass_gen tag="--"/>
      <punc tag="S*"/>
    </tok_anno>
  </token>
  <token id="t13" trans="." type="punc">
    <tok_dipl id="t13_d1" trans="." utf="."/>
    <tok_anno ascii="." id="t13_m1" trans="." utf=".">
      <pos tag="$_"/>
      <pos_gen tag="$_"/>
    </tok_anno>
  </token>
  <token id="t14" trans="daz" type="token">
    <tok_dipl id="t14_d1" trans="daz" utf="daz"/>
    <tok_anno ascii="daz" id="t14_m1" trans="daz" utf="daz">
      <norm tag="daz"/>
      <lemma tag="dazz"/>
      <lemma_gen tag="dazz"/>
      <lemma_idmwb tag="29484000"/>
      <pos tag="KOUS"/>
      <pos_gen tag="KO"/>
      <infl tag="--"/>
      <inflClass tag="--"/>
      <inflClass_gen tag="--"/>
    </tok_anno>
  </token>
  <token id="t15" trans="tu" type="token">
    <tok_dipl id="t15_d1" trans="tu" utf="tu"/>
    <tok_anno ascii="tu" id="t15_m1" trans="tu" utf="tu">
      <norm tag="dû"/>
      <lemma tag="dû"/>
      <lemma_gen tag="dû"/>
      <lemma_idmwb tag="32607000"/>
      <pos tag="PPER"/>
      <pos_gen tag="PPER"/>
      <infl tag="Nom.Sg.2"/>
      <inflClass tag="--"/>
      <inflClass_gen tag="--"/>
    </tok_anno>
  </token>
  <token id="t16" trans="hiuto" type="token">
    <tok_dipl id="t16_d1" trans="hiuto" utf="hiuto"/>
    <tok_anno ascii="hiuto" id="t16_m1" trans="hiuto" utf="hiuto">
      <norm tag="hiute"/>
      <lemma tag="hiute"/>
      <lemma_gen tag="hiute"/>
      <lemma_idmwb tag="76200000"/>
      <pos tag="AVD"/>
      <pos_gen tag="AVD"/>
      <infl tag="--"/>
      <inflClass tag="--"/>
      <inflClass_gen tag="--"/>
    </tok_anno>
  </token>
  <token id="t17" trans="ne" type="token">
    <tok_dipl id="t17_d1" trans="ne" utf="ne"/>
    <tok_anno ascii="ne" id="t17_m1" trans="ne" utf="ne">
      <norm tag="ne"/>
      <lemma tag="ne"/>
      <lemma_gen tag="ne"/>
      <lemma_idmwb tag="119841000"/>
      <pos tag="PTKNEG"/>
      <pos_gen tag="PTK"/>
      <infl tag="--"/>
      <inflClass tag="--"/>
      <inflClass_gen tag="--"/>
    </tok_anno>
  </token>
  <token id="t18" trans="$cin,," type="token">
    <tok_dipl id="t18_d1" trans="$cin" utf="ſcin"/>
    <tok_anno ascii="scin" id="t18_m1" trans="$cin" utf="ſcin">
      <norm tag="schîn"/>
      <lemma tag="schînen"/>
      <lemma_gen tag="schînen"/>
      <lemma_idmwb tag="144246000"/>
      <pos tag="VVIMP"/>
      <pos_gen tag="VV"/>
      <infl tag="Sg.2"/>
      <inflClass tag="st1a"/>
      <inflClass_gen tag="st1a"/>
      <punc tag="S*"/>
    </tok_anno>
  </token>
  <token id="t19" trans="." type="punc">
    <tok_dipl id="t19_d1" trans="." utf="."/>
    <tok_anno ascii="." id="t19_m1" trans="." utf=".">
      <pos tag="$_"/>
      <pos_gen tag="$_"/>
    </tok_anno>
  </token>
  <token id="t20" trans="e" type="token">
    <tok_dipl id="t20_d1" trans="e" utf="e"/>
    <tok_anno ascii="e" id="t20_m1" trans="e" utf="e">
      <norm tag="êr"/>
      <lemma tag="êr"/>
      <lemma_gen tag="êr"/>
      <lemma_idmwb tag="???"/>
      <pos tag="APPR"/>
      <pos_gen tag="AP"/>
      <infl tag="--"/>
      <inflClass tag="--"/>
      <inflClass_gen tag="--"/>
    </tok_anno>
  </token>
  <token id="t21" trans="demo,,(" type="token">
    <tok_dipl id="t21_d1" trans="demo" utf="demo"/>
    <tok_anno ascii="demo" id="t21_m1" trans="demo" utf="demo">
      <norm tag="deme"/>
      <lemma tag="dër"/>
      <lemma_gen tag="dër"/>
      <lemma_idmwb tag="29817000"/>
      <pos tag="DDART"/>
      <pos_gen tag="DD"/>
      <infl tag="Neut.Dat.Sg"/>
      <inflClass tag="--"/>
      <inflClass_gen tag="--"/>
    </tok_anno>
  </token>
  <token id="t22" trans="dic" type="token">
    <tok_dipl id="t22_d1" trans="dic" utf="dic"/>
    <tok_anno ascii="dic" id="t22_m1" trans="dic" utf="dic">
      <norm tag="--"/>
      <lemma tag="dicere"/>
      <lemma_gen tag="dicere"/>
      <lemma_idmwb tag="--"/>
      <pos tag="VVIMP"/>
      <pos_gen tag="FM"/>
      <infl tag="Sg.2"/>
      <inflClass tag="v"/>
      <inflClass_gen tag="v"/>
    </tok_anno>
  </token>
  <token id="t23" trans="colore\-,,)" type="token">
    <tok_dipl id="t23_d1" trans="colore\-" utf="colorē"/>
    <tok_anno ascii="coloren" id="t23_m1" trans="colore\-" utf="colorē">
      <norm tag="--"/>
      <lemma tag="color"/>
      <lemma_gen tag="color"/>
      <lemma_idmwb tag="--"/>
      <pos tag="NA"/>
      <pos_gen tag="FM"/>
      <infl tag="Akk.Sg"/>
      <inflClass tag="Masc"/>
      <inflClass_gen tag="Masc"/>
    </tok_anno>
  </token>
  <token id="t24" trans="fiehe" type="token">
    <tok_dipl id="t24_d1" trans="fiehe" utf="fiehe"/>
    <tok_anno ascii="fiehe" id="t24_m1" trans="fiehe" utf="fiehe">
      <norm tag="vihe"/>
      <lemma tag="vihe"/>
      <lemma_gen tag="vihe"/>
      <lemma_idmwb tag="208776000"/>
      <pos tag="NA"/>
      <pos_gen tag="NA"/>
      <infl tag="Dat.Sg"/>
      <inflClass tag="st.Neut"/>
      <inflClass_gen tag="st.Neut"/>
    </tok_anno>
  </token>
  <token id="t25" trans="die" type="token">
    <tok_dipl id="t25_d1" trans="die" utf="die"/>
    <tok_anno ascii="die" id="t25_m1" trans="die" utf="die">
      <norm tag="die"/>
      <lemma tag="dër"/>
      <lemma_gen tag="dër"/>
      <lemma_idmwb tag="29817000"/>
      <pos tag="DDART"/>
      <pos_gen tag="DD"/>
      <infl tag="Masc.Nom.Pl"/>
      <inflClass tag="--"/>
      <inflClass_gen tag="--"/>
    </tok_anno>
  </token>
  <token id="t26" trans="wurme" type="token">
    <tok_dipl id="t26_d1" trans="wurme" utf="wurme"/>
    <tok_anno ascii="wurme" id="t26_m1" trans="wurme" utf="wurme">
      <norm tag="würme"/>
      <lemma tag="wurm"/>
      <lemma_gen tag="wurm"/>
      <lemma_idmwb tag="234870000"/>
      <pos tag="NA"/>
      <pos_gen tag="NA"/>
      <infl tag="Nom.Pl"/>
      <inflClass tag="stu.Masc"/>
      <inflClass_gen tag="stu.Masc"/>
    </tok_anno>
  </token>
  <token id="t27" trans="uz*1||$in*2(.)" type="token">
    <tok_dipl id="t27_d1" trans="uz$in" utf="uzſin"/>
    <tok_anno ascii="uz" id="t27_m1" trans="uz*1|" utf="uz">
      <norm tag="ûz"/>
      <token_type tag="MS1"/>
      <lemma tag="ûz/&gt;+sîn"/>
      <lemma_gen tag="ûz"/>
      <lemma_idmwb tag="194769000"/>
      <pos tag="PTKVZ"/>
      <pos_gen tag="PTK"/>
      <infl tag="--"/>
      <inflClass tag="--"/>
      <inflClass_gen tag="--"/>
      <link target="t27_m2" type="vptk"/>
    </tok_anno>
    <tok_anno ascii="sin" id="t27_m2" trans="|$in*2" utf="ſin">
      <norm tag="sîn"/>
      <token_type tag="MS2"/>
      <lemma tag="sîn/ûz&gt;+"/>
      <lemma_gen tag="sîn"/>
      <lemma_idmwb tag="150147000"/>
      <pos tag="VAFIN"/>
      <pos_gen tag="VA"/>
      <infl tag="Subj.Pres.Pl.3"/>
      <inflClass tag="irr"/>
      <inflClass_gen tag="irr"/>
      <punc tag="DE"/>
      <link target="t27_m1" type="vptk"/>
    </tok_anno>
  </token>
  <comment type="K">/K[uzſin: am Rand nachgetr. mit (?) Trennzeichen]</comment>
</text>
