<?xml version='1.0' encoding='UTF-8'?>
<!DOCTYPE text SYSTEM "cora-xml.dtd">
<text id="M057">
  <header>
    <text>De spiritu sancto</text>
    <abbr_ddd>-</abbr_ddd>
    <abbr_mwb>-</abbr_mwb>
    <topic>Religion, Poesie</topic>
    <text-type>-</text-type>
    <genre>V</genre>
    <reference>Hs.: Blatt (r/v), Zeile</reference>
    <reference-secondary>-</reference-secondary>
    <library>Wiesbaden, Hauptstaatsarchiv</library>
    <library-shelfmark>Abt. 3004 Nr. C 8</library-shelfmark>
    <online>http://www.handschriftencensus.de/3688</online>
    <medium>Handschrift</medium>
    <extent>135v</extent>
    <extract>-</extract>
    <language>mhd</language>
    <language-type>mitteldeutsch</language-type>
    <language-region>westmitteldeutsch</language-region>
    <language-area>rheinfränkisch</language-area>
    <place>Arnstein oder Beselich</place>
    <time>12,2</time>
    <notes-manuscript>als Satzzeichen Punkt, gegen Ende auch häufiger Strichpunkt am Versende</notes-manuscript>
    <date>-</date>
    <text-place>-</text-place>
    <text-author>-</text-author>
    <text-language>-</text-language>
    <text-source>-</text-source>
    <edition>Friedrich Maurer (Hg.), Die religiösen Dichtungen des 11. und 12. Jahrhunderts, Bd. I, Tübingen 1964, S. 433-452.</edition>
    <corpus>ReM I</corpus>
    <notes-transcription>-</notes-transcription>
    <notes-annotation>-</notes-annotation>
    <digitization_by>Bochum</digitization_by>
    <collation_by>Bochum</collation_by>
    <pre_editing_by>Bochum</pre_editing_by>
    <annotation_by>Bochum</annotation_by>
    <proofreading_by>Bochum</proofreading_by>
  </header>
  <layoutinfo>
    <page id="p1" no="135" range="c1" side="v"/>
    <column id="c1" range="l1..l15"/>
    <line id="l1" name="1" range="t1_d1..t10_d1" loc="135va,1"/>
    <line id="l2" name="2" range="t11_d1..t19_d1" loc="135va,2"/>
    <line id="l3" name="3" range="t20_d1..t26_d1" loc="135va,3"/>
    <line id="l4" name="4" range="t27_d1..t33_d1" loc="135va,4"/>
    <line id="l5" name="5" range="t34_d1..t39_d1" loc="135va,5"/>
    <line id="l6" name="6" range="t40_d1..t44_d1" loc="135va,6"/>
    <line id="l7" name="7" range="t45_d1..t49_d1" loc="135va,7"/>
    <line id="l8" name="8" range="t50_d1" loc="135va,8"/>
    <line id="l9" name="9" range="t51_d1..t53_d1" loc="135va,9"/>
    <line id="l10" name="10" range="t54_d1" loc="135va,10"/>
    <line id="l11" name="11" range="t55_d1..t58_d1" loc="135va,11"/>
    <line id="l12" name="12" range="t59_d1..t63_d1" loc="135va,12"/>
    <line id="l13" name="13" range="t64_d1" loc="135va,13"/>
    <line id="l14" name="14" range="t65_d1..t68_d1" loc="135va,14"/>
    <line id="l15" name="15" range="t69_d1..t76_d1" loc="135va,15"/>
  </layoutinfo>
  <shifttags/>
  <token id="t1" trans="..." type="token">
    <tok_dipl id="t1_d1" trans="..." utf="..."/>
    <tok_anno ascii="..." id="t1_m1" trans="..." utf="...">
      <norm tag="--"/>
      <lemma tag="[!]"/>
      <lemma_gen tag="[!]"/>
      <lemma_idmwb tag="--"/>
      <pos tag="--"/>
      <pos_gen tag="--"/>
      <infl tag="--"/>
      <inflClass tag="--"/>
      <inflClass_gen tag="--"/>
    </tok_anno>
  </token>
  <token id="t2" trans="lof,," type="token">
    <tok_dipl id="t2_d1" trans="lof" utf="lof"/>
    <tok_anno ascii="lof" id="t2_m1" trans="lof" utf="lof">
      <norm tag="lop"/>
      <lemma tag="lob"/>
      <lemma_gen tag="lob"/>
      <lemma_idmwb tag="104748000"/>
      <pos tag="NA"/>
      <pos_gen tag="NA"/>
      <infl tag="Nom.Sg"/>
      <inflClass tag="st.Masc"/>
      <inflClass_gen tag="st.Masc,Neut"/>
      <punc tag="S*"/>
    </tok_anno>
  </token>
  <token id="t3" trans="der" type="token">
    <tok_dipl id="t3_d1" trans="der" utf="der"/>
    <tok_anno ascii="der" id="t3_m1" trans="der" utf="der">
      <norm tag="der"/>
      <lemma tag="dër"/>
      <lemma_gen tag="dër"/>
      <lemma_idmwb tag="29823000"/>
      <pos tag="DDS"/>
      <pos_gen tag="DD"/>
      <infl tag="Masc.Nom.Sg"/>
      <inflClass tag="--"/>
      <inflClass_gen tag="--"/>
    </tok_anno>
  </token>
  <token id="t4" trans="i$" type="token">
    <tok_dipl id="t4_d1" trans="i$" utf="iſ"/>
    <tok_anno ascii="is" id="t4_m1" trans="i$" utf="iſ">
      <norm tag="is"/>
      <lemma tag="sîn"/>
      <lemma_gen tag="sîn"/>
      <lemma_idmwb tag="150147000"/>
      <pos tag="VAFIN"/>
      <pos_gen tag="VA"/>
      <infl tag="Ind.Pres.Sg.3"/>
      <inflClass tag="irr"/>
      <inflClass_gen tag="irr"/>
    </tok_anno>
  </token>
  <token id="t5" trans="al$e" type="token">
    <tok_dipl id="t5_d1" trans="al$e" utf="alſe"/>
    <tok_anno ascii="alse" id="t5_m1" trans="al$e" utf="alſe">
      <norm tag="alse"/>
      <lemma tag="all-sô"/>
      <lemma_gen tag="all-sô"/>
      <lemma_idmwb tag="4629000"/>
      <pos tag="AVD"/>
      <pos_gen tag="AVD-KO"/>
      <infl tag="--"/>
      <inflClass tag="--"/>
      <inflClass_gen tag="--"/>
    </tok_anno>
  </token>
  <token id="t6" trans="$u\oze,," type="token">
    <tok_dipl id="t6_d1" trans="$u\oze" utf="ſuͦze"/>
    <tok_anno ascii="suoze" id="t6_m1" trans="$u\oze" utf="ſuͦze">
      <norm tag="süeze"/>
      <lemma tag="süèze"/>
      <lemma_gen tag="süèze"/>
      <lemma_idmwb tag="162381000"/>
      <pos tag="ADJD"/>
      <pos_gen tag="ADJ"/>
      <infl tag="Pos....0"/>
      <inflClass tag="--"/>
      <inflClass_gen tag="--"/>
      <punc tag="S*"/>
    </tok_anno>
  </token>
  <token id="t7" trans="." type="punc">
    <tok_dipl id="t7_d1" trans="." utf="."/>
    <tok_anno ascii="." id="t7_m1" trans="." utf=".">
      <pos tag="$_"/>
      <pos_gen tag="$_"/>
    </tok_anno>
  </token>
  <token id="t8" trans="der" type="token">
    <tok_dipl id="t8_d1" trans="der" utf="der"/>
    <tok_anno ascii="der" id="t8_m1" trans="der" utf="der">
      <norm tag="der"/>
      <lemma tag="dër"/>
      <lemma_gen tag="dër"/>
      <lemma_idmwb tag="29823000"/>
      <pos tag="DDS"/>
      <pos_gen tag="DD"/>
      <infl tag="Masc.Nom.Sg"/>
      <inflClass tag="--"/>
      <inflClass_gen tag="--"/>
    </tok_anno>
  </token>
  <token id="t9" trans="gefrowet" type="token">
    <tok_dipl id="t9_d1" trans="gefrowet" utf="gefrowet"/>
    <tok_anno ascii="gefrowet" id="t9_m1" trans="gefrowet" utf="gefrowet">
      <norm tag="gevröuwet"/>
      <lemma tag="ge-vröuwen"/>
      <lemma_gen tag="ge-vröuwen"/>
      <lemma_idmwb tag="59424000"/>
      <pos tag="VVFIN"/>
      <pos_gen tag="VV"/>
      <infl tag="Ind.Pres.Sg.3"/>
      <inflClass tag="wk"/>
      <inflClass_gen tag="wk"/>
    </tok_anno>
  </token>
  <token id="t10" trans="al" type="token">
    <tok_dipl id="t10_d1" trans="al" utf="al"/>
    <tok_anno ascii="al" id="t10_m1" trans="al" utf="al">
      <norm tag="al"/>
      <lemma tag="al"/>
      <lemma_gen tag="al"/>
      <lemma_idmwb tag="3540000"/>
      <pos tag="AVD"/>
      <pos_gen tag="AVD-KO"/>
      <infl tag="--"/>
      <inflClass tag="--"/>
      <inflClass_gen tag="--"/>
    </tok_anno>
  </token>
  <token id="t11" trans="min" type="token">
    <tok_dipl id="t11_d1" trans="min" utf="min"/>
    <tok_anno ascii="min" id="t11_m1" trans="min" utf="min">
      <norm tag="mîn"/>
      <lemma tag="mîn"/>
      <lemma_gen tag="mîn"/>
      <lemma_idmwb tag="112026000"/>
      <pos tag="DPOSA"/>
      <pos_gen tag="DPOS"/>
      <infl tag="Neut.Akk.Sg.0"/>
      <inflClass tag="--"/>
      <inflClass_gen tag="--"/>
    </tok_anno>
  </token>
  <token id="t12" trans="herce(.)" type="token">
    <tok_dipl id="t12_d1" trans="herce" utf="herce"/>
    <tok_anno ascii="herce" id="t12_m1" trans="herce" utf="herce">
      <norm tag="herze"/>
      <lemma tag="hërze"/>
      <lemma_gen tag="hërze"/>
      <lemma_idmwb tag="73221000"/>
      <pos tag="NA"/>
      <pos_gen tag="NA"/>
      <infl tag="Akk.Sg"/>
      <inflClass tag="wk.Neut"/>
      <inflClass_gen tag="wk.Neut"/>
      <punc tag="DE"/>
    </tok_anno>
  </token>
  <token id="t13" trans="." type="punc">
    <tok_dipl id="t13_d1" trans="." utf="."/>
    <tok_anno ascii="." id="t13_m1" trans="." utf=".">
      <pos tag="$_"/>
      <pos_gen tag="$_"/>
      <punc tag="$E"/>
    </tok_anno>
  </token>
  <token id="t14" trans="he" type="token">
    <tok_dipl id="t14_d1" trans="he" utf="he"/>
    <tok_anno ascii="he" id="t14_m1" trans="he" utf="he">
      <norm tag="hê"/>
      <lemma tag="ër"/>
      <lemma_gen tag="ër"/>
      <lemma_idmwb tag="40380000"/>
      <pos tag="PPER"/>
      <pos_gen tag="PPER"/>
      <infl tag="Masc.Nom.Sg.3"/>
      <inflClass tag="--"/>
      <inflClass_gen tag="--"/>
    </tok_anno>
  </token>
  <token id="t15" trans="getro$tet" type="token">
    <tok_dipl id="t15_d1" trans="getro$tet" utf="getroſtet"/>
    <tok_anno ascii="getrostet" id="t15_m1" trans="getro$tet" utf="getroſtet">
      <norm tag="getroestet"/>
      <lemma tag="ge-troèsten"/>
      <lemma_gen tag="ge-troèsten"/>
      <lemma_idmwb tag="58479000"/>
      <pos tag="VVFIN"/>
      <pos_gen tag="VV"/>
      <infl tag="Ind.Pres.Sg.3"/>
      <inflClass tag="wk"/>
      <inflClass_gen tag="wk"/>
    </tok_anno>
  </token>
  <token id="t16" trans="mig,," type="token">
    <tok_dipl id="t16_d1" trans="mig" utf="mig"/>
    <tok_anno ascii="mig" id="t16_m1" trans="mig" utf="mig">
      <norm tag="mich"/>
      <lemma tag="ich"/>
      <lemma_gen tag="ich"/>
      <lemma_idmwb tag="81210000"/>
      <pos tag="PPER"/>
      <pos_gen tag="PPER"/>
      <infl tag="Akk.Sg..f.1"/>
      <inflClass tag="--"/>
      <inflClass_gen tag="--"/>
      <punc tag="S*"/>
    </tok_anno>
  </token>
  <token id="t17" trans="." type="punc">
    <tok_dipl id="t17_d1" trans="." utf="."/>
    <tok_anno ascii="." id="t17_m1" trans="." utf=".">
      <pos tag="$_"/>
      <pos_gen tag="$_"/>
    </tok_anno>
  </token>
  <token id="t18" trans="he" type="token">
    <tok_dipl id="t18_d1" trans="he" utf="he"/>
    <tok_anno ascii="he" id="t18_m1" trans="he" utf="he">
      <norm tag="hê"/>
      <lemma tag="ër"/>
      <lemma_gen tag="ër"/>
      <lemma_idmwb tag="40380000"/>
      <pos tag="PPER"/>
      <pos_gen tag="PPER"/>
      <infl tag="Masc.Nom.Sg.3"/>
      <inflClass tag="--"/>
      <inflClass_gen tag="--"/>
    </tok_anno>
  </token>
  <token id="t19" trans="ge$terket" type="token">
    <tok_dipl id="t19_d1" trans="ge$terket" utf="geſterket"/>
    <tok_anno ascii="gesterket" id="t19_m1" trans="ge$terket" utf="geſterket">
      <norm tag="gesterket"/>
      <lemma tag="ge-stèrken"/>
      <lemma_gen tag="ge-stèrken"/>
      <lemma_idmwb tag="57417000"/>
      <pos tag="VVFIN"/>
      <pos_gen tag="VV"/>
      <infl tag="Ind.Pres.Sg.3"/>
      <inflClass tag="wk"/>
      <inflClass_gen tag="wk"/>
    </tok_anno>
  </token>
  <token id="t20" trans="mich(.)" type="token">
    <tok_dipl id="t20_d1" trans="mich" utf="mich"/>
    <tok_anno ascii="mich" id="t20_m1" trans="mich" utf="mich">
      <norm tag="mich"/>
      <lemma tag="ich"/>
      <lemma_gen tag="ich"/>
      <lemma_idmwb tag="81210000"/>
      <pos tag="PPER"/>
      <pos_gen tag="PPER"/>
      <infl tag="Akk.Sg.1"/>
      <inflClass tag="--"/>
      <inflClass_gen tag="--"/>
      <punc tag="DE"/>
    </tok_anno>
  </token>
  <token id="t21" trans="din" type="token">
    <tok_dipl id="t21_d1" trans="din" utf="din"/>
    <tok_anno ascii="din" id="t21_m1" trans="din" utf="din">
      <norm tag="dîn"/>
      <lemma tag="dîn"/>
      <lemma_gen tag="dîn"/>
      <lemma_idmwb tag="30567000"/>
      <pos tag="DPOSA"/>
      <pos_gen tag="DPOS"/>
      <infl tag="Masc.Nom.Sg.0"/>
      <inflClass tag="--"/>
      <inflClass_gen tag="--"/>
    </tok_anno>
  </token>
  <token id="t22" trans="lof,," type="token">
    <tok_dipl id="t22_d1" trans="lof" utf="lof"/>
    <tok_anno ascii="lof" id="t22_m1" trans="lof" utf="lof">
      <norm tag="lop"/>
      <lemma tag="lob"/>
      <lemma_gen tag="lob"/>
      <lemma_idmwb tag="104748000"/>
      <pos tag="NA"/>
      <pos_gen tag="NA"/>
      <infl tag="Nom.Sg"/>
      <inflClass tag="st.Masc"/>
      <inflClass_gen tag="st.Masc,Neut"/>
      <punc tag="S*"/>
    </tok_anno>
  </token>
  <token id="t23" trans="der" type="token">
    <tok_dipl id="t23_d1" trans="der" utf="der"/>
    <tok_anno ascii="der" id="t23_m1" trans="der" utf="der">
      <norm tag="der"/>
      <lemma tag="dër"/>
      <lemma_gen tag="dër"/>
      <lemma_idmwb tag="29823000"/>
      <pos tag="DDS"/>
      <pos_gen tag="DD"/>
      <infl tag="Masc.Nom.Sg"/>
      <inflClass tag="--"/>
      <inflClass_gen tag="--"/>
    </tok_anno>
  </token>
  <token id="t24" trans="i$" type="token">
    <tok_dipl id="t24_d1" trans="i$" utf="iſ"/>
    <tok_anno ascii="is" id="t24_m1" trans="i$" utf="iſ">
      <norm tag="is"/>
      <lemma tag="sîn"/>
      <lemma_gen tag="sîn"/>
      <lemma_idmwb tag="150147000"/>
      <pos tag="VAFIN"/>
      <pos_gen tag="VA"/>
      <infl tag="Ind.Pres.Sg.3"/>
      <inflClass tag="irr"/>
      <inflClass_gen tag="irr"/>
    </tok_anno>
  </token>
  <token id="t25" trans="eweclih,," type="token">
    <tok_dipl id="t25_d1" trans="eweclih" utf="eweclih"/>
    <tok_anno ascii="eweclih" id="t25_m1" trans="eweclih" utf="eweclih">
      <norm tag="êwiclich"/>
      <lemma tag="êwig-lich"/>
      <lemma_gen tag="êwig-lich"/>
      <lemma_idmwb tag="45885000"/>
      <pos tag="ADJD"/>
      <pos_gen tag="ADJ"/>
      <infl tag="Pos....0"/>
      <inflClass tag="--"/>
      <inflClass_gen tag="--"/>
      <punc tag="S*"/>
    </tok_anno>
  </token>
  <token id="t26" trans="gelich" type="token">
    <tok_dipl id="t26_d1" trans="gelich" utf="gelich"/>
    <tok_anno ascii="gelich" id="t26_m1" trans="gelich" utf="gelich">
      <norm tag="gelîche"/>
      <lemma tag="ge-lîche"/>
      <lemma_gen tag="ge-lîche"/>
      <lemma_idmwb tag="51693000"/>
      <pos tag="AVD"/>
      <pos_gen tag="AVD"/>
      <infl tag="--"/>
      <inflClass tag="--"/>
      <inflClass_gen tag="--"/>
    </tok_anno>
  </token>
  <token id="t27" trans="dem" type="token">
    <tok_dipl id="t27_d1" trans="dem" utf="dem"/>
    <tok_anno ascii="dem" id="t27_m1" trans="dem" utf="dem">
      <norm tag="dem"/>
      <lemma tag="dër"/>
      <lemma_gen tag="dër"/>
      <lemma_idmwb tag="29817000"/>
      <pos tag="DDART"/>
      <pos_gen tag="DD"/>
      <infl tag="Masc.Dat.Sg"/>
      <inflClass tag="--"/>
      <inflClass_gen tag="--"/>
    </tok_anno>
  </token>
  <token id="t28" trans="brunnen,," type="token">
    <tok_dipl id="t28_d1" trans="brunnen" utf="brunnen"/>
    <tok_anno ascii="brunnen" id="t28_m1" trans="brunnen" utf="brunnen">
      <norm tag="brunnen"/>
      <lemma tag="brunne"/>
      <lemma_gen tag="brunne"/>
      <lemma_idmwb tag="26025000"/>
      <pos tag="NA"/>
      <pos_gen tag="NA"/>
      <infl tag="Dat.Sg"/>
      <inflClass tag="*.Masc"/>
      <inflClass_gen tag="*.Masc"/>
      <punc tag="S*"/>
    </tok_anno>
  </token>
  <token id="t29" trans="." type="punc">
    <tok_dipl id="t29_d1" trans="." utf="."/>
    <tok_anno ascii="." id="t29_m1" trans="." utf=".">
      <pos tag="$_"/>
      <pos_gen tag="$_"/>
    </tok_anno>
  </token>
  <token id="t30" trans="der" type="token">
    <tok_dipl id="t30_d1" trans="der" utf="der"/>
    <tok_anno ascii="der" id="t30_m1" trans="der" utf="der">
      <norm tag="der"/>
      <lemma tag="dër"/>
      <lemma_gen tag="dër"/>
      <lemma_idmwb tag="29823000"/>
      <pos tag="DRELS"/>
      <pos_gen tag="DD"/>
      <infl tag="Masc.Nom.Sg"/>
      <inflClass tag="--"/>
      <inflClass_gen tag="--"/>
    </tok_anno>
  </token>
  <token id="t31" trans="iemer" type="token">
    <tok_dipl id="t31_d1" trans="iemer" utf="iemer"/>
    <tok_anno ascii="iemer" id="t31_m1" trans="iemer" utf="iemer">
      <norm tag="iemer"/>
      <lemma tag="ièmer"/>
      <lemma_gen tag="ièmer"/>
      <lemma_idmwb tag="81339000"/>
      <pos tag="AVD"/>
      <pos_gen tag="AVD"/>
      <infl tag="--"/>
      <inflClass tag="--"/>
      <inflClass_gen tag="--"/>
    </tok_anno>
  </token>
  <token id="t32" trans="fluzet,," type="token">
    <tok_dipl id="t32_d1" trans="fluzet" utf="fluzet"/>
    <tok_anno ascii="fluzet" id="t32_m1" trans="fluzet" utf="fluzet">
      <norm tag="vliuzet"/>
      <lemma tag="vlièzen"/>
      <lemma_gen tag="vlièzen"/>
      <lemma_idmwb tag="211302000"/>
      <pos tag="VVFIN"/>
      <pos_gen tag="VV"/>
      <infl tag="Ind.Pres.Sg.3"/>
      <inflClass tag="st2b"/>
      <inflClass_gen tag="st2b"/>
      <punc tag="S*"/>
    </tok_anno>
  </token>
  <token id="t33" trans="gelich" type="token">
    <tok_dipl id="t33_d1" trans="gelich" utf="gelich"/>
    <tok_anno ascii="gelich" id="t33_m1" trans="gelich" utf="gelich">
      <norm tag="gelîche"/>
      <lemma tag="ge-lîche"/>
      <lemma_gen tag="ge-lîche"/>
      <lemma_idmwb tag="51693000"/>
      <pos tag="AVD"/>
      <pos_gen tag="AVD"/>
      <infl tag="--"/>
      <inflClass tag="--"/>
      <inflClass_gen tag="--"/>
    </tok_anno>
  </token>
  <token id="t34" trans="deme" type="token">
    <tok_dipl id="t34_d1" trans="deme" utf="deme"/>
    <tok_anno ascii="deme" id="t34_m1" trans="deme" utf="deme">
      <norm tag="deme"/>
      <lemma tag="dër"/>
      <lemma_gen tag="dër"/>
      <lemma_idmwb tag="29817000"/>
      <pos tag="DDART"/>
      <pos_gen tag="DD"/>
      <infl tag="Neut.Dat.Sg"/>
      <inflClass tag="--"/>
      <inflClass_gen tag="--"/>
    </tok_anno>
  </token>
  <token id="t35" trans="krude,," type="token">
    <tok_dipl id="t35_d1" trans="krude" utf="krude"/>
    <tok_anno ascii="krude" id="t35_m1" trans="krude" utf="krude">
      <norm tag="krûte"/>
      <lemma tag="krût"/>
      <lemma_gen tag="krût"/>
      <lemma_idmwb tag="96483000"/>
      <pos tag="NA"/>
      <pos_gen tag="NA"/>
      <infl tag="Dat.Sg"/>
      <inflClass tag="st.Neut"/>
      <inflClass_gen tag="st.Neut"/>
      <punc tag="S*"/>
    </tok_anno>
  </token>
  <token id="t36" trans="daz" type="token">
    <tok_dipl id="t36_d1" trans="daz" utf="daz"/>
    <tok_anno ascii="daz" id="t36_m1" trans="daz" utf="daz">
      <norm tag="daz"/>
      <lemma tag="dër"/>
      <lemma_gen tag="dër"/>
      <lemma_idmwb tag="29823000"/>
      <pos tag="DRELS"/>
      <pos_gen tag="DD"/>
      <infl tag="Neut.Nom.Sg"/>
      <inflClass tag="--"/>
      <inflClass_gen tag="--"/>
    </tok_anno>
  </token>
  <token id="t37" trans="iemer" type="token">
    <tok_dipl id="t37_d1" trans="iemer" utf="iemer"/>
    <tok_anno ascii="iemer" id="t37_m1" trans="iemer" utf="iemer">
      <norm tag="iemer"/>
      <lemma tag="ièmer"/>
      <lemma_gen tag="ièmer"/>
      <lemma_idmwb tag="81339000"/>
      <pos tag="AVD"/>
      <pos_gen tag="AVD"/>
      <infl tag="--"/>
      <inflClass tag="--"/>
      <inflClass_gen tag="--"/>
    </tok_anno>
  </token>
  <token id="t38" trans="gru\onet(.)" type="token">
    <tok_dipl id="t38_d1" trans="gru\onet" utf="gruͦnet"/>
    <tok_anno ascii="gruonet" id="t38_m1" trans="gru\onet" utf="gruͦnet">
      <norm tag="gruonet"/>
      <lemma tag="gruonen"/>
      <lemma_gen tag="gruonen"/>
      <lemma_idmwb tag="65946000"/>
      <pos tag="VVFIN"/>
      <pos_gen tag="VV"/>
      <infl tag="Ind.Pres.Sg.3"/>
      <inflClass tag="wk"/>
      <inflClass_gen tag="wk"/>
      <punc tag="DE"/>
    </tok_anno>
  </token>
  <token id="t39" trans="*(B*)e(=)nedictu$" type="token">
    <tok_dipl id="t39_d1" trans="*(B*)enedictu$" utf="Benedictuſ"/>
    <tok_anno ascii="Benedictus" id="t39_m1" trans="*(B*)e(=)nedictu$" utf="Benedictuſ">
      <norm tag="--"/>
      <token_type tag="UL"/>
      <lemma tag="[!]"/>
      <lemma_gen tag="[!]"/>
      <lemma_idmwb tag="--"/>
      <pos tag="FM"/>
      <pos_gen tag="FM"/>
      <infl tag="--"/>
      <inflClass tag="--"/>
      <inflClass_gen tag="--"/>
    </tok_anno>
  </token>
  <comment type="K">/L[+]</comment>
  <token id="t40" trans="fructu$" type="token">
    <tok_dipl id="t40_d1" trans="fructu$" utf="fructuſ"/>
    <tok_anno ascii="fructus" id="t40_m1" trans="fructu$" utf="fructuſ">
      <norm tag="--"/>
      <lemma tag="[!]"/>
      <lemma_gen tag="[!]"/>
      <lemma_idmwb tag="--"/>
      <pos tag="FM"/>
      <pos_gen tag="FM"/>
      <infl tag="--"/>
      <inflClass tag="--"/>
      <inflClass_gen tag="--"/>
    </tok_anno>
  </token>
  <token id="t41" trans="uentri$" type="token">
    <tok_dipl id="t41_d1" trans="uentri$" utf="uentriſ"/>
    <tok_anno ascii="uentris" id="t41_m1" trans="uentri$" utf="uentriſ">
      <norm tag="--"/>
      <lemma tag="[!]"/>
      <lemma_gen tag="[!]"/>
      <lemma_idmwb tag="--"/>
      <pos tag="FM"/>
      <pos_gen tag="FM"/>
      <infl tag="--"/>
      <inflClass tag="--"/>
      <inflClass_gen tag="--"/>
    </tok_anno>
  </token>
  <token id="t42" trans="tui(.)" type="token">
    <tok_dipl id="t42_d1" trans="tui" utf="tui"/>
    <tok_anno ascii="tui" id="t42_m1" trans="tui" utf="tui">
      <norm tag="--"/>
      <lemma tag="[!]"/>
      <lemma_gen tag="[!]"/>
      <lemma_idmwb tag="--"/>
      <pos tag="FM"/>
      <pos_gen tag="FM"/>
      <infl tag="--"/>
      <inflClass tag="--"/>
      <inflClass_gen tag="--"/>
      <punc tag="DE"/>
    </tok_anno>
  </token>
  <comment type="K">/L[@]</comment>
  <token id="t43" trans="." type="punc">
    <tok_dipl id="t43_d1" trans="." utf="."/>
    <tok_anno ascii="." id="t43_m1" trans="." utf=".">
      <pos tag="$_"/>
      <pos_gen tag="$_"/>
      <punc tag="$E"/>
    </tok_anno>
  </token>
  <token id="t44" trans="gelovet" type="token">
    <tok_dipl id="t44_d1" trans="gelovet" utf="gelovet"/>
    <tok_anno ascii="gelovet" id="t44_m1" trans="gelovet" utf="gelovet">
      <norm tag="gelobet"/>
      <lemma tag="loben"/>
      <lemma_gen tag="loben"/>
      <lemma_idmwb tag="104421000"/>
      <pos tag="VVPP"/>
      <pos_gen tag="VV"/>
      <infl tag="--"/>
      <inflClass tag="wk"/>
      <inflClass_gen tag="wk"/>
    </tok_anno>
  </token>
  <token id="t45" trans="un$e" type="token">
    <tok_dipl id="t45_d1" trans="un$e" utf="unſe"/>
    <tok_anno ascii="unse" id="t45_m1" trans="un$e" utf="unſe">
      <norm tag="unse"/>
      <lemma tag="unser"/>
      <lemma_gen tag="unser"/>
      <lemma_idmwb tag="190590000"/>
      <pos tag="DPOSA"/>
      <pos_gen tag="DPOS"/>
      <infl tag="Masc.Nom.Sg.0"/>
      <inflClass tag="--"/>
      <inflClass_gen tag="--"/>
    </tok_anno>
  </token>
  <token id="t46" trans="here" type="token">
    <tok_dipl id="t46_d1" trans="here" utf="here"/>
    <tok_anno ascii="here" id="t46_m1" trans="here" utf="here">
      <norm tag="hêrre"/>
      <lemma tag="hêrre"/>
      <lemma_gen tag="hêrre"/>
      <lemma_idmwb tag="72543000"/>
      <pos tag="NA"/>
      <pos_gen tag="NA"/>
      <infl tag="Nom.Sg"/>
      <inflClass tag="*.Masc"/>
      <inflClass_gen tag="*.Masc"/>
    </tok_anno>
  </token>
  <token id="t47" trans="$i" type="token">
    <tok_dipl id="t47_d1" trans="$i" utf="ſi"/>
    <tok_anno ascii="si" id="t47_m1" trans="$i" utf="ſi">
      <norm tag="sî"/>
      <lemma tag="sîn"/>
      <lemma_gen tag="sîn"/>
      <lemma_idmwb tag="150147000"/>
      <pos tag="VAFIN"/>
      <pos_gen tag="VA"/>
      <infl tag="Subj.Pres.Sg.3"/>
      <inflClass tag="irr"/>
      <inflClass_gen tag="irr"/>
    </tok_anno>
  </token>
  <token id="t48" trans="......(=)den" type="token">
    <tok_dipl id="t48_d1" trans="......den" utf="......den"/>
    <tok_anno ascii="......den" id="t48_m1" trans="......(=)den" utf="......den">
      <norm tag="--"/>
      <token_type tag="UL"/>
      <lemma tag="[!]"/>
      <lemma_gen tag="[!]"/>
      <lemma_idmwb tag="--"/>
      <pos tag="--"/>
      <pos_gen tag="--"/>
      <infl tag="--"/>
      <inflClass tag="--"/>
      <inflClass_gen tag="--"/>
    </tok_anno>
  </token>
  <token id="t49" trans="." type="punc">
    <tok_dipl id="t49_d1" trans="." utf="."/>
    <tok_anno ascii="." id="t49_m1" trans="." utf=".">
      <pos tag="$_"/>
      <pos_gen tag="$_"/>
    </tok_anno>
  </token>
  <token id="t50" trans="..." type="token">
    <tok_dipl id="t50_d1" trans="..." utf="..."/>
    <tok_anno ascii="..." id="t50_m1" trans="..." utf="...">
      <norm tag="--"/>
      <lemma tag="[!]"/>
      <lemma_gen tag="[!]"/>
      <lemma_idmwb tag="--"/>
      <pos tag="--"/>
      <pos_gen tag="--"/>
      <infl tag="--"/>
      <inflClass tag="--"/>
      <inflClass_gen tag="--"/>
    </tok_anno>
  </token>
  <token id="t51" trans=".........." type="token">
    <tok_dipl id="t51_d1" trans=".........." utf=".........."/>
    <tok_anno ascii=".........." id="t51_m1" trans=".........." utf="..........">
      <norm tag="--"/>
      <lemma tag="[!]"/>
      <lemma_gen tag="[!]"/>
      <lemma_idmwb tag="--"/>
      <pos tag="--"/>
      <pos_gen tag="--"/>
      <infl tag="--"/>
      <inflClass tag="--"/>
      <inflClass_gen tag="--"/>
    </tok_anno>
  </token>
  <token id="t52" trans="$ange" type="token">
    <tok_dipl id="t52_d1" trans="$ange" utf="ſange"/>
    <tok_anno ascii="sange" id="t52_m1" trans="$ange" utf="ſange">
      <norm tag="sange"/>
      <lemma tag="sang"/>
      <lemma_gen tag="sang"/>
      <lemma_idmwb tag="140016000"/>
      <pos tag="NA"/>
      <pos_gen tag="NA"/>
      <infl tag="Dat.Sg"/>
      <inflClass tag="st.Masc,Neut"/>
      <inflClass_gen tag="st.Masc,Neut"/>
    </tok_anno>
  </token>
  <token id="t53" trans="..." type="token">
    <tok_dipl id="t53_d1" trans="..." utf="..."/>
    <tok_anno ascii="..." id="t53_m1" trans="..." utf="...">
      <norm tag="--"/>
      <lemma tag="[!]"/>
      <lemma_gen tag="[!]"/>
      <lemma_idmwb tag="--"/>
      <pos tag="--"/>
      <pos_gen tag="--"/>
      <infl tag="--"/>
      <inflClass tag="--"/>
      <inflClass_gen tag="--"/>
    </tok_anno>
  </token>
  <token id="t54" trans="..." type="token">
    <tok_dipl id="t54_d1" trans="..." utf="..."/>
    <tok_anno ascii="..." id="t54_m1" trans="..." utf="...">
      <norm tag="--"/>
      <lemma tag="[!]"/>
      <lemma_gen tag="[!]"/>
      <lemma_idmwb tag="--"/>
      <pos tag="--"/>
      <pos_gen tag="--"/>
      <infl tag="--"/>
      <inflClass tag="--"/>
      <inflClass_gen tag="--"/>
    </tok_anno>
  </token>
  <token id="t55" trans="..............." type="token">
    <tok_dipl id="t55_d1" trans="..............." utf="..............."/>
    <tok_anno ascii="..............." id="t55_m1" trans="..............." utf="...............">
      <norm tag="--"/>
      <lemma tag="[!]"/>
      <lemma_gen tag="[!]"/>
      <lemma_idmwb tag="--"/>
      <pos tag="--"/>
      <pos_gen tag="--"/>
      <infl tag="--"/>
      <inflClass tag="--"/>
      <inflClass_gen tag="--"/>
    </tok_anno>
  </token>
  <token id="t56" trans="dienen" type="token">
    <tok_dipl id="t56_d1" trans="dienen" utf="dienen"/>
    <tok_anno ascii="dienen" id="t56_m1" trans="dienen" utf="dienen">
      <norm tag="dienen"/>
      <lemma tag="diènen"/>
      <lemma_gen tag="diènen"/>
      <lemma_idmwb tag="30186000"/>
      <pos tag="VVINF"/>
      <pos_gen tag="VV"/>
      <infl tag="--"/>
      <inflClass tag="wk"/>
      <inflClass_gen tag="wk"/>
    </tok_anno>
  </token>
  <token id="t57" trans="......bit" type="token">
    <tok_dipl id="t57_d1" trans="......bit" utf="......bit"/>
    <tok_anno ascii="......bit" id="t57_m1" trans="......bit" utf="......bit">
      <norm tag="--"/>
      <lemma tag="[!]"/>
      <lemma_gen tag="[!]"/>
      <lemma_idmwb tag="--"/>
      <pos tag="--"/>
      <pos_gen tag="--"/>
      <infl tag="--"/>
      <inflClass tag="--"/>
      <inflClass_gen tag="--"/>
    </tok_anno>
  </token>
  <token id="t58" trans="$inem" type="token">
    <tok_dipl id="t58_d1" trans="$inem" utf="ſinem"/>
    <tok_anno ascii="sinem" id="t58_m1" trans="$inem" utf="ſinem">
      <norm tag="sînem"/>
      <lemma tag="sîn"/>
      <lemma_gen tag="sîn"/>
      <lemma_idmwb tag="150153000"/>
      <pos tag="DPOSA"/>
      <pos_gen tag="DPOS"/>
      <infl tag="Masc.Dat.Sg.st"/>
      <inflClass tag="--"/>
      <inflClass_gen tag="--"/>
    </tok_anno>
  </token>
  <token id="t59" trans="..............................." type="token">
    <tok_dipl id="t59_d1" trans="..............................." utf="..............................."/>
    <tok_anno ascii="..............................." id="t59_m1" trans="..............................." utf="...............................">
      <norm tag="--"/>
      <lemma tag="[!]"/>
      <lemma_gen tag="[!]"/>
      <lemma_idmwb tag="--"/>
      <pos tag="--"/>
      <pos_gen tag="--"/>
      <infl tag="--"/>
      <inflClass tag="--"/>
      <inflClass_gen tag="--"/>
    </tok_anno>
  </token>
  <token id="t60" trans="*(I*)ch" type="token">
    <tok_dipl id="t60_d1" trans="*(I*)ch" utf="Ich"/>
    <tok_anno ascii="Ich" id="t60_m1" trans="*(I*)ch" utf="Ich">
      <norm tag="ich"/>
      <lemma tag="ich"/>
      <lemma_gen tag="ich"/>
      <lemma_idmwb tag="81210000"/>
      <pos tag="PPER"/>
      <pos_gen tag="PPER"/>
      <infl tag="Nom.Sg.1"/>
      <inflClass tag="--"/>
      <inflClass_gen tag="--"/>
    </tok_anno>
  </token>
  <token id="t61" trans="ge" type="token">
    <tok_dipl id="t61_d1" trans="ge" utf="ge"/>
    <tok_anno ascii="ge" id="t61_m1" trans="ge" utf="ge">
      <norm tag="--"/>
      <lemma tag="[!]"/>
      <lemma_gen tag="[!]"/>
      <lemma_idmwb tag="--"/>
      <pos tag="--"/>
      <pos_gen tag="--"/>
      <infl tag="--"/>
      <inflClass tag="--"/>
      <inflClass_gen tag="--"/>
    </tok_anno>
  </token>
  <token id="t62" trans=".." type="token">
    <tok_dipl id="t62_d1" trans=".." utf=".."/>
    <tok_anno ascii=".." id="t62_m1" trans=".." utf="..">
      <norm tag="--"/>
      <lemma tag="[!]"/>
      <lemma_gen tag="[!]"/>
      <lemma_idmwb tag="--"/>
      <pos tag="--"/>
      <pos_gen tag="--"/>
      <infl tag="--"/>
      <inflClass tag="--"/>
      <inflClass_gen tag="--"/>
    </tok_anno>
  </token>
  <token id="t63" trans="e" type="token">
    <tok_dipl id="t63_d1" trans="e" utf="e"/>
    <tok_anno ascii="e" id="t63_m1" trans="e" utf="e">
      <norm tag="êr"/>
      <lemma tag="êr"/>
      <lemma_gen tag="êr"/>
      <lemma_idmwb tag="40383000"/>
      <pos tag="AVD"/>
      <pos_gen tag="AVD-KO"/>
      <infl tag="--"/>
      <inflClass tag="--"/>
      <inflClass_gen tag="--"/>
    </tok_anno>
  </token>
  <token id="t64" trans="..." type="token">
    <tok_dipl id="t64_d1" trans="..." utf="..."/>
    <tok_anno ascii="..." id="t64_m1" trans="..." utf="...">
      <norm tag="--"/>
      <lemma tag="[!]"/>
      <lemma_gen tag="[!]"/>
      <lemma_idmwb tag="--"/>
      <pos tag="--"/>
      <pos_gen tag="--"/>
      <infl tag="--"/>
      <inflClass tag="--"/>
      <inflClass_gen tag="--"/>
    </tok_anno>
  </token>
  <token id="t65" trans="..............................." type="token">
    <tok_dipl id="t65_d1" trans="..............................." utf="..............................."/>
    <tok_anno ascii="..............................." id="t65_m1" trans="..............................." utf="...............................">
      <norm tag="--"/>
      <lemma tag="[!]"/>
      <lemma_gen tag="[!]"/>
      <lemma_idmwb tag="--"/>
      <pos tag="--"/>
      <pos_gen tag="--"/>
      <infl tag="--"/>
      <inflClass tag="--"/>
      <inflClass_gen tag="--"/>
    </tok_anno>
  </token>
  <token id="t66" trans="gelove" type="token">
    <tok_dipl id="t66_d1" trans="gelove" utf="gelove"/>
    <tok_anno ascii="gelove" id="t66_m1" trans="gelove" utf="gelove">
      <norm tag="geloube"/>
      <lemma tag="ge-louben"/>
      <lemma_gen tag="ge-louben"/>
      <lemma_idmwb tag="52251000"/>
      <pos tag="VVFIN"/>
      <pos_gen tag="VV"/>
      <infl tag="*.Pres.Sg.1"/>
      <inflClass tag="wk"/>
      <inflClass_gen tag="wk"/>
    </tok_anno>
  </token>
  <token id="t67" trans="ig" type="token">
    <tok_dipl id="t67_d1" trans="ig" utf="ig"/>
    <tok_anno ascii="ig" id="t67_m1" trans="ig" utf="ig">
      <norm tag="ich"/>
      <lemma tag="ich"/>
      <lemma_gen tag="ich"/>
      <lemma_idmwb tag="81210000"/>
      <pos tag="PPER"/>
      <pos_gen tag="PPER"/>
      <infl tag="Nom.Sg.1"/>
      <inflClass tag="--"/>
      <inflClass_gen tag="--"/>
    </tok_anno>
  </token>
  <token id="t68" trans="in" type="token">
    <tok_dipl id="t68_d1" trans="in" utf="in"/>
    <tok_anno ascii="in" id="t68_m1" trans="in" utf="in">
      <norm tag="in"/>
      <lemma tag="ër"/>
      <lemma_gen tag="ër"/>
      <lemma_idmwb tag="40380000"/>
      <pos tag="PPER"/>
      <pos_gen tag="PPER"/>
      <infl tag="Masc.Akk.Sg.3"/>
      <inflClass tag="--"/>
      <inflClass_gen tag="--"/>
    </tok_anno>
  </token>
  <token id="t69" trans="$o" type="token">
    <tok_dipl id="t69_d1" trans="$o" utf="ſo"/>
    <tok_anno ascii="so" id="t69_m1" trans="$o" utf="ſo">
      <norm tag="sô"/>
      <lemma tag="sô"/>
      <lemma_gen tag="sô"/>
      <lemma_idmwb tag="154164000"/>
      <pos tag="AVD"/>
      <pos_gen tag="AVD-KO"/>
      <infl tag="--"/>
      <inflClass tag="--"/>
      <inflClass_gen tag="--"/>
    </tok_anno>
  </token>
  <token id="t70" trans="m..................." type="token">
    <tok_dipl id="t70_d1" trans="m..................." utf="m..................."/>
    <tok_anno ascii="m..................." id="t70_m1" trans="m..................." utf="m...................">
      <norm tag="--"/>
      <lemma tag="[!]"/>
      <lemma_gen tag="[!]"/>
      <lemma_idmwb tag="--"/>
      <pos tag="--"/>
      <pos_gen tag="--"/>
      <infl tag="--"/>
      <inflClass tag="--"/>
      <inflClass_gen tag="--"/>
    </tok_anno>
  </token>
  <token id="t71" trans="$in" type="token">
    <tok_dipl id="t71_d1" trans="$in" utf="ſin"/>
    <tok_anno ascii="sin" id="t71_m1" trans="$in" utf="ſin">
      <norm tag="sîn"/>
      <lemma tag="sîn"/>
      <lemma_gen tag="sîn"/>
      <lemma_idmwb tag="150147000"/>
      <pos tag="VAINF"/>
      <pos_gen tag="VA"/>
      <infl tag="--"/>
      <inflClass tag="irr"/>
      <inflClass_gen tag="irr"/>
    </tok_anno>
  </token>
  <token id="t72" trans="...." type="token">
    <tok_dipl id="t72_d1" trans="...." utf="...."/>
    <tok_anno ascii="...." id="t72_m1" trans="...." utf="....">
      <norm tag="--"/>
      <lemma tag="[!]"/>
      <lemma_gen tag="[!]"/>
      <lemma_idmwb tag="--"/>
      <pos tag="--"/>
      <pos_gen tag="--"/>
      <infl tag="--"/>
      <inflClass tag="--"/>
      <inflClass_gen tag="--"/>
    </tok_anno>
  </token>
  <token id="t73" trans="De" type="token">
    <tok_dipl id="t73_d1" trans="De" utf="De"/>
    <tok_anno ascii="De" id="t73_m1" trans="De" utf="De">
      <norm tag="--"/>
      <lemma tag="[!]"/>
      <lemma_gen tag="[!]"/>
      <lemma_idmwb tag="--"/>
      <pos tag="FM"/>
      <pos_gen tag="FM"/>
      <infl tag="--"/>
      <inflClass tag="--"/>
      <inflClass_gen tag="--"/>
    </tok_anno>
  </token>
  <comment type="K">/L[+]</comment>
  <token id="t74" trans="$piritu" type="token">
    <tok_dipl id="t74_d1" trans="$piritu" utf="ſpiritu"/>
    <tok_anno ascii="spiritu" id="t74_m1" trans="$piritu" utf="ſpiritu">
      <norm tag="--"/>
      <lemma tag="[!]"/>
      <lemma_gen tag="[!]"/>
      <lemma_idmwb tag="--"/>
      <pos tag="FM"/>
      <pos_gen tag="FM"/>
      <infl tag="--"/>
      <inflClass tag="--"/>
      <inflClass_gen tag="--"/>
    </tok_anno>
  </token>
  <token id="t75" trans="$co\-" type="token">
    <tok_dipl id="t75_d1" trans="$co\-" utf="ſcō"/>
    <tok_anno ascii="scon" id="t75_m1" trans="$co\-" utf="ſcō">
      <norm tag="--"/>
      <lemma tag="[!]"/>
      <lemma_gen tag="[!]"/>
      <lemma_idmwb tag="--"/>
      <pos tag="FM"/>
      <pos_gen tag="FM"/>
      <infl tag="--"/>
      <inflClass tag="--"/>
      <inflClass_gen tag="--"/>
    </tok_anno>
  </token>
  <comment type="K">/L[@]</comment>
  <token id="t76" trans="." type="punc">
    <tok_dipl id="t76_d1" trans="." utf="."/>
    <tok_anno ascii="." id="t76_m1" trans="." utf=".">
      <pos tag="$_"/>
      <pos_gen tag="$_"/>
    </tok_anno>
  </token>
</text>
