<?xml version='1.0' encoding='UTF-8'?>
<!DOCTYPE text SYSTEM "cora-xml.dtd">
<text id="M063">
  <header>
    <text>Du bist mîn, ich bin dîn</text>
    <abbr_ddd>-</abbr_ddd>
    <abbr_mwb>-</abbr_mwb>
    <topic>Poesie</topic>
    <text-type>Minnesang</text-type>
    <genre>V</genre>
    <reference>Strophe, Vers nach Minnesangs Frühling</reference>
    <reference-secondary>Hs.: Blatt (r/v), Kolummne (a/b), Zeile</reference-secondary>
    <library>München, Staatsbibl.</library>
    <library-shelfmark>clm 19411</library-shelfmark>
    <online>http://www.handschriftencensus.de/8831</online>
    <medium>Handschrift</medium>
    <extent>114v</extent>
    <extract>-</extract>
    <language>mhd</language>
    <language-type>oberdeutsch</language-type>
    <language-region>-</language-region>
    <language-area>-</language-area>
    <place>-</place>
    <time>12,2</time>
    <notes-manuscript>innerhalb des lat. Liebesbriefes eines Mädchens</notes-manuscript>
    <date>-</date>
    <text-place>-</text-place>
    <text-author>-</text-author>
    <text-language>-</text-language>
    <text-source>-</text-source>
    <edition>Minnesangs Frühling: Namenlos Nr. VIII</edition>
    <corpus>ReM I</corpus>
    <notes-transcription>-</notes-transcription>
    <notes-annotation>-</notes-annotation>
    <digitization_by>Bochum</digitization_by>
    <collation_by>Bochum</collation_by>
    <pre_editing_by>Bochum</pre_editing_by>
    <annotation_by>Bochum</annotation_by>
    <proofreading_by>Bochum</proofreading_by>
  </header>
  <layoutinfo>
    <page id="p1" no="3" range="c1"/>
    <column id="c1" range="l1..l6"/>
    <line id="l1" name="1" range="t1_d1..t7_d1" loc="3a,1"/>
    <line id="l2" name="2" range="t8_d1..t12_d1" loc="3a,2"/>
    <line id="l3" name="3" range="t13_d1..t15_d1" loc="3a,3"/>
    <line id="l4" name="4" range="t16_d1..t19_d1" loc="3a,4"/>
    <line id="l5" name="5" range="t20_d1..t24_d1" loc="3a,5"/>
    <line id="l6" name="6" range="t25_d1..t32_d1" loc="3a,6"/>
  </layoutinfo>
  <shifttags/>
  <token id="t1" trans="Du" type="token">
    <tok_dipl id="t1_d1" trans="Du" utf="Du"/>
    <tok_anno ascii="Du" id="t1_m1" trans="Du" utf="Du">
      <norm tag="dû"/>
      <lemma tag="dû"/>
      <lemma_gen tag="dû"/>
      <lemma_idmwb tag="32607000"/>
      <pos tag="PPER"/>
      <pos_gen tag="PPER"/>
      <infl tag="Nom.Sg.2"/>
      <inflClass tag="--"/>
      <inflClass_gen tag="--"/>
    </tok_anno>
  </token>
  <token id="t2" trans="bi$t" type="token">
    <tok_dipl id="t2_d1" trans="bi$t" utf="biſt"/>
    <tok_anno ascii="bist" id="t2_m1" trans="bi$t" utf="biſt">
      <norm tag="bist"/>
      <lemma tag="sîn"/>
      <lemma_gen tag="sîn"/>
      <lemma_idmwb tag="150147000"/>
      <pos tag="VAFIN"/>
      <pos_gen tag="VA"/>
      <infl tag="Ind.Pres.Sg.2"/>
      <inflClass tag="irr"/>
      <inflClass_gen tag="irr"/>
    </tok_anno>
  </token>
  <comment type="K">/K[biſt: b aus p korr.]</comment>
  <token id="t3" trans="min,," type="token">
    <tok_dipl id="t3_d1" trans="min" utf="min"/>
    <tok_anno ascii="min" id="t3_m1" trans="min" utf="min">
      <norm tag="mîn"/>
      <lemma tag="mîn"/>
      <lemma_gen tag="mîn"/>
      <lemma_idmwb tag="112026000"/>
      <pos tag="DPOSA"/>
      <pos_gen tag="DPOS"/>
      <infl tag="*.Nom.Sg.0"/>
      <inflClass tag="--"/>
      <inflClass_gen tag="--"/>
      <punc tag="S*"/>
    </tok_anno>
  </token>
  <token id="t4" trans="ich" type="token">
    <tok_dipl id="t4_d1" trans="ich" utf="ich"/>
    <tok_anno ascii="ich" id="t4_m1" trans="ich" utf="ich">
      <norm tag="ich"/>
      <lemma tag="ich"/>
      <lemma_gen tag="ich"/>
      <lemma_idmwb tag="81210000"/>
      <pos tag="PPER"/>
      <pos_gen tag="PPER"/>
      <infl tag="Nom.Sg.1"/>
      <inflClass tag="--"/>
      <inflClass_gen tag="--"/>
    </tok_anno>
  </token>
  <token id="t5" trans="bin" type="token">
    <tok_dipl id="t5_d1" trans="bin" utf="bin"/>
    <tok_anno ascii="bin" id="t5_m1" trans="bin" utf="bin">
      <norm tag="bin"/>
      <lemma tag="sîn"/>
      <lemma_gen tag="sîn"/>
      <lemma_idmwb tag="150147000"/>
      <pos tag="VAFIN"/>
      <pos_gen tag="VA"/>
      <infl tag="Ind.Pres.Sg.1"/>
      <inflClass tag="irr"/>
      <inflClass_gen tag="irr"/>
    </tok_anno>
  </token>
  <token id="t6" trans="din,," type="token">
    <tok_dipl id="t6_d1" trans="din" utf="din"/>
    <tok_anno ascii="din" id="t6_m1" trans="din" utf="din">
      <norm tag="dîn"/>
      <lemma tag="dîn"/>
      <lemma_gen tag="dîn"/>
      <lemma_idmwb tag="30567000"/>
      <pos tag="DPOSA"/>
      <pos_gen tag="DPOS"/>
      <infl tag="*.Nom.Sg.0"/>
      <inflClass tag="--"/>
      <inflClass_gen tag="--"/>
      <punc tag="S*"/>
    </tok_anno>
  </token>
  <token id="t7" trans="." type="punc">
    <tok_dipl id="t7_d1" trans="." utf="."/>
    <tok_anno ascii="." id="t7_m1" trans="." utf=".">
      <pos tag="$_"/>
      <pos_gen tag="$_"/>
    </tok_anno>
  </token>
  <token id="t8" trans="de$||$olt" type="token">
    <tok_dipl id="t8_d1" trans="de$$olt" utf="deſſolt"/>
    <tok_anno ascii="des" id="t8_m1" trans="de$|" utf="deſ">
      <norm tag="des"/>
      <token_type tag="MS1"/>
      <lemma tag="dër"/>
      <lemma_gen tag="dër"/>
      <lemma_idmwb tag="29823000"/>
      <pos tag="DRELS"/>
      <pos_gen tag="DD"/>
      <infl tag="Neut.Gen.Sg"/>
      <inflClass tag="--"/>
      <inflClass_gen tag="--"/>
    </tok_anno>
    <tok_anno ascii="solt" id="t8_m2" trans="|$olt" utf="ſolt">
      <norm tag="solt"/>
      <token_type tag="MS2"/>
      <lemma tag="sol(e)n"/>
      <lemma_gen tag="sol(e)n"/>
      <lemma_idmwb tag="154377000"/>
      <pos tag="VMFIN"/>
      <pos_gen tag="VM"/>
      <infl tag="Ind.Pres.Sg.2"/>
      <inflClass tag="prpr"/>
      <inflClass_gen tag="prpr"/>
    </tok_anno>
  </token>
  <token id="t9" trans="du" type="token">
    <tok_dipl id="t9_d1" trans="du" utf="du"/>
    <tok_anno ascii="du" id="t9_m1" trans="du" utf="du">
      <norm tag="dû"/>
      <lemma tag="dû"/>
      <lemma_gen tag="dû"/>
      <lemma_idmwb tag="32607000"/>
      <pos tag="PPER"/>
      <pos_gen tag="PPER"/>
      <infl tag="Nom.Sg.2"/>
      <inflClass tag="--"/>
      <inflClass_gen tag="--"/>
    </tok_anno>
  </token>
  <token id="t10" trans="gewi$" type="token">
    <tok_dipl id="t10_d1" trans="gewi$" utf="gewiſ"/>
    <tok_anno ascii="gewis" id="t10_m1" trans="gewi$" utf="gewiſ">
      <norm tag="gewis"/>
      <lemma tag="ge-wis"/>
      <lemma_gen tag="ge-wis"/>
      <lemma_idmwb tag="60540000"/>
      <pos tag="AVD"/>
      <pos_gen tag="AVD"/>
      <infl tag="--"/>
      <inflClass tag="--"/>
      <inflClass_gen tag="--"/>
    </tok_anno>
  </token>
  <token id="t11" trans="$in(.)" type="token">
    <tok_dipl id="t11_d1" trans="$in" utf="ſin"/>
    <tok_anno ascii="sin" id="t11_m1" trans="$in" utf="ſin">
      <norm tag="sîn"/>
      <lemma tag="sîn"/>
      <lemma_gen tag="sîn"/>
      <lemma_idmwb tag="150147000"/>
      <pos tag="VAINF"/>
      <pos_gen tag="VA"/>
      <infl tag="--"/>
      <inflClass tag="irr"/>
      <inflClass_gen tag="irr"/>
      <punc tag="DE"/>
    </tok_anno>
  </token>
  <token id="t12" trans="." type="punc">
    <tok_dipl id="t12_d1" trans="." utf="."/>
    <tok_anno ascii="." id="t12_m1" trans="." utf=".">
      <pos tag="$_"/>
      <pos_gen tag="$_"/>
      <punc tag="$E"/>
    </tok_anno>
  </token>
  <token id="t13" trans="du" type="token">
    <tok_dipl id="t13_d1" trans="du" utf="du"/>
    <tok_anno ascii="du" id="t13_m1" trans="du" utf="du">
      <norm tag="dû"/>
      <lemma tag="dû"/>
      <lemma_gen tag="dû"/>
      <lemma_idmwb tag="32607000"/>
      <pos tag="PPER"/>
      <pos_gen tag="PPER"/>
      <infl tag="Nom.Sg.2"/>
      <inflClass tag="--"/>
      <inflClass_gen tag="--"/>
    </tok_anno>
  </token>
  <token id="t14" trans="bi$t" type="token">
    <tok_dipl id="t14_d1" trans="bi$t" utf="biſt"/>
    <tok_anno ascii="bist" id="t14_m1" trans="bi$t" utf="biſt">
      <norm tag="bist"/>
      <lemma tag="sîn"/>
      <lemma_gen tag="sîn"/>
      <lemma_idmwb tag="150147000"/>
      <pos tag="VAFIN"/>
      <pos_gen tag="VA"/>
      <infl tag="Ind.Pres.Sg.2"/>
      <inflClass tag="irr"/>
      <inflClass_gen tag="irr"/>
    </tok_anno>
  </token>
  <token id="t15" trans="be$lo$$en" type="token">
    <tok_dipl id="t15_d1" trans="be$lo$$en" utf="beſloſſen"/>
    <tok_anno ascii="beslossen" id="t15_m1" trans="be$lo$$en" utf="beſloſſen">
      <norm tag="beslozzen"/>
      <lemma tag="be-slièzen"/>
      <lemma_gen tag="be-slièzen"/>
      <lemma_idmwb tag="17115000"/>
      <pos tag="VVPP"/>
      <pos_gen tag="VV"/>
      <infl tag="--"/>
      <inflClass tag="st2b"/>
      <inflClass_gen tag="st2b"/>
    </tok_anno>
  </token>
  <token id="t16" trans="in" type="token">
    <tok_dipl id="t16_d1" trans="in" utf="in"/>
    <tok_anno ascii="in" id="t16_m1" trans="in" utf="in">
      <norm tag="in"/>
      <lemma tag="in"/>
      <lemma_gen tag="in"/>
      <lemma_idmwb tag="81741000"/>
      <pos tag="APPR"/>
      <pos_gen tag="AP"/>
      <infl tag="--"/>
      <inflClass tag="--"/>
      <inflClass_gen tag="--"/>
    </tok_anno>
  </token>
  <token id="t17" trans="minem" type="token">
    <tok_dipl id="t17_d1" trans="minem" utf="minem"/>
    <tok_anno ascii="minem" id="t17_m1" trans="minem" utf="minem">
      <norm tag="mînem"/>
      <lemma tag="mîn"/>
      <lemma_gen tag="mîn"/>
      <lemma_idmwb tag="112026000"/>
      <pos tag="DPOSA"/>
      <pos_gen tag="DPOS"/>
      <infl tag="Neut.Dat.Sg.st"/>
      <inflClass tag="--"/>
      <inflClass_gen tag="--"/>
    </tok_anno>
  </token>
  <token id="t18" trans="herzen,," type="token">
    <tok_dipl id="t18_d1" trans="herzen" utf="herzen"/>
    <tok_anno ascii="herzen" id="t18_m1" trans="herzen" utf="herzen">
      <norm tag="herzen"/>
      <lemma tag="hërze"/>
      <lemma_gen tag="hërze"/>
      <lemma_idmwb tag="73221000"/>
      <pos tag="NA"/>
      <pos_gen tag="NA"/>
      <infl tag="Dat.Sg"/>
      <inflClass tag="wk.Neut"/>
      <inflClass_gen tag="wk.Neut"/>
      <punc tag="S*"/>
    </tok_anno>
  </token>
  <token id="t19" trans="." type="punc">
    <tok_dipl id="t19_d1" trans="." utf="."/>
    <tok_anno ascii="." id="t19_m1" trans="." utf=".">
      <pos tag="$_"/>
      <pos_gen tag="$_"/>
    </tok_anno>
  </token>
  <token id="t20" trans="verlorn" type="token">
    <tok_dipl id="t20_d1" trans="verlorn" utf="verlorn"/>
    <tok_anno ascii="verlorn" id="t20_m1" trans="verlorn" utf="verlorn">
      <norm tag="verloren"/>
      <lemma tag="ver-lièsen"/>
      <lemma_gen tag="ver-lièsen"/>
      <lemma_idmwb tag="203121000"/>
      <pos tag="VVPP"/>
      <pos_gen tag="VV"/>
      <infl tag="--"/>
      <inflClass tag="st2b"/>
      <inflClass_gen tag="st2b"/>
    </tok_anno>
  </token>
  <token id="t21" trans="i$t" type="token">
    <tok_dipl id="t21_d1" trans="i$t" utf="iſt"/>
    <tok_anno ascii="ist" id="t21_m1" trans="i$t" utf="iſt">
      <norm tag="ist"/>
      <lemma tag="sîn"/>
      <lemma_gen tag="sîn"/>
      <lemma_idmwb tag="150147000"/>
      <pos tag="VAFIN"/>
      <pos_gen tag="VA"/>
      <infl tag="Ind.Pres.Sg.3"/>
      <inflClass tag="irr"/>
      <inflClass_gen tag="irr"/>
    </tok_anno>
  </token>
  <token id="t22" trans="daz" type="token">
    <tok_dipl id="t22_d1" trans="daz" utf="daz"/>
    <tok_anno ascii="daz" id="t22_m1" trans="daz" utf="daz">
      <norm tag="daz"/>
      <lemma tag="dër"/>
      <lemma_gen tag="dër"/>
      <lemma_idmwb tag="29817000"/>
      <pos tag="DDART"/>
      <pos_gen tag="DD"/>
      <infl tag="Neut.Nom.Sg"/>
      <inflClass tag="--"/>
      <inflClass_gen tag="--"/>
    </tok_anno>
  </token>
  <token id="t23" trans="$luzzellin(.)" type="token">
    <tok_dipl id="t23_d1" trans="$luzzellin" utf="ſluzzellin"/>
    <tok_anno ascii="sluzzellin" id="t23_m1" trans="$luzzellin" utf="ſluzzellin">
      <norm tag="slüzzellîn"/>
      <lemma tag="slüzzellîn"/>
      <lemma_gen tag="slüzzellîn"/>
      <lemma_idmwb tag="152388000"/>
      <pos tag="NA"/>
      <pos_gen tag="NA"/>
      <infl tag="Nom.Sg"/>
      <inflClass tag="st.Neut"/>
      <inflClass_gen tag="st.Neut"/>
      <punc tag="DE"/>
    </tok_anno>
  </token>
  <token id="t24" trans="." type="punc">
    <tok_dipl id="t24_d1" trans="." utf="."/>
    <tok_anno ascii="." id="t24_m1" trans="." utf=".">
      <pos tag="$_"/>
      <pos_gen tag="$_"/>
      <punc tag="$E"/>
    </tok_anno>
  </token>
  <token id="t25" trans="du" type="token">
    <tok_dipl id="t25_d1" trans="du" utf="du"/>
    <tok_anno ascii="du" id="t25_m1" trans="du" utf="du">
      <norm tag="dû"/>
      <lemma tag="dû"/>
      <lemma_gen tag="dû"/>
      <lemma_idmwb tag="32607000"/>
      <pos tag="PPER"/>
      <pos_gen tag="PPER"/>
      <infl tag="Nom.Sg.2"/>
      <inflClass tag="--"/>
      <inflClass_gen tag="--"/>
    </tok_anno>
  </token>
  <token id="t26" trans="mv\o$t" type="token">
    <tok_dipl id="t26_d1" trans="mv\o$t" utf="mvͦſt"/>
    <tok_anno ascii="mvost" id="t26_m1" trans="mv\o$t" utf="mvͦſt">
      <norm tag="muost"/>
      <lemma tag="müèzen"/>
      <lemma_gen tag="müèzen"/>
      <lemma_idmwb tag="116049000"/>
      <pos tag="VMFIN"/>
      <pos_gen tag="VM"/>
      <infl tag="Ind.Pres.Sg.2"/>
      <inflClass tag="prpr"/>
      <inflClass_gen tag="prpr"/>
    </tok_anno>
  </token>
  <token id="t27" trans="och" type="token">
    <tok_dipl id="t27_d1" trans="och" utf="och"/>
    <tok_anno ascii="och" id="t27_m1" trans="och" utf="och">
      <norm tag="ouch"/>
      <lemma tag="ouch"/>
      <lemma_gen tag="ouch"/>
      <lemma_idmwb tag="125211000"/>
      <pos tag="AVD"/>
      <pos_gen tag="AVD-KO"/>
      <infl tag="--"/>
      <inflClass tag="--"/>
      <inflClass_gen tag="--"/>
    </tok_anno>
  </token>
  <token id="t28" trans="immer" type="token">
    <tok_dipl id="t28_d1" trans="immer" utf="immer"/>
    <tok_anno ascii="immer" id="t28_m1" trans="immer" utf="immer">
      <norm tag="iemer"/>
      <lemma tag="ièmer"/>
      <lemma_gen tag="ièmer"/>
      <lemma_idmwb tag="81339000"/>
      <pos tag="AVD"/>
      <pos_gen tag="AVD"/>
      <infl tag="--"/>
      <inflClass tag="--"/>
      <inflClass_gen tag="--"/>
    </tok_anno>
  </token>
  <token id="t29" trans="da" type="token">
    <tok_dipl id="t29_d1" trans="da" utf="da"/>
    <tok_anno ascii="da" id="t29_m1" trans="da" utf="da">
      <norm tag="dâ"/>
      <lemma tag="dâr"/>
      <lemma_gen tag="dâr"/>
      <lemma_idmwb tag="28932000"/>
      <pos tag="AVD"/>
      <pos_gen tag="AVD"/>
      <infl tag="--"/>
      <inflClass tag="--"/>
      <inflClass_gen tag="--"/>
    </tok_anno>
  </token>
  <token id="t30" trans="inne" type="token">
    <tok_dipl id="t30_d1" trans="inne" utf="inne"/>
    <tok_anno ascii="inne" id="t30_m1" trans="inne" utf="inne">
      <norm tag="inne"/>
      <lemma tag="inne"/>
      <lemma_gen tag="inne"/>
      <lemma_idmwb tag="82800000"/>
      <pos tag="APPR"/>
      <pos_gen tag="AP"/>
      <infl tag="--"/>
      <inflClass tag="--"/>
      <inflClass_gen tag="--"/>
    </tok_anno>
  </token>
  <token id="t31" trans="$in(.)" type="token">
    <tok_dipl id="t31_d1" trans="$in" utf="ſin"/>
    <tok_anno ascii="sin" id="t31_m1" trans="$in" utf="ſin">
      <norm tag="sîn"/>
      <lemma tag="sîn"/>
      <lemma_gen tag="sîn"/>
      <lemma_idmwb tag="150147000"/>
      <pos tag="VAINF"/>
      <pos_gen tag="VA"/>
      <infl tag="--"/>
      <inflClass tag="irr"/>
      <inflClass_gen tag="irr"/>
      <punc tag="DE"/>
    </tok_anno>
  </token>
  <token id="t32" trans="." type="punc">
    <tok_dipl id="t32_d1" trans="." utf="."/>
    <tok_anno ascii="." id="t32_m1" trans="." utf=".">
      <pos tag="$_"/>
      <pos_gen tag="$_"/>
      <punc tag="$E"/>
    </tok_anno>
  </token>
</text>
