<?xml version='1.0' encoding='UTF-8'?>
<!DOCTYPE text SYSTEM "cora-xml.dtd">
<text id="M084E">
  <header>
    <text>Gebetsanweisungen zum Psalter Erlangen</text>
    <abbr_ddd>GebetsanwErl</abbr_ddd>
    <abbr_mwb>-</abbr_mwb>
    <topic>Religion</topic>
    <text-type>Gebetsanweisung</text-type>
    <genre>P</genre>
    <reference>Hs.: Blatt (r/v), Zeile</reference>
    <reference-secondary>-</reference-secondary>
    <library>Erlangen, UB</library>
    <library-shelfmark>Ms. 116</library-shelfmark>
    <online>http://www.handschriftencensus.de/15475</online>
    <medium>Handschrift</medium>
    <extent>3r; 22v; 23r; 25v; 82v</extent>
    <extract>-</extract>
    <language>mhd</language>
    <language-type>oberdeutsch</language-type>
    <language-region>-</language-region>
    <language-area>-</language-area>
    <place>-</place>
    <time>13,1</time>
    <notes-manuscript>_</notes-manuscript>
    <date>-</date>
    <text-place>-</text-place>
    <text-author>-</text-author>
    <text-language>-</text-language>
    <text-source>-</text-source>
    <edition>Karl Bartsch, Psalterien mit deutschen Randbemerkungen II-III, in: Germania 27 (1882), S. 345-349 (mit Abdruck der deutschen Gebetsanweisungen).</edition>
    <corpus>ReM I</corpus>
    <notes-transcription>-</notes-transcription>
    <notes-annotation>-</notes-annotation>
    <digitization_by>Bochum</digitization_by>
    <collation_by>Bochum</collation_by>
    <pre_editing_by>Bochum</pre_editing_by>
    <annotation_by>Bochum</annotation_by>
    <proofreading_by>Bochum</proofreading_by>
  </header>
  <layoutinfo>
    <page id="p1" no="3" range="c1" side="r"/>
    <page id="p2" no="22" range="c2" side="v"/>
    <page id="p3" no="23" range="c3" side="r"/>
    <page id="p4" no="25" range="c4" side="v"/>
    <page id="p5" no="82" range="c5" side="v"/>
    <column id="c1" range="l1..l6"/>
    <column id="c2" range="l7..l10"/>
    <column id="c3" range="l11..l12"/>
    <column id="c4" range="l13..l20"/>
    <column id="c5" range="l21..l22"/>
    <line id="l1" name="1" range="t1_d1..t4_d1" loc="3ra,1"/>
    <line id="l2" name="2" range="t5_d1..t8_d1" loc="3ra,2"/>
    <line id="l3" name="3" range="t9_d1..t12_d1" loc="3ra,3"/>
    <line id="l4" name="4" range="t13_d1..t16_d1" loc="3ra,4"/>
    <line id="l5" name="5" range="t17_d1..t19_d1" loc="3ra,5"/>
    <line id="l6" name="6" range="t20_d1" loc="3ra,6"/>
    <line id="l7" name="1" range="t21_d1..t24_d1" loc="22va,1"/>
    <line id="l8" name="2" range="t25_d1..t26_d1" loc="22va,2"/>
    <line id="l9" name="3" range="t27_d1..t32_d1" loc="22va,3"/>
    <line id="l10" name="4" range="t33_d1..t38_d1" loc="22va,4"/>
    <line id="l11" name="1" range="t39_d1..t50_d1" loc="23ra,1"/>
    <line id="l12" name="2" range="t51_d1..t53_d1" loc="23ra,2"/>
    <line id="l13" name="1" range="t54_d1..t57_d1" loc="25va,1"/>
    <line id="l14" name="2" range="t58_d1..t61_d1" loc="25va,2"/>
    <line id="l15" name="3" range="t62_d1..t67_d1" loc="25va,3"/>
    <line id="l16" name="4" range="t68_d1..t70_d1" loc="25va,4"/>
    <line id="l17" name="5" range="t71_d1..t74_d1" loc="25va,5"/>
    <line id="l18" name="6" range="t75_d1..t78_d1" loc="25va,6"/>
    <line id="l19" name="7" range="t79_d1..t83_d1" loc="25va,7"/>
    <line id="l20" name="8" range="t84_d1..t86_d1" loc="25va,8"/>
    <line id="l21" name="1" range="t87_d1..t89_d1" loc="82va,1"/>
    <line id="l22" name="2" range="t90_d1..t94_d1" loc="82va,2"/>
  </layoutinfo>
  <shifttags/>
  <token id="t1" trans="*(d*)i$en" type="token">
    <tok_dipl id="t1_d1" trans="*(d*)i$en" utf="diſen"/>
    <tok_anno ascii="disen" id="t1_m1" trans="*(d*)i$en" utf="diſen">
      <norm tag="disen"/>
      <lemma tag="dise"/>
      <lemma_gen tag="dise"/>
      <lemma_idmwb tag="30921000"/>
      <pos tag="DDA"/>
      <pos_gen tag="DD"/>
      <infl tag="Masc.Akk.Sg"/>
      <inflClass tag="--"/>
      <inflClass_gen tag="--"/>
    </tok_anno>
  </token>
  <token id="t2" trans="salm\-" type="token">
    <tok_dipl id="t2_d1" trans="salm\-" utf="salm̄"/>
    <tok_anno ascii="salem" id="t2_m1" trans="salm\-" utf="salm̄">
      <norm tag="salmen"/>
      <lemma tag="salm(e)"/>
      <lemma_gen tag="salm(e)"/>
      <lemma_idmwb tag="139368000"/>
      <pos tag="NA"/>
      <pos_gen tag="NA"/>
      <infl tag="Akk.Sg"/>
      <inflClass tag="st(u).Masc"/>
      <inflClass_gen tag="st(u).Masc,Neut"/>
    </tok_anno>
  </token>
  <token id="t3" trans="lis" type="token">
    <tok_dipl id="t3_d1" trans="lis" utf="lis"/>
    <tok_anno ascii="lis" id="t3_m1" trans="lis" utf="lis">
      <norm tag="lis"/>
      <lemma tag="lësen"/>
      <lemma_gen tag="lësen"/>
      <lemma_idmwb tag="101871000"/>
      <pos tag="VVIMP"/>
      <pos_gen tag="VV"/>
      <infl tag="Sg.2"/>
      <inflClass tag="st5"/>
      <inflClass_gen tag="st5"/>
    </tok_anno>
  </token>
  <token id="t4" trans="den" type="token">
    <tok_dipl id="t4_d1" trans="den" utf="den"/>
    <tok_anno ascii="den" id="t4_m1" trans="den" utf="den">
      <norm tag="den"/>
      <lemma tag="dër"/>
      <lemma_gen tag="dër"/>
      <lemma_idmwb tag="29817000"/>
      <pos tag="DDART"/>
      <pos_gen tag="DD"/>
      <infl tag="Masc.Akk.Sg"/>
      <inflClass tag="--"/>
      <inflClass_gen tag="--"/>
    </tok_anno>
  </token>
  <token id="t5" trans="heiligen" type="token">
    <tok_dipl id="t5_d1" trans="heiligen" utf="heiligen"/>
    <tok_anno ascii="heiligen" id="t5_m1" trans="heiligen" utf="heiligen">
      <norm tag="heiligen"/>
      <lemma tag="hèilig"/>
      <lemma_gen tag="hèilig"/>
      <lemma_idmwb tag="70113000"/>
      <pos tag="ADJA"/>
      <pos_gen tag="ADJ"/>
      <infl tag="Pos.Masc.Akk.Sg.*"/>
      <inflClass tag="--"/>
      <inflClass_gen tag="--"/>
    </tok_anno>
  </token>
  <token id="t6" trans="gotes(.)" type="token">
    <tok_dipl id="t6_d1" trans="gotes" utf="gotes"/>
    <tok_anno ascii="gotes" id="t6_m1" trans="gotes" utf="gotes">
      <norm tag="gotes"/>
      <lemma tag="got"/>
      <lemma_gen tag="got"/>
      <lemma_idmwb tag="63291000"/>
      <pos tag="NA"/>
      <pos_gen tag="NA"/>
      <infl tag="Gen.Sg"/>
      <inflClass tag="st.Masc"/>
      <inflClass_gen tag="st.Masc"/>
      <punc tag="DE"/>
    </tok_anno>
  </token>
  <token id="t7" trans="." type="punc">
    <tok_dipl id="t7_d1" trans="." utf="."/>
    <tok_anno ascii="." id="t7_m1" trans="." utf=".">
      <pos tag="$_"/>
      <pos_gen tag="$_"/>
      <punc tag="$E"/>
    </tok_anno>
  </token>
  <token id="t8" trans="du" type="token">
    <tok_dipl id="t8_d1" trans="du" utf="du"/>
    <tok_anno ascii="du" id="t8_m1" trans="du" utf="du">
      <norm tag="dû"/>
      <lemma tag="dû"/>
      <lemma_gen tag="dû"/>
      <lemma_idmwb tag="32607000"/>
      <pos tag="PPER"/>
      <pos_gen tag="PPER"/>
      <infl tag="Nom.Sg.2"/>
      <inflClass tag="--"/>
      <inflClass_gen tag="--"/>
    </tok_anno>
  </token>
  <token id="t9" trans="$olt" type="token">
    <tok_dipl id="t9_d1" trans="$olt" utf="ſolt"/>
    <tok_anno ascii="solt" id="t9_m1" trans="$olt" utf="ſolt">
      <norm tag="solt"/>
      <lemma tag="sol(e)n"/>
      <lemma_gen tag="sol(e)n"/>
      <lemma_idmwb tag="154377000"/>
      <pos tag="VMFIN"/>
      <pos_gen tag="VM"/>
      <infl tag="Ind.Pres.Sg.2"/>
      <inflClass tag="prpr"/>
      <inflClass_gen tag="prpr"/>
    </tok_anno>
  </token>
  <token id="t10" trans="wizzen,," type="token">
    <tok_dipl id="t10_d1" trans="wizzen" utf="wizzen"/>
    <tok_anno ascii="wizzen" id="t10_m1" trans="wizzen" utf="wizzen">
      <norm tag="wizzen"/>
      <lemma tag="wizzen"/>
      <lemma_gen tag="wizzen"/>
      <lemma_idmwb tag="232557000"/>
      <pos tag="VVINF"/>
      <pos_gen tag="VV"/>
      <infl tag="--"/>
      <inflClass tag="prpr"/>
      <inflClass_gen tag="prpr"/>
      <punc tag="S*"/>
    </tok_anno>
  </token>
  <token id="t11" trans="daz" type="token">
    <tok_dipl id="t11_d1" trans="daz" utf="daz"/>
    <tok_anno ascii="daz" id="t11_m1" trans="daz" utf="daz">
      <norm tag="daz"/>
      <lemma tag="dazz"/>
      <lemma_gen tag="dazz"/>
      <lemma_idmwb tag="29484000"/>
      <pos tag="KOUS"/>
      <pos_gen tag="KO"/>
      <infl tag="--"/>
      <inflClass tag="--"/>
      <inflClass_gen tag="--"/>
    </tok_anno>
  </token>
  <token id="t12" trans="in" type="token">
    <tok_dipl id="t12_d1" trans="in" utf="in"/>
    <tok_anno ascii="in" id="t12_m1" trans="in" utf="in">
      <norm tag="in"/>
      <lemma tag="ër"/>
      <lemma_gen tag="ër"/>
      <lemma_idmwb tag="40380000"/>
      <pos tag="PPER"/>
      <pos_gen tag="PPER"/>
      <infl tag="Masc.Akk.Sg.3"/>
      <inflClass tag="--"/>
      <inflClass_gen tag="--"/>
    </tok_anno>
  </token>
  <token id="t13" trans="dauid" type="token">
    <tok_dipl id="t13_d1" trans="dauid" utf="dauid"/>
    <tok_anno ascii="dauid" id="t13_m1" trans="dauid" utf="dauid">
      <norm tag="Dâvît"/>
      <lemma tag="Dâvîd"/>
      <lemma_gen tag="Dâvîd"/>
      <lemma_idmwb tag="--"/>
      <pos tag="NE"/>
      <pos_gen tag="NE"/>
      <infl tag="Nom.Sg"/>
      <inflClass tag="--"/>
      <inflClass_gen tag="--"/>
    </tok_anno>
  </token>
  <token id="t14" trans="rihte,," type="token">
    <tok_dipl id="t14_d1" trans="rihte" utf="rihte"/>
    <tok_anno ascii="rihte" id="t14_m1" trans="rihte" utf="rihte">
      <norm tag="rihte"/>
      <lemma tag="rihten"/>
      <lemma_gen tag="rihten"/>
      <lemma_idmwb tag="134673000"/>
      <pos tag="VVFIN"/>
      <pos_gen tag="VV"/>
      <infl tag="Subj.Pres.Sg.3"/>
      <inflClass tag="wk"/>
      <inflClass_gen tag="wk"/>
      <punc tag="S*"/>
    </tok_anno>
  </token>
  <token id="t15" trans="do" type="token">
    <tok_dipl id="t15_d1" trans="do" utf="do"/>
    <tok_anno ascii="do" id="t15_m1" trans="do" utf="do">
      <norm tag="dô"/>
      <lemma tag="dô"/>
      <lemma_gen tag="dô"/>
      <lemma_idmwb tag="31164000"/>
      <pos tag="KOUS"/>
      <pos_gen tag="KO"/>
      <infl tag="--"/>
      <inflClass tag="--"/>
      <inflClass_gen tag="--"/>
    </tok_anno>
  </token>
  <token id="t16" trans="er" type="token">
    <tok_dipl id="t16_d1" trans="er" utf="er"/>
    <tok_anno ascii="er" id="t16_m1" trans="er" utf="er">
      <norm tag="er"/>
      <lemma tag="ër"/>
      <lemma_gen tag="ër"/>
      <lemma_idmwb tag="40380000"/>
      <pos tag="PPER"/>
      <pos_gen tag="PPER"/>
      <infl tag="Masc.Nom.Sg.3"/>
      <inflClass tag="--"/>
      <inflClass_gen tag="--"/>
    </tok_anno>
  </token>
  <token id="t17" trans="daz" type="token">
    <tok_dipl id="t17_d1" trans="daz" utf="daz"/>
    <tok_anno ascii="daz" id="t17_m1" trans="daz" utf="daz">
      <norm tag="daz"/>
      <lemma tag="dër"/>
      <lemma_gen tag="dër"/>
      <lemma_idmwb tag="29817000"/>
      <pos tag="DDART"/>
      <pos_gen tag="DD"/>
      <infl tag="Neut.Akk.Sg"/>
      <inflClass tag="--"/>
      <inflClass_gen tag="--"/>
    </tok_anno>
  </token>
  <token id="t18" trans="gotes" type="token">
    <tok_dipl id="t18_d1" trans="gotes" utf="gotes"/>
    <tok_anno ascii="gotes" id="t18_m1" trans="gotes" utf="gotes">
      <norm tag="gotes"/>
      <lemma tag="got"/>
      <lemma_gen tag="got"/>
      <lemma_idmwb tag="63291000"/>
      <pos tag="NA"/>
      <pos_gen tag="NA"/>
      <infl tag="Gen.Sg"/>
      <inflClass tag="st.Masc"/>
      <inflClass_gen tag="st.Masc"/>
    </tok_anno>
  </token>
  <token id="t19" trans="riche" type="token">
    <tok_dipl id="t19_d1" trans="riche" utf="riche"/>
    <tok_anno ascii="riche" id="t19_m1" trans="riche" utf="riche">
      <norm tag="rîche"/>
      <lemma tag="rîche"/>
      <lemma_gen tag="rîche"/>
      <lemma_idmwb tag="134259000"/>
      <pos tag="NA"/>
      <pos_gen tag="NA"/>
      <infl tag="Akk.Sg"/>
      <inflClass tag="st.Neut"/>
      <inflClass_gen tag="st.Neut"/>
    </tok_anno>
  </token>
  <token id="t20" trans="berihte(.)" type="token">
    <tok_dipl id="t20_d1" trans="berihte" utf="berihte"/>
    <tok_anno ascii="berihte" id="t20_m1" trans="berihte" utf="berihte">
      <norm tag="berihte"/>
      <lemma tag="be-rihten"/>
      <lemma_gen tag="be-rihten"/>
      <lemma_idmwb tag="15690000"/>
      <pos tag="VVFIN"/>
      <pos_gen tag="VV"/>
      <infl tag="Subj.Pres.Sg.3"/>
      <inflClass tag="wk"/>
      <inflClass_gen tag="wk"/>
      <punc tag="DE"/>
    </tok_anno>
  </token>
  <token id="t21" trans="Lis" type="token">
    <tok_dipl id="t21_d1" trans="Lis" utf="Lis"/>
    <tok_anno ascii="Lis" id="t21_m1" trans="Lis" utf="Lis">
      <norm tag="lis"/>
      <lemma tag="lësen"/>
      <lemma_gen tag="lësen"/>
      <lemma_idmwb tag="101871000"/>
      <pos tag="VVIMP"/>
      <pos_gen tag="VV"/>
      <infl tag="Sg.2"/>
      <inflClass tag="st5"/>
      <inflClass_gen tag="st5"/>
    </tok_anno>
  </token>
  <token id="t22" trans="den" type="token">
    <tok_dipl id="t22_d1" trans="den" utf="den"/>
    <tok_anno ascii="den" id="t22_m1" trans="den" utf="den">
      <norm tag="den"/>
      <lemma tag="dër"/>
      <lemma_gen tag="dër"/>
      <lemma_idmwb tag="29817000"/>
      <pos tag="DDART"/>
      <pos_gen tag="DD"/>
      <infl tag="Masc.Akk.Sg"/>
      <inflClass tag="--"/>
      <inflClass_gen tag="--"/>
    </tok_anno>
  </token>
  <token id="t23" trans="$alm\-" type="token">
    <tok_dipl id="t23_d1" trans="$alm\-" utf="ſalm̄"/>
    <tok_anno ascii="salem" id="t23_m1" trans="$alm\-" utf="ſalm̄">
      <norm tag="salmen"/>
      <lemma tag="salm(e)"/>
      <lemma_gen tag="salm(e)"/>
      <lemma_idmwb tag="139368000"/>
      <pos tag="NA"/>
      <pos_gen tag="NA"/>
      <infl tag="Akk.Sg"/>
      <inflClass tag="st(u).Masc"/>
      <inflClass_gen tag="st(u).Masc,Neut"/>
    </tok_anno>
  </token>
  <token id="t24" trans="den,," type="token">
    <tok_dipl id="t24_d1" trans="den" utf="den"/>
    <tok_anno ascii="den" id="t24_m1" trans="den" utf="den">
      <norm tag="den"/>
      <lemma tag="dër"/>
      <lemma_gen tag="dër"/>
      <lemma_idmwb tag="29823000"/>
      <pos tag="DDS"/>
      <pos_gen tag="DD"/>
      <infl tag="*.Dat.Pl"/>
      <inflClass tag="--"/>
      <inflClass_gen tag="--"/>
      <punc tag="S*"/>
    </tok_anno>
  </token>
  <token id="t25" trans="die" type="token">
    <tok_dipl id="t25_d1" trans="die" utf="die"/>
    <tok_anno ascii="die" id="t25_m1" trans="die" utf="die">
      <norm tag="die"/>
      <lemma tag="dër"/>
      <lemma_gen tag="dër"/>
      <lemma_idmwb tag="29823000"/>
      <pos tag="DRELS"/>
      <pos_gen tag="DD"/>
      <infl tag="Fem.Nom.Sg"/>
      <inflClass tag="--"/>
      <inflClass_gen tag="--"/>
    </tok_anno>
  </token>
  <token id="t26" trans="in||carrinen||gen,," type="token">
    <tok_dipl id="t26_d1" trans="incarrinengen" utf="incarrinengen"/>
    <tok_anno ascii="in" id="t26_m1" trans="in|" utf="in">
      <norm tag="in"/>
      <token_type tag="MS1"/>
      <lemma tag="in"/>
      <lemma_gen tag="in"/>
      <lemma_idmwb tag="81741000"/>
      <pos tag="APPR"/>
      <pos_gen tag="AP"/>
      <infl tag="--"/>
      <inflClass tag="--"/>
      <inflClass_gen tag="--"/>
    </tok_anno>
    <tok_anno ascii="carrinen" id="t26_m2" trans="|carrinen|" utf="carrinen">
      <norm tag="kerrîne"/>
      <token_type tag="MS2"/>
      <lemma tag="kèrrîne"/>
      <lemma_gen tag="kèrrîne"/>
      <lemma_idmwb tag="88950000"/>
      <pos tag="NA"/>
      <pos_gen tag="NA"/>
      <infl tag="Akk.Pl"/>
      <inflClass tag="st.Fem"/>
      <inflClass_gen tag="*.Fem"/>
    </tok_anno>
    <tok_anno ascii="gen" id="t26_m3" trans="|gen" utf="gen">
      <norm tag="gên"/>
      <token_type tag="MS3"/>
      <lemma tag="gân"/>
      <lemma_gen tag="gân"/>
      <lemma_idmwb tag="46788000"/>
      <pos tag="VVINF"/>
      <pos_gen tag="VV"/>
      <infl tag="--"/>
      <inflClass tag="irr"/>
      <inflClass_gen tag="irr"/>
      <punc tag="S*"/>
    </tok_anno>
  </token>
  <token id="t27" trans="daz" type="token">
    <tok_dipl id="t27_d1" trans="daz" utf="daz"/>
    <tok_anno ascii="daz" id="t27_m1" trans="daz" utf="daz">
      <norm tag="daz"/>
      <lemma tag="dazz"/>
      <lemma_gen tag="dazz"/>
      <lemma_idmwb tag="29484000"/>
      <pos tag="KOUS"/>
      <pos_gen tag="KO"/>
      <infl tag="--"/>
      <inflClass tag="--"/>
      <inflClass_gen tag="--"/>
    </tok_anno>
  </token>
  <token id="t28" trans="in" type="token">
    <tok_dipl id="t28_d1" trans="in" utf="in"/>
    <tok_anno ascii="in" id="t28_m1" trans="in" utf="in">
      <norm tag="in"/>
      <lemma tag="ër"/>
      <lemma_gen tag="ër"/>
      <lemma_idmwb tag="40380000"/>
      <pos tag="PPER"/>
      <pos_gen tag="PPER"/>
      <infl tag="*.Dat.Pl.3"/>
      <inflClass tag="--"/>
      <inflClass_gen tag="--"/>
    </tok_anno>
  </token>
  <token id="t29" trans="got" type="token">
    <tok_dipl id="t29_d1" trans="got" utf="got"/>
    <tok_anno ascii="got" id="t29_m1" trans="got" utf="got">
      <norm tag="got"/>
      <lemma tag="got"/>
      <lemma_gen tag="got"/>
      <lemma_idmwb tag="63291000"/>
      <pos tag="NA"/>
      <pos_gen tag="NA"/>
      <infl tag="Nom.Sg"/>
      <inflClass tag="st.Masc"/>
      <inflClass_gen tag="st.Masc"/>
    </tok_anno>
  </token>
  <token id="t30" trans="helfe" type="token">
    <tok_dipl id="t30_d1" trans="helfe" utf="helfe"/>
    <tok_anno ascii="helfe" id="t30_m1" trans="helfe" utf="helfe">
      <norm tag="helfen"/>
      <lemma tag="hëlfen"/>
      <lemma_gen tag="hëlfen"/>
      <lemma_idmwb tag="70920000"/>
      <pos tag="VVINF"/>
      <pos_gen tag="VV"/>
      <infl tag="--"/>
      <inflClass tag="st3b"/>
      <inflClass_gen tag="st3b"/>
    </tok_anno>
  </token>
  <token id="t31" trans="mu\oze,," type="token">
    <tok_dipl id="t31_d1" trans="mu\oze" utf="muͦze"/>
    <tok_anno ascii="muoze" id="t31_m1" trans="mu\oze" utf="muͦze">
      <norm tag="müeze"/>
      <lemma tag="müèzen"/>
      <lemma_gen tag="müèzen"/>
      <lemma_idmwb tag="116049000"/>
      <pos tag="VMFIN"/>
      <pos_gen tag="VM"/>
      <infl tag="Subj.Pres.Sg.3"/>
      <inflClass tag="prpr"/>
      <inflClass_gen tag="prpr"/>
      <punc tag="S*"/>
    </tok_anno>
  </token>
  <token id="t32" trans="." type="punc">
    <tok_dipl id="t32_d1" trans="." utf="."/>
    <tok_anno ascii="." id="t32_m1" trans="." utf=".">
      <pos tag="$_"/>
      <pos_gen tag="$_"/>
    </tok_anno>
  </token>
  <token id="t33" trans="daz" type="token">
    <tok_dipl id="t33_d1" trans="daz" utf="daz"/>
    <tok_anno ascii="daz" id="t33_m1" trans="daz" utf="daz">
      <norm tag="daz"/>
      <lemma tag="dazz"/>
      <lemma_gen tag="dazz"/>
      <lemma_idmwb tag="29484000"/>
      <pos tag="KOUS"/>
      <pos_gen tag="KO"/>
      <infl tag="--"/>
      <inflClass tag="--"/>
      <inflClass_gen tag="--"/>
    </tok_anno>
  </token>
  <token id="t34" trans="$i" type="token">
    <tok_dipl id="t34_d1" trans="$i" utf="ſi"/>
    <tok_anno ascii="si" id="t34_m1" trans="$i" utf="ſi">
      <norm tag="si"/>
      <lemma tag="ër"/>
      <lemma_gen tag="ër"/>
      <lemma_idmwb tag="40380000"/>
      <pos tag="PPER"/>
      <pos_gen tag="PPER"/>
      <infl tag="*.Nom.Pl.3"/>
      <inflClass tag="--"/>
      <inflClass_gen tag="--"/>
    </tok_anno>
  </token>
  <token id="t35" trans="ir" type="token">
    <tok_dipl id="t35_d1" trans="ir" utf="ir"/>
    <tok_anno ascii="ir" id="t35_m1" trans="ir" utf="ir">
      <norm tag="ire"/>
      <lemma tag="ir(e)"/>
      <lemma_gen tag="ir(e)"/>
      <lemma_idmwb tag="83982000"/>
      <pos tag="DPOSA"/>
      <pos_gen tag="DPOS"/>
      <infl tag="Fem.Akk.Sg.0"/>
      <inflClass tag="--"/>
      <inflClass_gen tag="--"/>
    </tok_anno>
  </token>
  <token id="t36" trans="$unde" type="token">
    <tok_dipl id="t36_d1" trans="$unde" utf="ſunde"/>
    <tok_anno ascii="sunde" id="t36_m1" trans="$unde" utf="ſunde">
      <norm tag="sünde"/>
      <lemma tag="sünte"/>
      <lemma_gen tag="sünte"/>
      <lemma_idmwb tag="162993000"/>
      <pos tag="NA"/>
      <pos_gen tag="NA"/>
      <infl tag="Akk.Sg"/>
      <inflClass tag="st.Fem"/>
      <inflClass_gen tag="*.Fem"/>
    </tok_anno>
  </token>
  <token id="t37" trans="gebo\vzen(.)" type="token">
    <tok_dipl id="t37_d1" trans="gebo\vzen" utf="geboͮzen"/>
    <tok_anno ascii="gebovzen" id="t37_m1" trans="gebo\vzen" utf="geboͮzen">
      <norm tag="gebüezen"/>
      <lemma tag="ge-büèzen"/>
      <lemma_gen tag="ge-büèzen"/>
      <lemma_idmwb tag="48537000"/>
      <pos tag="VVFIN"/>
      <pos_gen tag="VV"/>
      <infl tag="*.Pres.Pl.3"/>
      <inflClass tag="wk"/>
      <inflClass_gen tag="wk"/>
      <punc tag="DE"/>
    </tok_anno>
  </token>
  <token id="t38" trans="." type="punc">
    <tok_dipl id="t38_d1" trans="." utf="."/>
    <tok_anno ascii="." id="t38_m1" trans="." utf=".">
      <pos tag="$_"/>
      <pos_gen tag="$_"/>
      <punc tag="$E"/>
    </tok_anno>
  </token>
  <token id="t39" trans="Li$" type="token">
    <tok_dipl id="t39_d1" trans="Li$" utf="Liſ"/>
    <tok_anno ascii="Lis" id="t39_m1" trans="Li$" utf="Liſ">
      <norm tag="lis"/>
      <lemma tag="lësen"/>
      <lemma_gen tag="lësen"/>
      <lemma_idmwb tag="101871000"/>
      <pos tag="VVIMP"/>
      <pos_gen tag="VV"/>
      <infl tag="Sg.2"/>
      <inflClass tag="st5"/>
      <inflClass_gen tag="st5"/>
    </tok_anno>
  </token>
  <token id="t40" trans="den" type="token">
    <tok_dipl id="t40_d1" trans="den" utf="den"/>
    <tok_anno ascii="den" id="t40_m1" trans="den" utf="den">
      <norm tag="den"/>
      <lemma tag="dër"/>
      <lemma_gen tag="dër"/>
      <lemma_idmwb tag="29817000"/>
      <pos tag="DDART"/>
      <pos_gen tag="DD"/>
      <infl tag="Masc.Akk.Sg"/>
      <inflClass tag="--"/>
      <inflClass_gen tag="--"/>
    </tok_anno>
  </token>
  <token id="t41" trans="$alm\-" type="token">
    <tok_dipl id="t41_d1" trans="$alm\-" utf="ſalm̄"/>
    <tok_anno ascii="salem" id="t41_m1" trans="$alm\-" utf="ſalm̄">
      <norm tag="salmen"/>
      <lemma tag="salm(e)"/>
      <lemma_gen tag="salm(e)"/>
      <lemma_idmwb tag="139368000"/>
      <pos tag="NA"/>
      <pos_gen tag="NA"/>
      <infl tag="Akk.Sg"/>
      <inflClass tag="st(u).Masc"/>
      <inflClass_gen tag="st(u).Masc,Neut"/>
    </tok_anno>
  </token>
  <token id="t42" trans="un$erme" type="token">
    <tok_dipl id="t42_d1" trans="un$erme" utf="unſerme"/>
    <tok_anno ascii="unserme" id="t42_m1" trans="un$erme" utf="unſerme">
      <norm tag="unserme"/>
      <lemma tag="unser"/>
      <lemma_gen tag="unser"/>
      <lemma_idmwb tag="190590000"/>
      <pos tag="DPOSA"/>
      <pos_gen tag="DPOS"/>
      <infl tag="Masc.Dat.Sg.st"/>
      <inflClass tag="--"/>
      <inflClass_gen tag="--"/>
    </tok_anno>
  </token>
  <token id="t43" trans="herren,," type="token">
    <tok_dipl id="t43_d1" trans="herren" utf="herren"/>
    <tok_anno ascii="herren" id="t43_m1" trans="herren" utf="herren">
      <norm tag="hêrren"/>
      <lemma tag="hêrre"/>
      <lemma_gen tag="hêrre"/>
      <lemma_idmwb tag="72543000"/>
      <pos tag="NA"/>
      <pos_gen tag="NA"/>
      <infl tag="Dat.Sg"/>
      <inflClass tag="*.Masc"/>
      <inflClass_gen tag="*.Masc"/>
      <punc tag="S*"/>
    </tok_anno>
  </token>
  <token id="t44" trans="wan" type="token">
    <tok_dipl id="t44_d1" trans="wan" utf="wan"/>
    <tok_anno ascii="wan" id="t44_m1" trans="wan" utf="wan">
      <norm tag="wan"/>
      <lemma tag="wante"/>
      <lemma_gen tag="wante"/>
      <lemma_idmwb tag="221532000"/>
      <pos tag="KO*"/>
      <pos_gen tag="KO"/>
      <infl tag="--"/>
      <inflClass tag="--"/>
      <inflClass_gen tag="--"/>
    </tok_anno>
  </token>
  <token id="t45" trans="er" type="token">
    <tok_dipl id="t45_d1" trans="er" utf="er"/>
    <tok_anno ascii="er" id="t45_m1" trans="er" utf="er">
      <norm tag="er"/>
      <lemma tag="ër"/>
      <lemma_gen tag="ër"/>
      <lemma_idmwb tag="40380000"/>
      <pos tag="PPER"/>
      <pos_gen tag="PPER"/>
      <infl tag="Masc.Nom.Sg.3"/>
      <inflClass tag="--"/>
      <inflClass_gen tag="--"/>
    </tok_anno>
  </token>
  <token id="t46" trans="in" type="token">
    <tok_dipl id="t46_d1" trans="in" utf="in"/>
    <tok_anno ascii="in" id="t46_m1" trans="in" utf="in">
      <norm tag="in"/>
      <lemma tag="ër"/>
      <lemma_gen tag="ër"/>
      <lemma_idmwb tag="40380000"/>
      <pos tag="PPER"/>
      <pos_gen tag="PPER"/>
      <infl tag="Masc.Akk.Sg.3"/>
      <inflClass tag="--"/>
      <inflClass_gen tag="--"/>
    </tok_anno>
  </token>
  <token id="t47" trans="do" type="token">
    <tok_dipl id="t47_d1" trans="do" utf="do"/>
    <tok_anno ascii="do" id="t47_m1" trans="do" utf="do">
      <norm tag="dô"/>
      <lemma tag="dô"/>
      <lemma_gen tag="dô"/>
      <lemma_idmwb tag="31164000"/>
      <pos tag="AVD"/>
      <pos_gen tag="AVD-KO"/>
      <infl tag="--"/>
      <inflClass tag="--"/>
      <inflClass_gen tag="--"/>
    </tok_anno>
  </token>
  <token id="t48" trans="$prach,," type="token">
    <tok_dipl id="t48_d1" trans="$prach" utf="ſprach"/>
    <tok_anno ascii="sprach" id="t48_m1" trans="$prach" utf="ſprach">
      <norm tag="sprach"/>
      <lemma tag="sprëchen"/>
      <lemma_gen tag="sprëchen"/>
      <lemma_idmwb tag="156540000"/>
      <pos tag="VVFIN"/>
      <pos_gen tag="VV"/>
      <infl tag="Ind.Past.Sg.3"/>
      <inflClass tag="st4"/>
      <inflClass_gen tag="st4"/>
      <punc tag="S*"/>
    </tok_anno>
  </token>
  <token id="t49" trans="do" type="token">
    <tok_dipl id="t49_d1" trans="do" utf="do"/>
    <tok_anno ascii="do" id="t49_m1" trans="do" utf="do">
      <norm tag="dô"/>
      <lemma tag="dô"/>
      <lemma_gen tag="dô"/>
      <lemma_idmwb tag="31164000"/>
      <pos tag="KOUS"/>
      <pos_gen tag="KO"/>
      <infl tag="--"/>
      <inflClass tag="--"/>
      <inflClass_gen tag="--"/>
    </tok_anno>
  </token>
  <token id="t50" trans="er" type="token">
    <tok_dipl id="t50_d1" trans="er" utf="er"/>
    <tok_anno ascii="er" id="t50_m1" trans="er" utf="er">
      <norm tag="er"/>
      <lemma tag="ër"/>
      <lemma_gen tag="ër"/>
      <lemma_idmwb tag="40380000"/>
      <pos tag="PPER"/>
      <pos_gen tag="PPER"/>
      <infl tag="Masc.Nom.Sg.3"/>
      <inflClass tag="--"/>
      <inflClass_gen tag="--"/>
    </tok_anno>
  </token>
  <token id="t51" trans="die" type="token">
    <tok_dipl id="t51_d1" trans="die" utf="die"/>
    <tok_anno ascii="die" id="t51_m1" trans="die" utf="die">
      <norm tag="die"/>
      <lemma tag="dër"/>
      <lemma_gen tag="dër"/>
      <lemma_idmwb tag="29817000"/>
      <pos tag="DDART"/>
      <pos_gen tag="DD"/>
      <infl tag="Fem.Akk.Sg"/>
      <inflClass tag="--"/>
      <inflClass_gen tag="--"/>
    </tok_anno>
  </token>
  <token id="t52" trans="helle" type="token">
    <tok_dipl id="t52_d1" trans="helle" utf="helle"/>
    <tok_anno ascii="helle" id="t52_m1" trans="helle" utf="helle">
      <norm tag="helle"/>
      <lemma tag="hèlle"/>
      <lemma_gen tag="hèlle"/>
      <lemma_idmwb tag="70986000"/>
      <pos tag="NA"/>
      <pos_gen tag="NA"/>
      <infl tag="Akk.Sg"/>
      <inflClass tag="st.Fem"/>
      <inflClass_gen tag="*.Fem"/>
    </tok_anno>
  </token>
  <token id="t53" trans="brach(.)" type="token">
    <tok_dipl id="t53_d1" trans="brach" utf="brach"/>
    <tok_anno ascii="brach" id="t53_m1" trans="brach" utf="brach">
      <norm tag="brach"/>
      <lemma tag="brëchen"/>
      <lemma_gen tag="brëchen"/>
      <lemma_idmwb tag="24666000"/>
      <pos tag="VVFIN"/>
      <pos_gen tag="VV"/>
      <infl tag="Ind.Past.Sg.3"/>
      <inflClass tag="st4"/>
      <inflClass_gen tag="st4"/>
      <punc tag="DE"/>
    </tok_anno>
  </token>
  <token id="t54" trans="Lis" type="token">
    <tok_dipl id="t54_d1" trans="Lis" utf="Lis"/>
    <tok_anno ascii="Lis" id="t54_m1" trans="Lis" utf="Lis">
      <norm tag="lis"/>
      <lemma tag="lësen"/>
      <lemma_gen tag="lësen"/>
      <lemma_idmwb tag="101871000"/>
      <pos tag="VVIMP"/>
      <pos_gen tag="VV"/>
      <infl tag="Sg.2"/>
      <inflClass tag="st5"/>
      <inflClass_gen tag="st5"/>
    </tok_anno>
  </token>
  <token id="t55" trans="den" type="token">
    <tok_dipl id="t55_d1" trans="den" utf="den"/>
    <tok_anno ascii="den" id="t55_m1" trans="den" utf="den">
      <norm tag="den"/>
      <lemma tag="dër"/>
      <lemma_gen tag="dër"/>
      <lemma_idmwb tag="29817000"/>
      <pos tag="DDART"/>
      <pos_gen tag="DD"/>
      <infl tag="Masc.Akk.Sg"/>
      <inflClass tag="--"/>
      <inflClass_gen tag="--"/>
    </tok_anno>
  </token>
  <token id="t56" trans="$alm\-" type="token">
    <tok_dipl id="t56_d1" trans="$alm\-" utf="ſalm̄"/>
    <tok_anno ascii="salem" id="t56_m1" trans="$alm\-" utf="ſalm̄">
      <norm tag="salmen"/>
      <lemma tag="salm(e)"/>
      <lemma_gen tag="salm(e)"/>
      <lemma_idmwb tag="139368000"/>
      <pos tag="NA"/>
      <pos_gen tag="NA"/>
      <infl tag="Akk.Sg"/>
      <inflClass tag="st(u).Masc"/>
      <inflClass_gen tag="st(u).Masc,Neut"/>
    </tok_anno>
  </token>
  <token id="t57" trans="vn$ers" type="token">
    <tok_dipl id="t57_d1" trans="vn$ers" utf="vnſers"/>
    <tok_anno ascii="vnsers" id="t57_m1" trans="vn$ers" utf="vnſers">
      <norm tag="unsers"/>
      <lemma tag="unser"/>
      <lemma_gen tag="unser"/>
      <lemma_idmwb tag="190590000"/>
      <pos tag="DPOSA"/>
      <pos_gen tag="DPOS"/>
      <infl tag="Masc.Gen.Sg.st"/>
      <inflClass tag="--"/>
      <inflClass_gen tag="--"/>
    </tok_anno>
  </token>
  <token id="t58" trans="herren" type="token">
    <tok_dipl id="t58_d1" trans="herren" utf="herren"/>
    <tok_anno ascii="herren" id="t58_m1" trans="herren" utf="herren">
      <norm tag="hêrren"/>
      <lemma tag="hêrre"/>
      <lemma_gen tag="hêrre"/>
      <lemma_idmwb tag="72543000"/>
      <pos tag="NA"/>
      <pos_gen tag="NA"/>
      <infl tag="Gen.Sg"/>
      <inflClass tag="*.Masc"/>
      <inflClass_gen tag="*.Masc"/>
    </tok_anno>
  </token>
  <token id="t59" trans="marty\.r(.)" type="token">
    <tok_dipl id="t59_d1" trans="marty\.r" utf="martẏr"/>
    <tok_anno ascii="martyr" id="t59_m1" trans="marty\.r" utf="martẏr">
      <norm tag="martere"/>
      <lemma tag="marter(e)"/>
      <lemma_gen tag="marter(e)"/>
      <lemma_idmwb tag="108570000"/>
      <pos tag="NA"/>
      <pos_gen tag="NA"/>
      <infl tag="Dat.Sg"/>
      <inflClass tag="st.Fem"/>
      <inflClass_gen tag="*.Fem"/>
      <punc tag="DE"/>
    </tok_anno>
  </token>
  <token id="t60" trans="er" type="token">
    <tok_dipl id="t60_d1" trans="er" utf="er"/>
    <tok_anno ascii="er" id="t60_m1" trans="er" utf="er">
      <norm tag="er"/>
      <lemma tag="ër"/>
      <lemma_gen tag="ër"/>
      <lemma_idmwb tag="40380000"/>
      <pos tag="PPER"/>
      <pos_gen tag="PPER"/>
      <infl tag="Masc.Nom.Sg.3"/>
      <inflClass tag="--"/>
      <inflClass_gen tag="--"/>
    </tok_anno>
  </token>
  <token id="t61" trans="lo(=)bet" type="token">
    <tok_dipl id="t61_d1" trans="lobet" utf="lobet"/>
    <tok_anno ascii="lobet" id="t61_m1" trans="lo(=)bet" utf="lobet">
      <norm tag="lobet"/>
      <token_type tag="UL"/>
      <lemma tag="loben"/>
      <lemma_gen tag="loben"/>
      <lemma_idmwb tag="104421000"/>
      <pos tag="VVFIN"/>
      <pos_gen tag="VV"/>
      <infl tag="Ind.Pres.Sg.3"/>
      <inflClass tag="wk"/>
      <inflClass_gen tag="wk"/>
    </tok_anno>
  </token>
  <token id="t62" trans="in" type="token">
    <tok_dipl id="t62_d1" trans="in" utf="in"/>
    <tok_anno ascii="in" id="t62_m1" trans="in" utf="in">
      <norm tag="in"/>
      <lemma tag="ër"/>
      <lemma_gen tag="ër"/>
      <lemma_idmwb tag="40380000"/>
      <pos tag="PPER"/>
      <pos_gen tag="PPER"/>
      <infl tag="Masc.Akk.Sg.3"/>
      <inflClass tag="--"/>
      <inflClass_gen tag="--"/>
    </tok_anno>
  </token>
  <token id="t63" trans="vor" type="token">
    <tok_dipl id="t63_d1" trans="vor" utf="vor"/>
    <tok_anno ascii="vor" id="t63_m1" trans="vor" utf="vor">
      <norm tag="vore"/>
      <lemma tag="vor(e)"/>
      <lemma_gen tag="vor(e)"/>
      <lemma_idmwb tag="213246000"/>
      <pos tag="AVD"/>
      <pos_gen tag="AVD"/>
      <infl tag="--"/>
      <inflClass tag="--"/>
      <inflClass_gen tag="--"/>
    </tok_anno>
  </token>
  <token id="t64" trans="den" type="token">
    <tok_dipl id="t64_d1" trans="den" utf="den"/>
    <tok_anno ascii="den" id="t64_m1" trans="den" utf="den">
      <norm tag="den"/>
      <lemma tag="dër"/>
      <lemma_gen tag="dër"/>
      <lemma_idmwb tag="29817000"/>
      <pos tag="DDART"/>
      <pos_gen tag="DD"/>
      <infl tag="*.Dat.Pl"/>
      <inflClass tag="--"/>
      <inflClass_gen tag="--"/>
    </tok_anno>
  </token>
  <token id="t65" trans="allen" type="token">
    <tok_dipl id="t65_d1" trans="allen" utf="allen"/>
    <tok_anno ascii="allen" id="t65_m1" trans="allen" utf="allen">
      <norm tag="allen"/>
      <lemma tag="all"/>
      <lemma_gen tag="all"/>
      <lemma_idmwb tag="3531000"/>
      <pos tag="DIA"/>
      <pos_gen tag="DI"/>
      <infl tag="*.Dat.Pl.st"/>
      <inflClass tag="--"/>
      <inflClass_gen tag="--"/>
    </tok_anno>
  </token>
  <token id="t66" trans="an(=)deren(.)" type="token">
    <tok_dipl id="t66_d1" trans="anderen" utf="anderen"/>
    <tok_anno ascii="anderen" id="t66_m1" trans="an(=)deren" utf="anderen">
      <norm tag="anderen"/>
      <token_type tag="UL"/>
      <lemma tag="ander"/>
      <lemma_gen tag="ander"/>
      <lemma_idmwb tag="5580000"/>
      <pos tag="DIS"/>
      <pos_gen tag="DI"/>
      <infl tag="*.Dat.Pl.st"/>
      <inflClass tag="--"/>
      <inflClass_gen tag="--"/>
      <punc tag="DE"/>
    </tok_anno>
  </token>
  <token id="t67" trans="." type="punc">
    <tok_dipl id="t67_d1" trans="." utf="."/>
    <tok_anno ascii="." id="t67_m1" trans="." utf=".">
      <pos tag="$_"/>
      <pos_gen tag="$_"/>
      <punc tag="$E"/>
    </tok_anno>
  </token>
  <token id="t68" trans="du" type="token">
    <tok_dipl id="t68_d1" trans="du" utf="du"/>
    <tok_anno ascii="du" id="t68_m1" trans="du" utf="du">
      <norm tag="dû"/>
      <lemma tag="dû"/>
      <lemma_gen tag="dû"/>
      <lemma_idmwb tag="32607000"/>
      <pos tag="PPER"/>
      <pos_gen tag="PPER"/>
      <infl tag="Nom.Sg.2"/>
      <inflClass tag="--"/>
      <inflClass_gen tag="--"/>
    </tok_anno>
  </token>
  <token id="t69" trans="$olt" type="token">
    <tok_dipl id="t69_d1" trans="$olt" utf="ſolt"/>
    <tok_anno ascii="solt" id="t69_m1" trans="$olt" utf="ſolt">
      <norm tag="solt"/>
      <lemma tag="sol(e)n"/>
      <lemma_gen tag="sol(e)n"/>
      <lemma_idmwb tag="154377000"/>
      <pos tag="VMFIN"/>
      <pos_gen tag="VM"/>
      <infl tag="Ind.Pres.Sg.2"/>
      <inflClass tag="prpr"/>
      <inflClass_gen tag="prpr"/>
    </tok_anno>
  </token>
  <token id="t70" trans="in" type="token">
    <tok_dipl id="t70_d1" trans="in" utf="in"/>
    <tok_anno ascii="in" id="t70_m1" trans="in" utf="in">
      <norm tag="in"/>
      <lemma tag="ër"/>
      <lemma_gen tag="ër"/>
      <lemma_idmwb tag="40380000"/>
      <pos tag="PPER"/>
      <pos_gen tag="PPER"/>
      <infl tag="Masc.Akk.Sg.3"/>
      <inflClass tag="--"/>
      <inflClass_gen tag="--"/>
    </tok_anno>
  </token>
  <token id="t71" trans="ouch" type="token">
    <tok_dipl id="t71_d1" trans="ouch" utf="ouch"/>
    <tok_anno ascii="ouch" id="t71_m1" trans="ouch" utf="ouch">
      <norm tag="ouch"/>
      <lemma tag="ouch"/>
      <lemma_gen tag="ouch"/>
      <lemma_idmwb tag="125211000"/>
      <pos tag="AVD"/>
      <pos_gen tag="AVD-KO"/>
      <infl tag="--"/>
      <inflClass tag="--"/>
      <inflClass_gen tag="--"/>
    </tok_anno>
  </token>
  <token id="t72" trans="$prechen,," type="token">
    <tok_dipl id="t72_d1" trans="$prechen" utf="ſprechen"/>
    <tok_anno ascii="sprechen" id="t72_m1" trans="$prechen" utf="ſprechen">
      <norm tag="sprechen"/>
      <lemma tag="sprëchen"/>
      <lemma_gen tag="sprëchen"/>
      <lemma_idmwb tag="156540000"/>
      <pos tag="VVINF"/>
      <pos_gen tag="VV"/>
      <infl tag="--"/>
      <inflClass tag="st4"/>
      <inflClass_gen tag="st4"/>
      <punc tag="S*"/>
    </tok_anno>
  </token>
  <token id="t73" trans="$o" type="token">
    <tok_dipl id="t73_d1" trans="$o" utf="ſo"/>
    <tok_anno ascii="so" id="t73_m1" trans="$o" utf="ſo">
      <norm tag="sô"/>
      <lemma tag="sô"/>
      <lemma_gen tag="sô"/>
      <lemma_idmwb tag="154164000"/>
      <pos tag="KO*"/>
      <pos_gen tag="KO"/>
      <infl tag="--"/>
      <inflClass tag="--"/>
      <inflClass_gen tag="--"/>
    </tok_anno>
  </token>
  <token id="t74" trans="dir" type="token">
    <tok_dipl id="t74_d1" trans="dir" utf="dir"/>
    <tok_anno ascii="dir" id="t74_m1" trans="dir" utf="dir">
      <norm tag="dir"/>
      <lemma tag="dû"/>
      <lemma_gen tag="dû"/>
      <lemma_idmwb tag="32607000"/>
      <pos tag="PPER"/>
      <pos_gen tag="PPER"/>
      <infl tag="Dat.Sg.2"/>
      <inflClass tag="--"/>
      <inflClass_gen tag="--"/>
    </tok_anno>
  </token>
  <token id="t75" trans="der" type="token">
    <tok_dipl id="t75_d1" trans="der" utf="der"/>
    <tok_anno ascii="der" id="t75_m1" trans="der" utf="der">
      <norm tag="der"/>
      <lemma tag="dër"/>
      <lemma_gen tag="dër"/>
      <lemma_idmwb tag="29817000"/>
      <pos tag="DDART"/>
      <pos_gen tag="DD"/>
      <infl tag="*.Gen.Pl"/>
      <inflClass tag="--"/>
      <inflClass_gen tag="--"/>
    </tok_anno>
  </token>
  <token id="t76" trans="dinge" type="token">
    <tok_dipl id="t76_d1" trans="dinge" utf="dinge"/>
    <tok_anno ascii="dinge" id="t76_m1" trans="dinge" utf="dinge">
      <norm tag="dinge"/>
      <lemma tag="ding"/>
      <lemma_gen tag="ding"/>
      <lemma_idmwb tag="30570000"/>
      <pos tag="NA"/>
      <pos_gen tag="NA"/>
      <infl tag="Gen.Pl"/>
      <inflClass tag="st.Neut"/>
      <inflClass_gen tag="st.Neut"/>
    </tok_anno>
  </token>
  <token id="t77" trans="gezeme,," type="token">
    <tok_dipl id="t77_d1" trans="gezeme" utf="gezeme"/>
    <tok_anno ascii="gezeme" id="t77_m1" trans="gezeme" utf="gezeme">
      <norm tag="gezeme"/>
      <lemma tag="ge-zëmen"/>
      <lemma_gen tag="ge-zëmen"/>
      <lemma_idmwb tag="60930000"/>
      <pos tag="VVFIN"/>
      <pos_gen tag="VV"/>
      <infl tag="Subj.Pres.Sg.3"/>
      <inflClass tag="st4"/>
      <inflClass_gen tag="st4"/>
      <punc tag="S*"/>
    </tok_anno>
  </token>
  <token id="t78" trans="." type="punc">
    <tok_dipl id="t78_d1" trans="." utf="."/>
    <tok_anno ascii="." id="t78_m1" trans="." utf=".">
      <pos tag="$_"/>
      <pos_gen tag="$_"/>
    </tok_anno>
  </token>
  <token id="t79" trans="so" type="token">
    <tok_dipl id="t79_d1" trans="so" utf="so"/>
    <tok_anno ascii="so" id="t79_m1" trans="so" utf="so">
      <norm tag="sô"/>
      <lemma tag="sô"/>
      <lemma_gen tag="sô"/>
      <lemma_idmwb tag="154164000"/>
      <pos tag="KO*"/>
      <pos_gen tag="KO"/>
      <infl tag="--"/>
      <inflClass tag="--"/>
      <inflClass_gen tag="--"/>
    </tok_anno>
  </token>
  <token id="t80" trans="dich" type="token">
    <tok_dipl id="t80_d1" trans="dich" utf="dich"/>
    <tok_anno ascii="dich" id="t80_m1" trans="dich" utf="dich">
      <norm tag="dich"/>
      <lemma tag="dû"/>
      <lemma_gen tag="dû"/>
      <lemma_idmwb tag="32607000"/>
      <pos tag="PPER"/>
      <pos_gen tag="PPER"/>
      <infl tag="Akk.Sg.2"/>
      <inflClass tag="--"/>
      <inflClass_gen tag="--"/>
    </tok_anno>
  </token>
  <token id="t81" trans="der" type="token">
    <tok_dipl id="t81_d1" trans="der" utf="der"/>
    <tok_anno ascii="der" id="t81_m1" trans="der" utf="der">
      <norm tag="der"/>
      <lemma tag="dër"/>
      <lemma_gen tag="dër"/>
      <lemma_idmwb tag="29817000"/>
      <pos tag="DDART"/>
      <pos_gen tag="DD"/>
      <infl tag="Masc.Nom.Sg"/>
      <inflClass tag="--"/>
      <inflClass_gen tag="--"/>
    </tok_anno>
  </token>
  <token id="t82" trans="tievel" type="token">
    <tok_dipl id="t82_d1" trans="tievel" utf="tievel"/>
    <tok_anno ascii="tievel" id="t82_m1" trans="tievel" utf="tievel">
      <norm tag="tiuvel"/>
      <lemma tag="tiuvel"/>
      <lemma_gen tag="tiuvel"/>
      <lemma_idmwb tag="168678000"/>
      <pos tag="NA"/>
      <pos_gen tag="NA"/>
      <infl tag="Nom.Sg"/>
      <inflClass tag="st.Masc"/>
      <inflClass_gen tag="st.Masc"/>
    </tok_anno>
  </token>
  <token id="t83" trans="de\-" type="token">
    <tok_dipl id="t83_d1" trans="de\-" utf="dē"/>
    <tok_anno ascii="den" id="t83_m1" trans="de\-" utf="dē">
      <norm tag="den"/>
      <lemma tag="dër"/>
      <lemma_gen tag="dër"/>
      <lemma_idmwb tag="29817000"/>
      <pos tag="DDART"/>
      <pos_gen tag="DD"/>
      <infl tag="*.Dat.Pl"/>
      <inflClass tag="--"/>
      <inflClass_gen tag="--"/>
    </tok_anno>
  </token>
  <token id="t84" trans="engele" type="token">
    <tok_dipl id="t84_d1" trans="engele" utf="engele"/>
    <tok_anno ascii="engele" id="t84_m1" trans="engele" utf="engele">
      <norm tag="engelen"/>
      <lemma tag="èngel"/>
      <lemma_gen tag="èngel"/>
      <lemma_idmwb tag="37740000"/>
      <pos tag="NA"/>
      <pos_gen tag="NA"/>
      <infl tag="Dat.Pl"/>
      <inflClass tag="st.Masc"/>
      <inflClass_gen tag="st.Masc"/>
    </tok_anno>
  </token>
  <token id="t85" trans="beneme(.)" type="token">
    <tok_dipl id="t85_d1" trans="beneme" utf="beneme"/>
    <tok_anno ascii="beneme" id="t85_m1" trans="beneme" utf="beneme">
      <norm tag="beneme"/>
      <lemma tag="be-nëmen"/>
      <lemma_gen tag="be-nëmen"/>
      <lemma_idmwb tag="14985000"/>
      <pos tag="VVFIN"/>
      <pos_gen tag="VV"/>
      <infl tag="Subj.Pres.Sg.3"/>
      <inflClass tag="st4"/>
      <inflClass_gen tag="st4"/>
      <punc tag="DE"/>
    </tok_anno>
  </token>
  <token id="t86" trans="." type="punc">
    <tok_dipl id="t86_d1" trans="." utf="."/>
    <tok_anno ascii="." id="t86_m1" trans="." utf=".">
      <pos tag="$_"/>
      <pos_gen tag="$_"/>
      <punc tag="$E"/>
    </tok_anno>
  </token>
  <token id="t87" trans="...e" type="token">
    <tok_dipl id="t87_d1" trans="...e" utf="...e"/>
    <tok_anno ascii="...e" id="t87_m1" trans="...e" utf="...e">
      <norm tag="--"/>
      <lemma tag="[!]"/>
      <lemma_gen tag="[!]"/>
      <lemma_idmwb tag="--"/>
      <pos tag="--"/>
      <pos_gen tag="--"/>
      <infl tag="--"/>
      <inflClass tag="--"/>
      <inflClass_gen tag="--"/>
    </tok_anno>
  </token>
  <token id="t88" trans="her#fart" type="token">
    <tok_dipl id="t88_d1" trans="her" utf="her"/>
    <tok_dipl id="t88_d2" trans="fart" utf="fart"/>
    <tok_anno ascii="herfart" id="t88_m1" trans="her#fart" utf="herfart">
      <norm tag="hervart"/>
      <token_type tag="US"/>
      <lemma tag="hèr(e)-vart"/>
      <lemma_gen tag="hèr(e)-vart"/>
      <lemma_idmwb tag="73080000"/>
      <pos tag="NA"/>
      <pos_gen tag="NA"/>
      <infl tag="Nom.Sg"/>
      <inflClass tag="stu.Fem"/>
      <inflClass_gen tag="stu.Fem"/>
    </tok_anno>
  </token>
  <token id="t89" trans="...(.)" type="token">
    <tok_dipl id="t89_d1" trans="..." utf="..."/>
    <tok_anno ascii="..." id="t89_m1" trans="..." utf="...">
      <norm tag="--"/>
      <lemma tag="[!]"/>
      <lemma_gen tag="[!]"/>
      <lemma_idmwb tag="--"/>
      <pos tag="--"/>
      <pos_gen tag="--"/>
      <infl tag="--"/>
      <inflClass tag="--"/>
      <inflClass_gen tag="--"/>
      <punc tag="DE"/>
    </tok_anno>
  </token>
  <token id="t90" trans="mine" type="token">
    <tok_dipl id="t90_d1" trans="mine" utf="mine"/>
    <tok_anno ascii="mine" id="t90_m1" trans="mine" utf="mine">
      <norm tag="mîner"/>
      <lemma tag="mîn"/>
      <lemma_gen tag="mîn"/>
      <lemma_idmwb tag="112026000"/>
      <pos tag="DPOSA"/>
      <pos_gen tag="DPOS"/>
      <infl tag="Masc.Nom.Sg.st"/>
      <inflClass tag="--"/>
      <inflClass_gen tag="--"/>
    </tok_anno>
  </token>
  <token id="t91" trans="..." type="token">
    <tok_dipl id="t91_d1" trans="..." utf="..."/>
    <tok_anno ascii="..." id="t91_m1" trans="..." utf="...">
      <norm tag="--"/>
      <lemma tag="[!]"/>
      <lemma_gen tag="[!]"/>
      <lemma_idmwb tag="--"/>
      <pos tag="--"/>
      <pos_gen tag="--"/>
      <infl tag="--"/>
      <inflClass tag="--"/>
      <inflClass_gen tag="--"/>
    </tok_anno>
  </token>
  <token id="t92" trans="got" type="token">
    <tok_dipl id="t92_d1" trans="got" utf="got"/>
    <tok_anno ascii="got" id="t92_m1" trans="got" utf="got">
      <norm tag="got"/>
      <lemma tag="got"/>
      <lemma_gen tag="got"/>
      <lemma_idmwb tag="63291000"/>
      <pos tag="NA"/>
      <pos_gen tag="NA"/>
      <infl tag="Nom.Sg"/>
      <inflClass tag="st.Masc"/>
      <inflClass_gen tag="st.Masc"/>
    </tok_anno>
  </token>
  <token id="t93" trans="vor(.)" type="token">
    <tok_dipl id="t93_d1" trans="vor" utf="vor"/>
    <tok_anno ascii="vor" id="t93_m1" trans="vor" utf="vor">
      <norm tag="vore"/>
      <lemma tag="vor(e)"/>
      <lemma_gen tag="vor(e)"/>
      <lemma_idmwb tag="213246000"/>
      <pos tag="AVD"/>
      <pos_gen tag="AVD"/>
      <infl tag="--"/>
      <inflClass tag="--"/>
      <inflClass_gen tag="--"/>
      <punc tag="DE"/>
    </tok_anno>
  </token>
  <token id="t94" trans="." type="punc">
    <tok_dipl id="t94_d1" trans="." utf="."/>
    <tok_anno ascii="." id="t94_m1" trans="." utf=".">
      <pos tag="$_"/>
      <pos_gen tag="$_"/>
      <punc tag="$E"/>
    </tok_anno>
  </token>
</text>
