<?xml version='1.0' encoding='UTF-8'?>
<!DOCTYPE text SYSTEM "cora-xml.dtd">
<text id="M086">
  <header>
    <text>Gebetsanweisung zum Psalter</text>
    <abbr_ddd>GebetsanwZü</abbr_ddd>
    <abbr_mwb>[Wilhelm, Denkmäler dt. Prosa Nr. 34]</abbr_mwb>
    <topic>Religion</topic>
    <text-type>Gebetsanweisung</text-type>
    <genre>P</genre>
    <reference>Hs.: Blatt (r/v), Zeile</reference>
    <reference-secondary>-</reference-secondary>
    <library>Zürich, Zentralbibliothek</library>
    <library-shelfmark>Cod. C 171</library-shelfmark>
    <online>http://www.handschriftencensus.de/15474</online>
    <medium>Handschrift</medium>
    <extent>106v</extent>
    <extract>-</extract>
    <language>mhd</language>
    <language-type>oberdeutsch</language-type>
    <language-region>westoberdeutsch</language-region>
    <language-area>alemannisch</language-area>
    <place>-</place>
    <time>-</time>
    <notes-manuscript>Eintrag auf ausradierter Stelle in einem lat. Gebetbuch, am Ende eines Teiles (Bl. 91r-106r) mit fünf Psalmen</notes-manuscript>
    <date>-</date>
    <text-place>-</text-place>
    <text-author>-</text-author>
    <text-language>-</text-language>
    <text-source>-</text-source>
    <edition>Friedrich Wilhelm (Hg.), Denkmäler deutscher Prosa des 11. und 12. Jahrhunderts, Abteilung A: Text; Abteilung B: Kommentar (Münchener Texte 8), München 1914/16 (A: Nr. 34, S. 107, B: S. 196f.)</edition>
    <corpus>ReM I</corpus>
    <notes-transcription>weitere Literatur: Leo Cunibert Mohlberg, Mittelalterliche Handschriften (Katalog der Handschriften der Zentralbibliothek Zürich I), Zürich 1932-1952, S. 74f (Nr. 194).</notes-transcription>
    <notes-annotation>-</notes-annotation>
    <digitization_by>Bochum</digitization_by>
    <collation_by>Bochum</collation_by>
    <pre_editing_by>Bochum</pre_editing_by>
    <annotation_by>Bochum</annotation_by>
    <proofreading_by>Bochum</proofreading_by>
  </header>
  <layoutinfo>
    <page id="p1" no="106" range="c1" side="v"/>
    <column id="c1" range="l1..l18"/>
    <line id="l1" name="1" range="t1_d1..t6_d1" loc="106va,1"/>
    <line id="l2" name="2" range="t7_d1..t10_d1" loc="106va,2"/>
    <line id="l3" name="3" range="t11_d1..t17_d1" loc="106va,3"/>
    <line id="l4" name="4" range="t18_d1..t23_d1" loc="106va,4"/>
    <line id="l5" name="5" range="t24_d1..t27_d1" loc="106va,5"/>
    <line id="l6" name="6" range="t28_d1..t31_d1" loc="106va,6"/>
    <line id="l7" name="7" range="t32_d1..t36_d1" loc="106va,7"/>
    <line id="l8" name="8" range="t37_d1..t42_d1" loc="106va,8"/>
    <line id="l9" name="9" range="t43_d1..t47_d1" loc="106va,9"/>
    <line id="l10" name="10" range="t48_d1..t54_d1" loc="106va,10"/>
    <line id="l11" name="11" range="t55_d1..t60_d1" loc="106va,11"/>
    <line id="l12" name="12" range="t61_d1..t64_d1" loc="106va,12"/>
    <line id="l13" name="13" range="t65_d1..t68_d1" loc="106va,13"/>
    <line id="l14" name="14" range="t69_d1..t73_d1" loc="106va,14"/>
    <line id="l15" name="15" range="t74_d1..t80_d1" loc="106va,15"/>
    <line id="l16" name="16" range="t81_d1..t84_d1" loc="106va,16"/>
    <line id="l17" name="17" range="t85_d1..t90_d1" loc="106va,17"/>
    <line id="l18" name="18" range="t91_d1..t97_d1" loc="106va,18"/>
  </layoutinfo>
  <shifttags>
    <quote range="t13_m1..t17_m1"/>
  </shifttags>
  <token id="t1" trans="Sinc" type="token">
    <tok_dipl id="t1_d1" trans="Sinc" utf="Sinc"/>
    <tok_anno ascii="Sinc" id="t1_m1" trans="Sinc" utf="Sinc">
      <norm tag="sinc"/>
      <lemma tag="singen"/>
      <lemma_gen tag="singen"/>
      <lemma_idmwb tag="150228000"/>
      <pos tag="VVIMP"/>
      <pos_gen tag="VV"/>
      <infl tag="Sg.2"/>
      <inflClass tag="st3a"/>
      <inflClass_gen tag="st3a"/>
    </tok_anno>
  </token>
  <token id="t2" trans="den" type="token">
    <tok_dipl id="t2_d1" trans="den" utf="den"/>
    <tok_anno ascii="den" id="t2_m1" trans="den" utf="den">
      <norm tag="den"/>
      <lemma tag="dër"/>
      <lemma_gen tag="dër"/>
      <lemma_idmwb tag="29817000"/>
      <pos tag="DDART"/>
      <pos_gen tag="DD"/>
      <infl tag="Masc.Akk.Sg"/>
      <inflClass tag="--"/>
      <inflClass_gen tag="--"/>
    </tok_anno>
  </token>
  <token id="t3" trans="$altare" type="token">
    <tok_dipl id="t3_d1" trans="$altare" utf="ſaltare"/>
    <tok_anno ascii="saltare" id="t3_m1" trans="$altare" utf="ſaltare">
      <norm tag="psaltære"/>
      <lemma tag="psaltære"/>
      <lemma_gen tag="psaltære"/>
      <lemma_idmwb tag="130410000"/>
      <pos tag="NA"/>
      <pos_gen tag="NA"/>
      <infl tag="Akk.Sg"/>
      <inflClass tag="st.Masc"/>
      <inflClass_gen tag="st.Masc"/>
    </tok_anno>
  </token>
  <token id="t4" trans="unde" type="token">
    <tok_dipl id="t4_d1" trans="unde" utf="unde"/>
    <tok_anno ascii="unde" id="t4_m1" trans="unde" utf="unde">
      <norm tag="unde"/>
      <lemma tag="unte"/>
      <lemma_gen tag="unte"/>
      <lemma_idmwb tag="183108000"/>
      <pos tag="KON"/>
      <pos_gen tag="KO"/>
      <infl tag="--"/>
      <inflClass tag="--"/>
      <inflClass_gen tag="--"/>
    </tok_anno>
  </token>
  <token id="t5" trans="tu\o" type="token">
    <tok_dipl id="t5_d1" trans="tu\o" utf="tuͦ"/>
    <tok_anno ascii="tuo" id="t5_m1" trans="tu\o" utf="tuͦ">
      <norm tag="tuo"/>
      <lemma tag="tuon"/>
      <lemma_gen tag="tuon"/>
      <lemma_idmwb tag="173655000"/>
      <pos tag="VVIMP"/>
      <pos_gen tag="VV"/>
      <infl tag="Sg.2"/>
      <inflClass tag="irr"/>
      <inflClass_gen tag="irr"/>
    </tok_anno>
  </token>
  <token id="t6" trans="dine" type="token">
    <tok_dipl id="t6_d1" trans="dine" utf="dine"/>
    <tok_anno ascii="dine" id="t6_m1" trans="dine" utf="dine">
      <norm tag="dîne"/>
      <lemma tag="dîn"/>
      <lemma_gen tag="dîn"/>
      <lemma_idmwb tag="30567000"/>
      <pos tag="DPOSA"/>
      <pos_gen tag="DPOS"/>
      <infl tag="Fem.Akk.Sg.st"/>
      <inflClass tag="--"/>
      <inflClass_gen tag="--"/>
    </tok_anno>
  </token>
  <token id="t7" trans="uenie" type="token">
    <tok_dipl id="t7_d1" trans="uenie" utf="uenie"/>
    <tok_anno ascii="uenie" id="t7_m1" trans="uenie" utf="uenie">
      <norm tag="venje"/>
      <lemma tag="vënje"/>
      <lemma_gen tag="vënje"/>
      <lemma_idmwb tag="199962000"/>
      <pos tag="NA"/>
      <pos_gen tag="NA"/>
      <infl tag="Akk.Sg"/>
      <inflClass tag="st.Fem"/>
      <inflClass_gen tag="*.Fem"/>
    </tok_anno>
  </token>
  <token id="t8" trans="zu" type="token">
    <tok_dipl id="t8_d1" trans="zu" utf="zu"/>
    <tok_anno ascii="zu" id="t8_m1" trans="zu" utf="zu">
      <norm tag="zuo"/>
      <lemma tag="ze"/>
      <lemma_gen tag="ze"/>
      <lemma_idmwb tag="235656000"/>
      <pos tag="APPR"/>
      <pos_gen tag="AP"/>
      <infl tag="--"/>
      <inflClass tag="--"/>
      <inflClass_gen tag="--"/>
    </tok_anno>
  </token>
  <token id="t9" trans="iegelichemo" type="token">
    <tok_dipl id="t9_d1" trans="iegelichemo" utf="iegelichemo"/>
    <tok_anno ascii="iegelichemo" id="t9_m1" trans="iegelichemo" utf="iegelichemo">
      <norm tag="iegelîcheme"/>
      <lemma tag="iè-ge-lich"/>
      <lemma_gen tag="iè-ge-lich"/>
      <lemma_idmwb tag="81306000"/>
      <pos tag="DIA"/>
      <pos_gen tag="DI"/>
      <infl tag="Masc,Neut.Dat.Sg.st"/>
      <inflClass tag="--"/>
      <inflClass_gen tag="--"/>
    </tok_anno>
  </token>
  <token id="t10" trans="$almen" type="token">
    <tok_dipl id="t10_d1" trans="$almen" utf="ſalmen"/>
    <tok_anno ascii="salmen" id="t10_m1" trans="$almen" utf="ſalmen">
      <norm tag="salmen"/>
      <lemma tag="salm(e)"/>
      <lemma_gen tag="salm(e)"/>
      <lemma_idmwb tag="139368000"/>
      <pos tag="NA"/>
      <pos_gen tag="NA"/>
      <infl tag="Dat.Sg"/>
      <inflClass tag="st(u).Masc,Neut"/>
      <inflClass_gen tag="st(u).Masc,Neut"/>
    </tok_anno>
  </token>
  <token id="t11" trans="unt" type="token">
    <tok_dipl id="t11_d1" trans="unt" utf="unt"/>
    <tok_anno ascii="unt" id="t11_m1" trans="unt" utf="unt">
      <norm tag="und"/>
      <lemma tag="unte"/>
      <lemma_gen tag="unte"/>
      <lemma_idmwb tag="183108000"/>
      <pos tag="KON"/>
      <pos_gen tag="KO"/>
      <infl tag="--"/>
      <inflClass tag="--"/>
      <inflClass_gen tag="--"/>
    </tok_anno>
  </token>
  <token id="t12" trans="$prih(:)" type="token">
    <tok_dipl id="t12_d1" trans="$prih" utf="ſprih"/>
    <tok_anno ascii="sprih" id="t12_m1" trans="$prih" utf="ſprih">
      <norm tag="sprich"/>
      <lemma tag="sprëchen"/>
      <lemma_gen tag="sprëchen"/>
      <lemma_idmwb tag="156540000"/>
      <pos tag="VVIMP"/>
      <pos_gen tag="VV"/>
      <infl tag="Sg.2"/>
      <inflClass tag="st4"/>
      <inflClass_gen tag="st4"/>
      <punc tag="DE"/>
    </tok_anno>
  </token>
  <token id="t13" trans="&quot;Gl\-a" type="token">
    <tok_dipl id="t13_d1" trans="Gl\-a" utf="Gl̄a"/>
    <tok_anno ascii="Glena" id="t13_m1" trans="Gl\-a" utf="Gl̄a">
      <norm tag="gloria"/>
      <lemma tag="gloria"/>
      <lemma_gen tag="gloria"/>
      <lemma_idmwb tag="--"/>
      <pos tag="NA"/>
      <pos_gen tag="FM"/>
      <infl tag="Nom.Sg"/>
      <inflClass tag="Fem"/>
      <inflClass_gen tag="Fem"/>
    </tok_anno>
  </token>
  <comment type="K">/L[+]</comment>
  <token id="t14" trans="patri" type="token">
    <tok_dipl id="t14_d1" trans="patri" utf="patri"/>
    <tok_anno ascii="patri" id="t14_m1" trans="patri" utf="patri">
      <norm tag="patri"/>
      <lemma tag="pater"/>
      <lemma_gen tag="pater"/>
      <lemma_idmwb tag="--"/>
      <pos tag="NA"/>
      <pos_gen tag="FM"/>
      <infl tag="Dat.Sg"/>
      <inflClass tag="Masc"/>
      <inflClass_gen tag="Masc"/>
    </tok_anno>
  </token>
  <comment type="K">/L[@]</comment>
  <token id="t15" trans="unt" type="token">
    <tok_dipl id="t15_d1" trans="unt" utf="unt"/>
    <tok_anno ascii="unt" id="t15_m1" trans="unt" utf="unt">
      <norm tag="und"/>
      <lemma tag="unte"/>
      <lemma_gen tag="unte"/>
      <lemma_idmwb tag="183108000"/>
      <pos tag="KON"/>
      <pos_gen tag="KO"/>
      <infl tag="--"/>
      <inflClass tag="--"/>
      <inflClass_gen tag="--"/>
    </tok_anno>
  </token>
  <token id="t16" trans="Req\&amp;1e\-" type="token">
    <tok_dipl id="t16_d1" trans="Req\&amp;1e\-" utf="Req①ē"/>
    <tok_anno ascii="Req{1}en" id="t16_m1" trans="Req\&amp;1e\-" utf="Req①ē">
      <norm tag="requiem"/>
      <lemma tag="requies"/>
      <lemma_gen tag="requies"/>
      <lemma_idmwb tag="--"/>
      <pos tag="NA"/>
      <pos_gen tag="FM"/>
      <infl tag="Akk.Sg"/>
      <inflClass tag="Fem"/>
      <inflClass_gen tag="Fem"/>
    </tok_anno>
  </token>
  <comment type="K">/L[+]</comment>
  <token id="t17" trans="et\-(.)&quot;" type="token">
    <tok_dipl id="t17_d1" trans="et\-" utf="et̄"/>
    <tok_anno ascii="eten" id="t17_m1" trans="et\-" utf="et̄">
      <norm tag="aeternam"/>
      <lemma tag="aeternus"/>
      <lemma_gen tag="aeternus"/>
      <lemma_idmwb tag="--"/>
      <pos tag="ADJA"/>
      <pos_gen tag="FM"/>
      <infl tag="Pos.Fem.Akk.Sg"/>
      <inflClass tag="--"/>
      <inflClass_gen tag="--"/>
      <punc tag="DE"/>
    </tok_anno>
  </token>
  <comment type="K">/L[@]</comment>
  <token id="t18" trans="Gip" type="token">
    <tok_dipl id="t18_d1" trans="Gip" utf="Gip"/>
    <tok_anno ascii="Gip" id="t18_m1" trans="Gip" utf="Gip">
      <norm tag="gip"/>
      <lemma tag="gëben"/>
      <lemma_gen tag="gëben"/>
      <lemma_idmwb tag="47766000"/>
      <pos tag="VVIMP"/>
      <pos_gen tag="VV"/>
      <infl tag="Sg.2"/>
      <inflClass tag="st5"/>
      <inflClass_gen tag="st5"/>
    </tok_anno>
  </token>
  <token id="t19" trans="zu" type="token">
    <tok_dipl id="t19_d1" trans="zu" utf="zu"/>
    <tok_anno ascii="zu" id="t19_m1" trans="zu" utf="zu">
      <norm tag="zuo"/>
      <lemma tag="ze"/>
      <lemma_gen tag="ze"/>
      <lemma_idmwb tag="235656000"/>
      <pos tag="APPR"/>
      <pos_gen tag="AP"/>
      <infl tag="--"/>
      <inflClass tag="--"/>
      <inflClass_gen tag="--"/>
    </tok_anno>
  </token>
  <token id="t20" trans="iegelicher" type="token">
    <tok_dipl id="t20_d1" trans="iegelicher" utf="iegelicher"/>
    <tok_anno ascii="iegelicher" id="t20_m1" trans="iegelicher" utf="iegelicher">
      <norm tag="iegelîcher"/>
      <lemma tag="iè-ge-lich"/>
      <lemma_gen tag="iè-ge-lich"/>
      <lemma_idmwb tag="81306000"/>
      <pos tag="DIA"/>
      <pos_gen tag="DI"/>
      <infl tag="Fem.Dat.Sg.st"/>
      <inflClass tag="--"/>
      <inflClass_gen tag="--"/>
    </tok_anno>
  </token>
  <token id="t21" trans="uenie" type="token">
    <tok_dipl id="t21_d1" trans="uenie" utf="uenie"/>
    <tok_anno ascii="uenie" id="t21_m1" trans="uenie" utf="uenie">
      <norm tag="venje"/>
      <lemma tag="vënje"/>
      <lemma_gen tag="vënje"/>
      <lemma_idmwb tag="199962000"/>
      <pos tag="NA"/>
      <pos_gen tag="NA"/>
      <infl tag="Dat.Sg"/>
      <inflClass tag="st.Fem"/>
      <inflClass_gen tag="*.Fem"/>
    </tok_anno>
  </token>
  <token id="t22" trans="ein" type="token">
    <tok_dipl id="t22_d1" trans="ein" utf="ein"/>
    <tok_anno ascii="ein" id="t22_m1" trans="ein" utf="ein">
      <norm tag="ein"/>
      <lemma tag="èin"/>
      <lemma_gen tag="èin"/>
      <lemma_idmwb tag="35925000"/>
      <pos tag="DIART"/>
      <pos_gen tag="DD"/>
      <infl tag="Neut.Akk.Sg.0"/>
      <inflClass tag="--"/>
      <inflClass_gen tag="--"/>
    </tok_anno>
  </token>
  <token id="t23" trans="almv\o(=)$en" type="token">
    <tok_dipl id="t23_d1" trans="almv\o$en" utf="almvͦſen"/>
    <tok_anno ascii="almvosen" id="t23_m1" trans="almv\o(=)$en" utf="almvͦſen">
      <norm tag="almuosen"/>
      <token_type tag="UL"/>
      <lemma tag="almuosen"/>
      <lemma_gen tag="almuosen"/>
      <lemma_idmwb tag="4473000"/>
      <pos tag="NA"/>
      <pos_gen tag="NA"/>
      <infl tag="Akk.Sg"/>
      <inflClass tag="st.Neut"/>
      <inflClass_gen tag="st.Neut"/>
    </tok_anno>
  </token>
  <token id="t24" trans="unt" type="token">
    <tok_dipl id="t24_d1" trans="unt" utf="unt"/>
    <tok_anno ascii="unt" id="t24_m1" trans="unt" utf="unt">
      <norm tag="und"/>
      <lemma tag="unte"/>
      <lemma_gen tag="unte"/>
      <lemma_idmwb tag="183108000"/>
      <pos tag="KON"/>
      <pos_gen tag="KO"/>
      <infl tag="--"/>
      <inflClass tag="--"/>
      <inflClass_gen tag="--"/>
    </tok_anno>
  </token>
  <token id="t25" trans="ein" type="token">
    <tok_dipl id="t25_d1" trans="ein" utf="ein"/>
    <tok_anno ascii="ein" id="t25_m1" trans="ein" utf="ein">
      <norm tag="ein"/>
      <lemma tag="èin"/>
      <lemma_gen tag="èin"/>
      <lemma_idmwb tag="35925000"/>
      <pos tag="DIART"/>
      <pos_gen tag="DD"/>
      <infl tag="Fem.Akk.Sg.0"/>
      <inflClass tag="--"/>
      <inflClass_gen tag="--"/>
    </tok_anno>
  </token>
  <token id="t26" trans="cherzen,," type="token">
    <tok_dipl id="t26_d1" trans="cherzen" utf="cherzen"/>
    <tok_anno ascii="cherzen" id="t26_m1" trans="cherzen" utf="cherzen">
      <norm tag="kerzen"/>
      <lemma tag="kèrze"/>
      <lemma_gen tag="kèrze"/>
      <lemma_idmwb tag="89010000"/>
      <pos tag="NA"/>
      <pos_gen tag="NA"/>
      <infl tag="Akk.Sg"/>
      <inflClass tag="st.Fem"/>
      <inflClass_gen tag="*.Fem"/>
      <punc tag="S*"/>
    </tok_anno>
  </token>
  <token id="t27" trans="gemezzen" type="token">
    <tok_dipl id="t27_d1" trans="gemezzen" utf="gemezzen"/>
    <tok_anno ascii="gemezzen" id="t27_m1" trans="gemezzen" utf="gemezzen">
      <norm tag="gemezzen"/>
      <lemma tag="mëzzen"/>
      <lemma_gen tag="mëzzen"/>
      <lemma_idmwb tag="111528000"/>
      <pos tag="VVPP"/>
      <pos_gen tag="VV"/>
      <infl tag="--"/>
      <inflClass tag="st5"/>
      <inflClass_gen tag="st5"/>
    </tok_anno>
  </token>
  <token id="t28" trans="nah" type="token">
    <tok_dipl id="t28_d1" trans="nah" utf="nah"/>
    <tok_anno ascii="nah" id="t28_m1" trans="nah" utf="nah">
      <norm tag="nâch"/>
      <lemma tag="nâh"/>
      <lemma_gen tag="nâh"/>
      <lemma_idmwb tag="117855000"/>
      <pos tag="APPR"/>
      <pos_gen tag="AP"/>
      <infl tag="--"/>
      <inflClass tag="--"/>
      <inflClass_gen tag="--"/>
    </tok_anno>
  </token>
  <token id="t29" trans="demo" type="token">
    <tok_dipl id="t29_d1" trans="demo" utf="demo"/>
    <tok_anno ascii="demo" id="t29_m1" trans="demo" utf="demo">
      <norm tag="deme"/>
      <lemma tag="dër"/>
      <lemma_gen tag="dër"/>
      <lemma_idmwb tag="29817000"/>
      <pos tag="DDART"/>
      <pos_gen tag="DD"/>
      <infl tag="Masc.Dat.Sg"/>
      <inflClass tag="--"/>
      <inflClass_gen tag="--"/>
    </tok_anno>
  </token>
  <token id="t30" trans="mitteri$temo" type="token">
    <tok_dipl id="t30_d1" trans="mitteri$temo" utf="mitteriſtemo"/>
    <tok_anno ascii="mitteristemo" id="t30_m1" trans="mitteri$temo" utf="mitteriſtemo">
      <norm tag="mitteresteme"/>
      <lemma tag="mitter"/>
      <lemma_gen tag="mitter"/>
      <lemma_idmwb tag="114816000"/>
      <pos tag="ADJA"/>
      <pos_gen tag="ADJ"/>
      <infl tag="Pos.Masc.Dat.Sg.st"/>
      <inflClass tag="--"/>
      <inflClass_gen tag="--"/>
    </tok_anno>
  </token>
  <token id="t31" trans="uinge(=)re" type="token">
    <tok_dipl id="t31_d1" trans="uingere" utf="uingere"/>
    <tok_anno ascii="uingere" id="t31_m1" trans="uinge(=)re" utf="uingere">
      <norm tag="vingere"/>
      <token_type tag="UL"/>
      <lemma tag="vinger"/>
      <lemma_gen tag="vinger"/>
      <lemma_idmwb tag="209211000"/>
      <pos tag="NA"/>
      <pos_gen tag="NA"/>
      <infl tag="Dat.Sg"/>
      <inflClass tag="st.Masc"/>
      <inflClass_gen tag="st.Masc"/>
    </tok_anno>
  </token>
  <token id="t32" trans="diner" type="token">
    <tok_dipl id="t32_d1" trans="diner" utf="diner"/>
    <tok_anno ascii="diner" id="t32_m1" trans="diner" utf="diner">
      <norm tag="dîner"/>
      <lemma tag="dîn"/>
      <lemma_gen tag="dîn"/>
      <lemma_idmwb tag="30567000"/>
      <pos tag="DPOSA"/>
      <pos_gen tag="DPOS"/>
      <infl tag="Fem.Gen.Sg.st"/>
      <inflClass tag="--"/>
      <inflClass_gen tag="--"/>
    </tok_anno>
  </token>
  <token id="t33" trans="ze$ewen" type="token">
    <tok_dipl id="t33_d1" trans="ze$ewen" utf="zeſewen"/>
    <tok_anno ascii="zesewen" id="t33_m1" trans="ze$ewen" utf="zeſewen">
      <norm tag="zeswen"/>
      <lemma tag="zësw"/>
      <lemma_gen tag="zësw"/>
      <lemma_idmwb tag="237987000"/>
      <pos tag="ADJA"/>
      <pos_gen tag="ADJ"/>
      <infl tag="Pos.Fem.Gen.Sg.wk"/>
      <inflClass tag="--"/>
      <inflClass_gen tag="--"/>
    </tok_anno>
  </token>
  <token id="t34" trans="hant,," type="token">
    <tok_dipl id="t34_d1" trans="hant" utf="hant"/>
    <tok_anno ascii="hant" id="t34_m1" trans="hant" utf="hant">
      <norm tag="hant"/>
      <lemma tag="hant"/>
      <lemma_gen tag="hant"/>
      <lemma_idmwb tag="68277000"/>
      <pos tag="NA"/>
      <pos_gen tag="NA"/>
      <infl tag="Gen.Sg"/>
      <inflClass tag="st(u).Fem"/>
      <inflClass_gen tag="st(u).Fem"/>
      <punc tag="S*"/>
    </tok_anno>
  </token>
  <token id="t35" trans="unt" type="token">
    <tok_dipl id="t35_d1" trans="unt" utf="unt"/>
    <tok_anno ascii="unt" id="t35_m1" trans="unt" utf="unt">
      <norm tag="und"/>
      <lemma tag="unte"/>
      <lemma_gen tag="unte"/>
      <lemma_idmwb tag="183108000"/>
      <pos tag="KON"/>
      <pos_gen tag="KO"/>
      <infl tag="--"/>
      <inflClass tag="--"/>
      <inflClass_gen tag="--"/>
    </tok_anno>
  </token>
  <token id="t36" trans="tu\o" type="token">
    <tok_dipl id="t36_d1" trans="tu\o" utf="tuͦ"/>
    <tok_anno ascii="tuo" id="t36_m1" trans="tu\o" utf="tuͦ">
      <norm tag="tuo"/>
      <lemma tag="tuon"/>
      <lemma_gen tag="tuon"/>
      <lemma_idmwb tag="173655000"/>
      <pos tag="VVIMP"/>
      <pos_gen tag="VV"/>
      <infl tag="Sg.2"/>
      <inflClass tag="irr"/>
      <inflClass_gen tag="irr"/>
    </tok_anno>
  </token>
  <token id="t37" trans="daz" type="token">
    <tok_dipl id="t37_d1" trans="daz" utf="daz"/>
    <tok_anno ascii="daz" id="t37_m1" trans="daz" utf="daz">
      <norm tag="daz"/>
      <lemma tag="dër"/>
      <lemma_gen tag="dër"/>
      <lemma_idmwb tag="29823000"/>
      <pos tag="DDS"/>
      <pos_gen tag="DD"/>
      <infl tag="Neut.Akk.Sg"/>
      <inflClass tag="--"/>
      <inflClass_gen tag="--"/>
    </tok_anno>
  </token>
  <token id="t38" trans="nahte$,," type="token">
    <tok_dipl id="t38_d1" trans="nahte$" utf="nahteſ"/>
    <tok_anno ascii="nahtes" id="t38_m1" trans="nahte$" utf="nahteſ">
      <norm tag="nahtes"/>
      <lemma tag="nahtes"/>
      <lemma_gen tag="nahtes"/>
      <lemma_idmwb tag="119010000"/>
      <pos tag="AVD"/>
      <pos_gen tag="AVD"/>
      <infl tag="--"/>
      <inflClass tag="--"/>
      <inflClass_gen tag="--"/>
      <punc tag="S*"/>
    </tok_anno>
  </token>
  <token id="t39" trans="%." type="punc">
    <tok_dipl id="t39_d1" trans="%." utf="·"/>
    <tok_anno ascii="." id="t39_m1" trans="%." utf="·">
      <pos tag="$_"/>
      <pos_gen tag="$_"/>
    </tok_anno>
  </token>
  <token id="t40" trans="unt" type="token">
    <tok_dipl id="t40_d1" trans="unt" utf="unt"/>
    <tok_anno ascii="unt" id="t40_m1" trans="unt" utf="unt">
      <norm tag="und"/>
      <lemma tag="unte"/>
      <lemma_gen tag="unte"/>
      <lemma_idmwb tag="183108000"/>
      <pos tag="KON"/>
      <pos_gen tag="KO"/>
      <infl tag="--"/>
      <inflClass tag="--"/>
      <inflClass_gen tag="--"/>
    </tok_anno>
  </token>
  <token id="t41" trans="friume" type="token">
    <tok_dipl id="t41_d1" trans="friume" utf="friume"/>
    <tok_anno ascii="friume" id="t41_m1" trans="friume" utf="friume">
      <norm tag="vrüme"/>
      <lemma tag="vrümen"/>
      <lemma_gen tag="vrümen"/>
      <lemma_idmwb tag="217422000"/>
      <pos tag="VVIMP"/>
      <pos_gen tag="VV"/>
      <infl tag="Sg.2"/>
      <inflClass tag="wk"/>
      <inflClass_gen tag="wk"/>
    </tok_anno>
  </token>
  <token id="t42" trans="de$||mor(=)gene$" type="token">
    <tok_dipl id="t42_d1" trans="de$morgene$" utf="deſmorgeneſ"/>
    <tok_anno ascii="des" id="t42_m1" trans="de$|" utf="deſ">
      <norm tag="des"/>
      <token_type tag="MS1"/>
      <lemma tag="dër"/>
      <lemma_gen tag="dër"/>
      <lemma_idmwb tag="29817000"/>
      <pos tag="DDART"/>
      <pos_gen tag="DD"/>
      <infl tag="Masc.Gen.Sg"/>
      <inflClass tag="--"/>
      <inflClass_gen tag="--"/>
    </tok_anno>
    <tok_anno ascii="morgenes" id="t42_m2" trans="|mor(=)gene$" utf="morgeneſ">
      <norm tag="morgenes"/>
      <token_type tag="MS2 UL"/>
      <lemma tag="morgen"/>
      <lemma_gen tag="morgen"/>
      <lemma_idmwb tag="115296000"/>
      <pos tag="NA"/>
      <pos_gen tag="NA"/>
      <infl tag="Gen.Sg"/>
      <inflClass tag="st.Masc"/>
      <inflClass_gen tag="st.Masc"/>
    </tok_anno>
  </token>
  <token id="t43" trans="alle" type="token">
    <tok_dipl id="t43_d1" trans="alle" utf="alle"/>
    <tok_anno ascii="alle" id="t43_m1" trans="alle" utf="alle">
      <norm tag="alle"/>
      <lemma tag="all"/>
      <lemma_gen tag="all"/>
      <lemma_idmwb tag="3531000"/>
      <pos tag="DIA"/>
      <pos_gen tag="DI"/>
      <infl tag="Fem.Akk.Sg.st"/>
      <inflClass tag="--"/>
      <inflClass_gen tag="--"/>
    </tok_anno>
  </token>
  <token id="t44" trans="die" type="token">
    <tok_dipl id="t44_d1" trans="die" utf="die"/>
    <tok_anno ascii="die" id="t44_m1" trans="die" utf="die">
      <norm tag="die"/>
      <lemma tag="dër"/>
      <lemma_gen tag="dër"/>
      <lemma_idmwb tag="29817000"/>
      <pos tag="DDART"/>
      <pos_gen tag="DD"/>
      <infl tag="Fem.Akk.Sg"/>
      <inflClass tag="--"/>
      <inflClass_gen tag="--"/>
    </tok_anno>
  </token>
  <token id="t45" trans="$elmi$$e,," type="token">
    <tok_dipl id="t45_d1" trans="$elmi$$e" utf="ſelmiſſe"/>
    <tok_anno ascii="selmisse" id="t45_m1" trans="$elmi$$e" utf="ſelmiſſe">
      <norm tag="sêlmesse"/>
      <lemma tag="sêle-mësse"/>
      <lemma_gen tag="sêle-mësse"/>
      <lemma_idmwb tag="147744000"/>
      <pos tag="NA"/>
      <pos_gen tag="NA"/>
      <infl tag="Akk.Sg"/>
      <inflClass tag="st.Fem"/>
      <inflClass_gen tag="*.Fem"/>
      <punc tag="S*"/>
    </tok_anno>
  </token>
  <token id="t46" trans="die" type="token">
    <tok_dipl id="t46_d1" trans="die" utf="die"/>
    <tok_anno ascii="die" id="t46_m1" trans="die" utf="die">
      <norm tag="die"/>
      <lemma tag="dër"/>
      <lemma_gen tag="dër"/>
      <lemma_idmwb tag="29823000"/>
      <pos tag="DRELS"/>
      <pos_gen tag="DD"/>
      <infl tag="Fem.Akk.Sg"/>
      <inflClass tag="--"/>
      <inflClass_gen tag="--"/>
    </tok_anno>
  </token>
  <token id="t47" trans="du\o" type="token">
    <tok_dipl id="t47_d1" trans="du\o" utf="duͦ"/>
    <tok_anno ascii="duo" id="t47_m1" trans="du\o" utf="duͦ">
      <norm tag="dû"/>
      <lemma tag="dû"/>
      <lemma_gen tag="dû"/>
      <lemma_idmwb tag="32607000"/>
      <pos tag="PPER"/>
      <pos_gen tag="PPER"/>
      <infl tag="Nom.Sg.2"/>
      <inflClass tag="--"/>
      <inflClass_gen tag="--"/>
    </tok_anno>
  </token>
  <token id="t48" trans="mege$t,," type="token">
    <tok_dipl id="t48_d1" trans="mege$t" utf="megeſt"/>
    <tok_anno ascii="megest" id="t48_m1" trans="mege$t" utf="megeſt">
      <norm tag="mügest"/>
      <lemma tag="mügen"/>
      <lemma_gen tag="mügen"/>
      <lemma_idmwb tag="116097000"/>
      <pos tag="VMFIN"/>
      <pos_gen tag="VM"/>
      <infl tag="Subj.Pres.Sg.2"/>
      <inflClass tag="prpr"/>
      <inflClass_gen tag="prpr"/>
      <punc tag="S*"/>
    </tok_anno>
  </token>
  <token id="t49" trans="." type="punc">
    <tok_dipl id="t49_d1" trans="." utf="."/>
    <tok_anno ascii="." id="t49_m1" trans="." utf=".">
      <pos tag="$_"/>
      <pos_gen tag="$_"/>
    </tok_anno>
  </token>
  <token id="t50" trans="unt" type="token">
    <tok_dipl id="t50_d1" trans="unt" utf="unt"/>
    <tok_anno ascii="unt" id="t50_m1" trans="unt" utf="unt">
      <norm tag="und"/>
      <lemma tag="unte"/>
      <lemma_gen tag="unte"/>
      <lemma_idmwb tag="183108000"/>
      <pos tag="KON"/>
      <pos_gen tag="KO"/>
      <infl tag="--"/>
      <inflClass tag="--"/>
      <inflClass_gen tag="--"/>
    </tok_anno>
  </token>
  <token id="t51" trans="bit" type="token">
    <tok_dipl id="t51_d1" trans="bit" utf="bit"/>
    <tok_anno ascii="bit" id="t51_m1" trans="bit" utf="bit">
      <norm tag="bit"/>
      <lemma tag="biten"/>
      <lemma_gen tag="biten"/>
      <lemma_idmwb tag="21261000"/>
      <pos tag="VVIMP"/>
      <pos_gen tag="VV"/>
      <infl tag="Sg.2"/>
      <inflClass tag="st5b"/>
      <inflClass_gen tag="st5b"/>
    </tok_anno>
  </token>
  <token id="t52" trans="die" type="token">
    <tok_dipl id="t52_d1" trans="die" utf="die"/>
    <tok_anno ascii="die" id="t52_m1" trans="die" utf="die">
      <norm tag="die"/>
      <lemma tag="dër"/>
      <lemma_gen tag="dër"/>
      <lemma_idmwb tag="29817000"/>
      <pos tag="DDART"/>
      <pos_gen tag="DD"/>
      <infl tag="*.Akk.Pl"/>
      <inflClass tag="--"/>
      <inflClass_gen tag="--"/>
    </tok_anno>
  </token>
  <token id="t53" trans="brie$te,," type="token">
    <tok_dipl id="t53_d1" trans="brie$te" utf="brieſte"/>
    <tok_anno ascii="brieste" id="t53_m1" trans="brie$te" utf="brieſte">
      <norm tag="priestere"/>
      <lemma tag="prièster"/>
      <lemma_gen tag="prièster"/>
      <lemma_idmwb tag="129924000"/>
      <pos tag="NA"/>
      <pos_gen tag="NA"/>
      <infl tag="Akk.Pl"/>
      <inflClass tag="st.Masc"/>
      <inflClass_gen tag="st.Masc"/>
      <punc tag="S*"/>
    </tok_anno>
  </token>
  <token id="t54" trans="daz" type="token">
    <tok_dipl id="t54_d1" trans="daz" utf="daz"/>
    <tok_anno ascii="daz" id="t54_m1" trans="daz" utf="daz">
      <norm tag="daz"/>
      <lemma tag="dazz"/>
      <lemma_gen tag="dazz"/>
      <lemma_idmwb tag="29484000"/>
      <pos tag="KOUS"/>
      <pos_gen tag="KO"/>
      <infl tag="--"/>
      <inflClass tag="--"/>
      <inflClass_gen tag="--"/>
    </tok_anno>
  </token>
  <token id="t55" trans="$i" type="token">
    <tok_dipl id="t55_d1" trans="$i" utf="ſi"/>
    <tok_anno ascii="si" id="t55_m1" trans="$i" utf="ſi">
      <norm tag="si"/>
      <lemma tag="ër"/>
      <lemma_gen tag="ër"/>
      <lemma_idmwb tag="40380000"/>
      <pos tag="PPER"/>
      <pos_gen tag="PPER"/>
      <infl tag="*.Nom.Pl.3"/>
      <inflClass tag="--"/>
      <inflClass_gen tag="--"/>
    </tok_anno>
  </token>
  <token id="t56" trans="die" type="token">
    <tok_dipl id="t56_d1" trans="die" utf="die"/>
    <tok_anno ascii="die" id="t56_m1" trans="die" utf="die">
      <norm tag="die"/>
      <lemma tag="dër"/>
      <lemma_gen tag="dër"/>
      <lemma_idmwb tag="29817000"/>
      <pos tag="DDART"/>
      <pos_gen tag="DD"/>
      <infl tag="Fem.Akk.Sg"/>
      <inflClass tag="--"/>
      <inflClass_gen tag="--"/>
    </tok_anno>
  </token>
  <token id="t57" trans="$ele" type="token">
    <tok_dipl id="t57_d1" trans="$ele" utf="ſele"/>
    <tok_anno ascii="sele" id="t57_m1" trans="$ele" utf="ſele">
      <norm tag="sêle"/>
      <lemma tag="sêle"/>
      <lemma_gen tag="sêle"/>
      <lemma_idmwb tag="147720000"/>
      <pos tag="NA"/>
      <pos_gen tag="NA"/>
      <infl tag="Akk.Sg"/>
      <inflClass tag="st.Fem"/>
      <inflClass_gen tag="*.Fem"/>
    </tok_anno>
  </token>
  <token id="t58" trans="dine$" type="token">
    <tok_dipl id="t58_d1" trans="dine$" utf="dineſ"/>
    <tok_anno ascii="dines" id="t58_m1" trans="dine$" utf="dineſ">
      <norm tag="dînes"/>
      <lemma tag="dîn"/>
      <lemma_gen tag="dîn"/>
      <lemma_idmwb tag="30567000"/>
      <pos tag="DPOSA"/>
      <pos_gen tag="DPOS"/>
      <infl tag="Masc.Gen.Sg.st"/>
      <inflClass tag="--"/>
      <inflClass_gen tag="--"/>
    </tok_anno>
  </token>
  <token id="t59" trans="friunte$" type="token">
    <tok_dipl id="t59_d1" trans="friunte$" utf="friunteſ"/>
    <tok_anno ascii="friuntes" id="t59_m1" trans="friunte$" utf="friunteſ">
      <norm tag="vriundes"/>
      <lemma tag="vriunt"/>
      <lemma_gen tag="vriunt"/>
      <lemma_idmwb tag="216246000"/>
      <pos tag="NA"/>
      <pos_gen tag="NA"/>
      <infl tag="Gen.Sg"/>
      <inflClass tag="st.Masc"/>
      <inflClass_gen tag="st.Masc"/>
    </tok_anno>
  </token>
  <token id="t60" trans="dem" type="token">
    <tok_dipl id="t60_d1" trans="dem" utf="dem"/>
    <tok_anno ascii="dem" id="t60_m1" trans="dem" utf="dem">
      <norm tag="dem"/>
      <lemma tag="dër"/>
      <lemma_gen tag="dër"/>
      <lemma_idmwb tag="29817000"/>
      <pos tag="DDART"/>
      <pos_gen tag="DD"/>
      <infl tag="Masc.Dat.Sg"/>
      <inflClass tag="--"/>
      <inflClass_gen tag="--"/>
    </tok_anno>
  </token>
  <token id="t61" trans="almahtigen" type="token">
    <tok_dipl id="t61_d1" trans="almahtigen" utf="almahtigen"/>
    <tok_anno ascii="almahtigen" id="t61_m1" trans="almahtigen" utf="almahtigen">
      <norm tag="almehtigen"/>
      <lemma tag="all-mèhtig"/>
      <lemma_gen tag="all-mèhtig"/>
      <lemma_idmwb tag="4404000"/>
      <pos tag="ADJA"/>
      <pos_gen tag="ADJ"/>
      <infl tag="Pos.Masc.Dat.Sg.wk"/>
      <inflClass tag="--"/>
      <inflClass_gen tag="--"/>
    </tok_anno>
  </token>
  <token id="t62" trans="gote" type="token">
    <tok_dipl id="t62_d1" trans="gote" utf="gote"/>
    <tok_anno ascii="gote" id="t62_m1" trans="gote" utf="gote">
      <norm tag="gote"/>
      <lemma tag="got"/>
      <lemma_gen tag="got"/>
      <lemma_idmwb tag="63291000"/>
      <pos tag="NA"/>
      <pos_gen tag="NA"/>
      <infl tag="Dat.Sg"/>
      <inflClass tag="st.Masc"/>
      <inflClass_gen tag="st.Masc"/>
    </tok_anno>
  </token>
  <token id="t63" trans="beuelhen" type="token">
    <tok_dipl id="t63_d1" trans="beuelhen" utf="beuelhen"/>
    <tok_anno ascii="beuelhen" id="t63_m1" trans="beuelhen" utf="beuelhen">
      <norm tag="bevelhen"/>
      <lemma tag="be-vëlhen"/>
      <lemma_gen tag="be-vëlhen"/>
      <lemma_idmwb tag="18915000"/>
      <pos tag="VVFIN"/>
      <pos_gen tag="VV"/>
      <infl tag="Subj.Pres.Pl.3"/>
      <inflClass tag="st3b"/>
      <inflClass_gen tag="st3b"/>
    </tok_anno>
  </token>
  <token id="t64" trans="mit" type="token">
    <tok_dipl id="t64_d1" trans="mit" utf="mit"/>
    <tok_anno ascii="mit" id="t64_m1" trans="mit" utf="mit">
      <norm tag="mit"/>
      <lemma tag="mit"/>
      <lemma_gen tag="mit"/>
      <lemma_idmwb tag="113898000"/>
      <pos tag="APPR"/>
      <pos_gen tag="AP"/>
      <infl tag="--"/>
      <inflClass tag="--"/>
      <inflClass_gen tag="--"/>
    </tok_anno>
  </token>
  <token id="t65" trans="uollemo" type="token">
    <tok_dipl id="t65_d1" trans="uollemo" utf="uollemo"/>
    <tok_anno ascii="uollemo" id="t65_m1" trans="uollemo" utf="uollemo">
      <norm tag="volleme"/>
      <lemma tag="voll"/>
      <lemma_gen tag="voll"/>
      <lemma_idmwb tag="212331000"/>
      <pos tag="ADJA"/>
      <pos_gen tag="ADJ"/>
      <infl tag="Pos.Neut.Dat.Sg.st"/>
      <inflClass tag="--"/>
      <inflClass_gen tag="--"/>
    </tok_anno>
  </token>
  <token id="t66" trans="ambahte,," type="token">
    <tok_dipl id="t66_d1" trans="ambahte" utf="ambahte"/>
    <tok_anno ascii="ambahte" id="t66_m1" trans="ambahte" utf="ambahte">
      <norm tag="ambahte"/>
      <lemma tag="ambaht(e)"/>
      <lemma_gen tag="ambaht(e)"/>
      <lemma_idmwb tag="5121000"/>
      <pos tag="NA"/>
      <pos_gen tag="NA"/>
      <infl tag="Dat.Sg"/>
      <inflClass tag="st.Neut"/>
      <inflClass_gen tag="st.Neut"/>
      <punc tag="S*"/>
    </tok_anno>
  </token>
  <token id="t67" trans="al$ame" type="token">
    <tok_dipl id="t67_d1" trans="al$ame" utf="alſame"/>
    <tok_anno ascii="alsame" id="t67_m1" trans="al$ame" utf="alſame">
      <norm tag="alsame"/>
      <lemma tag="all-sam(e)"/>
      <lemma_gen tag="all-sam(e)"/>
      <lemma_idmwb tag="4581000"/>
      <pos tag="KO*"/>
      <pos_gen tag="KO"/>
      <infl tag="--"/>
      <inflClass tag="--"/>
      <inflClass_gen tag="--"/>
    </tok_anno>
  </token>
  <token id="t68" trans="da" type="token">
    <tok_dipl id="t68_d1" trans="da" utf="da"/>
    <tok_anno ascii="da" id="t68_m1" trans="da" utf="da">
      <norm tag="dâ"/>
      <lemma tag="dâr"/>
      <lemma_gen tag="dâr"/>
      <lemma_idmwb tag="28932000"/>
      <pos tag="AVD"/>
      <pos_gen tag="AVD"/>
      <infl tag="--"/>
      <inflClass tag="--"/>
      <inflClass_gen tag="--"/>
    </tok_anno>
  </token>
  <token id="t69" trans="men" type="token">
    <tok_dipl id="t69_d1" trans="men" utf="men"/>
    <tok_anno ascii="men" id="t69_m1" trans="men" utf="men">
      <norm tag="man"/>
      <lemma tag="man"/>
      <lemma_gen tag="man"/>
      <lemma_idmwb tag="107376000"/>
      <pos tag="PI"/>
      <pos_gen tag="NA"/>
      <infl tag="*.Nom.Sg.st"/>
      <inflClass tag="--"/>
      <inflClass_gen tag="--"/>
    </tok_anno>
  </token>
  <token id="t70" trans="den" type="token">
    <tok_dipl id="t70_d1" trans="den" utf="den"/>
    <tok_anno ascii="den" id="t70_m1" trans="den" utf="den">
      <norm tag="den"/>
      <lemma tag="dër"/>
      <lemma_gen tag="dër"/>
      <lemma_idmwb tag="29817000"/>
      <pos tag="DDART"/>
      <pos_gen tag="DD"/>
      <infl tag="Masc.Akk.Sg"/>
      <inflClass tag="--"/>
      <inflClass_gen tag="--"/>
    </tok_anno>
  </token>
  <token id="t71" trans="lichnamen" type="token">
    <tok_dipl id="t71_d1" trans="lichnamen" utf="lichnamen"/>
    <tok_anno ascii="lichnamen" id="t71_m1" trans="lichnamen" utf="lichnamen">
      <norm tag="lîchnamen"/>
      <lemma tag="lîchnam(e)"/>
      <lemma_gen tag="lîchnam(e)"/>
      <lemma_idmwb tag="102234000"/>
      <pos tag="NA"/>
      <pos_gen tag="NA"/>
      <infl tag="Akk.Sg"/>
      <inflClass tag="st.Masc"/>
      <inflClass_gen tag="st.Masc,Neut"/>
    </tok_anno>
  </token>
  <token id="t72" trans="der" type="token">
    <tok_dipl id="t72_d1" trans="der" utf="der"/>
    <tok_anno ascii="der" id="t72_m1" trans="der" utf="der">
      <norm tag="der"/>
      <lemma tag="dër"/>
      <lemma_gen tag="dër"/>
      <lemma_idmwb tag="29817000"/>
      <pos tag="DDART"/>
      <pos_gen tag="DD"/>
      <infl tag="Fem.Dat.Sg"/>
      <inflClass tag="--"/>
      <inflClass_gen tag="--"/>
    </tok_anno>
  </token>
  <token id="t73" trans="erde" type="token">
    <tok_dipl id="t73_d1" trans="erde" utf="erde"/>
    <tok_anno ascii="erde" id="t73_m1" trans="erde" utf="erde">
      <norm tag="erde"/>
      <lemma tag="ërde"/>
      <lemma_gen tag="ërde"/>
      <lemma_idmwb tag="41217000"/>
      <pos tag="NA"/>
      <pos_gen tag="NA"/>
      <infl tag="Dat.Sg"/>
      <inflClass tag="st.Fem"/>
      <inflClass_gen tag="*.Fem"/>
    </tok_anno>
  </token>
  <token id="t74" trans="beualch(.)" type="token">
    <tok_dipl id="t74_d1" trans="beualch" utf="beualch"/>
    <tok_anno ascii="beualch" id="t74_m1" trans="beualch" utf="beualch">
      <norm tag="bevalch"/>
      <lemma tag="be-vëlhen"/>
      <lemma_gen tag="be-vëlhen"/>
      <lemma_idmwb tag="18915000"/>
      <pos tag="VVFIN"/>
      <pos_gen tag="VV"/>
      <infl tag="Ind.Past.Sg.3"/>
      <inflClass tag="st3b"/>
      <inflClass_gen tag="st3b"/>
      <punc tag="DE"/>
    </tok_anno>
  </token>
  <token id="t75" trans="." type="punc">
    <tok_dipl id="t75_d1" trans="." utf="."/>
    <tok_anno ascii="." id="t75_m1" trans="." utf=".">
      <pos tag="$_"/>
      <pos_gen tag="$_"/>
      <punc tag="$E"/>
    </tok_anno>
  </token>
  <token id="t76" trans="Daz" type="token">
    <tok_dipl id="t76_d1" trans="Daz" utf="Daz"/>
    <tok_anno ascii="Daz" id="t76_m1" trans="Daz" utf="Daz">
      <norm tag="daz"/>
      <lemma tag="dër"/>
      <lemma_gen tag="dër"/>
      <lemma_idmwb tag="29823000"/>
      <pos tag="DDS"/>
      <pos_gen tag="DD"/>
      <infl tag="Neut.Akk.Sg"/>
      <inflClass tag="--"/>
      <inflClass_gen tag="--"/>
    </tok_anno>
  </token>
  <token id="t77" trans="tu" type="token">
    <tok_dipl id="t77_d1" trans="tu" utf="tu"/>
    <tok_anno ascii="tu" id="t77_m1" trans="tu" utf="tu">
      <norm tag="tuo"/>
      <lemma tag="tuon"/>
      <lemma_gen tag="tuon"/>
      <lemma_idmwb tag="173655000"/>
      <pos tag="VVIMP"/>
      <pos_gen tag="VV"/>
      <infl tag="Sg.2"/>
      <inflClass tag="irr"/>
      <inflClass_gen tag="irr"/>
    </tok_anno>
  </token>
  <token id="t78" trans="an" type="token">
    <tok_dipl id="t78_d1" trans="an" utf="an"/>
    <tok_anno ascii="an" id="t78_m1" trans="an" utf="an">
      <norm tag="an"/>
      <lemma tag="ane"/>
      <lemma_gen tag="ane"/>
      <lemma_idmwb tag="5691000"/>
      <pos tag="APPR"/>
      <pos_gen tag="AP"/>
      <infl tag="--"/>
      <inflClass tag="--"/>
      <inflClass_gen tag="--"/>
    </tok_anno>
  </token>
  <token id="t79" trans="dem" type="token">
    <tok_dipl id="t79_d1" trans="dem" utf="dem"/>
    <tok_anno ascii="dem" id="t79_m1" trans="dem" utf="dem">
      <norm tag="dem"/>
      <lemma tag="dër"/>
      <lemma_gen tag="dër"/>
      <lemma_idmwb tag="29817000"/>
      <pos tag="DDART"/>
      <pos_gen tag="DD"/>
      <infl tag="Masc.Dat.Sg"/>
      <inflClass tag="--"/>
      <inflClass_gen tag="--"/>
    </tok_anno>
  </token>
  <token id="t80" trans="$ibenten" type="token">
    <tok_dipl id="t80_d1" trans="$ibenten" utf="ſibenten"/>
    <tok_anno ascii="sibenten" id="t80_m1" trans="$ibenten" utf="ſibenten">
      <norm tag="sibenden"/>
      <lemma tag="sibent"/>
      <lemma_gen tag="sibent"/>
      <lemma_idmwb tag="149052000"/>
      <pos tag="ADJS"/>
      <pos_gen tag="ADJ"/>
      <infl tag="Pos.Masc.Dat.Sg.wk"/>
      <inflClass tag="--"/>
      <inflClass_gen tag="--"/>
    </tok_anno>
  </token>
  <token id="t81" trans="unt" type="token">
    <tok_dipl id="t81_d1" trans="unt" utf="unt"/>
    <tok_anno ascii="unt" id="t81_m1" trans="unt" utf="unt">
      <norm tag="und"/>
      <lemma tag="unte"/>
      <lemma_gen tag="unte"/>
      <lemma_idmwb tag="183108000"/>
      <pos tag="KON"/>
      <pos_gen tag="KO"/>
      <infl tag="--"/>
      <inflClass tag="--"/>
      <inflClass_gen tag="--"/>
    </tok_anno>
  </token>
  <token id="t82" trans="zu" type="token">
    <tok_dipl id="t82_d1" trans="zu" utf="zu"/>
    <tok_anno ascii="zu" id="t82_m1" trans="zu" utf="zu">
      <norm tag="zuo"/>
      <lemma tag="ze"/>
      <lemma_gen tag="ze"/>
      <lemma_idmwb tag="235656000"/>
      <pos tag="APPR"/>
      <pos_gen tag="AP"/>
      <infl tag="--"/>
      <inflClass tag="--"/>
      <inflClass_gen tag="--"/>
    </tok_anno>
  </token>
  <token id="t83" trans="iegelichemo" type="token">
    <tok_dipl id="t83_d1" trans="iegelichemo" utf="iegelichemo"/>
    <tok_anno ascii="iegelichemo" id="t83_m1" trans="iegelichemo" utf="iegelichemo">
      <norm tag="iegelîcheme"/>
      <lemma tag="iè-ge-lich"/>
      <lemma_gen tag="iè-ge-lich"/>
      <lemma_idmwb tag="81306000"/>
      <pos tag="DIA"/>
      <pos_gen tag="DI"/>
      <infl tag="Masc.Dat.Sg.st"/>
      <inflClass tag="--"/>
      <inflClass_gen tag="--"/>
    </tok_anno>
  </token>
  <token id="t84" trans="drizegi$ten,," type="token">
    <tok_dipl id="t84_d1" trans="drizegi$ten" utf="drizegiſten"/>
    <tok_anno ascii="drizegisten" id="t84_m1" trans="drizegi$ten" utf="drizegiſten">
      <norm tag="drîzigesten"/>
      <lemma tag="drî-zigest"/>
      <lemma_gen tag="drî-zigest"/>
      <lemma_idmwb tag="32415000"/>
      <pos tag="ADJS"/>
      <pos_gen tag="ADJ"/>
      <infl tag="Pos.Masc.Dat.Sg.wk"/>
      <inflClass tag="--"/>
      <inflClass_gen tag="--"/>
      <punc tag="S*"/>
    </tok_anno>
  </token>
  <token id="t85" trans="$o" type="token">
    <tok_dipl id="t85_d1" trans="$o" utf="ſo"/>
    <tok_anno ascii="so" id="t85_m1" trans="$o" utf="ſo">
      <norm tag="sô"/>
      <lemma tag="sô"/>
      <lemma_gen tag="sô"/>
      <lemma_idmwb tag="154164000"/>
      <pos tag="AVD"/>
      <pos_gen tag="AVD-KO"/>
      <infl tag="--"/>
      <inflClass tag="--"/>
      <inflClass_gen tag="--"/>
    </tok_anno>
  </token>
  <token id="t86" trans="chumit" type="token">
    <tok_dipl id="t86_d1" trans="chumit" utf="chumit"/>
    <tok_anno ascii="chumit" id="t86_m1" trans="chumit" utf="chumit">
      <norm tag="kumet"/>
      <lemma tag="komen"/>
      <lemma_gen tag="komen"/>
      <lemma_idmwb tag="93168000"/>
      <pos tag="VVFIN"/>
      <pos_gen tag="VV"/>
      <infl tag="Ind.Pres.Sg.3"/>
      <inflClass tag="st4"/>
      <inflClass_gen tag="st4"/>
    </tok_anno>
  </token>
  <token id="t87" trans="dir" type="token">
    <tok_dipl id="t87_d1" trans="dir" utf="dir"/>
    <tok_anno ascii="dir" id="t87_m1" trans="dir" utf="dir">
      <norm tag="dir"/>
      <lemma tag="dû"/>
      <lemma_gen tag="dû"/>
      <lemma_idmwb tag="32607000"/>
      <pos tag="PPER"/>
      <pos_gen tag="PPER"/>
      <infl tag="Dat.Sg.2"/>
      <inflClass tag="--"/>
      <inflClass_gen tag="--"/>
    </tok_anno>
  </token>
  <token id="t88" trans="diu" type="token">
    <tok_dipl id="t88_d1" trans="diu" utf="diu"/>
    <tok_anno ascii="diu" id="t88_m1" trans="diu" utf="diu">
      <norm tag="diu"/>
      <lemma tag="dër"/>
      <lemma_gen tag="dër"/>
      <lemma_idmwb tag="29817000"/>
      <pos tag="DDART"/>
      <pos_gen tag="DD"/>
      <infl tag="Fem.Nom.Sg"/>
      <inflClass tag="--"/>
      <inflClass_gen tag="--"/>
    </tok_anno>
  </token>
  <token id="t89" trans="$ele" type="token">
    <tok_dipl id="t89_d1" trans="$ele" utf="ſele"/>
    <tok_anno ascii="sele" id="t89_m1" trans="$ele" utf="ſele">
      <norm tag="sêle"/>
      <lemma tag="sêle"/>
      <lemma_gen tag="sêle"/>
      <lemma_idmwb tag="147720000"/>
      <pos tag="NA"/>
      <pos_gen tag="NA"/>
      <infl tag="Nom.Sg"/>
      <inflClass tag="*.Fem"/>
      <inflClass_gen tag="*.Fem"/>
    </tok_anno>
  </token>
  <token id="t90" trans="ze||ge$ihte" type="token">
    <tok_dipl id="t90_d1" trans="zege$ihte" utf="zegeſihte"/>
    <tok_anno ascii="ze" id="t90_m1" trans="ze|" utf="ze">
      <norm tag="ze"/>
      <token_type tag="MS1"/>
      <lemma tag="ze"/>
      <lemma_gen tag="ze"/>
      <lemma_idmwb tag="235656000"/>
      <pos tag="APPR"/>
      <pos_gen tag="AP"/>
      <infl tag="--"/>
      <inflClass tag="--"/>
      <inflClass_gen tag="--"/>
    </tok_anno>
    <tok_anno ascii="gesihte" id="t90_m2" trans="|ge$ihte" utf="geſihte">
      <norm tag="gesihte"/>
      <token_type tag="MS2"/>
      <lemma tag="ge-sihte"/>
      <lemma_gen tag="ge-sihte"/>
      <lemma_idmwb tag="56511000"/>
      <pos tag="NA"/>
      <pos_gen tag="NA"/>
      <infl tag="Dat.Sg"/>
      <inflClass tag="st.Neut"/>
      <inflClass_gen tag="st.Neut"/>
    </tok_anno>
  </token>
  <token id="t91" trans="al||nah" type="token">
    <tok_dipl id="t91_d1" trans="alnah" utf="alnah"/>
    <tok_anno ascii="al" id="t91_m1" trans="al|" utf="al">
      <norm tag="al"/>
      <token_type tag="MS1"/>
      <lemma tag="al"/>
      <lemma_gen tag="al"/>
      <lemma_idmwb tag="3540000"/>
      <pos tag="AVD"/>
      <pos_gen tag="AVD-KO"/>
      <infl tag="--"/>
      <inflClass tag="--"/>
      <inflClass_gen tag="--"/>
    </tok_anno>
    <tok_anno ascii="nah" id="t91_m2" trans="|nah" utf="nah">
      <norm tag="nâch"/>
      <token_type tag="MS2"/>
      <lemma tag="nâh"/>
      <lemma_gen tag="nâh"/>
      <lemma_idmwb tag="117855000"/>
      <pos tag="APPR"/>
      <pos_gen tag="AP"/>
      <infl tag="--"/>
      <inflClass tag="--"/>
      <inflClass_gen tag="--"/>
    </tok_anno>
  </token>
  <token id="t92" trans="diu,," type="token">
    <tok_dipl id="t92_d1" trans="diu" utf="diu"/>
    <tok_anno ascii="diu" id="t92_m1" trans="diu" utf="diu">
      <norm tag="diu"/>
      <lemma tag="dër"/>
      <lemma_gen tag="dër"/>
      <lemma_idmwb tag="29823000"/>
      <pos tag="DDS"/>
      <pos_gen tag="DD"/>
      <infl tag="*.Instr.Sg"/>
      <inflClass tag="--"/>
      <inflClass_gen tag="--"/>
      <punc tag="S*"/>
    </tok_anno>
  </token>
  <token id="t93" trans="$o" type="token">
    <tok_dipl id="t93_d1" trans="$o" utf="ſo"/>
    <tok_anno ascii="so" id="t93_m1" trans="$o" utf="ſo">
      <norm tag="sô"/>
      <lemma tag="sô"/>
      <lemma_gen tag="sô"/>
      <lemma_idmwb tag="154164000"/>
      <pos tag="KO*"/>
      <pos_gen tag="KO"/>
      <infl tag="--"/>
      <inflClass tag="--"/>
      <inflClass_gen tag="--"/>
    </tok_anno>
  </token>
  <token id="t94" trans="ir" type="token">
    <tok_dipl id="t94_d1" trans="ir" utf="ir"/>
    <tok_anno ascii="ir" id="t94_m1" trans="ir" utf="ir">
      <norm tag="ire"/>
      <lemma tag="ir(e)"/>
      <lemma_gen tag="ir(e)"/>
      <lemma_idmwb tag="83982000"/>
      <pos tag="DPOSA"/>
      <pos_gen tag="DPOS"/>
      <infl tag="Neut.Nom.Sg.0"/>
      <inflClass tag="--"/>
      <inflClass_gen tag="--"/>
    </tok_anno>
  </token>
  <token id="t95" trans="dinc" type="token">
    <tok_dipl id="t95_d1" trans="dinc" utf="dinc"/>
    <tok_anno ascii="dinc" id="t95_m1" trans="dinc" utf="dinc">
      <norm tag="dinc"/>
      <lemma tag="ding"/>
      <lemma_gen tag="ding"/>
      <lemma_idmwb tag="30570000"/>
      <pos tag="NA"/>
      <pos_gen tag="NA"/>
      <infl tag="Nom.Sg"/>
      <inflClass tag="st.Neut"/>
      <inflClass_gen tag="st.Neut"/>
    </tok_anno>
  </token>
  <token id="t96" trans="$tet(.)" type="token">
    <tok_dipl id="t96_d1" trans="$tet" utf="ſtet"/>
    <tok_anno ascii="stet" id="t96_m1" trans="$tet" utf="ſtet">
      <norm tag="stêt"/>
      <lemma tag="stân"/>
      <lemma_gen tag="stân"/>
      <lemma_idmwb tag="157380000"/>
      <pos tag="VVFIN"/>
      <pos_gen tag="VV"/>
      <infl tag="Ind.Pres.Sg.3"/>
      <inflClass tag="irr"/>
      <inflClass_gen tag="irr"/>
      <punc tag="DE"/>
    </tok_anno>
  </token>
  <token id="t97" trans="." type="punc">
    <tok_dipl id="t97_d1" trans="." utf="."/>
    <tok_anno ascii="." id="t97_m1" trans="." utf=".">
      <pos tag="$_"/>
      <pos_gen tag="$_"/>
      <punc tag="$E"/>
    </tok_anno>
  </token>
</text>
