<?xml version='1.0' encoding='UTF-8'?>
<!DOCTYPE text SYSTEM "cora-xml.dtd">
<text id="M101">
  <header>
    <text>Grazer Hagelsegen</text>
    <abbr_ddd>Hagelsegen</abbr_ddd>
    <abbr_mwb>[Wilhelm, Denkmäler dt. Prosa Nr. 20]</abbr_mwb>
    <topic>Religion, Alltag</topic>
    <text-type>Segen</text-type>
    <genre>P</genre>
    <reference>Hs.: Blatt (r/v), Zeile</reference>
    <reference-secondary>Wilhelm, Nr., Zeile</reference-secondary>
    <library>Graz, Universitätsbibl.</library>
    <library-shelfmark>cod. 784</library-shelfmark>
    <online>http://www.handschriftencensus.de/15451</online>
    <medium>Handschrift</medium>
    <extent>148v</extent>
    <extract>-</extract>
    <language>mhd</language>
    <language-type>oberdeutsch</language-type>
    <language-region>-</language-region>
    <language-area>-</language-area>
    <place>Seckau</place>
    <time>12,2</time>
    <notes-manuscript>deutscher Text in 9 Zeilen zwischen zwei lat. Nachträgen mit unterschiedlicher Schriftgröße</notes-manuscript>
    <date>-</date>
    <text-place>-</text-place>
    <text-author>-</text-author>
    <text-language>-</text-language>
    <text-source>-</text-source>
    <edition>Friedrich Wilhelm (Hg.), Denkmäler deutscher Prosa des 11. und 12. Jahrhunderts, Abteilung A: Text; Abteilung B: Kommentar (Münchener Texte 8), München 1914/16 (Nachdruck in einem Band München 1960 [Germanistische Bücherei 3]), Nr. 20, A: S. 51, B: S. 130f.; Anton Schönbach, Segen aus Grazer Hss., in: ZfdA 18 (1875), S. 78-81 (mit Abdruck).</edition>
    <corpus>ReM I</corpus>
    <notes-transcription>-</notes-transcription>
    <notes-annotation>-</notes-annotation>
    <digitization_by>Bonn</digitization_by>
    <collation_by>Bochum</collation_by>
    <pre_editing_by>Bochum</pre_editing_by>
    <annotation_by>Bochum</annotation_by>
    <proofreading_by>Bochum</proofreading_by>
  </header>
  <layoutinfo>
    <page id="p1" no="148" range="c1" side="v"/>
    <column id="c1" range="l1..l9"/>
    <line id="l1" name="1" range="t1_d1..t17_d1" loc="148va,1"/>
    <line id="l2" name="2" range="t18_d1..t26_d1" loc="148va,2"/>
    <line id="l3" name="3" range="t27_d1..t40_d1" loc="148va,3"/>
    <line id="l4" name="4" range="t41_d1..t49_d1" loc="148va,4"/>
    <line id="l5" name="5" range="t50_d1..t65_d1" loc="148va,5"/>
    <line id="l6" name="6" range="t66_d1..t80_d1" loc="148va,6"/>
    <line id="l7" name="7" range="t81_d1..t94_d1" loc="148va,7"/>
    <line id="l8" name="8" range="t95_d1..t111_d1" loc="148va,8"/>
    <line id="l9" name="9" range="t112_d1..t121_d1" loc="148va,9"/>
  </layoutinfo>
  <shifttags/>
  <token id="t1" trans="Ivie" type="token">
    <tok_dipl id="t1_d1" trans="Ivie" utf="Ivie"/>
    <tok_anno ascii="Ivie" id="t1_m1" trans="Ivie" utf="Ivie">
      <norm tag="--"/>
      <lemma tag="ivie"/>
      <lemma_gen tag="ivie"/>
      <lemma_idmwb tag="???"/>
      <pos tag="--"/>
      <pos_gen tag="--"/>
      <infl tag="--"/>
      <inflClass tag="--"/>
      <inflClass_gen tag="--"/>
    </tok_anno>
  </token>
  <comment type="K">/K[Ivie: davor ein Kreuz in der Zeile]</comment>
  <token id="t2" trans="riffe(!)" type="token">
    <tok_dipl id="t2_d1" trans="riffe" utf="riffe"/>
    <tok_anno ascii="riffe" id="t2_m1" trans="riffe" utf="riffe">
      <norm tag="--"/>
      <lemma tag="rîfe"/>
      <lemma_gen tag="rîfe"/>
      <lemma_idmwb tag="???"/>
      <pos tag="--"/>
      <pos_gen tag="--"/>
      <infl tag="--"/>
      <inflClass tag="--"/>
      <inflClass_gen tag="--"/>
      <punc tag="EE"/>
    </tok_anno>
  </token>
  <token id="t3" trans="." type="punc">
    <tok_dipl id="t3_d1" trans="." utf="."/>
    <tok_anno ascii="." id="t3_m1" trans="." utf=".">
      <pos tag="$_"/>
      <pos_gen tag="$_"/>
      <punc tag="$E"/>
    </tok_anno>
  </token>
  <token id="t4" trans="Ivie" type="token">
    <tok_dipl id="t4_d1" trans="Ivie" utf="Ivie"/>
    <tok_anno ascii="Ivie" id="t4_m1" trans="Ivie" utf="Ivie">
      <norm tag="--"/>
      <lemma tag="ivie"/>
      <lemma_gen tag="ivie"/>
      <lemma_idmwb tag="???"/>
      <pos tag="--"/>
      <pos_gen tag="--"/>
      <infl tag="--"/>
      <inflClass tag="--"/>
      <inflClass_gen tag="--"/>
    </tok_anno>
  </token>
  <token id="t5" trans="riffe(!)" type="token">
    <tok_dipl id="t5_d1" trans="riffe" utf="riffe"/>
    <tok_anno ascii="riffe" id="t5_m1" trans="riffe" utf="riffe">
      <norm tag="--"/>
      <lemma tag="rîfe"/>
      <lemma_gen tag="rîfe"/>
      <lemma_idmwb tag="???"/>
      <pos tag="--"/>
      <pos_gen tag="--"/>
      <infl tag="--"/>
      <inflClass tag="--"/>
      <inflClass_gen tag="--"/>
      <punc tag="EE"/>
    </tok_anno>
  </token>
  <token id="t6" trans="." type="punc">
    <tok_dipl id="t6_d1" trans="." utf="."/>
    <tok_anno ascii="." id="t6_m1" trans="." utf=".">
      <pos tag="$_"/>
      <pos_gen tag="$_"/>
      <punc tag="$E"/>
    </tok_anno>
  </token>
  <token id="t7" trans="Ivie" type="token">
    <tok_dipl id="t7_d1" trans="Ivie" utf="Ivie"/>
    <tok_anno ascii="Ivie" id="t7_m1" trans="Ivie" utf="Ivie">
      <norm tag="--"/>
      <lemma tag="ivie"/>
      <lemma_gen tag="ivie"/>
      <lemma_idmwb tag="???"/>
      <pos tag="--"/>
      <pos_gen tag="--"/>
      <infl tag="--"/>
      <inflClass tag="--"/>
      <inflClass_gen tag="--"/>
    </tok_anno>
  </token>
  <token id="t8" trans="riffe(!)" type="token">
    <tok_dipl id="t8_d1" trans="riffe" utf="riffe"/>
    <tok_anno ascii="riffe" id="t8_m1" trans="riffe" utf="riffe">
      <norm tag="--"/>
      <lemma tag="rîfe"/>
      <lemma_gen tag="rîfe"/>
      <lemma_idmwb tag="???"/>
      <pos tag="--"/>
      <pos_gen tag="--"/>
      <infl tag="--"/>
      <inflClass tag="--"/>
      <inflClass_gen tag="--"/>
      <punc tag="EE"/>
    </tok_anno>
  </token>
  <token id="t9" trans="." type="punc">
    <tok_dipl id="t9_d1" trans="." utf="."/>
    <tok_anno ascii="." id="t9_m1" trans="." utf=".">
      <pos tag="$_"/>
      <pos_gen tag="$_"/>
      <punc tag="$E"/>
    </tok_anno>
  </token>
  <token id="t10" trans="hin" type="token">
    <tok_dipl id="t10_d1" trans="hin" utf="hin"/>
    <tok_anno ascii="hin" id="t10_m1" trans="hin" utf="hin">
      <norm tag="hin"/>
      <lemma tag="hin(e)"/>
      <lemma_gen tag="hin(e)"/>
      <lemma_idmwb tag="74673000"/>
      <pos tag="AVD"/>
      <pos_gen tag="AVD"/>
      <infl tag="--"/>
      <inflClass tag="--"/>
      <inflClass_gen tag="--"/>
    </tok_anno>
  </token>
  <token id="t11" trans="vil" type="token">
    <tok_dipl id="t11_d1" trans="vil" utf="vil"/>
    <tok_anno ascii="vil" id="t11_m1" trans="vil" utf="vil">
      <norm tag="vile"/>
      <lemma tag="vil(e)"/>
      <lemma_gen tag="vil(e)"/>
      <lemma_idmwb tag="208917000"/>
      <pos tag="AVD"/>
      <pos_gen tag="AVD"/>
      <infl tag="--"/>
      <inflClass tag="--"/>
      <inflClass_gen tag="--"/>
    </tok_anno>
  </token>
  <token id="t12" trans="michel(!)" type="token">
    <tok_dipl id="t12_d1" trans="michel" utf="michel"/>
    <tok_anno ascii="michel" id="t12_m1" trans="michel" utf="michel">
      <norm tag="michel"/>
      <lemma tag="michel"/>
      <lemma_gen tag="michel"/>
      <lemma_idmwb tag="111618000"/>
      <pos tag="AVD"/>
      <pos_gen tag="AVD"/>
      <infl tag="--"/>
      <inflClass tag="--"/>
      <inflClass_gen tag="--"/>
      <punc tag="EE"/>
    </tok_anno>
  </token>
  <token id="t13" trans="." type="punc">
    <tok_dipl id="t13_d1" trans="." utf="."/>
    <tok_anno ascii="." id="t13_m1" trans="." utf=".">
      <pos tag="$_"/>
      <pos_gen tag="$_"/>
      <punc tag="$E"/>
    </tok_anno>
  </token>
  <token id="t14" trans="hin" type="token">
    <tok_dipl id="t14_d1" trans="hin" utf="hin"/>
    <tok_anno ascii="hin" id="t14_m1" trans="hin" utf="hin">
      <norm tag="hin"/>
      <lemma tag="hin(e)"/>
      <lemma_gen tag="hin(e)"/>
      <lemma_idmwb tag="74673000"/>
      <pos tag="AVD"/>
      <pos_gen tag="AVD"/>
      <infl tag="--"/>
      <inflClass tag="--"/>
      <inflClass_gen tag="--"/>
    </tok_anno>
  </token>
  <token id="t15" trans="vil" type="token">
    <tok_dipl id="t15_d1" trans="vil" utf="vil"/>
    <tok_anno ascii="vil" id="t15_m1" trans="vil" utf="vil">
      <norm tag="vile"/>
      <lemma tag="vil(e)"/>
      <lemma_gen tag="vil(e)"/>
      <lemma_idmwb tag="208917000"/>
      <pos tag="AVD"/>
      <pos_gen tag="AVD"/>
      <infl tag="--"/>
      <inflClass tag="--"/>
      <inflClass_gen tag="--"/>
    </tok_anno>
  </token>
  <token id="t16" trans="mi(=)chel(!)" type="token">
    <tok_dipl id="t16_d1" trans="michel" utf="michel"/>
    <tok_anno ascii="michel" id="t16_m1" trans="mi(=)chel" utf="michel">
      <norm tag="michel"/>
      <token_type tag="UL"/>
      <lemma tag="michel"/>
      <lemma_gen tag="michel"/>
      <lemma_idmwb tag="111618000"/>
      <pos tag="AVD"/>
      <pos_gen tag="AVD"/>
      <infl tag="--"/>
      <inflClass tag="--"/>
      <inflClass_gen tag="--"/>
      <punc tag="EE"/>
    </tok_anno>
  </token>
  <token id="t17" trans="." type="punc">
    <tok_dipl id="t17_d1" trans="." utf="."/>
    <tok_anno ascii="." id="t17_m1" trans="." utf=".">
      <pos tag="$_"/>
      <pos_gen tag="$_"/>
      <punc tag="$E"/>
    </tok_anno>
  </token>
  <token id="t18" trans="hin" type="token">
    <tok_dipl id="t18_d1" trans="hin" utf="hin"/>
    <tok_anno ascii="hin" id="t18_m1" trans="hin" utf="hin">
      <norm tag="hin"/>
      <lemma tag="hin(e)"/>
      <lemma_gen tag="hin(e)"/>
      <lemma_idmwb tag="74673000"/>
      <pos tag="AVD"/>
      <pos_gen tag="AVD"/>
      <infl tag="--"/>
      <inflClass tag="--"/>
      <inflClass_gen tag="--"/>
    </tok_anno>
  </token>
  <token id="t19" trans="vil" type="token">
    <tok_dipl id="t19_d1" trans="vil" utf="vil"/>
    <tok_anno ascii="vil" id="t19_m1" trans="vil" utf="vil">
      <norm tag="vile"/>
      <lemma tag="vil(e)"/>
      <lemma_gen tag="vil(e)"/>
      <lemma_idmwb tag="208917000"/>
      <pos tag="AVD"/>
      <pos_gen tag="AVD"/>
      <infl tag="--"/>
      <inflClass tag="--"/>
      <inflClass_gen tag="--"/>
    </tok_anno>
  </token>
  <token id="t20" trans="michel(!)" type="token">
    <tok_dipl id="t20_d1" trans="michel" utf="michel"/>
    <tok_anno ascii="michel" id="t20_m1" trans="michel" utf="michel">
      <norm tag="michel"/>
      <lemma tag="michel"/>
      <lemma_gen tag="michel"/>
      <lemma_idmwb tag="111618000"/>
      <pos tag="AVD"/>
      <pos_gen tag="AVD"/>
      <infl tag="--"/>
      <inflClass tag="--"/>
      <inflClass_gen tag="--"/>
      <punc tag="EE"/>
    </tok_anno>
  </token>
  <token id="t21" trans="." type="punc">
    <tok_dipl id="t21_d1" trans="." utf="."/>
    <tok_anno ascii="." id="t21_m1" trans="." utf=".">
      <pos tag="$_"/>
      <pos_gen tag="$_"/>
      <punc tag="$E"/>
    </tok_anno>
  </token>
  <token id="t22" trans="Von" type="token">
    <tok_dipl id="t22_d1" trans="Von" utf="Von"/>
    <tok_anno ascii="Von" id="t22_m1" trans="Von" utf="Von">
      <norm tag="von"/>
      <lemma tag="von(e)"/>
      <lemma_gen tag="von(e)"/>
      <lemma_idmwb tag="213186000"/>
      <pos tag="AVD"/>
      <pos_gen tag="AVD"/>
      <infl tag="--"/>
      <inflClass tag="--"/>
      <inflClass_gen tag="--"/>
    </tok_anno>
  </token>
  <token id="t23" trans="wann%en" type="token">
    <tok_dipl id="t23_d1" trans="wann%en" utf="wannͤn"/>
    <tok_anno ascii="wannen" id="t23_m1" trans="wann%en" utf="wannͤn">
      <norm tag="wannen"/>
      <lemma tag="wannen"/>
      <lemma_gen tag="wannen"/>
      <lemma_idmwb tag="221862000"/>
      <pos tag="AVW"/>
      <pos_gen tag="AVW"/>
      <infl tag="--"/>
      <inflClass tag="--"/>
      <inflClass_gen tag="--"/>
    </tok_anno>
  </token>
  <token id="t24" trans="gent" type="token">
    <tok_dipl id="t24_d1" trans="gent" utf="gent"/>
    <tok_anno ascii="gent" id="t24_m1" trans="gent" utf="gent">
      <norm tag="gênt"/>
      <lemma tag="gân"/>
      <lemma_gen tag="gân"/>
      <lemma_idmwb tag="46788000"/>
      <pos tag="VVFIN"/>
      <pos_gen tag="VV"/>
      <infl tag="Ind.Pres.Pl.3"/>
      <inflClass tag="irr"/>
      <inflClass_gen tag="irr"/>
    </tok_anno>
  </token>
  <token id="t25" trans="$war#zev" type="token">
    <tok_dipl id="t25_d1" trans="$war" utf="ſwar"/>
    <tok_dipl id="t25_d2" trans="zev" utf="zev"/>
    <tok_anno ascii="swarzev" id="t25_m1" trans="$war#zev" utf="ſwarzev">
      <norm tag="swarziu"/>
      <token_type tag="US"/>
      <lemma tag="swarz"/>
      <lemma_gen tag="swarz"/>
      <lemma_idmwb tag="164742000"/>
      <pos tag="ADJA"/>
      <pos_gen tag="ADJ"/>
      <infl tag="Pos.Neut.Nom.Pl.st"/>
      <inflClass tag="--"/>
      <inflClass_gen tag="--"/>
    </tok_anno>
  </token>
  <token id="t26" trans="wolchen.(!)" type="token">
    <tok_dipl id="t26_d1" trans="wolchen." utf="wolchen."/>
    <tok_anno ascii="wolchen." id="t26_m1" trans="wolchen." utf="wolchen.">
      <norm tag="wolkenn"/>
      <lemma tag="wolke(n)"/>
      <lemma_gen tag="wolke(n)"/>
      <lemma_idmwb tag="???"/>
      <pos tag="NA"/>
      <pos_gen tag="NA"/>
      <infl tag="Nom.Pl"/>
      <inflClass tag="st.Neut"/>
      <inflClass_gen tag="st.Fem,Neut"/>
      <punc tag="EE"/>
    </tok_anno>
  </token>
  <token id="t27" trans="daz" type="token">
    <tok_dipl id="t27_d1" trans="daz" utf="daz"/>
    <tok_anno ascii="daz" id="t27_m1" trans="daz" utf="daz">
      <norm tag="daz"/>
      <lemma tag="dër"/>
      <lemma_gen tag="dër"/>
      <lemma_idmwb tag="29823000"/>
      <pos tag="DDS"/>
      <pos_gen tag="DD"/>
      <infl tag="Neut.Nom.Sg"/>
      <inflClass tag="--"/>
      <inflClass_gen tag="--"/>
    </tok_anno>
  </token>
  <token id="t28" trans="i$t" type="token">
    <tok_dipl id="t28_d1" trans="i$t" utf="iſt"/>
    <tok_anno ascii="ist" id="t28_m1" trans="i$t" utf="iſt">
      <norm tag="ist"/>
      <lemma tag="sîn"/>
      <lemma_gen tag="sîn"/>
      <lemma_idmwb tag="150147000"/>
      <pos tag="VAFIN"/>
      <pos_gen tag="VA"/>
      <infl tag="Ind.Pres.Sg.3"/>
      <inflClass tag="irr"/>
      <inflClass_gen tag="irr"/>
    </tok_anno>
  </token>
  <token id="t29" trans="der" type="token">
    <tok_dipl id="t29_d1" trans="der" utf="der"/>
    <tok_anno ascii="der" id="t29_m1" trans="der" utf="der">
      <norm tag="der"/>
      <lemma tag="dër"/>
      <lemma_gen tag="dër"/>
      <lemma_idmwb tag="29817000"/>
      <pos tag="DDART"/>
      <pos_gen tag="DD"/>
      <infl tag="Masc.Nom.Sg"/>
      <inflClass tag="--"/>
      <inflClass_gen tag="--"/>
    </tok_anno>
  </token>
  <token id="t30" trans="heilige" type="token">
    <tok_dipl id="t30_d1" trans="heilige" utf="heilige"/>
    <tok_anno ascii="heilige" id="t30_m1" trans="heilige" utf="heilige">
      <norm tag="heilige"/>
      <lemma tag="hèilig"/>
      <lemma_gen tag="hèilig"/>
      <lemma_idmwb tag="70113000"/>
      <pos tag="ADJA"/>
      <pos_gen tag="ADJ"/>
      <infl tag="Pos.Masc.Nom.Sg.wk"/>
      <inflClass tag="--"/>
      <inflClass_gen tag="--"/>
    </tok_anno>
  </token>
  <token id="t31" trans="chri$t" type="token">
    <tok_dipl id="t31_d1" trans="chri$t" utf="chriſt"/>
    <tok_anno ascii="christ" id="t31_m1" trans="chri$t" utf="chriſt">
      <norm tag="Krist"/>
      <lemma tag="Krist"/>
      <lemma_gen tag="Krist"/>
      <lemma_idmwb tag="95598000"/>
      <pos tag="NE"/>
      <pos_gen tag="NE"/>
      <infl tag="Nom.Sg"/>
      <inflClass tag="--"/>
      <inflClass_gen tag="--"/>
    </tok_anno>
  </token>
  <token id="t32" trans="." type="punc">
    <tok_dipl id="t32_d1" trans="." utf="."/>
    <tok_anno ascii="." id="t32_m1" trans="." utf=".">
      <pos tag="$_"/>
      <pos_gen tag="$_"/>
    </tok_anno>
  </token>
  <token id="t33" trans="mit" type="token">
    <tok_dipl id="t33_d1" trans="mit" utf="mit"/>
    <tok_anno ascii="mit" id="t33_m1" trans="mit" utf="mit">
      <norm tag="mit"/>
      <lemma tag="mit"/>
      <lemma_gen tag="mit"/>
      <lemma_idmwb tag="113898000"/>
      <pos tag="APPR"/>
      <pos_gen tag="AP"/>
      <infl tag="--"/>
      <inflClass tag="--"/>
      <inflClass_gen tag="--"/>
    </tok_anno>
  </token>
  <token id="t34" trans="$iner" type="token">
    <tok_dipl id="t34_d1" trans="$iner" utf="ſiner"/>
    <tok_anno ascii="siner" id="t34_m1" trans="$iner" utf="ſiner">
      <norm tag="sîner"/>
      <lemma tag="sîn"/>
      <lemma_gen tag="sîn"/>
      <lemma_idmwb tag="150153000"/>
      <pos tag="DPOSA"/>
      <pos_gen tag="DPOS"/>
      <infl tag="Fem.Dat.Sg.st"/>
      <inflClass tag="--"/>
      <inflClass_gen tag="--"/>
    </tok_anno>
  </token>
  <token id="t35" trans="gecirde(;)" type="token">
    <tok_dipl id="t35_d1" trans="gecirde" utf="gecirde"/>
    <tok_anno ascii="gecirde" id="t35_m1" trans="gecirde" utf="gecirde">
      <norm tag="gezierde"/>
      <lemma tag="ge-zièr(e)de"/>
      <lemma_gen tag="ge-zièr(e)de"/>
      <lemma_idmwb tag="60978000"/>
      <pos tag="NA"/>
      <pos_gen tag="NA"/>
      <infl tag="Dat.Sg"/>
      <inflClass tag="st.Fem"/>
      <inflClass_gen tag="st.Fem,Neut"/>
      <punc tag="S*"/>
    </tok_anno>
  </token>
  <token id="t36" trans="." type="punc">
    <tok_dipl id="t36_d1" trans="." utf="."/>
    <tok_anno ascii="." id="t36_m1" trans="." utf=".">
      <pos tag="$_"/>
      <pos_gen tag="$_"/>
    </tok_anno>
  </token>
  <token id="t37" trans="daz" type="token">
    <tok_dipl id="t37_d1" trans="daz" utf="daz"/>
    <tok_anno ascii="daz" id="t37_m1" trans="daz" utf="daz">
      <norm tag="daz"/>
      <lemma tag="dër"/>
      <lemma_gen tag="dër"/>
      <lemma_idmwb tag="29823000"/>
      <pos tag="DDS"/>
      <pos_gen tag="DD"/>
      <infl tag="Neut.Nom.Sg"/>
      <inflClass tag="--"/>
      <inflClass_gen tag="--"/>
    </tok_anno>
  </token>
  <token id="t38" trans="i$t" type="token">
    <tok_dipl id="t38_d1" trans="i$t" utf="iſt"/>
    <tok_anno ascii="ist" id="t38_m1" trans="i$t" utf="iſt">
      <norm tag="ist"/>
      <lemma tag="sîn"/>
      <lemma_gen tag="sîn"/>
      <lemma_idmwb tag="150147000"/>
      <pos tag="VAFIN"/>
      <pos_gen tag="VA"/>
      <infl tag="Ind.Pres.Sg.3"/>
      <inflClass tag="irr"/>
      <inflClass_gen tag="irr"/>
    </tok_anno>
  </token>
  <token id="t39" trans="der" type="token">
    <tok_dipl id="t39_d1" trans="der" utf="der"/>
    <tok_anno ascii="der" id="t39_m1" trans="der" utf="der">
      <norm tag="der"/>
      <lemma tag="dër"/>
      <lemma_gen tag="dër"/>
      <lemma_idmwb tag="29817000"/>
      <pos tag="DDART"/>
      <pos_gen tag="DD"/>
      <infl tag="Masc.Nom.Sg"/>
      <inflClass tag="--"/>
      <inflClass_gen tag="--"/>
    </tok_anno>
  </token>
  <token id="t40" trans="heili(=)ge" type="token">
    <tok_dipl id="t40_d1" trans="heilige" utf="heilige"/>
    <tok_anno ascii="heilige" id="t40_m1" trans="heili(=)ge" utf="heilige">
      <norm tag="heilige"/>
      <token_type tag="UL"/>
      <lemma tag="hèilig"/>
      <lemma_gen tag="hèilig"/>
      <lemma_idmwb tag="70113000"/>
      <pos tag="ADJA"/>
      <pos_gen tag="ADJ"/>
      <infl tag="Pos.Masc.Nom.Sg.wk"/>
      <inflClass tag="--"/>
      <inflClass_gen tag="--"/>
    </tok_anno>
  </token>
  <token id="t41" trans="chri$t" type="token">
    <tok_dipl id="t41_d1" trans="chri$t" utf="chriſt"/>
    <tok_anno ascii="christ" id="t41_m1" trans="chri$t" utf="chriſt">
      <norm tag="Krist"/>
      <lemma tag="Krist"/>
      <lemma_gen tag="Krist"/>
      <lemma_idmwb tag="95598000"/>
      <pos tag="NE"/>
      <pos_gen tag="NE"/>
      <infl tag="Nom.Sg"/>
      <inflClass tag="--"/>
      <inflClass_gen tag="--"/>
    </tok_anno>
  </token>
  <token id="t42" trans="mit" type="token">
    <tok_dipl id="t42_d1" trans="mit" utf="mit"/>
    <tok_anno ascii="mit" id="t42_m1" trans="mit" utf="mit">
      <norm tag="mit"/>
      <lemma tag="mit"/>
      <lemma_gen tag="mit"/>
      <lemma_idmwb tag="113898000"/>
      <pos tag="APPR"/>
      <pos_gen tag="AP"/>
      <infl tag="--"/>
      <inflClass tag="--"/>
      <inflClass_gen tag="--"/>
    </tok_anno>
  </token>
  <token id="t43" trans="$iner" type="token">
    <tok_dipl id="t43_d1" trans="$iner" utf="ſiner"/>
    <tok_anno ascii="siner" id="t43_m1" trans="$iner" utf="ſiner">
      <norm tag="sîner"/>
      <lemma tag="sîn"/>
      <lemma_gen tag="sîn"/>
      <lemma_idmwb tag="150153000"/>
      <pos tag="DPOSA"/>
      <pos_gen tag="DPOS"/>
      <infl tag="Fem.Dat.Sg.st"/>
      <inflClass tag="--"/>
      <inflClass_gen tag="--"/>
    </tok_anno>
  </token>
  <token id="t44" trans="menege.(.)" type="token">
    <tok_dipl id="t44_d1" trans="menege." utf="menege."/>
    <tok_anno ascii="menege." id="t44_m1" trans="menege." utf="menege.">
      <norm tag="menige"/>
      <lemma tag="mènige"/>
      <lemma_gen tag="mènige"/>
      <lemma_idmwb tag="110295000"/>
      <pos tag="NA"/>
      <pos_gen tag="NA"/>
      <infl tag="Dat.Sg"/>
      <inflClass tag="st.Fem"/>
      <inflClass_gen tag="*.Fem"/>
      <punc tag="DE"/>
    </tok_anno>
  </token>
  <token id="t45" trans="Der" type="token">
    <tok_dipl id="t45_d1" trans="Der" utf="Der"/>
    <tok_anno ascii="Der" id="t45_m1" trans="Der" utf="Der">
      <norm tag="der"/>
      <lemma tag="dër"/>
      <lemma_gen tag="dër"/>
      <lemma_idmwb tag="29823000"/>
      <pos tag="DDS"/>
      <pos_gen tag="DD"/>
      <infl tag="Masc.Nom.Sg"/>
      <inflClass tag="--"/>
      <inflClass_gen tag="--"/>
    </tok_anno>
  </token>
  <token id="t46" trans="$cheiden" type="token">
    <tok_dipl id="t46_d1" trans="$cheiden" utf="ſcheiden"/>
    <tok_anno ascii="scheiden" id="t46_m1" trans="$cheiden" utf="ſcheiden">
      <norm tag="scheidet"/>
      <lemma tag="schèiden"/>
      <lemma_gen tag="schèiden"/>
      <lemma_idmwb tag="142380000"/>
      <pos tag="VVFIN"/>
      <pos_gen tag="VV"/>
      <infl tag="Ind.Pres.Sg.3"/>
      <inflClass tag="st7"/>
      <inflClass_gen tag="st7"/>
    </tok_anno>
  </token>
  <comment type="K">/^[!]/E[ſch&lt;ei&gt;den: l. {ſcheidet}, Wilhelm]</comment>
  <token id="t47" trans="trvbev" type="token">
    <tok_dipl id="t47_d1" trans="trvbev" utf="trvbev"/>
    <tok_anno ascii="trvbev" id="t47_m1" trans="trvbev" utf="trvbev">
      <norm tag="trüebiu"/>
      <lemma tag="trüèbe"/>
      <lemma_gen tag="trüèbe"/>
      <lemma_idmwb tag="172050000"/>
      <pos tag="ADJA"/>
      <pos_gen tag="ADJ"/>
      <infl tag="Pos.Neut.Akk.Pl.st"/>
      <inflClass tag="--"/>
      <inflClass_gen tag="--"/>
    </tok_anno>
  </token>
  <token id="t48" trans="wolchen,," type="token">
    <tok_dipl id="t48_d1" trans="wolchen" utf="wolchen"/>
    <tok_anno ascii="wolchen" id="t48_m1" trans="wolchen" utf="wolchen">
      <norm tag="wolkenn"/>
      <lemma tag="wolke(n)"/>
      <lemma_gen tag="wolke(n)"/>
      <lemma_idmwb tag="???"/>
      <pos tag="NA"/>
      <pos_gen tag="NA"/>
      <infl tag="Akk.Pl"/>
      <inflClass tag="st.Neut"/>
      <inflClass_gen tag="st.Fem,Neut"/>
      <punc tag="S*"/>
    </tok_anno>
  </token>
  <token id="t49" trans="." type="punc">
    <tok_dipl id="t49_d1" trans="." utf="."/>
    <tok_anno ascii="." id="t49_m1" trans="." utf=".">
      <pos tag="$_"/>
      <pos_gen tag="$_"/>
    </tok_anno>
  </token>
  <token id="t50" trans="der" type="token">
    <tok_dipl id="t50_d1" trans="der" utf="der"/>
    <tok_anno ascii="der" id="t50_m1" trans="der" utf="der">
      <norm tag="der"/>
      <lemma tag="dër"/>
      <lemma_gen tag="dër"/>
      <lemma_idmwb tag="29823000"/>
      <pos tag="DDS"/>
      <pos_gen tag="DD"/>
      <infl tag="Masc.Nom.Sg"/>
      <inflClass tag="--"/>
      <inflClass_gen tag="--"/>
    </tok_anno>
  </token>
  <token id="t51" trans="wil" type="token">
    <tok_dipl id="t51_d1" trans="wil" utf="wil"/>
    <tok_anno ascii="wil" id="t51_m1" trans="wil" utf="wil">
      <norm tag="wile"/>
      <lemma tag="wèllen"/>
      <lemma_gen tag="wèllen"/>
      <lemma_idmwb tag="224625000"/>
      <pos tag="VMFIN"/>
      <pos_gen tag="VM"/>
      <infl tag="Ind.Pres.Sg.3"/>
      <inflClass tag="irr"/>
      <inflClass_gen tag="irr"/>
    </tok_anno>
  </token>
  <token id="t52" trans="veimen" type="token">
    <tok_dipl id="t52_d1" trans="veimen" utf="veimen"/>
    <tok_anno ascii="veimen" id="t52_m1" trans="veimen" utf="veimen">
      <norm tag="veimen"/>
      <lemma tag="vèimen"/>
      <lemma_gen tag="vèimen"/>
      <lemma_idmwb tag="199236000"/>
      <pos tag="VVINF"/>
      <pos_gen tag="VV"/>
      <infl tag="--"/>
      <inflClass tag="wk"/>
      <inflClass_gen tag="wk"/>
    </tok_anno>
  </token>
  <token id="t53" trans="wize" type="token">
    <tok_dipl id="t53_d1" trans="wize" utf="wize"/>
    <tok_anno ascii="wize" id="t53_m1" trans="wize" utf="wize">
      <norm tag="wîze"/>
      <lemma tag="wîz"/>
      <lemma_gen tag="wîz"/>
      <lemma_idmwb tag="232389000"/>
      <pos tag="ADJA"/>
      <pos_gen tag="ADJ"/>
      <infl tag="Pos.*.Akk.Pl.st"/>
      <inflClass tag="--"/>
      <inflClass_gen tag="--"/>
    </tok_anno>
  </token>
  <token id="t54" trans="$teine,," type="token">
    <tok_dipl id="t54_d1" trans="$teine" utf="ſteine"/>
    <tok_anno ascii="steine" id="t54_m1" trans="$teine" utf="ſteine">
      <norm tag="steine"/>
      <lemma tag="stèin"/>
      <lemma_gen tag="stèin"/>
      <lemma_idmwb tag="158148000"/>
      <pos tag="NA"/>
      <pos_gen tag="NA"/>
      <infl tag="Akk.Pl"/>
      <inflClass tag="st.Masc"/>
      <inflClass_gen tag="st.Masc"/>
      <punc tag="S*"/>
    </tok_anno>
  </token>
  <token id="t55" trans="." type="punc">
    <tok_dipl id="t55_d1" trans="." utf="."/>
    <tok_anno ascii="." id="t55_m1" trans="." utf=".">
      <pos tag="$_"/>
      <pos_gen tag="$_"/>
    </tok_anno>
  </token>
  <token id="t56" trans="daz" type="token">
    <tok_dipl id="t56_d1" trans="daz" utf="daz"/>
    <tok_anno ascii="daz" id="t56_m1" trans="daz" utf="daz">
      <norm tag="daz"/>
      <lemma tag="dazz"/>
      <lemma_gen tag="dazz"/>
      <lemma_idmwb tag="29484000"/>
      <pos tag="KOUS"/>
      <pos_gen tag="KO"/>
      <infl tag="--"/>
      <inflClass tag="--"/>
      <inflClass_gen tag="--"/>
    </tok_anno>
  </token>
  <token id="t57" trans="$i" type="token">
    <tok_dipl id="t57_d1" trans="$i" utf="ſi"/>
    <tok_anno ascii="si" id="t57_m1" trans="$i" utf="ſi">
      <norm tag="si"/>
      <lemma tag="ër"/>
      <lemma_gen tag="ër"/>
      <lemma_idmwb tag="40380000"/>
      <pos tag="PPER"/>
      <pos_gen tag="PPER"/>
      <infl tag="*.Nom.Pl.3"/>
      <inflClass tag="--"/>
      <inflClass_gen tag="--"/>
    </tok_anno>
  </token>
  <token id="t58" trans="e" type="token">
    <tok_dipl id="t58_d1" trans="e" utf="e"/>
    <tok_anno ascii="e" id="t58_m1" trans="e" utf="e">
      <norm tag="êr"/>
      <lemma tag="êr"/>
      <lemma_gen tag="êr"/>
      <lemma_idmwb tag="40383000"/>
      <pos tag="AVD"/>
      <pos_gen tag="AVD-KO"/>
      <infl tag="--"/>
      <inflClass tag="--"/>
      <inflClass_gen tag="--"/>
    </tok_anno>
  </token>
  <token id="t59" trans="zegen,," type="token">
    <tok_dipl id="t59_d1" trans="zegen" utf="zegen"/>
    <tok_anno ascii="zegen" id="t59_m1" trans="zegen" utf="zegen">
      <norm tag="zergên"/>
      <lemma tag="zer-gân"/>
      <lemma_gen tag="zer-gân"/>
      <lemma_idmwb tag="236700000"/>
      <pos tag="VVFIN"/>
      <pos_gen tag="VV"/>
      <infl tag="*.Pres.Pl.3"/>
      <inflClass tag="irr"/>
      <inflClass_gen tag="irr"/>
      <punc tag="S*"/>
    </tok_anno>
  </token>
  <token id="t60" trans="." type="punc">
    <tok_dipl id="t60_d1" trans="." utf="."/>
    <tok_anno ascii="." id="t60_m1" trans="." utf=".">
      <pos tag="$_"/>
      <pos_gen tag="$_"/>
    </tok_anno>
  </token>
  <token id="t61" trans="e" type="token">
    <tok_dipl id="t61_d1" trans="e" utf="e"/>
    <tok_anno ascii="e" id="t61_m1" trans="e" utf="e">
      <norm tag="êr"/>
      <lemma tag="êr"/>
      <lemma_gen tag="êr"/>
      <lemma_idmwb tag="40383000"/>
      <pos tag="KOUS"/>
      <pos_gen tag="KO"/>
      <infl tag="--"/>
      <inflClass tag="--"/>
      <inflClass_gen tag="--"/>
    </tok_anno>
  </token>
  <token id="t62" trans="$i" type="token">
    <tok_dipl id="t62_d1" trans="$i" utf="ſi"/>
    <tok_anno ascii="si" id="t62_m1" trans="$i" utf="ſi">
      <norm tag="si"/>
      <lemma tag="ër"/>
      <lemma_gen tag="ër"/>
      <lemma_idmwb tag="40380000"/>
      <pos tag="PPER"/>
      <pos_gen tag="PPER"/>
      <infl tag="*.Nom.Pl.3"/>
      <inflClass tag="--"/>
      <inflClass_gen tag="--"/>
    </tok_anno>
  </token>
  <token id="t63" trans="c||erde" type="token">
    <tok_dipl id="t63_d1" trans="cerde" utf="cerde"/>
    <tok_anno ascii="c" id="t63_m1" trans="c|" utf="c">
      <norm tag="ze"/>
      <token_type tag="MS1"/>
      <lemma tag="ze"/>
      <lemma_gen tag="ze"/>
      <lemma_idmwb tag="235656000"/>
      <pos tag="APPR"/>
      <pos_gen tag="AP"/>
      <infl tag="--"/>
      <inflClass tag="--"/>
      <inflClass_gen tag="--"/>
    </tok_anno>
    <tok_anno ascii="erde" id="t63_m2" trans="|erde" utf="erde">
      <norm tag="erde"/>
      <token_type tag="MS2"/>
      <lemma tag="ërde"/>
      <lemma_gen tag="ërde"/>
      <lemma_idmwb tag="41217000"/>
      <pos tag="NA"/>
      <pos_gen tag="NA"/>
      <infl tag="Dat.Sg"/>
      <inflClass tag="st.Fem"/>
      <inflClass_gen tag="*.Fem"/>
    </tok_anno>
  </token>
  <token id="t64" trans="gen(.)" type="token">
    <tok_dipl id="t64_d1" trans="gen" utf="gen"/>
    <tok_anno ascii="gen" id="t64_m1" trans="gen" utf="gen">
      <norm tag="gên"/>
      <lemma tag="gân"/>
      <lemma_gen tag="gân"/>
      <lemma_idmwb tag="46788000"/>
      <pos tag="VVFIN"/>
      <pos_gen tag="VV"/>
      <infl tag="*.Pres.Pl.3"/>
      <inflClass tag="irr"/>
      <inflClass_gen tag="irr"/>
      <punc tag="DE"/>
    </tok_anno>
  </token>
  <token id="t65" trans="." type="punc">
    <tok_dipl id="t65_d1" trans="." utf="."/>
    <tok_anno ascii="." id="t65_m1" trans="." utf=".">
      <pos tag="$_"/>
      <pos_gen tag="$_"/>
      <punc tag="$E"/>
    </tok_anno>
  </token>
  <token id="t66" trans="vor" type="token">
    <tok_dipl id="t66_d1" trans="vor" utf="vor"/>
    <tok_anno ascii="vor" id="t66_m1" trans="vor" utf="vor">
      <norm tag="vore"/>
      <lemma tag="vor(e)"/>
      <lemma_gen tag="vor(e)"/>
      <lemma_idmwb tag="213246000"/>
      <pos tag="APPR"/>
      <pos_gen tag="AP"/>
      <infl tag="--"/>
      <inflClass tag="--"/>
      <inflClass_gen tag="--"/>
    </tok_anno>
  </token>
  <token id="t67" trans="den" type="token">
    <tok_dipl id="t67_d1" trans="den" utf="den"/>
    <tok_anno ascii="den" id="t67_m1" trans="den" utf="den">
      <norm tag="den"/>
      <lemma tag="dër"/>
      <lemma_gen tag="dër"/>
      <lemma_idmwb tag="29817000"/>
      <pos tag="DDART"/>
      <pos_gen tag="DD"/>
      <infl tag="*.Dat.Pl"/>
      <inflClass tag="--"/>
      <inflClass_gen tag="--"/>
    </tok_anno>
  </token>
  <token id="t68" trans="$elben" type="token">
    <tok_dipl id="t68_d1" trans="$elben" utf="ſelben"/>
    <tok_anno ascii="selben" id="t68_m1" trans="$elben" utf="ſelben">
      <norm tag="selben"/>
      <lemma tag="sëlb"/>
      <lemma_gen tag="sëlb"/>
      <lemma_idmwb tag="147849000"/>
      <pos tag="DDA"/>
      <pos_gen tag="DD"/>
      <infl tag="*.Dat.Pl.st"/>
      <inflClass tag="--"/>
      <inflClass_gen tag="--"/>
    </tok_anno>
  </token>
  <token id="t69" trans="wihen" type="token">
    <tok_dipl id="t69_d1" trans="wihen" utf="wihen"/>
    <tok_anno ascii="wihen" id="t69_m1" trans="wihen" utf="wihen">
      <norm tag="wîhen"/>
      <lemma tag="wîh"/>
      <lemma_gen tag="wîh"/>
      <lemma_idmwb tag="226359000"/>
      <pos tag="ADJA"/>
      <pos_gen tag="ADJ"/>
      <infl tag="Pos.*.Dat.Pl.*"/>
      <inflClass tag="--"/>
      <inflClass_gen tag="--"/>
    </tok_anno>
  </token>
  <token id="t70" trans="worten,," type="token">
    <tok_dipl id="t70_d1" trans="worten" utf="worten"/>
    <tok_anno ascii="worten" id="t70_m1" trans="worten" utf="worten">
      <norm tag="worten"/>
      <lemma tag="wort"/>
      <lemma_gen tag="wort"/>
      <lemma_idmwb tag="233604000"/>
      <pos tag="NA"/>
      <pos_gen tag="NA"/>
      <infl tag="Dat.Pl"/>
      <inflClass tag="st.Neut"/>
      <inflClass_gen tag="st.Neut"/>
      <punc tag="S*"/>
    </tok_anno>
  </token>
  <token id="t71" trans="." type="punc">
    <tok_dipl id="t71_d1" trans="." utf="."/>
    <tok_anno ascii="." id="t71_m1" trans="." utf=".">
      <pos tag="$_"/>
      <pos_gen tag="$_"/>
    </tok_anno>
  </token>
  <token id="t72" trans="daz" type="token">
    <tok_dipl id="t72_d1" trans="daz" utf="daz"/>
    <tok_anno ascii="daz" id="t72_m1" trans="daz" utf="daz">
      <norm tag="daz"/>
      <lemma tag="dazz"/>
      <lemma_gen tag="dazz"/>
      <lemma_idmwb tag="29484000"/>
      <pos tag="KOUS"/>
      <pos_gen tag="KO"/>
      <infl tag="--"/>
      <inflClass tag="--"/>
      <inflClass_gen tag="--"/>
    </tok_anno>
  </token>
  <token id="t73" trans="un$" type="token">
    <tok_dipl id="t73_d1" trans="un$" utf="unſ"/>
    <tok_anno ascii="uns" id="t73_m1" trans="un$" utf="unſ">
      <norm tag="uns"/>
      <lemma tag="wir"/>
      <lemma_gen tag="wir"/>
      <lemma_idmwb tag="231441000"/>
      <pos tag="PPER"/>
      <pos_gen tag="PPER"/>
      <infl tag="Dat.Pl.1"/>
      <inflClass tag="--"/>
      <inflClass_gen tag="--"/>
    </tok_anno>
  </token>
  <token id="t74" trans="ce" type="token">
    <tok_dipl id="t74_d1" trans="ce" utf="ce"/>
    <tok_anno ascii="ce" id="t74_m1" trans="ce" utf="ce">
      <norm tag="ze"/>
      <lemma tag="ze"/>
      <lemma_gen tag="ze"/>
      <lemma_idmwb tag="235656000"/>
      <pos tag="PTKA"/>
      <pos_gen tag="PTK"/>
      <infl tag="--"/>
      <inflClass tag="--"/>
      <inflClass_gen tag="--"/>
    </tok_anno>
  </token>
  <token id="t75" trans="lup_pe(.)" type="token">
    <tok_dipl id="t75_d1" trans="lup_pe" utf="lup‍pe"/>
    <tok_anno ascii="luppe" id="t75_m1" trans="lup_pe" utf="lup‍pe">
      <norm tag="lüppe"/>
      <lemma tag="lüppen"/>
      <lemma_gen tag="lüppen"/>
      <lemma_idmwb tag="106128000"/>
      <pos tag="VVFIN"/>
      <pos_gen tag="VV"/>
      <infl tag="Subj.Pres.Sg.3"/>
      <inflClass tag="wk"/>
      <inflClass_gen tag="wk"/>
      <punc tag="DE"/>
    </tok_anno>
  </token>
  <token id="t76" trans="." type="punc">
    <tok_dipl id="t76_d1" trans="." utf="."/>
    <tok_anno ascii="." id="t76_m1" trans="." utf=".">
      <pos tag="$_"/>
      <pos_gen tag="$_"/>
      <punc tag="$E"/>
    </tok_anno>
  </token>
  <token id="t77" trans="Pat\-(!)" type="token">
    <tok_dipl id="t77_d1" trans="Pat\-" utf="Pat̄"/>
    <tok_anno ascii="Paten" id="t77_m1" trans="Pat\-" utf="Pat̄">
      <norm tag="--"/>
      <lemma tag="pater"/>
      <lemma_gen tag="[!]"/>
      <lemma_idmwb tag="--"/>
      <pos tag="FM"/>
      <pos_gen tag="FM"/>
      <infl tag="--"/>
      <inflClass tag="--"/>
      <inflClass_gen tag="--"/>
      <punc tag="EE"/>
    </tok_anno>
  </token>
  <token id="t78" trans="." type="punc">
    <tok_dipl id="t78_d1" trans="." utf="."/>
    <tok_anno ascii="." id="t78_m1" trans="." utf=".">
      <pos tag="$_"/>
      <pos_gen tag="$_"/>
      <punc tag="$E"/>
    </tok_anno>
  </token>
  <token id="t79" trans="Pater(!)" type="token">
    <tok_dipl id="t79_d1" trans="Pater" utf="Pater"/>
    <tok_anno ascii="Pater" id="t79_m1" trans="Pater" utf="Pater">
      <norm tag="--"/>
      <lemma tag="pater"/>
      <lemma_gen tag="[!]"/>
      <lemma_idmwb tag="--"/>
      <pos tag="FM"/>
      <pos_gen tag="FM"/>
      <infl tag="--"/>
      <inflClass tag="--"/>
      <inflClass_gen tag="--"/>
      <punc tag="EE"/>
    </tok_anno>
  </token>
  <token id="t80" trans="." type="punc">
    <tok_dipl id="t80_d1" trans="." utf="."/>
    <tok_anno ascii="." id="t80_m1" trans="." utf=".">
      <pos tag="$_"/>
      <pos_gen tag="$_"/>
      <punc tag="$E"/>
    </tok_anno>
  </token>
  <token id="t81" trans="Pater(!)" type="token">
    <tok_dipl id="t81_d1" trans="Pater" utf="Pater"/>
    <tok_anno ascii="Pater" id="t81_m1" trans="Pater" utf="Pater">
      <norm tag="--"/>
      <lemma tag="pater"/>
      <lemma_gen tag="[!]"/>
      <lemma_idmwb tag="--"/>
      <pos tag="FM"/>
      <pos_gen tag="FM"/>
      <infl tag="--"/>
      <inflClass tag="--"/>
      <inflClass_gen tag="--"/>
      <punc tag="EE"/>
    </tok_anno>
  </token>
  <token id="t82" trans="." type="punc">
    <tok_dipl id="t82_d1" trans="." utf="."/>
    <tok_anno ascii="." id="t82_m1" trans="." utf=".">
      <pos tag="$_"/>
      <pos_gen tag="$_"/>
      <punc tag="$E"/>
    </tok_anno>
  </token>
  <token id="t83" trans="gehvge$t" type="token">
    <tok_dipl id="t83_d1" trans="gehvge$t" utf="gehvgeſt"/>
    <tok_anno ascii="gehvgest" id="t83_m1" trans="gehvge$t" utf="gehvgeſt">
      <norm tag="gehügest"/>
      <lemma tag="ge-hügen"/>
      <lemma_gen tag="ge-hügen"/>
      <lemma_idmwb tag="50538000"/>
      <pos tag="VVFIN"/>
      <pos_gen tag="VV"/>
      <infl tag="*.Pres.Sg.2"/>
      <inflClass tag="wk"/>
      <inflClass_gen tag="wk"/>
    </tok_anno>
  </token>
  <token id="t84" trans="du" type="token">
    <tok_dipl id="t84_d1" trans="du" utf="du"/>
    <tok_anno ascii="du" id="t84_m1" trans="du" utf="du">
      <norm tag="dû"/>
      <lemma tag="dû"/>
      <lemma_gen tag="dû"/>
      <lemma_idmwb tag="32607000"/>
      <pos tag="PPER"/>
      <pos_gen tag="PPER"/>
      <infl tag="Nom.Sg.2"/>
      <inflClass tag="--"/>
      <inflClass_gen tag="--"/>
    </tok_anno>
  </token>
  <token id="t85" trans="nv" type="token">
    <tok_dipl id="t85_d1" trans="nv" utf="nv"/>
    <tok_anno ascii="nv" id="t85_m1" trans="nv" utf="nv">
      <norm tag="nû"/>
      <lemma tag="nû"/>
      <lemma_gen tag="nû"/>
      <lemma_idmwb tag="122703000"/>
      <pos tag="AVD"/>
      <pos_gen tag="AVD-KO"/>
      <infl tag="--"/>
      <inflClass tag="--"/>
      <inflClass_gen tag="--"/>
    </tok_anno>
  </token>
  <token id="t86" trans="hagel,," type="token">
    <tok_dipl id="t86_d1" trans="hagel" utf="hagel"/>
    <tok_anno ascii="hagel" id="t86_m1" trans="hagel" utf="hagel">
      <norm tag="hagel"/>
      <lemma tag="hagel"/>
      <lemma_gen tag="hagel"/>
      <lemma_idmwb tag="67212000"/>
      <pos tag="NA"/>
      <pos_gen tag="NA"/>
      <infl tag="Akk.Sg"/>
      <inflClass tag="st.Masc"/>
      <inflClass_gen tag="st.Masc"/>
      <punc tag="S*"/>
    </tok_anno>
  </token>
  <token id="t87" trans="." type="punc">
    <tok_dipl id="t87_d1" trans="." utf="."/>
    <tok_anno ascii="." id="t87_m1" trans="." utf=".">
      <pos tag="$_"/>
      <pos_gen tag="$_"/>
    </tok_anno>
  </token>
  <token id="t88" trans="wa" type="token">
    <tok_dipl id="t88_d1" trans="wa" utf="wa"/>
    <tok_anno ascii="wa" id="t88_m1" trans="wa" utf="wa">
      <norm tag="wâ"/>
      <lemma tag="wâr"/>
      <lemma_gen tag="wâr"/>
      <lemma_idmwb tag="220017000"/>
      <pos tag="AVW"/>
      <pos_gen tag="AVW"/>
      <infl tag="--"/>
      <inflClass tag="--"/>
      <inflClass_gen tag="--"/>
    </tok_anno>
  </token>
  <token id="t89" trans="dich" type="token">
    <tok_dipl id="t89_d1" trans="dich" utf="dich"/>
    <tok_anno ascii="dich" id="t89_m1" trans="dich" utf="dich">
      <norm tag="dich"/>
      <lemma tag="dû"/>
      <lemma_gen tag="dû"/>
      <lemma_idmwb tag="32607000"/>
      <pos tag="PPER"/>
      <pos_gen tag="PPER"/>
      <infl tag="Akk.Sg.2"/>
      <inflClass tag="--"/>
      <inflClass_gen tag="--"/>
    </tok_anno>
  </token>
  <token id="t90" trans="die" type="token">
    <tok_dipl id="t90_d1" trans="die" utf="die"/>
    <tok_anno ascii="die" id="t90_m1" trans="die" utf="die">
      <norm tag="die"/>
      <lemma tag="dër"/>
      <lemma_gen tag="dër"/>
      <lemma_idmwb tag="29817000"/>
      <pos tag="DDART"/>
      <pos_gen tag="DD"/>
      <infl tag="*.Nom.Pl"/>
      <inflClass tag="--"/>
      <inflClass_gen tag="--"/>
    </tok_anno>
  </token>
  <token id="t91" trans="wartman" type="token">
    <tok_dipl id="t91_d1" trans="wartman" utf="wartman"/>
    <tok_anno ascii="wartman" id="t91_m1" trans="wartman" utf="wartman">
      <norm tag="wartmanne"/>
      <lemma tag="wart-mann"/>
      <lemma_gen tag="wart-mann"/>
      <lemma_idmwb tag="222381000"/>
      <pos tag="NA"/>
      <pos_gen tag="NA"/>
      <infl tag="Nom.Pl"/>
      <inflClass tag="st.Masc"/>
      <inflClass_gen tag="st.Masc"/>
    </tok_anno>
  </token>
  <token id="t92" trans="." type="punc">
    <tok_dipl id="t92_d1" trans="." utf="."/>
    <tok_anno ascii="." id="t92_m1" trans="." utf=".">
      <pos tag="$_"/>
      <pos_gen tag="$_"/>
    </tok_anno>
  </token>
  <token id="t93" trans="in" type="token">
    <tok_dipl id="t93_d1" trans="in" utf="in"/>
    <tok_anno ascii="in" id="t93_m1" trans="in" utf="in">
      <norm tag="in"/>
      <lemma tag="in"/>
      <lemma_gen tag="in"/>
      <lemma_idmwb tag="81741000"/>
      <pos tag="APPR"/>
      <pos_gen tag="AP"/>
      <infl tag="--"/>
      <inflClass tag="--"/>
      <inflClass_gen tag="--"/>
    </tok_anno>
  </token>
  <token id="t94" trans="dem" type="token">
    <tok_dipl id="t94_d1" trans="dem" utf="dem"/>
    <tok_anno ascii="dem" id="t94_m1" trans="dem" utf="dem">
      <norm tag="dem"/>
      <lemma tag="dër"/>
      <lemma_gen tag="dër"/>
      <lemma_idmwb tag="29817000"/>
      <pos tag="DDART"/>
      <pos_gen tag="DD"/>
      <infl tag="Masc.Dat.Sg"/>
      <inflClass tag="--"/>
      <inflClass_gen tag="--"/>
    </tok_anno>
  </token>
  <token id="t95" trans="wolchen" type="token">
    <tok_dipl id="t95_d1" trans="wolchen" utf="wolchen"/>
    <tok_anno ascii="wolchen" id="t95_m1" trans="wolchen" utf="wolchen">
      <norm tag="wolkenn"/>
      <lemma tag="wolke(n)"/>
      <lemma_gen tag="wolke(n)"/>
      <lemma_idmwb tag="233133000"/>
      <pos tag="NA"/>
      <pos_gen tag="NA"/>
      <infl tag="Dat.Sg"/>
      <inflClass tag="st.Masc"/>
      <inflClass_gen tag="st.*."/>
    </tok_anno>
  </token>
  <token id="t96" trans="$ahen,," type="token">
    <tok_dipl id="t96_d1" trans="$ahen" utf="ſahen"/>
    <tok_anno ascii="sahen" id="t96_m1" trans="$ahen" utf="ſahen">
      <norm tag="sâhen"/>
      <lemma tag="sëhen"/>
      <lemma_gen tag="sëhen"/>
      <lemma_idmwb tag="147189000"/>
      <pos tag="VVFIN"/>
      <pos_gen tag="VV"/>
      <infl tag="Ind.Past.Pl.3"/>
      <inflClass tag="st5"/>
      <inflClass_gen tag="st5"/>
      <punc tag="S*"/>
    </tok_anno>
  </token>
  <token id="t97" trans="." type="punc">
    <tok_dipl id="t97_d1" trans="." utf="."/>
    <tok_anno ascii="." id="t97_m1" trans="." utf=".">
      <pos tag="$_"/>
      <pos_gen tag="$_"/>
    </tok_anno>
  </token>
  <token id="t98" trans="uf" type="token">
    <tok_dipl id="t98_d1" trans="uf" utf="uf"/>
    <tok_anno ascii="uf" id="t98_m1" trans="uf" utf="uf">
      <norm tag="ûf"/>
      <lemma tag="ûf"/>
      <lemma_gen tag="ûf"/>
      <lemma_idmwb tag="178137000"/>
      <pos tag="APPR"/>
      <pos_gen tag="AP"/>
      <infl tag="--"/>
      <inflClass tag="--"/>
      <inflClass_gen tag="--"/>
    </tok_anno>
  </token>
  <token id="t99" trans="hart" type="token">
    <tok_dipl id="t99_d1" trans="hart" utf="hart"/>
    <tok_anno ascii="hart" id="t99_m1" trans="hart" utf="hart">
      <norm tag="harte"/>
      <lemma tag="hart"/>
      <lemma_gen tag="hart"/>
      <lemma_idmwb tag="69114000"/>
      <pos tag="NA"/>
      <pos_gen tag="NA"/>
      <infl tag="Dat.Sg"/>
      <inflClass tag="stu.Masc"/>
      <inflClass_gen tag="stu.Masc"/>
    </tok_anno>
  </token>
  <token id="t100" trans="du" type="token">
    <tok_dipl id="t100_d1" trans="du" utf="du"/>
    <tok_anno ascii="du" id="t100_m1" trans="du" utf="du">
      <norm tag="dû"/>
      <lemma tag="dû"/>
      <lemma_gen tag="dû"/>
      <lemma_idmwb tag="32607000"/>
      <pos tag="PPER"/>
      <pos_gen tag="PPER"/>
      <infl tag="Nom.Sg.2"/>
      <inflClass tag="--"/>
      <inflClass_gen tag="--"/>
    </tok_anno>
  </token>
  <token id="t101" trans="la_ege,," type="token">
    <tok_dipl id="t101_d1" trans="la_ege" utf="la‍ege"/>
    <tok_anno ascii="laege" id="t101_m1" trans="la_ege" utf="la‍ege">
      <norm tag="læge"/>
      <lemma tag="ligen"/>
      <lemma_gen tag="ligen"/>
      <lemma_idmwb tag="103017000"/>
      <pos tag="VVFIN"/>
      <pos_gen tag="VV"/>
      <infl tag="Ind.Past.Sg.2"/>
      <inflClass tag="st5b"/>
      <inflClass_gen tag="st5b"/>
      <punc tag="S*"/>
    </tok_anno>
  </token>
  <token id="t102" trans="." type="punc">
    <tok_dipl id="t102_d1" trans="." utf="."/>
    <tok_anno ascii="." id="t102_m1" trans="." utf=".">
      <pos tag="$_"/>
      <pos_gen tag="$_"/>
    </tok_anno>
  </token>
  <token id="t103" trans="engelen" type="token">
    <tok_dipl id="t103_d1" trans="engelen" utf="engelen"/>
    <tok_anno ascii="engelen" id="t103_m1" trans="engelen" utf="engelen">
      <norm tag="engelen"/>
      <lemma tag="èngel"/>
      <lemma_gen tag="èngel"/>
      <lemma_idmwb tag="37740000"/>
      <pos tag="NA"/>
      <pos_gen tag="NA"/>
      <infl tag="Akk.Pl"/>
      <inflClass tag="st.Masc"/>
      <inflClass_gen tag="st.Masc"/>
    </tok_anno>
  </token>
  <token id="t104" trans="dv" type="token">
    <tok_dipl id="t104_d1" trans="dv" utf="dv"/>
    <tok_anno ascii="dv" id="t104_m1" trans="dv" utf="dv">
      <norm tag="dû"/>
      <lemma tag="dû"/>
      <lemma_gen tag="dû"/>
      <lemma_idmwb tag="32607000"/>
      <pos tag="PPER"/>
      <pos_gen tag="PPER"/>
      <infl tag="Nom.Sg.2"/>
      <inflClass tag="--"/>
      <inflClass_gen tag="--"/>
    </tok_anno>
  </token>
  <token id="t105" trans="ia_ege,," type="token">
    <tok_dipl id="t105_d1" trans="ia_ege" utf="ia‍ege"/>
    <tok_anno ascii="iaege" id="t105_m1" trans="ia_ege" utf="ia‍ege">
      <norm tag="jagetes"/>
      <lemma tag="jagen"/>
      <lemma_gen tag="jagen"/>
      <lemma_idmwb tag="84867000"/>
      <pos tag="VVFIN"/>
      <pos_gen tag="VV"/>
      <infl tag="Ind.Past.Sg.2"/>
      <inflClass tag="wk"/>
      <inflClass_gen tag="wk"/>
      <punc tag="S*"/>
    </tok_anno>
  </token>
  <token id="t106" trans="." type="punc">
    <tok_dipl id="t106_d1" trans="." utf="."/>
    <tok_anno ascii="." id="t106_m1" trans="." utf=".">
      <pos tag="$_"/>
      <pos_gen tag="$_"/>
    </tok_anno>
  </token>
  <token id="t107" trans="daz" type="token">
    <tok_dipl id="t107_d1" trans="daz" utf="daz"/>
    <tok_anno ascii="daz" id="t107_m1" trans="daz" utf="daz">
      <norm tag="daz"/>
      <lemma tag="dazz"/>
      <lemma_gen tag="dazz"/>
      <lemma_idmwb tag="29484000"/>
      <pos tag="KOUS"/>
      <pos_gen tag="KO"/>
      <infl tag="--"/>
      <inflClass tag="--"/>
      <inflClass_gen tag="--"/>
    </tok_anno>
  </token>
  <token id="t108" trans="du" type="token">
    <tok_dipl id="t108_d1" trans="du" utf="du"/>
    <tok_anno ascii="du" id="t108_m1" trans="du" utf="du">
      <norm tag="dû"/>
      <lemma tag="dû"/>
      <lemma_gen tag="dû"/>
      <lemma_idmwb tag="32607000"/>
      <pos tag="PPER"/>
      <pos_gen tag="PPER"/>
      <infl tag="Nom.Sg.2"/>
      <inflClass tag="--"/>
      <inflClass_gen tag="--"/>
    </tok_anno>
  </token>
  <token id="t109" trans="me" type="token">
    <tok_dipl id="t109_d1" trans="me" utf="me"/>
    <tok_anno ascii="me" id="t109_m1" trans="me" utf="me">
      <norm tag="mêrer"/>
      <lemma tag="mêr(e)"/>
      <lemma_gen tag="mêr(e)"/>
      <lemma_idmwb tag="110610000"/>
      <pos tag="AVD"/>
      <pos_gen tag="AVD"/>
      <infl tag="Comp"/>
      <inflClass tag="--"/>
      <inflClass_gen tag="--"/>
    </tok_anno>
  </token>
  <token id="t110" trans="getar" type="token">
    <tok_dipl id="t110_d1" trans="getar" utf="getar"/>
    <tok_anno ascii="getar" id="t110_m1" trans="getar" utf="getar">
      <norm tag="getarst"/>
      <lemma tag="ge-turren"/>
      <lemma_gen tag="ge-turren"/>
      <lemma_idmwb tag="58590000"/>
      <pos tag="VMFIN"/>
      <pos_gen tag="VM"/>
      <infl tag="Ind.Pres.Sg.2"/>
      <inflClass tag="irr"/>
      <inflClass_gen tag="irr"/>
    </tok_anno>
  </token>
  <token id="t111" trans="." type="punc">
    <tok_dipl id="t111_d1" trans="." utf="."/>
    <tok_anno ascii="." id="t111_m1" trans="." utf=".">
      <pos tag="$_"/>
      <pos_gen tag="$_"/>
    </tok_anno>
  </token>
  <token id="t112" trans="ie,," type="token">
    <tok_dipl id="t112_d1" trans="ie" utf="ie"/>
    <tok_anno ascii="ie" id="t112_m1" trans="ie" utf="ie">
      <norm tag="ie"/>
      <lemma tag="iè"/>
      <lemma_gen tag="iè"/>
      <lemma_idmwb tag="81276000"/>
      <pos tag="AVD"/>
      <pos_gen tag="AVD"/>
      <infl tag="--"/>
      <inflClass tag="--"/>
      <inflClass_gen tag="--"/>
      <punc tag="S*"/>
    </tok_anno>
  </token>
  <token id="t113" trans="$wa" type="token">
    <tok_dipl id="t113_d1" trans="$wa" utf="ſwa"/>
    <tok_anno ascii="swa" id="t113_m1" trans="$wa" utf="ſwa">
      <norm tag="swâ"/>
      <lemma tag="swâr"/>
      <lemma_gen tag="swâr"/>
      <lemma_idmwb tag="164436000"/>
      <pos tag="AVG"/>
      <pos_gen tag="AVG"/>
      <infl tag="--"/>
      <inflClass tag="--"/>
      <inflClass_gen tag="--"/>
    </tok_anno>
  </token>
  <token id="t114" trans="man" type="token">
    <tok_dipl id="t114_d1" trans="man" utf="man"/>
    <tok_anno ascii="man" id="t114_m1" trans="man" utf="man">
      <norm tag="man"/>
      <lemma tag="man"/>
      <lemma_gen tag="man"/>
      <lemma_idmwb tag="107376000"/>
      <pos tag="PI"/>
      <pos_gen tag="NA"/>
      <infl tag="*.Nom.Sg.st"/>
      <inflClass tag="--"/>
      <inflClass_gen tag="--"/>
    </tok_anno>
  </token>
  <token id="t115" trans="dich" type="token">
    <tok_dipl id="t115_d1" trans="dich" utf="dich"/>
    <tok_anno ascii="dich" id="t115_m1" trans="dich" utf="dich">
      <norm tag="dich"/>
      <lemma tag="dû"/>
      <lemma_gen tag="dû"/>
      <lemma_idmwb tag="32607000"/>
      <pos tag="PPER"/>
      <pos_gen tag="PPER"/>
      <infl tag="Akk.Sg.2"/>
      <inflClass tag="--"/>
      <inflClass_gen tag="--"/>
    </tok_anno>
  </token>
  <token id="t116" trans="nant" type="token">
    <tok_dipl id="t116_d1" trans="nant" utf="nant"/>
    <tok_anno ascii="nant" id="t116_m1" trans="nant" utf="nant">
      <norm tag="nante"/>
      <lemma tag="nènnen"/>
      <lemma_gen tag="nènnen"/>
      <lemma_idmwb tag="120141000"/>
      <pos tag="VVFIN"/>
      <pos_gen tag="VV"/>
      <infl tag="*.Past.Sg.3"/>
      <inflClass tag="wk"/>
      <inflClass_gen tag="wk"/>
    </tok_anno>
  </token>
  <token id="t117" trans="." type="punc">
    <tok_dipl id="t117_d1" trans="." utf="."/>
    <tok_anno ascii="." id="t117_m1" trans="." utf=".">
      <pos tag="$_"/>
      <pos_gen tag="$_"/>
    </tok_anno>
  </token>
  <token id="t118" trans="Mm" type="token">
    <tok_dipl id="t118_d1" trans="Mm" utf="Mm"/>
    <tok_anno ascii="Mm" id="t118_m1" trans="Mm" utf="Mm">
      <norm tag="--"/>
      <lemma tag="m"/>
      <lemma_gen tag="m"/>
      <lemma_idmwb tag="???"/>
      <pos tag="--"/>
      <pos_gen tag="--"/>
      <infl tag="--"/>
      <inflClass tag="--"/>
      <inflClass_gen tag="--"/>
    </tok_anno>
  </token>
  <token id="t119" trans="." type="punc">
    <tok_dipl id="t119_d1" trans="." utf="."/>
    <tok_anno ascii="." id="t119_m1" trans="." utf=".">
      <pos tag="$_"/>
      <pos_gen tag="$_"/>
    </tok_anno>
  </token>
  <token id="t120" trans="Pat\-(.)" type="token">
    <tok_dipl id="t120_d1" trans="Pat\-" utf="Pat̄"/>
    <tok_anno ascii="Paten" id="t120_m1" trans="Pat\-" utf="Pat̄">
      <norm tag="--"/>
      <lemma tag="pater"/>
      <lemma_gen tag="[!]"/>
      <lemma_idmwb tag="--"/>
      <pos tag="FM"/>
      <pos_gen tag="FM"/>
      <infl tag="--"/>
      <inflClass tag="--"/>
      <inflClass_gen tag="--"/>
      <punc tag="DE"/>
    </tok_anno>
  </token>
  <token id="t121" trans="." type="punc">
    <tok_dipl id="t121_d1" trans="." utf="."/>
    <tok_anno ascii="." id="t121_m1" trans="." utf=".">
      <pos tag="$_"/>
      <pos_gen tag="$_"/>
      <punc tag="$E"/>
    </tok_anno>
  </token>
</text>
