<?xml version='1.0' encoding='UTF-8'?>
<!DOCTYPE text SYSTEM "cora-xml.dtd">
<text id="M102">
  <header>
    <text>Münchner Halssegen</text>
    <abbr_ddd>MüHalssegen</abbr_ddd>
    <abbr_mwb>[Wilhelm, Denkmäler dt. Prosa Nr. 19]</abbr_mwb>
    <topic>Religion, Alltag</topic>
    <text-type>Segen</text-type>
    <genre>P</genre>
    <reference>Handschrift</reference>
    <reference-secondary>Edition [Textnummer+Zeile]</reference-secondary>
    <library>München, Staatsbibl.</library>
    <library-shelfmark>Clm 23390</library-shelfmark>
    <online>http://www.handschriftencensus.de/15163</online>
    <medium>Handschrift</medium>
    <extent>59v</extent>
    <extract>-</extract>
    <language>mhd</language>
    <language-type>oberdeutsch</language-type>
    <language-region>-</language-region>
    <language-area>-</language-area>
    <place>-</place>
    <time>13,1</time>
    <notes-manuscript>-</notes-manuscript>
    <date>12?</date>
    <text-place>-</text-place>
    <text-author>-</text-author>
    <text-language>-</text-language>
    <text-source>-</text-source>
    <edition>Friedrich Wilhelm (Hg.), Denkmäler deutscher Prosa des 11. und 12. Jahrhunderts,  München 1914/16, Nr. 19; Elias von Steinmeyer (Hg.), Die kleineren althochdeutschen Sprachdenkmäler, Berlin 1916, Nr. 74</edition>
    <corpus>ReM I</corpus>
    <notes-transcription>-</notes-transcription>
    <notes-annotation>-</notes-annotation>
    <digitization_by>Thomas Klein (Bonn)</digitization_by>
    <collation_by>Thomas Klein (Bonn)</collation_by>
    <pre_editing_by>Thomas Klein (Bonn)</pre_editing_by>
    <annotation_by>Thomas Klein (Bonn) [u.B.v. R-M.S.Heffner, A Word-Index to the Texts of Steinmeyer ... 1961]</annotation_by>
    <proofreading_by>Thomas Klein (Bonn)</proofreading_by>
  </header>
  <layoutinfo>
    <page id="p1" no="59" range="c1" side="v"/>
    <column id="c1" range="l1..l5"/>
    <line id="l1" name="14" range="t1_d1..t7_d1" loc="59va,14"/>
    <line id="l2" name="15" range="t8_d1..t19_d1" loc="59va,15"/>
    <line id="l3" name="16" range="t20_d1..t32_d1" loc="59va,16"/>
    <line id="l4" name="17" range="t33_d1..t43_d1" loc="59va,17"/>
    <line id="l5" name="18" range="t44_d1..t61_d1" loc="59va,18"/>
  </layoutinfo>
  <shifttags/>
  <token id="t1" trans="Suemo" type="token">
    <tok_dipl id="t1_d1" trans="Suemo" utf="Suemo"/>
    <tok_anno ascii="Suemo" id="t1_m1" trans="Suemo" utf="Suemo">
      <norm tag="sweme"/>
      <lemma tag="swër"/>
      <lemma_gen tag="swër"/>
      <lemma_idmwb tag="165408000"/>
      <pos tag="PG"/>
      <pos_gen tag="PG"/>
      <infl tag="*.Dat.Sg.st"/>
      <inflClass tag="--"/>
      <inflClass_gen tag="--"/>
    </tok_anno>
  </token>
  <comment type="K">/R[+]</comment>
  <token id="t2" trans="du" type="token">
    <tok_dipl id="t2_d1" trans="du" utf="du"/>
    <tok_anno ascii="du" id="t2_m1" trans="du" utf="du">
      <norm tag="diu"/>
      <lemma tag="dër"/>
      <lemma_gen tag="dër"/>
      <lemma_idmwb tag="29817000"/>
      <pos tag="DDART"/>
      <pos_gen tag="DD"/>
      <infl tag="Fem.Nom.Sg"/>
      <inflClass tag="--"/>
      <inflClass_gen tag="--"/>
    </tok_anno>
  </token>
  <token id="t3" trans="kela" type="token">
    <tok_dipl id="t3_d1" trans="kela" utf="kela"/>
    <tok_anno ascii="kela" id="t3_m1" trans="kela" utf="kela">
      <norm tag="kele"/>
      <lemma tag="kël(e)"/>
      <lemma_gen tag="kël(e)"/>
      <lemma_idmwb tag="88203000"/>
      <pos tag="NA"/>
      <pos_gen tag="NA"/>
      <infl tag="Nom.Sg"/>
      <inflClass tag="*.Fem"/>
      <inflClass_gen tag="*.Fem"/>
    </tok_anno>
  </token>
  <token id="t4" trans="." type="punc">
    <tok_dipl id="t4_d1" trans="." utf="."/>
    <tok_anno ascii="." id="t4_m1" trans="." utf=".">
      <pos tag="$_"/>
      <pos_gen tag="$_"/>
    </tok_anno>
  </token>
  <token id="t5" trans="vir#$uillit,," type="token">
    <tok_dipl id="t5_d1" trans="vir" utf="vir"/>
    <tok_dipl id="t5_d2" trans="$uillit" utf="ſuillit"/>
    <tok_anno ascii="virsuillit" id="t5_m1" trans="vir#$uillit" utf="virſuillit">
      <norm tag="verswillet"/>
      <token_type tag="US"/>
      <lemma tag="ver-swëllen"/>
      <lemma_gen tag="ver-swëllen"/>
      <lemma_idmwb tag="206070000"/>
      <pos tag="VVFIN"/>
      <pos_gen tag="VV"/>
      <infl tag="Ind.Pres.Sg.3"/>
      <inflClass tag="st3b"/>
      <inflClass_gen tag="st3b"/>
      <punc tag="S*"/>
    </tok_anno>
  </token>
  <comment type="K">/R[@]</comment>
  <token id="t6" trans="." type="punc">
    <tok_dipl id="t6_d1" trans="." utf="."/>
    <tok_anno ascii="." id="t6_m1" trans="." utf=".">
      <pos tag="$_"/>
      <pos_gen tag="$_"/>
    </tok_anno>
  </token>
  <token id="t7" trans="Segeno(:)" type="token">
    <tok_dipl id="t7_d1" trans="Segeno" utf="Segeno"/>
    <tok_anno ascii="Segeno" id="t7_m1" trans="Segeno" utf="Segeno">
      <norm tag="segene"/>
      <lemma tag="sëgenen"/>
      <lemma_gen tag="sëgenen"/>
      <lemma_idmwb tag="147102000"/>
      <pos tag="VVIMP"/>
      <pos_gen tag="VV"/>
      <infl tag="Sg.2"/>
      <inflClass tag="wk"/>
      <inflClass_gen tag="wk"/>
      <punc tag="DE"/>
    </tok_anno>
  </token>
  <token id="t8" trans="÷(D÷)n\-e" type="token">
    <tok_dipl id="t8_d1" trans="÷(D÷)n\-e" utf="Dn̄e"/>
    <tok_anno ascii="Dene" id="t8_m1" trans="÷(D÷)n\-e" utf="Dn̄e">
      <norm tag="--"/>
      <lemma tag="domine"/>
      <lemma_gen tag="domine"/>
      <lemma_idmwb tag="--"/>
      <pos tag="FM"/>
      <pos_gen tag="FM"/>
      <infl tag="--"/>
      <inflClass tag="--"/>
      <inflClass_gen tag="--"/>
    </tok_anno>
  </token>
  <comment type="K">/L[+]</comment>
  <token id="t9" trans="." type="punc">
    <tok_dipl id="t9_d1" trans="." utf="."/>
    <tok_anno ascii="." id="t9_m1" trans="." utf=".">
      <pos tag="$_"/>
      <pos_gen tag="$_"/>
    </tok_anno>
  </token>
  <token id="t10" trans="ih\-u" type="token">
    <tok_dipl id="t10_d1" trans="ih\-u" utf="ih̄u"/>
    <tok_anno ascii="ihenu" id="t10_m1" trans="ih\-u" utf="ih̄u">
      <norm tag="--"/>
      <lemma tag="ihesu"/>
      <lemma_gen tag="ihesu"/>
      <lemma_idmwb tag="--"/>
      <pos tag="FM"/>
      <pos_gen tag="FM"/>
      <infl tag="--"/>
      <inflClass tag="--"/>
      <inflClass_gen tag="--"/>
    </tok_anno>
  </token>
  <token id="t11" trans="xᵽe,," type="token">
    <tok_dipl id="t11_d1" trans="xᵽe" utf="xᵽe"/>
    <tok_anno ascii="xᵽe" id="t11_m1" trans="xᵽe" utf="xᵽe">
      <norm tag="--"/>
      <lemma tag="christe"/>
      <lemma_gen tag="christe"/>
      <lemma_idmwb tag="--"/>
      <pos tag="FM"/>
      <pos_gen tag="FM"/>
      <infl tag="--"/>
      <inflClass tag="--"/>
      <inflClass_gen tag="--"/>
      <punc tag="S*"/>
    </tok_anno>
  </token>
  <token id="t12" trans="ᵽ" type="token">
    <tok_dipl id="t12_d1" trans="ᵽ" utf="ᵽ"/>
    <tok_anno ascii="ᵽ" id="t12_m1" trans="ᵽ" utf="ᵽ">
      <norm tag="--"/>
      <lemma tag="per"/>
      <lemma_gen tag="per"/>
      <lemma_idmwb tag="--"/>
      <pos tag="FM"/>
      <pos_gen tag="FM"/>
      <infl tag="--"/>
      <inflClass tag="--"/>
      <inflClass_gen tag="--"/>
    </tok_anno>
  </token>
  <token id="t13" trans="oratione\-" type="token">
    <tok_dipl id="t13_d1" trans="oratione\-" utf="orationē"/>
    <tok_anno ascii="orationen" id="t13_m1" trans="oratione\-" utf="orationē">
      <norm tag="--"/>
      <lemma tag="orationem"/>
      <lemma_gen tag="orationem"/>
      <lemma_idmwb tag="--"/>
      <pos tag="FM"/>
      <pos_gen tag="FM"/>
      <infl tag="--"/>
      <inflClass tag="--"/>
      <inflClass_gen tag="--"/>
    </tok_anno>
  </token>
  <token id="t14" trans="famuli" type="token">
    <tok_dipl id="t14_d1" trans="famuli" utf="famuli"/>
    <tok_anno ascii="famuli" id="t14_m1" trans="famuli" utf="famuli">
      <norm tag="--"/>
      <lemma tag="famuli"/>
      <lemma_gen tag="famuli"/>
      <lemma_idmwb tag="--"/>
      <pos tag="FM"/>
      <pos_gen tag="FM"/>
      <infl tag="--"/>
      <inflClass tag="--"/>
      <inflClass_gen tag="--"/>
    </tok_anno>
  </token>
  <token id="t15" trans="tui" type="token">
    <tok_dipl id="t15_d1" trans="tui" utf="tui"/>
    <tok_anno ascii="tui" id="t15_m1" trans="tui" utf="tui">
      <norm tag="--"/>
      <lemma tag="tui"/>
      <lemma_gen tag="tui"/>
      <lemma_idmwb tag="--"/>
      <pos tag="FM"/>
      <pos_gen tag="FM"/>
      <infl tag="--"/>
      <inflClass tag="--"/>
      <inflClass_gen tag="--"/>
    </tok_anno>
  </token>
  <token id="t16" trans="$c\-i" type="token">
    <tok_dipl id="t16_d1" trans="$c\-i" utf="ſc̄i"/>
    <tok_anno ascii="sceni" id="t16_m1" trans="$c\-i" utf="ſc̄i">
      <norm tag="--"/>
      <lemma tag="sancti"/>
      <lemma_gen tag="sancti"/>
      <lemma_idmwb tag="--"/>
      <pos tag="FM"/>
      <pos_gen tag="FM"/>
      <infl tag="--"/>
      <inflClass tag="--"/>
      <inflClass_gen tag="--"/>
    </tok_anno>
  </token>
  <token id="t17" trans="blasií" type="token">
    <tok_dipl id="t17_d1" trans="blasií" utf="blasií"/>
    <tok_anno ascii="blasii" id="t17_m1" trans="blasií" utf="blasií">
      <norm tag="--"/>
      <lemma tag="blasií"/>
      <lemma_gen tag="blasií"/>
      <lemma_idmwb tag="--"/>
      <pos tag="FM"/>
      <pos_gen tag="FM"/>
      <infl tag="--"/>
      <inflClass tag="--"/>
      <inflClass_gen tag="--"/>
    </tok_anno>
  </token>
  <token id="t18" trans="." type="punc">
    <tok_dipl id="t18_d1" trans="." utf="."/>
    <tok_anno ascii="." id="t18_m1" trans="." utf=".">
      <pos tag="$_"/>
      <pos_gen tag="$_"/>
    </tok_anno>
  </token>
  <token id="t19" trans="Festina" type="token">
    <tok_dipl id="t19_d1" trans="Festina" utf="Festina"/>
    <tok_anno ascii="Festina" id="t19_m1" trans="Festina" utf="Festina">
      <norm tag="--"/>
      <lemma tag="festina"/>
      <lemma_gen tag="festina"/>
      <lemma_idmwb tag="--"/>
      <pos tag="FM"/>
      <pos_gen tag="FM"/>
      <infl tag="--"/>
      <inflClass tag="--"/>
      <inflClass_gen tag="--"/>
    </tok_anno>
  </token>
  <token id="t20" trans="i\-" type="token">
    <tok_dipl id="t20_d1" trans="i\-" utf="ī"/>
    <tok_anno ascii="in" id="t20_m1" trans="i\-" utf="ī">
      <norm tag="--"/>
      <lemma tag="in"/>
      <lemma_gen tag="in"/>
      <lemma_idmwb tag="--"/>
      <pos tag="FM"/>
      <pos_gen tag="FM"/>
      <infl tag="--"/>
      <inflClass tag="--"/>
      <inflClass_gen tag="--"/>
    </tok_anno>
  </token>
  <token id="t21" trans="adiutoriu\-" type="token">
    <tok_dipl id="t21_d1" trans="adiutoriu\-" utf="adiutoriū"/>
    <tok_anno ascii="adiutoriun" id="t21_m1" trans="adiutoriu\-" utf="adiutoriū">
      <norm tag="--"/>
      <lemma tag="adiutorium"/>
      <lemma_gen tag="adiutorium"/>
      <lemma_idmwb tag="--"/>
      <pos tag="FM"/>
      <pos_gen tag="FM"/>
      <infl tag="--"/>
      <inflClass tag="--"/>
      <inflClass_gen tag="--"/>
    </tok_anno>
  </token>
  <token id="t22" trans="famuli" type="token">
    <tok_dipl id="t22_d1" trans="famuli" utf="famuli"/>
    <tok_anno ascii="famuli" id="t22_m1" trans="famuli" utf="famuli">
      <norm tag="--"/>
      <lemma tag="famuli"/>
      <lemma_gen tag="famuli"/>
      <lemma_idmwb tag="--"/>
      <pos tag="FM"/>
      <pos_gen tag="FM"/>
      <infl tag="--"/>
      <inflClass tag="--"/>
      <inflClass_gen tag="--"/>
    </tok_anno>
  </token>
  <comment type="K">/K[famuli: {i} über unterpungiertem {e}]</comment>
  <token id="t23" trans="di\-" type="token">
    <tok_dipl id="t23_d1" trans="di\-" utf="dī"/>
    <tok_anno ascii="din" id="t23_m1" trans="di\-" utf="dī">
      <norm tag="--"/>
      <lemma tag="dei"/>
      <lemma_gen tag="dei"/>
      <lemma_idmwb tag="--"/>
      <pos tag="FM"/>
      <pos_gen tag="FM"/>
      <infl tag="--"/>
      <inflClass tag="--"/>
      <inflClass_gen tag="--"/>
    </tok_anno>
  </token>
  <token id="t24" trans="." type="punc">
    <tok_dipl id="t24_d1" trans="." utf="."/>
    <tok_anno ascii="." id="t24_m1" trans="." utf=".">
      <pos tag="$_"/>
      <pos_gen tag="$_"/>
    </tok_anno>
  </token>
  <token id="t25" trans="N" type="token">
    <tok_dipl id="t25_d1" trans="N" utf="N"/>
    <tok_anno ascii="N" id="t25_m1" trans="N" utf="N">
      <norm tag="--"/>
      <lemma tag="N"/>
      <lemma_gen tag="N"/>
      <lemma_idmwb tag="--"/>
      <pos tag="FM"/>
      <pos_gen tag="FM"/>
      <infl tag="--"/>
      <inflClass tag="--"/>
      <inflClass_gen tag="--"/>
    </tok_anno>
  </token>
  <token id="t26" trans="." type="punc">
    <tok_dipl id="t26_d1" trans="." utf="."/>
    <tok_anno ascii="." id="t26_m1" trans="." utf=".">
      <pos tag="$_"/>
      <pos_gen tag="$_"/>
    </tok_anno>
  </token>
  <token id="t27" trans="7" type="token">
    <tok_dipl id="t27_d1" trans="7" utf=""/>
    <tok_anno ascii="et" id="t27_m1" trans="7" utf="">
      <norm tag="--"/>
      <lemma tag="et"/>
      <lemma_gen tag="et"/>
      <lemma_idmwb tag="--"/>
      <pos tag="FM"/>
      <pos_gen tag="FM"/>
      <infl tag="--"/>
      <inflClass tag="--"/>
      <inflClass_gen tag="--"/>
    </tok_anno>
  </token>
  <token id="t28" trans="mox" type="token">
    <tok_dipl id="t28_d1" trans="mox" utf="mox"/>
    <tok_anno ascii="mox" id="t28_m1" trans="mox" utf="mox">
      <norm tag="--"/>
      <lemma tag="mox"/>
      <lemma_gen tag="mox"/>
      <lemma_idmwb tag="--"/>
      <pos tag="FM"/>
      <pos_gen tag="FM"/>
      <infl tag="--"/>
      <inflClass tag="--"/>
      <inflClass_gen tag="--"/>
    </tok_anno>
  </token>
  <token id="t29" trans="i\-" type="token">
    <tok_dipl id="t29_d1" trans="i\-" utf="ī"/>
    <tok_anno ascii="in" id="t29_m1" trans="i\-" utf="ī">
      <norm tag="--"/>
      <lemma tag="in"/>
      <lemma_gen tag="in"/>
      <lemma_idmwb tag="--"/>
      <pos tag="FM"/>
      <pos_gen tag="FM"/>
      <infl tag="--"/>
      <inflClass tag="--"/>
      <inflClass_gen tag="--"/>
    </tok_anno>
  </token>
  <token id="t30" trans="eam" type="token">
    <tok_dipl id="t30_d1" trans="eam" utf="eam"/>
    <tok_anno ascii="eam" id="t30_m1" trans="eam" utf="eam">
      <norm tag="--"/>
      <lemma tag="eum"/>
      <lemma_gen tag="eum"/>
      <lemma_idmwb tag="--"/>
      <pos tag="FM"/>
      <pos_gen tag="FM"/>
      <infl tag="--"/>
      <inflClass tag="--"/>
      <inflClass_gen tag="--"/>
    </tok_anno>
  </token>
  <comment type="K">/K[eam: üdZ {l\- v\-}]</comment>
  <token id="t31" trans="fac" type="token">
    <tok_dipl id="t31_d1" trans="fac" utf="fac"/>
    <tok_anno ascii="fac" id="t31_m1" trans="fac" utf="fac">
      <norm tag="--"/>
      <lemma tag="fac"/>
      <lemma_gen tag="fac"/>
      <lemma_idmwb tag="--"/>
      <pos tag="FM"/>
      <pos_gen tag="FM"/>
      <infl tag="--"/>
      <inflClass tag="--"/>
      <inflClass_gen tag="--"/>
    </tok_anno>
  </token>
  <token id="t32" trans="mi\-am" type="token">
    <tok_dipl id="t32_d1" trans="mi\-am" utf="mīam"/>
    <tok_anno ascii="minam" id="t32_m1" trans="mi\-am" utf="mīam">
      <norm tag="--"/>
      <lemma tag="misericordiam"/>
      <lemma_gen tag="misericordiam"/>
      <lemma_idmwb tag="--"/>
      <pos tag="FM"/>
      <pos_gen tag="FM"/>
      <infl tag="--"/>
      <inflClass tag="--"/>
      <inflClass_gen tag="--"/>
    </tok_anno>
  </token>
  <token id="t33" trans="tua\-" type="token">
    <tok_dipl id="t33_d1" trans="tua\-" utf="tuā"/>
    <tok_anno ascii="tuan" id="t33_m1" trans="tua\-" utf="tuā">
      <norm tag="--"/>
      <lemma tag="tuam"/>
      <lemma_gen tag="tuam"/>
      <lemma_idmwb tag="--"/>
      <pos tag="FM"/>
      <pos_gen tag="FM"/>
      <infl tag="--"/>
      <inflClass tag="--"/>
      <inflClass_gen tag="--"/>
    </tok_anno>
  </token>
  <token id="t34" trans="ad" type="token">
    <tok_dipl id="t34_d1" trans="ad" utf="ad"/>
    <tok_anno ascii="ad" id="t34_m1" trans="ad" utf="ad">
      <norm tag="--"/>
      <lemma tag="ad"/>
      <lemma_gen tag="ad"/>
      <lemma_idmwb tag="--"/>
      <pos tag="FM"/>
      <pos_gen tag="FM"/>
      <infl tag="--"/>
      <inflClass tag="--"/>
      <inflClass_gen tag="--"/>
    </tok_anno>
  </token>
  <token id="t35" trans="gl\-am" type="token">
    <tok_dipl id="t35_d1" trans="gl\-am" utf="gl̄am"/>
    <tok_anno ascii="glenam" id="t35_m1" trans="gl\-am" utf="gl̄am">
      <norm tag="--"/>
      <lemma tag="gloriam"/>
      <lemma_gen tag="gloriam"/>
      <lemma_idmwb tag="--"/>
      <pos tag="FM"/>
      <pos_gen tag="FM"/>
      <infl tag="--"/>
      <inflClass tag="--"/>
      <inflClass_gen tag="--"/>
    </tok_anno>
  </token>
  <token id="t36" trans="7" type="token">
    <tok_dipl id="t36_d1" trans="7" utf=""/>
    <tok_anno ascii="et" id="t36_m1" trans="7" utf="">
      <norm tag="--"/>
      <lemma tag="et"/>
      <lemma_gen tag="et"/>
      <lemma_idmwb tag="--"/>
      <pos tag="FM"/>
      <pos_gen tag="FM"/>
      <infl tag="--"/>
      <inflClass tag="--"/>
      <inflClass_gen tag="--"/>
    </tok_anno>
  </token>
  <token id="t37" trans="laude\-" type="token">
    <tok_dipl id="t37_d1" trans="laude\-" utf="laudē"/>
    <tok_anno ascii="lauden" id="t37_m1" trans="laude\-" utf="laudē">
      <norm tag="--"/>
      <lemma tag="laudem"/>
      <lemma_gen tag="laudem"/>
      <lemma_idmwb tag="--"/>
      <pos tag="FM"/>
      <pos_gen tag="FM"/>
      <infl tag="--"/>
      <inflClass tag="--"/>
      <inflClass_gen tag="--"/>
    </tok_anno>
  </token>
  <token id="t38" trans="noi\-s" type="token">
    <tok_dipl id="t38_d1" trans="noi\-s" utf="noīs"/>
    <tok_anno ascii="noins" id="t38_m1" trans="noi\-s" utf="noīs">
      <norm tag="--"/>
      <lemma tag="nominis"/>
      <lemma_gen tag="nominis"/>
      <lemma_idmwb tag="--"/>
      <pos tag="FM"/>
      <pos_gen tag="FM"/>
      <infl tag="--"/>
      <inflClass tag="--"/>
      <inflClass_gen tag="--"/>
    </tok_anno>
  </token>
  <token id="t39" trans="tui,," type="token">
    <tok_dipl id="t39_d1" trans="tui" utf="tui"/>
    <tok_anno ascii="tui" id="t39_m1" trans="tui" utf="tui">
      <norm tag="--"/>
      <lemma tag="tui"/>
      <lemma_gen tag="tui"/>
      <lemma_idmwb tag="--"/>
      <pos tag="FM"/>
      <pos_gen tag="FM"/>
      <infl tag="--"/>
      <inflClass tag="--"/>
      <inflClass_gen tag="--"/>
      <punc tag="S*"/>
    </tok_anno>
  </token>
  <token id="t40" trans="dn\-e(!)" type="token">
    <tok_dipl id="t40_d1" trans="dn\-e" utf="dn̄e"/>
    <tok_anno ascii="dene" id="t40_m1" trans="dn\-e" utf="dn̄e">
      <norm tag="--"/>
      <lemma tag="domine"/>
      <lemma_gen tag="domine"/>
      <lemma_idmwb tag="--"/>
      <pos tag="FM"/>
      <pos_gen tag="FM"/>
      <infl tag="--"/>
      <inflClass tag="--"/>
      <inflClass_gen tag="--"/>
      <punc tag="IE"/>
    </tok_anno>
  </token>
  <comment type="K">/L[@]</comment>
  <token id="t41" trans="Dar" type="token">
    <tok_dipl id="t41_d1" trans="Dar" utf="Dar"/>
    <tok_anno ascii="Dar" id="t41_m1" trans="Dar" utf="Dar">
      <norm tag="dâr"/>
      <lemma tag="dâr/+nâh"/>
      <lemma_gen tag="dâr"/>
      <lemma_idmwb tag="28932000"/>
      <pos tag="PAVD"/>
      <pos_gen tag="AVD"/>
      <infl tag="--"/>
      <inflClass tag="--"/>
      <inflClass_gen tag="--"/>
    </tok_anno>
  </token>
  <comment type="K">/K[Dar: {D} rot gefüllt]</comment>
  <token id="t42" trans="nach" type="token">
    <tok_dipl id="t42_d1" trans="nach" utf="nach"/>
    <tok_anno ascii="nach" id="t42_m1" trans="nach" utf="nach">
      <norm tag="nâch"/>
      <lemma tag="nâh/dâr+"/>
      <lemma_gen tag="nâh"/>
      <lemma_idmwb tag="117855000"/>
      <pos tag="APPR"/>
      <pos_gen tag="AP"/>
      <infl tag="--"/>
      <inflClass tag="--"/>
      <inflClass_gen tag="--"/>
    </tok_anno>
  </token>
  <token id="t43" trans="." type="punc">
    <tok_dipl id="t43_d1" trans="." utf="."/>
    <tok_anno ascii="." id="t43_m1" trans="." utf=".">
      <pos tag="$_"/>
      <pos_gen tag="$_"/>
    </tok_anno>
  </token>
  <token id="t44" trans="$prich" type="token">
    <tok_dipl id="t44_d1" trans="$prich" utf="ſprich"/>
    <tok_anno ascii="sprich" id="t44_m1" trans="$prich" utf="ſprich">
      <norm tag="sprich"/>
      <lemma tag="sprëchen"/>
      <lemma_gen tag="sprëchen"/>
      <lemma_idmwb tag="156540000"/>
      <pos tag="VVIMP"/>
      <pos_gen tag="VV"/>
      <infl tag="Sg.2"/>
      <inflClass tag="st4"/>
      <inflClass_gen tag="st4"/>
    </tok_anno>
  </token>
  <token id="t45" trans="." type="punc">
    <tok_dipl id="t45_d1" trans="." utf="."/>
    <tok_anno ascii="." id="t45_m1" trans="." utf=".">
      <pos tag="$_"/>
      <pos_gen tag="$_"/>
    </tok_anno>
  </token>
  <token id="t46" trans="dri" type="token">
    <tok_dipl id="t46_d1" trans="dri" utf="dri"/>
    <tok_anno ascii="dri" id="t46_m1" trans="dri" utf="dri">
      <norm tag="drîr"/>
      <lemma tag="drî"/>
      <lemma_gen tag="drî"/>
      <lemma_idmwb tag="31992000"/>
      <pos tag="CARDA"/>
      <pos_gen tag="CARD"/>
      <infl tag="*..st"/>
      <inflClass tag="--"/>
      <inflClass_gen tag="--"/>
    </tok_anno>
  </token>
  <token id="t47" trans="$tunt" type="token">
    <tok_dipl id="t47_d1" trans="$tunt" utf="ſtunt"/>
    <tok_anno ascii="stunt" id="t47_m1" trans="$tunt" utf="ſtunt">
      <norm tag="stunt"/>
      <lemma tag="stunt(e)"/>
      <lemma_gen tag="stunt(e)"/>
      <lemma_idmwb tag="161682000"/>
      <pos tag="NA"/>
      <pos_gen tag="NA"/>
      <infl tag="--"/>
      <inflClass tag="st.Fem"/>
      <inflClass_gen tag="*.Fem"/>
    </tok_anno>
  </token>
  <token id="t48" trans="." type="punc">
    <tok_dipl id="t48_d1" trans="." utf="."/>
    <tok_anno ascii="." id="t48_m1" trans="." utf=".">
      <pos tag="$_"/>
      <pos_gen tag="$_"/>
    </tok_anno>
  </token>
  <token id="t49" trans="Pat\-" type="token">
    <tok_dipl id="t49_d1" trans="Pat\-" utf="Pat̄"/>
    <tok_anno ascii="Paten" id="t49_m1" trans="Pat\-" utf="Pat̄">
      <norm tag="--"/>
      <lemma tag="pater"/>
      <lemma_gen tag="pater"/>
      <lemma_idmwb tag="--"/>
      <pos tag="FM"/>
      <pos_gen tag="FM"/>
      <infl tag="--"/>
      <inflClass tag="--"/>
      <inflClass_gen tag="--"/>
    </tok_anno>
  </token>
  <comment type="K">/L[+]/K[Pat\-: {P} rot gefüllt]</comment>
  <token id="t50" trans="n\-r" type="token">
    <tok_dipl id="t50_d1" trans="n\-r" utf="n̄r"/>
    <tok_anno ascii="nenr" id="t50_m1" trans="n\-r" utf="n̄r">
      <norm tag="--"/>
      <lemma tag="noster"/>
      <lemma_gen tag="noster"/>
      <lemma_idmwb tag="--"/>
      <pos tag="FM"/>
      <pos_gen tag="FM"/>
      <infl tag="--"/>
      <inflClass tag="--"/>
      <inflClass_gen tag="--"/>
    </tok_anno>
  </token>
  <token id="t51" trans="quí" type="token">
    <tok_dipl id="t51_d1" trans="quí" utf="quí"/>
    <tok_anno ascii="qui" id="t51_m1" trans="quí" utf="quí">
      <norm tag="--"/>
      <lemma tag="qui"/>
      <lemma_gen tag="qui"/>
      <lemma_idmwb tag="--"/>
      <pos tag="FM"/>
      <pos_gen tag="FM"/>
      <infl tag="--"/>
      <inflClass tag="--"/>
      <inflClass_gen tag="--"/>
    </tok_anno>
  </token>
  <token id="t52" trans="e$" type="token">
    <tok_dipl id="t52_d1" trans="e$" utf="eſ"/>
    <tok_anno ascii="es" id="t52_m1" trans="e$" utf="eſ">
      <norm tag="--"/>
      <lemma tag="es"/>
      <lemma_gen tag="es"/>
      <lemma_idmwb tag="--"/>
      <pos tag="FM"/>
      <pos_gen tag="FM"/>
      <infl tag="--"/>
      <inflClass tag="--"/>
      <inflClass_gen tag="--"/>
    </tok_anno>
  </token>
  <token id="t53" trans="in" type="token">
    <tok_dipl id="t53_d1" trans="in" utf="in"/>
    <tok_anno ascii="in" id="t53_m1" trans="in" utf="in">
      <norm tag="--"/>
      <lemma tag="in"/>
      <lemma_gen tag="in"/>
      <lemma_idmwb tag="--"/>
      <pos tag="FM"/>
      <pos_gen tag="FM"/>
      <infl tag="--"/>
      <inflClass tag="--"/>
      <inflClass_gen tag="--"/>
    </tok_anno>
  </token>
  <token id="t54" trans="ce\,li$" type="token">
    <tok_dipl id="t54_d1" trans="ce\,li$" utf="cęliſ"/>
    <tok_anno ascii="celis" id="t54_m1" trans="ce\,li$" utf="cęliſ">
      <norm tag="--"/>
      <lemma tag="celis"/>
      <lemma_gen tag="celis"/>
      <lemma_idmwb tag="--"/>
      <pos tag="FM"/>
      <pos_gen tag="FM"/>
      <infl tag="--"/>
      <inflClass tag="--"/>
      <inflClass_gen tag="--"/>
    </tok_anno>
  </token>
  <token id="t55" trans="." type="punc">
    <tok_dipl id="t55_d1" trans="." utf="."/>
    <tok_anno ascii="." id="t55_m1" trans="." utf=".">
      <pos tag="$_"/>
      <pos_gen tag="$_"/>
    </tok_anno>
  </token>
  <token id="t56" trans="s" type="token">
    <tok_dipl id="t56_d1" trans="s" utf="s"/>
    <tok_anno ascii="s" id="t56_m1" trans="s" utf="s">
      <norm tag="--"/>
      <lemma tag="s"/>
      <lemma_gen tag="s"/>
      <lemma_idmwb tag="--"/>
      <pos tag="FM"/>
      <pos_gen tag="FM"/>
      <infl tag="--"/>
      <inflClass tag="--"/>
      <inflClass_gen tag="--"/>
    </tok_anno>
  </token>
  <token id="t57" trans="." type="punc">
    <tok_dipl id="t57_d1" trans="." utf="."/>
    <tok_anno ascii="." id="t57_m1" trans="." utf=".">
      <pos tag="$_"/>
      <pos_gen tag="$_"/>
    </tok_anno>
  </token>
  <token id="t58" trans="n" type="token">
    <tok_dipl id="t58_d1" trans="n" utf="n"/>
    <tok_anno ascii="n" id="t58_m1" trans="n" utf="n">
      <norm tag="--"/>
      <lemma tag="n"/>
      <lemma_gen tag="n"/>
      <lemma_idmwb tag="--"/>
      <pos tag="FM"/>
      <pos_gen tag="FM"/>
      <infl tag="--"/>
      <inflClass tag="--"/>
      <inflClass_gen tag="--"/>
    </tok_anno>
  </token>
  <token id="t59" trans="." type="punc">
    <tok_dipl id="t59_d1" trans="." utf="."/>
    <tok_anno ascii="." id="t59_m1" trans="." utf=".">
      <pos tag="$_"/>
      <pos_gen tag="$_"/>
    </tok_anno>
  </token>
  <token id="t60" trans="t" type="token">
    <tok_dipl id="t60_d1" trans="t" utf="t"/>
    <tok_anno ascii="t" id="t60_m1" trans="t" utf="t">
      <norm tag="--"/>
      <lemma tag="t"/>
      <lemma_gen tag="t"/>
      <lemma_idmwb tag="--"/>
      <pos tag="FM"/>
      <pos_gen tag="FM"/>
      <infl tag="--"/>
      <inflClass tag="--"/>
      <inflClass_gen tag="--"/>
    </tok_anno>
  </token>
  <comment type="K">/L[@]/K[s. n. t.: sanctificetur nomen tuum, Steinmeyer]</comment>
  <token id="t61" trans="." type="punc">
    <tok_dipl id="t61_d1" trans="." utf="."/>
    <tok_anno ascii="." id="t61_m1" trans="." utf=".">
      <pos tag="$_"/>
      <pos_gen tag="$_"/>
    </tok_anno>
  </token>
</text>
