<?xml version='1.0' encoding='UTF-8'?>
<!DOCTYPE text SYSTEM "cora-xml.dtd">
<text id="M122">
  <header>
    <text>Kalender mit Urbareinträgen</text>
    <abbr_ddd>KalendUrb</abbr_ddd>
    <abbr_mwb>-</abbr_mwb>
    <topic>Wissen(-schaft), Alltag</topic>
    <text-type>-</text-type>
    <genre>P</genre>
    <reference>Hs.: Blatt (r/v), Zeile</reference>
    <reference-secondary>-</reference-secondary>
    <library>München, Staatsbibl.</library>
    <library-shelfmark>Cgm 5250 (30a)</library-shelfmark>
    <online>http://www.handschriftencensus.de/9010</online>
    <medium>Handschrift</medium>
    <extent>-</extent>
    <extract>-</extract>
    <language>mhd</language>
    <language-type>oberdeutsch</language-type>
    <language-region>ostoberdeutsch</language-region>
    <language-area>bairisch</language-area>
    <place>-</place>
    <time>13,1</time>
    <notes-manuscript>Ränder beschnitten, daher Textverlust bei den dt. Einträgen</notes-manuscript>
    <date>-</date>
    <text-place>-</text-place>
    <text-author>-</text-author>
    <text-language>-</text-language>
    <text-source>-</text-source>
    <edition>nicht vorhanden</edition>
    <corpus>ReM I</corpus>
    <notes-transcription>-</notes-transcription>
    <notes-annotation>-</notes-annotation>
    <digitization_by>Bochum</digitization_by>
    <collation_by>Bochum</collation_by>
    <pre_editing_by>Bochum</pre_editing_by>
    <annotation_by>Bochum</annotation_by>
    <proofreading_by>Bochum</proofreading_by>
  </header>
  <layoutinfo>
    <page id="p1" no="2" range="c1" side="r"/>
    <page id="p2" no="2" range="c2" side="v"/>
    <column id="c1" range="l1..l19"/>
    <column id="c2" range="l20..l39"/>
    <line id="l1" name="1" range="t1_d1..t11_d1" loc="2ra,1"/>
    <line id="l2" name="2" range="t12_d1..t20_d1" loc="2ra,2"/>
    <line id="l3" name="3" range="t21_d1..t22_d1" loc="2ra,3"/>
    <line id="l4" name="4" range="t23_d1..t28_d1" loc="2ra,4"/>
    <line id="l5" name="5" range="t29_d1..t33_d1" loc="2ra,5"/>
    <line id="l6" name="6" range="t34_d1..t36_d1" loc="2ra,6"/>
    <line id="l7" name="7" range="t37_d1..t40_d1" loc="2ra,7"/>
    <line id="l8" name="8" range="t41_d1..t44_d1" loc="2ra,8"/>
    <line id="l9" name="9" range="t45_d1..t48_d1" loc="2ra,9"/>
    <line id="l10" name="10" range="t49_d1..t52_d1" loc="2ra,10"/>
    <line id="l11" name="11" range="t53_d1..t56_d1" loc="2ra,11"/>
    <line id="l12" name="12" range="t57_d1..t61_d1" loc="2ra,12"/>
    <line id="l13" name="13" range="t62_d1..t65_d1" loc="2ra,13"/>
    <line id="l14" name="14" range="t66_d1..t70_d1" loc="2ra,14"/>
    <line id="l15" name="15" range="t71_d1..t74_d1" loc="2ra,15"/>
    <line id="l16" name="16" range="t75_d1..t77_d1" loc="2ra,16"/>
    <line id="l17" name="17" range="t78_d1..t86_d1" loc="2ra,17"/>
    <line id="l18" name="18" range="t87_d1..t94_d1" loc="2ra,18"/>
    <line id="l19" name="19" range="t95_d1..t102_d1" loc="2ra,19"/>
    <line id="l20" name="1" range="t103_d1..t109_d1" loc="2va,1"/>
    <line id="l21" name="2" range="t110_d1..t119_d1" loc="2va,2"/>
    <line id="l22" name="3" range="t120_d1..t132_d1" loc="2va,3"/>
    <line id="l23" name="4" range="t133_d1..t136_d1" loc="2va,4"/>
    <line id="l24" name="5" range="t137_d1..t138_d1" loc="2va,5"/>
    <line id="l25" name="6" range="t139_d1" loc="2va,6"/>
    <line id="l26" name="7" range="t140_d1..t142_d1" loc="2va,7"/>
    <line id="l27" name="8" range="t143_d1..t145_d1" loc="2va,8"/>
    <line id="l28" name="9" range="t146_d1..t147_d1" loc="2va,9"/>
    <line id="l29" name="10" range="t148_d1..t150_d1" loc="2va,10"/>
    <line id="l30" name="11" range="t151_d1..t152_d1" loc="2va,11"/>
    <line id="l31" name="12" range="t153_d1" loc="2va,12"/>
    <line id="l32" name="13" range="t154_d1..t156_d1" loc="2va,13"/>
    <line id="l33" name="14" range="t157_d1..t158_d1" loc="2va,14"/>
    <line id="l34" name="15" range="t159_d1..t161_d1" loc="2va,15"/>
    <line id="l35" name="16" range="t162_d1..t162_d2" loc="2va,16"/>
    <line id="l36" name="17" range="t163_d1..t165_d1" loc="2va,17"/>
    <line id="l37" name="18" range="t166_d1..t168_d1" loc="2va,18"/>
    <line id="l38" name="19" range="t169_d1..t170_d1" loc="2va,19"/>
    <line id="l39" name="20" range="t171_d1..t173_d1" loc="2va,20"/>
  </layoutinfo>
  <shifttags/>
  <token id="t1" trans="*{k*}(:)" type="token">
    <tok_dipl id="t1_d1" trans="*{k*}" utf="k"/>
    <tok_anno ascii="k" id="t1_m1" trans="*{k*}" utf="k">
      <norm tag="--"/>
      <lemma tag="[!]"/>
      <lemma_gen tag="[!]"/>
      <lemma_idmwb tag="--"/>
      <pos tag="FM"/>
      <pos_gen tag="FM"/>
      <infl tag="--"/>
      <inflClass tag="--"/>
      <inflClass_gen tag="--"/>
      <punc tag="DE"/>
    </tok_anno>
  </token>
  <token id="t2" trans="Nox" type="token">
    <tok_dipl id="t2_d1" trans="Nox" utf="Nox"/>
    <tok_anno ascii="Nox" id="t2_m1" trans="Nox" utf="Nox">
      <norm tag="--"/>
      <lemma tag="[!]"/>
      <lemma_gen tag="[!]"/>
      <lemma_idmwb tag="--"/>
      <pos tag="FM"/>
      <pos_gen tag="FM"/>
      <infl tag="--"/>
      <inflClass tag="--"/>
      <inflClass_gen tag="--"/>
    </tok_anno>
  </token>
  <token id="t3" trans="h\/t" type="token">
    <tok_dipl id="t3_d1" trans="h\/t" utf="ht"/>
    <tok_anno ascii="h-t" id="t3_m1" trans="h\/t" utf="ht">
      <norm tag="--"/>
      <lemma tag="[!]"/>
      <lemma_gen tag="[!]"/>
      <lemma_idmwb tag="--"/>
      <pos tag="FM"/>
      <pos_gen tag="FM"/>
      <infl tag="--"/>
      <inflClass tag="--"/>
      <inflClass_gen tag="--"/>
    </tok_anno>
  </token>
  <token id="t4" trans="hora$" type="token">
    <tok_dipl id="t4_d1" trans="hora$" utf="horaſ"/>
    <tok_anno ascii="horas" id="t4_m1" trans="hora$" utf="horaſ">
      <norm tag="--"/>
      <lemma tag="[!]"/>
      <lemma_gen tag="[!]"/>
      <lemma_idmwb tag="--"/>
      <pos tag="FM"/>
      <pos_gen tag="FM"/>
      <infl tag="--"/>
      <inflClass tag="--"/>
      <inflClass_gen tag="--"/>
    </tok_anno>
  </token>
  <token id="t5" trans="xvi,," type="token">
    <tok_dipl id="t5_d1" trans="xvi" utf="xvi"/>
    <tok_anno ascii="xvi" id="t5_m1" trans="xvi" utf="xvi">
      <norm tag="--"/>
      <lemma tag="[!]"/>
      <lemma_gen tag="[!]"/>
      <lemma_idmwb tag="--"/>
      <pos tag="FM"/>
      <pos_gen tag="FM"/>
      <infl tag="--"/>
      <inflClass tag="--"/>
      <inflClass_gen tag="--"/>
      <punc tag="S*"/>
    </tok_anno>
  </token>
  <token id="t6" trans="." type="punc">
    <tok_dipl id="t6_d1" trans="." utf="."/>
    <tok_anno ascii="." id="t6_m1" trans="." utf=".">
      <pos tag="$_"/>
      <pos_gen tag="$_"/>
    </tok_anno>
  </token>
  <token id="t7" trans="." type="punc">
    <tok_dipl id="t7_d1" trans="." utf="."/>
    <tok_anno ascii="." id="t7_m1" trans="." utf=".">
      <pos tag="$_"/>
      <pos_gen tag="$_"/>
    </tok_anno>
  </token>
  <token id="t8" trans="die$" type="token">
    <tok_dipl id="t8_d1" trans="die$" utf="dieſ"/>
    <tok_anno ascii="dies" id="t8_m1" trans="die$" utf="dieſ">
      <norm tag="--"/>
      <lemma tag="[!]"/>
      <lemma_gen tag="[!]"/>
      <lemma_idmwb tag="--"/>
      <pos tag="FM"/>
      <pos_gen tag="FM"/>
      <infl tag="--"/>
      <inflClass tag="--"/>
      <inflClass_gen tag="--"/>
    </tok_anno>
  </token>
  <token id="t9" trans="xiii(.)" type="token">
    <tok_dipl id="t9_d1" trans="xiii" utf="xiii"/>
    <tok_anno ascii="xiii" id="t9_m1" trans="xiii" utf="xiii">
      <norm tag="--"/>
      <lemma tag="[!]"/>
      <lemma_gen tag="[!]"/>
      <lemma_idmwb tag="--"/>
      <pos tag="FM"/>
      <pos_gen tag="FM"/>
      <infl tag="--"/>
      <inflClass tag="--"/>
      <inflClass_gen tag="--"/>
      <punc tag="DE"/>
    </tok_anno>
  </token>
  <token id="t10" trans="." type="punc">
    <tok_dipl id="t10_d1" trans="." utf="."/>
    <tok_anno ascii="." id="t10_m1" trans="." utf=".">
      <pos tag="$_"/>
      <pos_gen tag="$_"/>
      <punc tag="$E"/>
    </tok_anno>
  </token>
  <token id="t11" trans="°eᵽ....(.)" type="token">
    <tok_dipl id="t11_d1" trans="°eᵽ...." utf="°eᵽ...."/>
    <tok_anno ascii="°eᵽ...." id="t11_m1" trans="°eᵽ...." utf="°eᵽ....">
      <norm tag="--"/>
      <lemma tag="[!]"/>
      <lemma_gen tag="[!]"/>
      <lemma_idmwb tag="--"/>
      <pos tag="FM"/>
      <pos_gen tag="FM"/>
      <infl tag="--"/>
      <inflClass tag="--"/>
      <inflClass_gen tag="--"/>
      <punc tag="DE"/>
    </tok_anno>
  </token>
  <token id="t12" trans="D(.)" type="token">
    <tok_dipl id="t12_d1" trans="D" utf="D"/>
    <tok_anno ascii="D" id="t12_m1" trans="D" utf="D">
      <norm tag="--"/>
      <lemma tag="D"/>
      <lemma_gen tag="D"/>
      <lemma_idmwb tag="???"/>
      <pos tag="--"/>
      <pos_gen tag="NE"/>
      <infl tag="--"/>
      <inflClass tag="*.*"/>
      <inflClass_gen tag="--"/>
      <punc tag="DE"/>
    </tok_anno>
  </token>
  <token id="t13" trans="Dece\-b\/" type="token">
    <tok_dipl id="t13_d1" trans="Dece\-b\/" utf="Decēb"/>
    <tok_anno ascii="Decenb-" id="t13_m1" trans="Dece\-b\/" utf="Decēb">
      <norm tag="--"/>
      <lemma tag="[!]"/>
      <lemma_gen tag="[!]"/>
      <lemma_idmwb tag="--"/>
      <pos tag="FM"/>
      <pos_gen tag="FM"/>
      <infl tag="--"/>
      <inflClass tag="--"/>
      <inflClass_gen tag="--"/>
    </tok_anno>
  </token>
  <token id="t14" trans="." type="punc">
    <tok_dipl id="t14_d1" trans="." utf="."/>
    <tok_anno ascii="." id="t14_m1" trans="." utf=".">
      <pos tag="$_"/>
      <pos_gen tag="$_"/>
    </tok_anno>
  </token>
  <token id="t15" trans="FESTIUITaS" type="token">
    <tok_dipl id="t15_d1" trans="FESTIUITaS" utf="FESTIUITaS"/>
    <tok_anno ascii="FESTIUITaS" id="t15_m1" trans="FESTIUITaS" utf="FESTIUITaS">
      <norm tag="--"/>
      <lemma tag="[!]"/>
      <lemma_gen tag="[!]"/>
      <lemma_idmwb tag="--"/>
      <pos tag="FM"/>
      <pos_gen tag="FM"/>
      <infl tag="--"/>
      <inflClass tag="--"/>
      <inflClass_gen tag="--"/>
    </tok_anno>
  </token>
  <token id="t16" trans="Omniu\-" type="token">
    <tok_dipl id="t16_d1" trans="Omniu\-" utf="Omniū"/>
    <tok_anno ascii="Omniun" id="t16_m1" trans="Omniu\-" utf="Omniū">
      <norm tag="--"/>
      <lemma tag="[!]"/>
      <lemma_gen tag="[!]"/>
      <lemma_idmwb tag="--"/>
      <pos tag="FM"/>
      <pos_gen tag="FM"/>
      <infl tag="--"/>
      <inflClass tag="--"/>
      <inflClass_gen tag="--"/>
    </tok_anno>
  </token>
  <token id="t17" trans="Sc\-o4" type="token">
    <tok_dipl id="t17_d1" trans="Sc\-o4" utf="Sc̄oꝝ"/>
    <tok_anno ascii="Scenorum" id="t17_m1" trans="Sc\-o4" utf="Sc̄oꝝ">
      <norm tag="--"/>
      <lemma tag="[!]"/>
      <lemma_gen tag="[!]"/>
      <lemma_idmwb tag="--"/>
      <pos tag="FM"/>
      <pos_gen tag="FM"/>
      <infl tag="--"/>
      <inflClass tag="--"/>
      <inflClass_gen tag="--"/>
    </tok_anno>
  </token>
  <token id="t18" trans="." type="punc">
    <tok_dipl id="t18_d1" trans="." utf="."/>
    <tok_anno ascii="." id="t18_m1" trans="." utf=".">
      <pos tag="$_"/>
      <pos_gen tag="$_"/>
    </tok_anno>
  </token>
  <token id="t19" trans="Gvnther(.)" type="token">
    <tok_dipl id="t19_d1" trans="Gvnther" utf="Gvnther"/>
    <tok_anno ascii="Gvnther" id="t19_m1" trans="Gvnther" utf="Gvnther">
      <norm tag="Gunther"/>
      <lemma tag="Gunther"/>
      <lemma_gen tag="Gunther"/>
      <lemma_idmwb tag="--"/>
      <pos tag="NE"/>
      <pos_gen tag="NE"/>
      <infl tag="Nom.Sg"/>
      <inflClass tag="--"/>
      <inflClass_gen tag="--"/>
      <punc tag="DE"/>
    </tok_anno>
  </token>
  <token id="t20" trans="..." type="token">
    <tok_dipl id="t20_d1" trans="..." utf="..."/>
    <tok_anno ascii="..." id="t20_m1" trans="..." utf="...">
      <norm tag="--"/>
      <lemma tag="[!]"/>
      <lemma_gen tag="[!]"/>
      <lemma_idmwb tag="--"/>
      <pos tag="--"/>
      <pos_gen tag="--"/>
      <infl tag="--"/>
      <inflClass tag="--"/>
      <inflClass_gen tag="--"/>
    </tok_anno>
  </token>
  <token id="t21" trans="bre$ribe" type="token">
    <tok_dipl id="t21_d1" trans="bre$ribe" utf="breſribe"/>
    <tok_anno ascii="bresribe" id="t21_m1" trans="bre$ribe" utf="breſribe">
      <norm tag="beschrîbe"/>
      <lemma tag="be-schrîben"/>
      <lemma_gen tag="be-schrîben"/>
      <lemma_idmwb tag="16704000"/>
      <pos tag="VVFIN"/>
      <pos_gen tag="VV"/>
      <infl tag="Subj.Pres.Sg.3"/>
      <inflClass tag="st1a"/>
      <inflClass_gen tag="st1a"/>
    </tok_anno>
  </token>
  <token id="t22" trans="u...(.)" type="token">
    <tok_dipl id="t22_d1" trans="u..." utf="u..."/>
    <tok_anno ascii="u..." id="t22_m1" trans="u..." utf="u...">
      <norm tag="--"/>
      <lemma tag="[!]"/>
      <lemma_gen tag="[!]"/>
      <lemma_idmwb tag="--"/>
      <pos tag="--"/>
      <pos_gen tag="--"/>
      <infl tag="--"/>
      <inflClass tag="--"/>
      <inflClass_gen tag="--"/>
      <punc tag="DE"/>
    </tok_anno>
  </token>
  <token id="t23" trans="Margareta" type="token">
    <tok_dipl id="t23_d1" trans="Margareta" utf="Margareta"/>
    <tok_anno ascii="Margareta" id="t23_m1" trans="Margareta" utf="Margareta">
      <norm tag="Margareta"/>
      <lemma tag="Margareta"/>
      <lemma_gen tag="Margareta"/>
      <lemma_idmwb tag="--"/>
      <pos tag="NE"/>
      <pos_gen tag="NE"/>
      <infl tag="Nom.Sg"/>
      <inflClass tag="--"/>
      <inflClass_gen tag="--"/>
    </tok_anno>
  </token>
  <token id="t24" trans="de" type="token">
    <tok_dipl id="t24_d1" trans="de" utf="de"/>
    <tok_anno ascii="de" id="t24_m1" trans="de" utf="de">
      <norm tag="de"/>
      <lemma tag="de"/>
      <lemma_gen tag="de"/>
      <lemma_idmwb tag="???"/>
      <pos tag="APPR"/>
      <pos_gen tag="AP"/>
      <infl tag="--"/>
      <inflClass tag="--"/>
      <inflClass_gen tag="--"/>
    </tok_anno>
  </token>
  <token id="t25" trans="do_rf" type="token">
    <tok_dipl id="t25_d1" trans="do_rf" utf="do‍rf"/>
    <tok_anno ascii="dorf" id="t25_m1" trans="do_rf" utf="do‍rf">
      <norm tag="dorf"/>
      <lemma tag="dorf"/>
      <lemma_gen tag="dorf"/>
      <lemma_idmwb tag="31380000"/>
      <pos tag="NA"/>
      <pos_gen tag="NA"/>
      <infl tag="Dat.Sg"/>
      <inflClass tag="st.Neut"/>
      <inflClass_gen tag="st.Neut"/>
    </tok_anno>
  </token>
  <token id="t26" trans="S(.)" type="token">
    <tok_dipl id="t26_d1" trans="S" utf="S"/>
    <tok_anno ascii="S" id="t26_m1" trans="S" utf="S">
      <norm tag="--"/>
      <lemma tag="S"/>
      <lemma_gen tag="S"/>
      <lemma_idmwb tag="???"/>
      <pos tag="--"/>
      <pos_gen tag="NE"/>
      <infl tag="--"/>
      <inflClass tag="*.Neut"/>
      <inflClass_gen tag="--"/>
      <punc tag="DE"/>
    </tok_anno>
  </token>
  <token id="t27" trans="chinden" type="token">
    <tok_dipl id="t27_d1" trans="chinden" utf="chinden"/>
    <tok_anno ascii="chinden" id="t27_m1" trans="chinden" utf="chinden">
      <norm tag="kinden"/>
      <lemma tag="kind"/>
      <lemma_gen tag="kind"/>
      <lemma_idmwb tag="89772000"/>
      <pos tag="NA"/>
      <pos_gen tag="NA"/>
      <infl tag="Dat.Pl"/>
      <inflClass tag="st.Neut"/>
      <inflClass_gen tag="st.Neut"/>
    </tok_anno>
  </token>
  <token id="t28" trans="n...(.)" type="token">
    <tok_dipl id="t28_d1" trans="n..." utf="n..."/>
    <tok_anno ascii="n..." id="t28_m1" trans="n..." utf="n...">
      <norm tag="--"/>
      <lemma tag="[!]"/>
      <lemma_gen tag="[!]"/>
      <lemma_idmwb tag="--"/>
      <pos tag="--"/>
      <pos_gen tag="--"/>
      <infl tag="--"/>
      <inflClass tag="--"/>
      <inflClass_gen tag="--"/>
      <punc tag="DE"/>
    </tok_anno>
  </token>
  <token id="t29" trans="gett" type="token">
    <tok_dipl id="t29_d1" trans="gett" utf="gett"/>
    <tok_anno ascii="gett" id="t29_m1" trans="gett" utf="gett">
      <norm tag="gêt"/>
      <lemma tag="gân"/>
      <lemma_gen tag="gân"/>
      <lemma_idmwb tag="46788000"/>
      <pos tag="VVFIN"/>
      <pos_gen tag="VV"/>
      <infl tag="Ind.Pres.Sg.3"/>
      <inflClass tag="irr"/>
      <inflClass_gen tag="irr"/>
    </tok_anno>
  </token>
  <token id="t30" trans="daz" type="token">
    <tok_dipl id="t30_d1" trans="daz" utf="daz"/>
    <tok_anno ascii="daz" id="t30_m1" trans="daz" utf="daz">
      <norm tag="daz"/>
      <lemma tag="dër"/>
      <lemma_gen tag="dër"/>
      <lemma_idmwb tag="29823000"/>
      <pos tag="DDS"/>
      <pos_gen tag="DD"/>
      <infl tag="Neut.Nom.Sg"/>
      <inflClass tag="--"/>
      <inflClass_gen tag="--"/>
    </tok_anno>
  </token>
  <token id="t31" trans="." type="punc">
    <tok_dipl id="t31_d1" trans="." utf="."/>
    <tok_anno ascii="." id="t31_m1" trans="." utf=".">
      <pos tag="$_"/>
      <pos_gen tag="$_"/>
    </tok_anno>
  </token>
  <token id="t32" trans="dv." type="token">
    <tok_dipl id="t32_d1" trans="dv." utf="dv."/>
    <tok_anno ascii="dv." id="t32_m1" trans="dv." utf="dv.">
      <norm tag="dû"/>
      <lemma tag="dû"/>
      <lemma_gen tag="dû"/>
      <lemma_idmwb tag="32607000"/>
      <pos tag="PPER"/>
      <pos_gen tag="PPER"/>
      <infl tag="Nom.Sg.2"/>
      <inflClass tag="--"/>
      <inflClass_gen tag="--"/>
    </tok_anno>
  </token>
  <token id="t33" trans="...(.)" type="token">
    <tok_dipl id="t33_d1" trans="..." utf="..."/>
    <tok_anno ascii="..." id="t33_m1" trans="..." utf="...">
      <norm tag="--"/>
      <lemma tag="[!]"/>
      <lemma_gen tag="[!]"/>
      <lemma_idmwb tag="--"/>
      <pos tag="--"/>
      <pos_gen tag="--"/>
      <infl tag="--"/>
      <inflClass tag="--"/>
      <inflClass_gen tag="--"/>
      <punc tag="DE"/>
    </tok_anno>
  </token>
  <token id="t34" trans="min" type="token">
    <tok_dipl id="t34_d1" trans="min" utf="min"/>
    <tok_anno ascii="min" id="t34_m1" trans="min" utf="min">
      <norm tag="mîn"/>
      <lemma tag="mîn"/>
      <lemma_gen tag="mîn"/>
      <lemma_idmwb tag="112026000"/>
      <pos tag="DPOSA"/>
      <pos_gen tag="DPOS"/>
      <infl tag="*.*.*.0"/>
      <inflClass tag="--"/>
      <inflClass_gen tag="--"/>
    </tok_anno>
  </token>
  <token id="t35" trans="ert$e." type="token">
    <tok_dipl id="t35_d1" trans="ert$e." utf="ertſe."/>
    <tok_anno ascii="ertse." id="t35_m1" trans="ert$e." utf="ertſe.">
      <norm tag="êrste"/>
      <lemma tag="êr(e)st"/>
      <lemma_gen tag="êr(e)st"/>
      <lemma_idmwb tag="41595000"/>
      <pos tag="ADJD"/>
      <pos_gen tag="ADJ"/>
      <infl tag="Sup....0"/>
      <inflClass tag="--"/>
      <inflClass_gen tag="--"/>
    </tok_anno>
  </token>
  <token id="t36" trans="gez...(.)" type="token">
    <tok_dipl id="t36_d1" trans="gez..." utf="gez..."/>
    <tok_anno ascii="gez..." id="t36_m1" trans="gez..." utf="gez...">
      <norm tag="--"/>
      <lemma tag="[!]"/>
      <lemma_gen tag="[!]"/>
      <lemma_idmwb tag="--"/>
      <pos tag="--"/>
      <pos_gen tag="--"/>
      <infl tag="--"/>
      <inflClass tag="--"/>
      <inflClass_gen tag="--"/>
      <punc tag="DE"/>
    </tok_anno>
  </token>
  <token id="t37" trans="laze" type="token">
    <tok_dipl id="t37_d1" trans="laze" utf="laze"/>
    <tok_anno ascii="laze" id="t37_m1" trans="laze" utf="laze">
      <norm tag="lâze"/>
      <lemma tag="lâzen"/>
      <lemma_gen tag="lâzen"/>
      <lemma_idmwb tag="100122000"/>
      <pos tag="VVFIN"/>
      <pos_gen tag="VV"/>
      <infl tag="Subj.Pres.Sg.3"/>
      <inflClass tag="st7"/>
      <inflClass_gen tag="st7"/>
    </tok_anno>
  </token>
  <token id="t38" trans="in" type="token">
    <tok_dipl id="t38_d1" trans="in" utf="in"/>
    <tok_anno ascii="in" id="t38_m1" trans="in" utf="in">
      <norm tag="in"/>
      <lemma tag="in"/>
      <lemma_gen tag="in"/>
      <lemma_idmwb tag="81741000"/>
      <pos tag="APPR"/>
      <pos_gen tag="AP"/>
      <infl tag="--"/>
      <inflClass tag="--"/>
      <inflClass_gen tag="--"/>
    </tok_anno>
  </token>
  <token id="t39" trans="hize" type="token">
    <tok_dipl id="t39_d1" trans="hize" utf="hize"/>
    <tok_anno ascii="hize" id="t39_m1" trans="hize" utf="hize">
      <norm tag="--"/>
      <lemma tag="[!]"/>
      <lemma_gen tag="[!]"/>
      <lemma_idmwb tag="--"/>
      <pos tag="--"/>
      <pos_gen tag="--"/>
      <infl tag="--"/>
      <inflClass tag="--"/>
      <inflClass_gen tag="--"/>
    </tok_anno>
  </token>
  <token id="t40" trans="..." type="token">
    <tok_dipl id="t40_d1" trans="..." utf="..."/>
    <tok_anno ascii="..." id="t40_m1" trans="..." utf="...">
      <norm tag="--"/>
      <lemma tag="[!]"/>
      <lemma_gen tag="[!]"/>
      <lemma_idmwb tag="--"/>
      <pos tag="--"/>
      <pos_gen tag="--"/>
      <infl tag="--"/>
      <inflClass tag="--"/>
      <inflClass_gen tag="--"/>
    </tok_anno>
  </token>
  <token id="t41" trans="heim" type="token">
    <tok_dipl id="t41_d1" trans="heim" utf="heim"/>
    <tok_anno ascii="heim" id="t41_m1" trans="heim" utf="heim">
      <norm tag="heim"/>
      <lemma tag="hèim"/>
      <lemma_gen tag="hèim"/>
      <lemma_idmwb tag="70326000"/>
      <pos tag="AVD"/>
      <pos_gen tag="AVD"/>
      <infl tag="--"/>
      <inflClass tag="--"/>
      <inflClass_gen tag="--"/>
    </tok_anno>
  </token>
  <token id="t42" trans="$u$" type="token">
    <tok_dipl id="t42_d1" trans="$u$" utf="ſuſ"/>
    <tok_anno ascii="sus" id="t42_m1" trans="$u$" utf="ſuſ">
      <norm tag="sus"/>
      <lemma tag="sus"/>
      <lemma_gen tag="sus"/>
      <lemma_idmwb tag="164316000"/>
      <pos tag="KO*"/>
      <pos_gen tag="KO"/>
      <infl tag="--"/>
      <inflClass tag="--"/>
      <inflClass_gen tag="--"/>
    </tok_anno>
  </token>
  <token id="t43" trans="..heine" type="token">
    <tok_dipl id="t43_d1" trans="..heine" utf="..heine"/>
    <tok_anno ascii="..heine" id="t43_m1" trans="..heine" utf="..heine">
      <norm tag="--"/>
      <lemma tag="[!]"/>
      <lemma_gen tag="[!]"/>
      <lemma_idmwb tag="--"/>
      <pos tag="--"/>
      <pos_gen tag="--"/>
      <infl tag="--"/>
      <inflClass tag="--"/>
      <inflClass_gen tag="--"/>
    </tok_anno>
  </token>
  <token id="t44" trans="..." type="token">
    <tok_dipl id="t44_d1" trans="..." utf="..."/>
    <tok_anno ascii="..." id="t44_m1" trans="..." utf="...">
      <norm tag="--"/>
      <lemma tag="[!]"/>
      <lemma_gen tag="[!]"/>
      <lemma_idmwb tag="--"/>
      <pos tag="--"/>
      <pos_gen tag="--"/>
      <infl tag="--"/>
      <inflClass tag="--"/>
      <inflClass_gen tag="--"/>
    </tok_anno>
  </token>
  <token id="t45" trans="vnd" type="token">
    <tok_dipl id="t45_d1" trans="vnd" utf="vnd"/>
    <tok_anno ascii="vnd" id="t45_m1" trans="vnd" utf="vnd">
      <norm tag="und"/>
      <lemma tag="unte"/>
      <lemma_gen tag="unte"/>
      <lemma_idmwb tag="183108000"/>
      <pos tag="KON"/>
      <pos_gen tag="KO"/>
      <infl tag="--"/>
      <inflClass tag="--"/>
      <inflClass_gen tag="--"/>
    </tok_anno>
  </token>
  <token id="t46" trans="alle" type="token">
    <tok_dipl id="t46_d1" trans="alle" utf="alle"/>
    <tok_anno ascii="alle" id="t46_m1" trans="alle" utf="alle">
      <norm tag="alle"/>
      <lemma tag="all"/>
      <lemma_gen tag="all"/>
      <lemma_idmwb tag="3531000"/>
      <pos tag="DIA"/>
      <pos_gen tag="DI"/>
      <infl tag="*.Akk.Pl.st"/>
      <inflClass tag="--"/>
      <inflClass_gen tag="--"/>
    </tok_anno>
  </token>
  <token id="t47" trans="gear#e$t" type="token">
    <tok_dipl id="t47_d1" trans="gear" utf="gear"/>
    <tok_dipl id="t47_d2" trans="e$t" utf="eſt"/>
    <tok_anno ascii="gearest" id="t47_m1" trans="gear#e$t" utf="geareſt">
      <norm tag="geartest"/>
      <token_type tag="US"/>
      <lemma tag="ge-arten"/>
      <lemma_gen tag="ge-arten"/>
      <lemma_idmwb tag="47562000"/>
      <pos tag="ADJA"/>
      <pos_gen tag="VVPS"/>
      <infl tag="Sup.*..st"/>
      <inflClass tag="wk"/>
      <inflClass_gen tag="wk"/>
    </tok_anno>
  </token>
  <token id="t48" trans="wer(=)tv\onge" type="token">
    <tok_dipl id="t48_d1" trans="wertv\onge" utf="wertvͦnge"/>
    <tok_anno ascii="wertvonge" id="t48_m1" trans="wer(=)tv\onge" utf="wertvͦnge">
      <norm tag="werrunge"/>
      <token_type tag="UL"/>
      <lemma tag="wërrunge"/>
      <lemma_gen tag="wërrunge"/>
      <lemma_idmwb tag="225591000"/>
      <pos tag="NA"/>
      <pos_gen tag="NA"/>
      <infl tag="Akk.Pl"/>
      <inflClass tag="st.Fem"/>
      <inflClass_gen tag="*.Fem"/>
    </tok_anno>
  </token>
  <comment type="K">/%.[?]</comment>
  <token id="t49" trans="vnde" type="token">
    <tok_dipl id="t49_d1" trans="vnde" utf="vnde"/>
    <tok_anno ascii="vnde" id="t49_m1" trans="vnde" utf="vnde">
      <norm tag="unde"/>
      <lemma tag="unte"/>
      <lemma_gen tag="unte"/>
      <lemma_idmwb tag="183108000"/>
      <pos tag="KON"/>
      <pos_gen tag="KO"/>
      <infl tag="--"/>
      <inflClass tag="--"/>
      <inflClass_gen tag="--"/>
    </tok_anno>
  </token>
  <token id="t50" trans="daz" type="token">
    <tok_dipl id="t50_d1" trans="daz" utf="daz"/>
    <tok_anno ascii="daz" id="t50_m1" trans="daz" utf="daz">
      <norm tag="daz"/>
      <lemma tag="dazz"/>
      <lemma_gen tag="dazz"/>
      <lemma_idmwb tag="29484000"/>
      <pos tag="KOUS"/>
      <pos_gen tag="KO"/>
      <infl tag="--"/>
      <inflClass tag="--"/>
      <inflClass_gen tag="--"/>
    </tok_anno>
  </token>
  <token id="t51" trans="er" type="token">
    <tok_dipl id="t51_d1" trans="er" utf="er"/>
    <tok_anno ascii="er" id="t51_m1" trans="er" utf="er">
      <norm tag="er"/>
      <lemma tag="ër"/>
      <lemma_gen tag="ër"/>
      <lemma_idmwb tag="40380000"/>
      <pos tag="PPER"/>
      <pos_gen tag="PPER"/>
      <infl tag="Masc.Nom.Sg.3"/>
      <inflClass tag="--"/>
      <inflClass_gen tag="--"/>
    </tok_anno>
  </token>
  <token id="t52" trans="da.." type="token">
    <tok_dipl id="t52_d1" trans="da.." utf="da.."/>
    <tok_anno ascii="da.." id="t52_m1" trans="da.." utf="da..">
      <norm tag="dâ"/>
      <lemma tag="dâr"/>
      <lemma_gen tag="dâr"/>
      <lemma_idmwb tag="28932000"/>
      <pos tag="AVD"/>
      <pos_gen tag="AVD"/>
      <infl tag="--"/>
      <inflClass tag="--"/>
      <inflClass_gen tag="--"/>
    </tok_anno>
  </token>
  <token id="t53" trans="zwei||hvndert" type="token">
    <tok_dipl id="t53_d1" trans="zweihvndert" utf="zweihvndert"/>
    <tok_anno ascii="zwei" id="t53_m1" trans="zwei|" utf="zwei">
      <norm tag="zwei"/>
      <token_type tag="MS1"/>
      <lemma tag="zwêne"/>
      <lemma_gen tag="zwêne"/>
      <lemma_idmwb tag="242670000"/>
      <pos tag="CARDA"/>
      <pos_gen tag="CARD"/>
      <infl tag="*.Nom.Pl.st"/>
      <inflClass tag="--"/>
      <inflClass_gen tag="--"/>
    </tok_anno>
    <tok_anno ascii="hvndert" id="t53_m2" trans="|hvndert" utf="hvndert">
      <norm tag="hundert"/>
      <token_type tag="MS2"/>
      <lemma tag="hundert"/>
      <lemma_gen tag="hundert"/>
      <lemma_idmwb tag="79842000"/>
      <pos tag="ADJA"/>
      <pos_gen tag="ADJ"/>
      <infl tag="Sup.*.Nom.Pl.0"/>
      <inflClass tag="--"/>
      <inflClass_gen tag="--"/>
    </tok_anno>
  </token>
  <token id="t54" trans="oder" type="token">
    <tok_dipl id="t54_d1" trans="oder" utf="oder"/>
    <tok_anno ascii="oder" id="t54_m1" trans="oder" utf="oder">
      <norm tag="oder"/>
      <lemma tag="oder"/>
      <lemma_gen tag="oder"/>
      <lemma_idmwb tag="123531000"/>
      <pos tag="KON"/>
      <pos_gen tag="KO"/>
      <infl tag="--"/>
      <inflClass tag="--"/>
      <inflClass_gen tag="--"/>
    </tok_anno>
  </token>
  <token id="t55" trans="ze" type="token">
    <tok_dipl id="t55_d1" trans="ze" utf="ze"/>
    <tok_anno ascii="ze" id="t55_m1" trans="ze" utf="ze">
      <norm tag="ze"/>
      <lemma tag="ze"/>
      <lemma_gen tag="ze"/>
      <lemma_idmwb tag="235656000"/>
      <pos tag="APPR"/>
      <pos_gen tag="AP"/>
      <infl tag="--"/>
      <inflClass tag="--"/>
      <inflClass_gen tag="--"/>
    </tok_anno>
  </token>
  <token id="t56" trans="w..." type="token">
    <tok_dipl id="t56_d1" trans="w..." utf="w..."/>
    <tok_anno ascii="w..." id="t56_m1" trans="w..." utf="w...">
      <norm tag="--"/>
      <lemma tag="[!]"/>
      <lemma_gen tag="[!]"/>
      <lemma_idmwb tag="--"/>
      <pos tag="--"/>
      <pos_gen tag="--"/>
      <infl tag="--"/>
      <inflClass tag="--"/>
      <inflClass_gen tag="--"/>
    </tok_anno>
  </token>
  <token id="t57" trans=".v\ont" type="token">
    <tok_dipl id="t57_d1" trans=".v\ont" utf=".vͦnt"/>
    <tok_anno ascii=".vont" id="t57_m1" trans=".v\ont" utf=".vͦnt">
      <norm tag="tuon"/>
      <lemma tag="tuon"/>
      <lemma_gen tag="tuon"/>
      <lemma_idmwb tag="173655000"/>
      <pos tag="VVFIN"/>
      <pos_gen tag="VV"/>
      <infl tag="*.Pres.Pl.3"/>
      <inflClass tag="irr"/>
      <inflClass_gen tag="irr"/>
    </tok_anno>
  </token>
  <comment type="K">/%.[?]</comment>
  <token id="t58" trans="vnde" type="token">
    <tok_dipl id="t58_d1" trans="vnde" utf="vnde"/>
    <tok_anno ascii="vnde" id="t58_m1" trans="vnde" utf="vnde">
      <norm tag="unde"/>
      <lemma tag="unte"/>
      <lemma_gen tag="unte"/>
      <lemma_idmwb tag="183108000"/>
      <pos tag="KON"/>
      <pos_gen tag="KO"/>
      <infl tag="--"/>
      <inflClass tag="--"/>
      <inflClass_gen tag="--"/>
    </tok_anno>
  </token>
  <token id="t59" trans="einen" type="token">
    <tok_dipl id="t59_d1" trans="einen" utf="einen"/>
    <tok_anno ascii="einen" id="t59_m1" trans="einen" utf="einen">
      <norm tag="einen"/>
      <lemma tag="èin"/>
      <lemma_gen tag="èin"/>
      <lemma_idmwb tag="35925000"/>
      <pos tag="DIART"/>
      <pos_gen tag="DD"/>
      <infl tag="*.Dat.Pl.st"/>
      <inflClass tag="--"/>
      <inflClass_gen tag="--"/>
    </tok_anno>
  </token>
  <token id="t60" trans="..vte." type="token">
    <tok_dipl id="t60_d1" trans="..vte." utf="..vte."/>
    <tok_anno ascii="..vte." id="t60_m1" trans="..vte." utf="..vte.">
      <norm tag="--"/>
      <lemma tag="[!]"/>
      <lemma_gen tag="[!]"/>
      <lemma_idmwb tag="--"/>
      <pos tag="--"/>
      <pos_gen tag="--"/>
      <infl tag="--"/>
      <inflClass tag="--"/>
      <inflClass_gen tag="--"/>
    </tok_anno>
  </token>
  <token id="t61" trans="...(.)" type="token">
    <tok_dipl id="t61_d1" trans="..." utf="..."/>
    <tok_anno ascii="..." id="t61_m1" trans="..." utf="...">
      <norm tag="--"/>
      <lemma tag="[!]"/>
      <lemma_gen tag="[!]"/>
      <lemma_idmwb tag="--"/>
      <pos tag="--"/>
      <pos_gen tag="--"/>
      <infl tag="--"/>
      <inflClass tag="--"/>
      <inflClass_gen tag="--"/>
      <punc tag="DE"/>
    </tok_anno>
  </token>
  <token id="t62" trans="ze" type="token">
    <tok_dipl id="t62_d1" trans="ze" utf="ze"/>
    <tok_anno ascii="ze" id="t62_m1" trans="ze" utf="ze">
      <norm tag="ze"/>
      <lemma tag="ze"/>
      <lemma_gen tag="ze"/>
      <lemma_idmwb tag="235656000"/>
      <pos tag="PTKA"/>
      <pos_gen tag="PTK"/>
      <infl tag="--"/>
      <inflClass tag="--"/>
      <inflClass_gen tag="--"/>
    </tok_anno>
  </token>
  <token id="t63" trans="chvchel#e$t" type="token">
    <tok_dipl id="t63_d1" trans="chvchel" utf="chvchel"/>
    <tok_dipl id="t63_d2" trans="e$t" utf="eſt"/>
    <tok_anno ascii="chvchelest" id="t63_m1" trans="chvchel#e$t" utf="chvcheleſt">
      <norm tag="kuchel"/>
      <token_type tag="US"/>
      <lemma tag="kuchel"/>
      <lemma_gen tag="kuchel"/>
      <lemma_idmwb tag="96618000"/>
      <pos tag="NA"/>
      <pos_gen tag="NA"/>
      <infl tag="Dat.Sg"/>
      <inflClass tag="st.Fem"/>
      <inflClass_gen tag="st.Fem"/>
    </tok_anno>
  </token>
  <token id="t64" trans="..." type="token">
    <tok_dipl id="t64_d1" trans="..." utf="..."/>
    <tok_anno ascii="..." id="t64_m1" trans="..." utf="...">
      <norm tag="--"/>
      <lemma tag="[!]"/>
      <lemma_gen tag="[!]"/>
      <lemma_idmwb tag="--"/>
      <pos tag="--"/>
      <pos_gen tag="--"/>
      <infl tag="--"/>
      <inflClass tag="--"/>
      <inflClass_gen tag="--"/>
    </tok_anno>
  </token>
  <token id="t65" trans="..." type="token">
    <tok_dipl id="t65_d1" trans="..." utf="..."/>
    <tok_anno ascii="..." id="t65_m1" trans="..." utf="...">
      <norm tag="--"/>
      <lemma tag="[!]"/>
      <lemma_gen tag="[!]"/>
      <lemma_idmwb tag="--"/>
      <pos tag="--"/>
      <pos_gen tag="--"/>
      <infl tag="--"/>
      <inflClass tag="--"/>
      <inflClass_gen tag="--"/>
    </tok_anno>
  </token>
  <token id="t66" trans="n" type="token">
    <tok_dipl id="t66_d1" trans="n" utf="n"/>
    <tok_anno ascii="n" id="t66_m1" trans="n" utf="n">
      <norm tag="--"/>
      <lemma tag="[!]"/>
      <lemma_gen tag="[!]"/>
      <lemma_idmwb tag="--"/>
      <pos tag="--"/>
      <pos_gen tag="--"/>
      <infl tag="--"/>
      <inflClass tag="--"/>
      <inflClass_gen tag="--"/>
    </tok_anno>
  </token>
  <token id="t67" trans="." type="punc">
    <tok_dipl id="t67_d1" trans="." utf="."/>
    <tok_anno ascii="." id="t67_m1" trans="." utf=".">
      <pos tag="$_"/>
      <pos_gen tag="$_"/>
    </tok_anno>
  </token>
  <token id="t68" trans="od" type="token">
    <tok_dipl id="t68_d1" trans="od" utf="od"/>
    <tok_anno ascii="od" id="t68_m1" trans="od" utf="od">
      <norm tag="oder"/>
      <lemma tag="oder"/>
      <lemma_gen tag="oder"/>
      <lemma_idmwb tag="123531000"/>
      <pos tag="KON"/>
      <pos_gen tag="KO"/>
      <infl tag="--"/>
      <inflClass tag="--"/>
      <inflClass_gen tag="--"/>
    </tok_anno>
  </token>
  <token id="t69" trans="$ach" type="token">
    <tok_dipl id="t69_d1" trans="$ach" utf="ſach"/>
    <tok_anno ascii="sach" id="t69_m1" trans="$ach" utf="ſach">
      <norm tag="sach"/>
      <lemma tag="sëhen"/>
      <lemma_gen tag="sëhen"/>
      <lemma_idmwb tag="147189000"/>
      <pos tag="VVFIN"/>
      <pos_gen tag="VV"/>
      <infl tag="Ind.Past.Sg.3"/>
      <inflClass tag="st5"/>
      <inflClass_gen tag="st5"/>
    </tok_anno>
  </token>
  <token id="t70" trans="..." type="token">
    <tok_dipl id="t70_d1" trans="..." utf="..."/>
    <tok_anno ascii="..." id="t70_m1" trans="..." utf="...">
      <norm tag="--"/>
      <lemma tag="[!]"/>
      <lemma_gen tag="[!]"/>
      <lemma_idmwb tag="--"/>
      <pos tag="--"/>
      <pos_gen tag="--"/>
      <infl tag="--"/>
      <inflClass tag="--"/>
      <inflClass_gen tag="--"/>
    </tok_anno>
  </token>
  <token id="t71" trans="......b" type="token">
    <tok_dipl id="t71_d1" trans="......b" utf="......b"/>
    <tok_anno ascii="......b" id="t71_m1" trans="......b" utf="......b">
      <norm tag="--"/>
      <lemma tag="[!]"/>
      <lemma_gen tag="[!]"/>
      <lemma_idmwb tag="--"/>
      <pos tag="--"/>
      <pos_gen tag="--"/>
      <infl tag="--"/>
      <inflClass tag="--"/>
      <inflClass_gen tag="--"/>
    </tok_anno>
  </token>
  <token id="t72" trans="chv\ont" type="token">
    <tok_dipl id="t72_d1" trans="chv\ont" utf="chvͦnt"/>
    <tok_anno ascii="chvont" id="t72_m1" trans="chv\ont" utf="chvͦnt">
      <norm tag="kunt"/>
      <lemma tag="kund"/>
      <lemma_gen tag="kund"/>
      <lemma_idmwb tag="97482000"/>
      <pos tag="ADJD"/>
      <pos_gen tag="ADJ"/>
      <infl tag="Pos....0"/>
      <inflClass tag="--"/>
      <inflClass_gen tag="--"/>
    </tok_anno>
  </token>
  <token id="t73" trans="vnde" type="token">
    <tok_dipl id="t73_d1" trans="vnde" utf="vnde"/>
    <tok_anno ascii="vnde" id="t73_m1" trans="vnde" utf="vnde">
      <norm tag="unde"/>
      <lemma tag="unte"/>
      <lemma_gen tag="unte"/>
      <lemma_idmwb tag="183108000"/>
      <pos tag="KON"/>
      <pos_gen tag="KO"/>
      <infl tag="--"/>
      <inflClass tag="--"/>
      <inflClass_gen tag="--"/>
    </tok_anno>
  </token>
  <token id="t74" trans="..." type="token">
    <tok_dipl id="t74_d1" trans="..." utf="..."/>
    <tok_anno ascii="..." id="t74_m1" trans="..." utf="...">
      <norm tag="--"/>
      <lemma tag="[!]"/>
      <lemma_gen tag="[!]"/>
      <lemma_idmwb tag="--"/>
      <pos tag="--"/>
      <pos_gen tag="--"/>
      <infl tag="--"/>
      <inflClass tag="--"/>
      <inflClass_gen tag="--"/>
    </tok_anno>
  </token>
  <token id="t75" trans="$we.." type="token">
    <tok_dipl id="t75_d1" trans="$we.." utf="ſwe.."/>
    <tok_anno ascii="swe.." id="t75_m1" trans="$we.." utf="ſwe..">
      <norm tag="swê"/>
      <lemma tag="swër"/>
      <lemma_gen tag="swër"/>
      <lemma_idmwb tag="165408000"/>
      <pos tag="PG"/>
      <pos_gen tag="PG"/>
      <infl tag="*.Nom.Sg.st"/>
      <inflClass tag="--"/>
      <inflClass_gen tag="--"/>
    </tok_anno>
  </token>
  <token id="t76" trans="hete" type="token">
    <tok_dipl id="t76_d1" trans="hete" utf="hete"/>
    <tok_anno ascii="hete" id="t76_m1" trans="hete" utf="hete">
      <norm tag="hæte"/>
      <lemma tag="haben"/>
      <lemma_gen tag="haben"/>
      <lemma_idmwb tag="66885000"/>
      <pos tag="VAFIN"/>
      <pos_gen tag="VA"/>
      <infl tag="*.Past.Sg.3"/>
      <inflClass tag="wk"/>
      <inflClass_gen tag="wk"/>
    </tok_anno>
  </token>
  <token id="t77" trans="g..." type="token">
    <tok_dipl id="t77_d1" trans="g..." utf="g..."/>
    <tok_anno ascii="g..." id="t77_m1" trans="g..." utf="g...">
      <norm tag="--"/>
      <lemma tag="[!]"/>
      <lemma_gen tag="[!]"/>
      <lemma_idmwb tag="--"/>
      <pos tag="--"/>
      <pos_gen tag="--"/>
      <infl tag="--"/>
      <inflClass tag="--"/>
      <inflClass_gen tag="--"/>
    </tok_anno>
  </token>
  <token id="t78" trans="driv" type="token">
    <tok_dipl id="t78_d1" trans="driv" utf="driv"/>
    <tok_anno ascii="driv" id="t78_m1" trans="driv" utf="driv">
      <norm tag="driu"/>
      <lemma tag="drî"/>
      <lemma_gen tag="drî"/>
      <lemma_idmwb tag="31992000"/>
      <pos tag="CARDA"/>
      <pos_gen tag="CARD"/>
      <infl tag="*.Nom.Pl.st"/>
      <inflClass tag="--"/>
      <inflClass_gen tag="--"/>
    </tok_anno>
  </token>
  <token id="t79" trans="hvndert" type="token">
    <tok_dipl id="t79_d1" trans="hvndert" utf="hvndert"/>
    <tok_anno ascii="hvndert" id="t79_m1" trans="hvndert" utf="hvndert">
      <norm tag="hundert"/>
      <lemma tag="hundert"/>
      <lemma_gen tag="hundert"/>
      <lemma_idmwb tag="79842000"/>
      <pos tag="ADJA"/>
      <pos_gen tag="ADJ"/>
      <infl tag="Pos.*.Nom.Pl.0"/>
      <inflClass tag="--"/>
      <inflClass_gen tag="--"/>
    </tok_anno>
  </token>
  <token id="t80" trans="daz" type="token">
    <tok_dipl id="t80_d1" trans="daz" utf="daz"/>
    <tok_anno ascii="daz" id="t80_m1" trans="daz" utf="daz">
      <norm tag="daz"/>
      <lemma tag="dër"/>
      <lemma_gen tag="dër"/>
      <lemma_idmwb tag="29817000"/>
      <pos tag="DDART"/>
      <pos_gen tag="DD"/>
      <infl tag="Neut.Nom.Sg"/>
      <inflClass tag="--"/>
      <inflClass_gen tag="--"/>
    </tok_anno>
  </token>
  <token id="t81" trans="hvndert" type="token">
    <tok_dipl id="t81_d1" trans="hvndert" utf="hvndert"/>
    <tok_anno ascii="hvndert" id="t81_m1" trans="hvndert" utf="hvndert">
      <norm tag="hundert"/>
      <lemma tag="hundert"/>
      <lemma_gen tag="hundert"/>
      <lemma_idmwb tag="79842000"/>
      <pos tag="ADJS"/>
      <pos_gen tag="ADJ"/>
      <infl tag="Pos.*.Nom.Pl.0"/>
      <inflClass tag="--"/>
      <inflClass_gen tag="--"/>
    </tok_anno>
  </token>
  <token id="t82" trans="zv\o" type="token">
    <tok_dipl id="t82_d1" trans="zv\o" utf="zvͦ"/>
    <tok_anno ascii="zvo" id="t82_m1" trans="zv\o" utf="zvͦ">
      <norm tag="zuo"/>
      <lemma tag="zuo"/>
      <lemma_gen tag="zuo"/>
      <lemma_idmwb tag="240651000"/>
      <pos tag="AVD"/>
      <pos_gen tag="AVD"/>
      <infl tag="--"/>
      <inflClass tag="--"/>
      <inflClass_gen tag="--"/>
    </tok_anno>
  </token>
  <token id="t83" trans="het" type="token">
    <tok_dipl id="t83_d1" trans="het" utf="het"/>
    <tok_anno ascii="het" id="t83_m1" trans="het" utf="het">
      <norm tag="hæte"/>
      <lemma tag="haben"/>
      <lemma_gen tag="haben"/>
      <lemma_idmwb tag="66885000"/>
      <pos tag="VAFIN"/>
      <pos_gen tag="VA"/>
      <infl tag="*.Past.Sg.3"/>
      <inflClass tag="wk"/>
      <inflClass_gen tag="wk"/>
    </tok_anno>
  </token>
  <token id="t84" trans="fv\or" type="token">
    <tok_dipl id="t84_d1" trans="fv\or" utf="fvͦr"/>
    <tok_anno ascii="fvor" id="t84_m1" trans="fv\or" utf="fvͦr">
      <norm tag="vüre"/>
      <lemma tag="vür(e)"/>
      <lemma_gen tag="vür(e)"/>
      <lemma_idmwb tag="218466000"/>
      <pos tag="AVD"/>
      <pos_gen tag="AVD"/>
      <infl tag="--"/>
      <inflClass tag="--"/>
      <inflClass_gen tag="--"/>
    </tok_anno>
  </token>
  <token id="t85" trans="$vbent" type="token">
    <tok_dipl id="t85_d1" trans="$vbent" utf="ſvbent"/>
    <tok_anno ascii="svbent" id="t85_m1" trans="$vbent" utf="ſvbent">
      <norm tag="sibene"/>
      <lemma tag="siben"/>
      <lemma_gen tag="siben"/>
      <lemma_idmwb tag="149037000"/>
      <pos tag="CARDA"/>
      <pos_gen tag="CARD"/>
      <infl tag="*.Akk.Pl.st"/>
      <inflClass tag="--"/>
      <inflClass_gen tag="--"/>
    </tok_anno>
  </token>
  <comment type="K">/%.[? sibent?]/^[!]</comment>
  <token id="t86" trans="...(=)ge" type="token">
    <tok_dipl id="t86_d1" trans="...ge" utf="...ge"/>
    <tok_anno ascii="...ge" id="t86_m1" trans="...(=)ge" utf="...ge">
      <norm tag="--"/>
      <token_type tag="UL"/>
      <lemma tag="[!]"/>
      <lemma_gen tag="[!]"/>
      <lemma_idmwb tag="--"/>
      <pos tag="--"/>
      <pos_gen tag="--"/>
      <infl tag="--"/>
      <inflClass tag="--"/>
      <inflClass_gen tag="--"/>
    </tok_anno>
  </token>
  <token id="t87" trans="vnde" type="token">
    <tok_dipl id="t87_d1" trans="vnde" utf="vnde"/>
    <tok_anno ascii="vnde" id="t87_m1" trans="vnde" utf="vnde">
      <norm tag="unde"/>
      <lemma tag="unte"/>
      <lemma_gen tag="unte"/>
      <lemma_idmwb tag="183108000"/>
      <pos tag="KON"/>
      <pos_gen tag="KO"/>
      <infl tag="--"/>
      <inflClass tag="--"/>
      <inflClass_gen tag="--"/>
    </tok_anno>
  </token>
  <token id="t88" trans="ein" type="token">
    <tok_dipl id="t88_d1" trans="ein" utf="ein"/>
    <tok_anno ascii="ein" id="t88_m1" trans="ein" utf="ein">
      <norm tag="ein"/>
      <lemma tag="èin"/>
      <lemma_gen tag="èin"/>
      <lemma_idmwb tag="35925000"/>
      <pos tag="DIART"/>
      <pos_gen tag="DD"/>
      <infl tag="Neut.Akk.Sg.0"/>
      <inflClass tag="--"/>
      <inflClass_gen tag="--"/>
    </tok_anno>
  </token>
  <token id="t89" trans="$vin" type="token">
    <tok_dipl id="t89_d1" trans="$vin" utf="ſvin"/>
    <tok_anno ascii="svin" id="t89_m1" trans="$vin" utf="ſvin">
      <norm tag="swîn"/>
      <lemma tag="swîn"/>
      <lemma_gen tag="swîn"/>
      <lemma_idmwb tag="165888000"/>
      <pos tag="NA"/>
      <pos_gen tag="NA"/>
      <infl tag="Akk.Sg"/>
      <inflClass tag="st.Neut"/>
      <inflClass_gen tag="st.Neut"/>
    </tok_anno>
  </token>
  <token id="t90" trans="ze" type="token">
    <tok_dipl id="t90_d1" trans="ze" utf="ze"/>
    <tok_anno ascii="ze" id="t90_m1" trans="ze" utf="ze">
      <norm tag="ze"/>
      <lemma tag="ze"/>
      <lemma_gen tag="ze"/>
      <lemma_idmwb tag="235656000"/>
      <pos tag="PTKA"/>
      <pos_gen tag="PTK"/>
      <infl tag="--"/>
      <inflClass tag="--"/>
      <inflClass_gen tag="--"/>
    </tok_anno>
  </token>
  <token id="t91" trans="chvchel#e$t" type="token">
    <tok_dipl id="t91_d1" trans="chvchel" utf="chvchel"/>
    <tok_dipl id="t91_d2" trans="e$t" utf="eſt"/>
    <tok_anno ascii="chvchelest" id="t91_m1" trans="chvchel#e$t" utf="chvcheleſt">
      <norm tag="kuchel"/>
      <token_type tag="US"/>
      <lemma tag="kuchel"/>
      <lemma_gen tag="kuchel"/>
      <lemma_idmwb tag="96618000"/>
      <pos tag="NA"/>
      <pos_gen tag="NA"/>
      <infl tag="Dat.Sg"/>
      <inflClass tag="st.Fem"/>
      <inflClass_gen tag="st.Fem"/>
    </tok_anno>
  </token>
  <token id="t92" trans=".........." type="token">
    <tok_dipl id="t92_d1" trans=".........." utf=".........."/>
    <tok_anno ascii=".........." id="t92_m1" trans=".........." utf="..........">
      <norm tag="--"/>
      <lemma tag="[!]"/>
      <lemma_gen tag="[!]"/>
      <lemma_idmwb tag="--"/>
      <pos tag="--"/>
      <pos_gen tag="--"/>
      <infl tag="--"/>
      <inflClass tag="--"/>
      <inflClass_gen tag="--"/>
    </tok_anno>
  </token>
  <token id="t93" trans="vn." type="token">
    <tok_dipl id="t93_d1" trans="vn." utf="vn."/>
    <tok_anno ascii="vn." id="t93_m1" trans="vn." utf="vn.">
      <norm tag="--"/>
      <lemma tag="[!]"/>
      <lemma_gen tag="[!]"/>
      <lemma_idmwb tag="--"/>
      <pos tag="--"/>
      <pos_gen tag="--"/>
      <infl tag="--"/>
      <inflClass tag="--"/>
      <inflClass_gen tag="--"/>
    </tok_anno>
  </token>
  <token id="t94" trans="...(.)" type="token">
    <tok_dipl id="t94_d1" trans="..." utf="..."/>
    <tok_anno ascii="..." id="t94_m1" trans="..." utf="...">
      <norm tag="--"/>
      <lemma tag="[!]"/>
      <lemma_gen tag="[!]"/>
      <lemma_idmwb tag="--"/>
      <pos tag="--"/>
      <pos_gen tag="--"/>
      <infl tag="--"/>
      <inflClass tag="--"/>
      <inflClass_gen tag="--"/>
      <punc tag="DE"/>
    </tok_anno>
  </token>
  <token id="t95" trans="..." type="token">
    <tok_dipl id="t95_d1" trans="..." utf="..."/>
    <tok_anno ascii="..." id="t95_m1" trans="..." utf="...">
      <norm tag="--"/>
      <lemma tag="[!]"/>
      <lemma_gen tag="[!]"/>
      <lemma_idmwb tag="--"/>
      <pos tag="--"/>
      <pos_gen tag="--"/>
      <infl tag="--"/>
      <inflClass tag="--"/>
      <inflClass_gen tag="--"/>
    </tok_anno>
  </token>
  <token id="t96" trans="Der" type="token">
    <tok_dipl id="t96_d1" trans="Der" utf="Der"/>
    <tok_anno ascii="Der" id="t96_m1" trans="Der" utf="Der">
      <norm tag="der"/>
      <lemma tag="dër"/>
      <lemma_gen tag="dër"/>
      <lemma_idmwb tag="29823000"/>
      <pos tag="DDS"/>
      <pos_gen tag="DD"/>
      <infl tag="Masc.Nom.Sg"/>
      <inflClass tag="--"/>
      <inflClass_gen tag="--"/>
    </tok_anno>
  </token>
  <token id="t97" trans="tv\ot" type="token">
    <tok_dipl id="t97_d1" trans="tv\ot" utf="tvͦt"/>
    <tok_anno ascii="tvot" id="t97_m1" trans="tv\ot" utf="tvͦt">
      <norm tag="tuot"/>
      <lemma tag="tuon"/>
      <lemma_gen tag="tuon"/>
      <lemma_idmwb tag="173655000"/>
      <pos tag="VVFIN"/>
      <pos_gen tag="VV"/>
      <infl tag="Ind.Pres.Sg.3"/>
      <inflClass tag="irr"/>
      <inflClass_gen tag="irr"/>
    </tok_anno>
  </token>
  <token id="t98" trans="...." type="token">
    <tok_dipl id="t98_d1" trans="...." utf="...."/>
    <tok_anno ascii="...." id="t98_m1" trans="...." utf="....">
      <norm tag="--"/>
      <lemma tag="[!]"/>
      <lemma_gen tag="[!]"/>
      <lemma_idmwb tag="--"/>
      <pos tag="--"/>
      <pos_gen tag="--"/>
      <infl tag="--"/>
      <inflClass tag="--"/>
      <inflClass_gen tag="--"/>
    </tok_anno>
  </token>
  <token id="t99" trans="d...et" type="token">
    <tok_dipl id="t99_d1" trans="d...et" utf="d...et"/>
    <tok_anno ascii="d...et" id="t99_m1" trans="d...et" utf="d...et">
      <norm tag="--"/>
      <lemma tag="[!]"/>
      <lemma_gen tag="[!]"/>
      <lemma_idmwb tag="--"/>
      <pos tag="--"/>
      <pos_gen tag="--"/>
      <infl tag="--"/>
      <inflClass tag="--"/>
      <inflClass_gen tag="--"/>
    </tok_anno>
  </token>
  <token id="t100" trans="we..." type="token">
    <tok_dipl id="t100_d1" trans="we..." utf="we..."/>
    <tok_anno ascii="we..." id="t100_m1" trans="we..." utf="we...">
      <norm tag="--"/>
      <lemma tag="[!]"/>
      <lemma_gen tag="[!]"/>
      <lemma_idmwb tag="--"/>
      <pos tag="--"/>
      <pos_gen tag="--"/>
      <infl tag="--"/>
      <inflClass tag="--"/>
      <inflClass_gen tag="--"/>
    </tok_anno>
  </token>
  <token id="t101" trans="...de" type="token">
    <tok_dipl id="t101_d1" trans="...de" utf="...de"/>
    <tok_anno ascii="...de" id="t101_m1" trans="...de" utf="...de">
      <norm tag="--"/>
      <lemma tag="[!]"/>
      <lemma_gen tag="[!]"/>
      <lemma_idmwb tag="--"/>
      <pos tag="--"/>
      <pos_gen tag="--"/>
      <infl tag="--"/>
      <inflClass tag="--"/>
      <inflClass_gen tag="--"/>
    </tok_anno>
  </token>
  <token id="t102" trans="..." type="token">
    <tok_dipl id="t102_d1" trans="..." utf="..."/>
    <tok_anno ascii="..." id="t102_m1" trans="..." utf="...">
      <norm tag="--"/>
      <lemma tag="[!]"/>
      <lemma_gen tag="[!]"/>
      <lemma_idmwb tag="--"/>
      <pos tag="--"/>
      <pos_gen tag="--"/>
      <infl tag="--"/>
      <inflClass tag="--"/>
      <inflClass_gen tag="--"/>
    </tok_anno>
  </token>
  <token id="t103" trans="...en" type="token">
    <tok_dipl id="t103_d1" trans="...en" utf="...en"/>
    <tok_anno ascii="...en" id="t103_m1" trans="...en" utf="...en">
      <norm tag="--"/>
      <lemma tag="[!]"/>
      <lemma_gen tag="[!]"/>
      <lemma_idmwb tag="--"/>
      <pos tag="--"/>
      <pos_gen tag="--"/>
      <infl tag="--"/>
      <inflClass tag="--"/>
      <inflClass_gen tag="--"/>
    </tok_anno>
  </token>
  <token id="t104" trans="mvte" type="token">
    <tok_dipl id="t104_d1" trans="mvte" utf="mvte"/>
    <tok_anno ascii="mvte" id="t104_m1" trans="mvte" utf="mvte">
      <norm tag="mütte"/>
      <lemma tag="mütte"/>
      <lemma_gen tag="mütte"/>
      <lemma_idmwb tag="117699000"/>
      <pos tag="NA"/>
      <pos_gen tag="NA"/>
      <infl tag="Akk.Sg"/>
      <inflClass tag="st.Masc,Neut"/>
      <inflClass_gen tag="st.Masc,Neut"/>
    </tok_anno>
  </token>
  <token id="t105" trans="malze$" type="token">
    <tok_dipl id="t105_d1" trans="malze$" utf="malzeſ"/>
    <tok_anno ascii="malzes" id="t105_m1" trans="malze$" utf="malzeſ">
      <norm tag="malzes"/>
      <lemma tag="malz"/>
      <lemma_gen tag="malz"/>
      <lemma_idmwb tag="107316000"/>
      <pos tag="NA"/>
      <pos_gen tag="NA"/>
      <infl tag="Gen.Sg"/>
      <inflClass tag="st.Neut"/>
      <inflClass_gen tag="st.Neut"/>
    </tok_anno>
  </token>
  <token id="t106" trans="vn#de" type="token">
    <tok_dipl id="t106_d1" trans="vn" utf="vn"/>
    <tok_dipl id="t106_d2" trans="de" utf="de"/>
    <tok_anno ascii="vnde" id="t106_m1" trans="vn#de" utf="vnde">
      <norm tag="unde"/>
      <token_type tag="US"/>
      <lemma tag="unte"/>
      <lemma_gen tag="unte"/>
      <lemma_idmwb tag="183108000"/>
      <pos tag="KON"/>
      <pos_gen tag="KO"/>
      <infl tag="--"/>
      <inflClass tag="--"/>
      <inflClass_gen tag="--"/>
    </tok_anno>
  </token>
  <token id="t107" trans="e....te,," type="token">
    <tok_dipl id="t107_d1" trans="e....te" utf="e....te"/>
    <tok_anno ascii="e....te" id="t107_m1" trans="e....te" utf="e....te">
      <norm tag="--"/>
      <lemma tag="[!]"/>
      <lemma_gen tag="[!]"/>
      <lemma_idmwb tag="--"/>
      <pos tag="--"/>
      <pos_gen tag="--"/>
      <infl tag="--"/>
      <inflClass tag="--"/>
      <inflClass_gen tag="--"/>
      <punc tag="S*"/>
    </tok_anno>
  </token>
  <token id="t108" trans="....en" type="token">
    <tok_dipl id="t108_d1" trans="....en" utf="....en"/>
    <tok_anno ascii="....en" id="t108_m1" trans="....en" utf="....en">
      <norm tag="--"/>
      <lemma tag="[!]"/>
      <lemma_gen tag="[!]"/>
      <lemma_idmwb tag="--"/>
      <pos tag="--"/>
      <pos_gen tag="--"/>
      <infl tag="--"/>
      <inflClass tag="--"/>
      <inflClass_gen tag="--"/>
    </tok_anno>
  </token>
  <token id="t109" trans="mvte" type="token">
    <tok_dipl id="t109_d1" trans="mvte" utf="mvte"/>
    <tok_anno ascii="mvte" id="t109_m1" trans="mvte" utf="mvte">
      <norm tag="mütte"/>
      <lemma tag="mütte"/>
      <lemma_gen tag="mütte"/>
      <lemma_idmwb tag="117699000"/>
      <pos tag="NA"/>
      <pos_gen tag="NA"/>
      <infl tag="Akk.Sg"/>
      <inflClass tag="st.Masc,Neut"/>
      <inflClass_gen tag="st.Masc,Neut"/>
    </tok_anno>
  </token>
  <token id="t110" trans="..." type="token">
    <tok_dipl id="t110_d1" trans="..." utf="..."/>
    <tok_anno ascii="..." id="t110_m1" trans="..." utf="...">
      <norm tag="--"/>
      <lemma tag="[!]"/>
      <lemma_gen tag="[!]"/>
      <lemma_idmwb tag="--"/>
      <pos tag="--"/>
      <pos_gen tag="--"/>
      <infl tag="--"/>
      <inflClass tag="--"/>
      <inflClass_gen tag="--"/>
    </tok_anno>
  </token>
  <token id="t111" trans="vnt" type="token">
    <tok_dipl id="t111_d1" trans="vnt" utf="vnt"/>
    <tok_anno ascii="vnt" id="t111_m1" trans="vnt" utf="vnt">
      <norm tag="und"/>
      <lemma tag="unte"/>
      <lemma_gen tag="unte"/>
      <lemma_idmwb tag="183108000"/>
      <pos tag="KON"/>
      <pos_gen tag="KO"/>
      <infl tag="--"/>
      <inflClass tag="--"/>
      <inflClass_gen tag="--"/>
    </tok_anno>
  </token>
  <token id="t112" trans="drizech" type="token">
    <tok_dipl id="t112_d1" trans="drizech" utf="drizech"/>
    <tok_anno ascii="drizech" id="t112_m1" trans="drizech" utf="drizech">
      <norm tag="drîzic"/>
      <lemma tag="drî-zig"/>
      <lemma_gen tag="drî-zig"/>
      <lemma_idmwb tag="32388000"/>
      <pos tag="CARDS"/>
      <pos_gen tag="CARD"/>
      <infl tag="*.Akk.Pl.0"/>
      <inflClass tag="--"/>
      <inflClass_gen tag="--"/>
    </tok_anno>
  </token>
  <token id="t113" trans="rogen," type="token">
    <tok_dipl id="t113_d1" trans="rogen" utf="rogen"/>
    <tok_anno ascii="rogen" id="t113_m1" trans="rogen" utf="rogen">
      <norm tag="roggen"/>
      <lemma tag="rogge"/>
      <lemma_gen tag="rogge"/>
      <lemma_idmwb tag="136059000"/>
      <pos tag="NA"/>
      <pos_gen tag="NA"/>
      <infl tag="Gen.Sg"/>
      <inflClass tag="wk.Masc"/>
      <inflClass_gen tag="wk.Masc"/>
      <punc tag="N*"/>
    </tok_anno>
  </token>
  <token id="t114" trans="einlif" type="token">
    <tok_dipl id="t114_d1" trans="einlif" utf="einlif"/>
    <tok_anno ascii="einlif" id="t114_m1" trans="einlif" utf="einlif">
      <norm tag="einlift"/>
      <lemma tag="èi(n)-l(i)ft"/>
      <lemma_gen tag="èi(n)-l(i)ft"/>
      <lemma_idmwb tag="36183000"/>
      <pos tag="ADJS"/>
      <pos_gen tag="ADJ"/>
      <infl tag="Pos.*.Akk.Pl.0"/>
      <inflClass tag="--"/>
      <inflClass_gen tag="--"/>
    </tok_anno>
  </token>
  <token id="t115" trans="gerze" type="token">
    <tok_dipl id="t115_d1" trans="gerze" utf="gerze"/>
    <tok_anno ascii="gerze" id="t115_m1" trans="gerze" utf="gerze">
      <norm tag="gerste"/>
      <lemma tag="gërste"/>
      <lemma_gen tag="gërste"/>
      <lemma_idmwb tag="55218000"/>
      <pos tag="NA"/>
      <pos_gen tag="NA"/>
      <infl tag="Gen.Sg"/>
      <inflClass tag="st.Fem"/>
      <inflClass_gen tag="*.Fem"/>
    </tok_anno>
  </token>
  <token id="t116" trans="weiz#e$" type="token">
    <tok_dipl id="t116_d1" trans="weiz" utf="weiz"/>
    <tok_dipl id="t116_d2" trans="e$" utf="eſ"/>
    <tok_anno ascii="weizes" id="t116_m1" trans="weiz#e$" utf="weizeſ">
      <norm tag="wîz"/>
      <token_type tag="US"/>
      <lemma tag="wîz"/>
      <lemma_gen tag="wîz"/>
      <lemma_idmwb tag="232389000"/>
      <pos tag="ADJN"/>
      <pos_gen tag="ADJ"/>
      <infl tag="Pos.Fem.Gen.Sg.0"/>
      <inflClass tag="--"/>
      <inflClass_gen tag="--"/>
    </tok_anno>
  </token>
  <token id="t117" trans="vnde" type="token">
    <tok_dipl id="t117_d1" trans="vnde" utf="vnde"/>
    <tok_anno ascii="vnde" id="t117_m1" trans="vnde" utf="vnde">
      <norm tag="unde"/>
      <lemma tag="unte"/>
      <lemma_gen tag="unte"/>
      <lemma_idmwb tag="183108000"/>
      <pos tag="KON"/>
      <pos_gen tag="KO"/>
      <infl tag="--"/>
      <inflClass tag="--"/>
      <inflClass_gen tag="--"/>
    </tok_anno>
  </token>
  <token id="t118" trans="fvmzehen" type="token">
    <tok_dipl id="t118_d1" trans="fvmzehen" utf="fvmzehen"/>
    <tok_anno ascii="fvmzehen" id="t118_m1" trans="fvmzehen" utf="fvmzehen">
      <norm tag="vünvzehen"/>
      <lemma tag="vünv-zëhen"/>
      <lemma_gen tag="vünv-zëhen"/>
      <lemma_idmwb tag="217986000"/>
      <pos tag="CARDS"/>
      <pos_gen tag="CARD"/>
      <infl tag="*.Akk.Pl.0"/>
      <inflClass tag="--"/>
      <inflClass_gen tag="--"/>
    </tok_anno>
  </token>
  <token id="t119" trans="..." type="token">
    <tok_dipl id="t119_d1" trans="..." utf="..."/>
    <tok_anno ascii="..." id="t119_m1" trans="..." utf="...">
      <norm tag="--"/>
      <lemma tag="[!]"/>
      <lemma_gen tag="[!]"/>
      <lemma_idmwb tag="--"/>
      <pos tag="--"/>
      <pos_gen tag="--"/>
      <infl tag="--"/>
      <inflClass tag="--"/>
      <inflClass_gen tag="--"/>
    </tok_anno>
  </token>
  <token id="t120" trans="..." type="token">
    <tok_dipl id="t120_d1" trans="..." utf="..."/>
    <tok_anno ascii="..." id="t120_m1" trans="..." utf="...">
      <norm tag="--"/>
      <lemma tag="[!]"/>
      <lemma_gen tag="[!]"/>
      <lemma_idmwb tag="--"/>
      <pos tag="--"/>
      <pos_gen tag="--"/>
      <infl tag="--"/>
      <inflClass tag="--"/>
      <inflClass_gen tag="--"/>
    </tok_anno>
  </token>
  <token id="t121" trans="fv\omzehench." type="token">
    <tok_dipl id="t121_d1" trans="fv\omzehench." utf="fvͦmzehench."/>
    <tok_anno ascii="fvomzehench." id="t121_m1" trans="fv\omzehench." utf="fvͦmzehench.">
      <norm tag="vünvzehen"/>
      <lemma tag="vünv-zëhen"/>
      <lemma_gen tag="vünv-zëhen"/>
      <lemma_idmwb tag="217986000"/>
      <pos tag="CARDS"/>
      <pos_gen tag="CARD"/>
      <infl tag="*.Akk.Pl.0"/>
      <inflClass tag="--"/>
      <inflClass_gen tag="--"/>
    </tok_anno>
  </token>
  <token id="t122" trans="gerze" type="token">
    <tok_dipl id="t122_d1" trans="gerze" utf="gerze"/>
    <tok_anno ascii="gerze" id="t122_m1" trans="gerze" utf="gerze">
      <norm tag="gerste"/>
      <lemma tag="gërste"/>
      <lemma_gen tag="gërste"/>
      <lemma_idmwb tag="55218000"/>
      <pos tag="NA"/>
      <pos_gen tag="NA"/>
      <infl tag="Gen.Sg"/>
      <inflClass tag="st.Fem"/>
      <inflClass_gen tag="*.Fem"/>
    </tok_anno>
  </token>
  <comment type="K">/%.[!]</comment>
  <token id="t123" trans="habere" type="token">
    <tok_dipl id="t123_d1" trans="habere" utf="habere"/>
    <tok_anno ascii="habere" id="t123_m1" trans="habere" utf="habere">
      <norm tag="habere"/>
      <lemma tag="haber(e)"/>
      <lemma_gen tag="haber(e)"/>
      <lemma_idmwb tag="66924000"/>
      <pos tag="NA"/>
      <pos_gen tag="NA"/>
      <infl tag="Akk.Sg"/>
      <inflClass tag="st.Masc"/>
      <inflClass_gen tag="st.Masc"/>
    </tok_anno>
  </token>
  <comment type="K">/^[?]</comment>
  <token id="t124" trans="vnd" type="token">
    <tok_dipl id="t124_d1" trans="vnd" utf="vnd"/>
    <tok_anno ascii="vnd" id="t124_m1" trans="vnd" utf="vnd">
      <norm tag="und"/>
      <lemma tag="unte"/>
      <lemma_gen tag="unte"/>
      <lemma_idmwb tag="183108000"/>
      <pos tag="KON"/>
      <pos_gen tag="KO"/>
      <infl tag="--"/>
      <inflClass tag="--"/>
      <inflClass_gen tag="--"/>
    </tok_anno>
  </token>
  <token id="t125" trans="ein" type="token">
    <tok_dipl id="t125_d1" trans="ein" utf="ein"/>
    <tok_anno ascii="ein" id="t125_m1" trans="ein" utf="ein">
      <norm tag="ein"/>
      <lemma tag="èin"/>
      <lemma_gen tag="èin"/>
      <lemma_idmwb tag="35925000"/>
      <pos tag="DIART"/>
      <pos_gen tag="DD"/>
      <infl tag="*.*.*.0"/>
      <inflClass tag="--"/>
      <inflClass_gen tag="--"/>
    </tok_anno>
  </token>
  <token id="t126" trans="h.." type="token">
    <tok_dipl id="t126_d1" trans="h.." utf="h.."/>
    <tok_anno ascii="h.." id="t126_m1" trans="h.." utf="h..">
      <norm tag="--"/>
      <lemma tag="[!]"/>
      <lemma_gen tag="[!]"/>
      <lemma_idmwb tag="--"/>
      <pos tag="--"/>
      <pos_gen tag="--"/>
      <infl tag="--"/>
      <inflClass tag="--"/>
      <inflClass_gen tag="--"/>
    </tok_anno>
  </token>
  <token id="t127" trans="behv\ont" type="token">
    <tok_dipl id="t127_d1" trans="behv\ont" utf="behvͦnt"/>
    <tok_anno ascii="behvont" id="t127_m1" trans="behv\ont" utf="behvͦnt">
      <norm tag="--"/>
      <lemma tag="[?]"/>
      <lemma_gen tag="[?]"/>
      <lemma_idmwb tag="???"/>
      <pos tag="--"/>
      <pos_gen tag="--"/>
      <infl tag="--"/>
      <inflClass tag="--"/>
      <inflClass_gen tag="--"/>
    </tok_anno>
  </token>
  <token id="t128" trans="an" type="token">
    <tok_dipl id="t128_d1" trans="an" utf="an"/>
    <tok_anno ascii="an" id="t128_m1" trans="an" utf="an">
      <norm tag="an"/>
      <lemma tag="ane"/>
      <lemma_gen tag="ane"/>
      <lemma_idmwb tag="5691000"/>
      <pos tag="APPR"/>
      <pos_gen tag="AP"/>
      <infl tag="--"/>
      <inflClass tag="--"/>
      <inflClass_gen tag="--"/>
    </tok_anno>
  </token>
  <token id="t129" trans="zw..." type="token">
    <tok_dipl id="t129_d1" trans="zw..." utf="zw..."/>
    <tok_anno ascii="zw..." id="t129_m1" trans="zw..." utf="zw...">
      <norm tag="--"/>
      <lemma tag="[!]"/>
      <lemma_gen tag="[!]"/>
      <lemma_idmwb tag="--"/>
      <pos tag="--"/>
      <pos_gen tag="--"/>
      <infl tag="--"/>
      <inflClass tag="--"/>
      <inflClass_gen tag="--"/>
    </tok_anno>
  </token>
  <token id="t130" trans="an" type="token">
    <tok_dipl id="t130_d1" trans="an" utf="an"/>
    <tok_anno ascii="an" id="t130_m1" trans="an" utf="an">
      <norm tag="an"/>
      <lemma tag="ane"/>
      <lemma_gen tag="ane"/>
      <lemma_idmwb tag="5691000"/>
      <pos tag="AVD"/>
      <pos_gen tag="AVD"/>
      <infl tag="--"/>
      <inflClass tag="--"/>
      <inflClass_gen tag="--"/>
    </tok_anno>
  </token>
  <token id="t131" trans="ezechenden(.)" type="token">
    <tok_dipl id="t131_d1" trans="ezechenden" utf="ezechenden"/>
    <tok_anno ascii="ezechenden" id="t131_m1" trans="ezechenden" utf="ezechenden">
      <norm tag="--"/>
      <lemma tag="[?]"/>
      <lemma_gen tag="[?]"/>
      <lemma_idmwb tag="???"/>
      <pos tag="--"/>
      <pos_gen tag="--"/>
      <infl tag="--"/>
      <inflClass tag="--"/>
      <inflClass_gen tag="--"/>
      <punc tag="DE"/>
    </tok_anno>
  </token>
  <token id="t132" trans=".." type="token">
    <tok_dipl id="t132_d1" trans=".." utf=".."/>
    <tok_anno ascii=".." id="t132_m1" trans=".." utf="..">
      <norm tag="--"/>
      <lemma tag="[!]"/>
      <lemma_gen tag="[!]"/>
      <lemma_idmwb tag="--"/>
      <pos tag="--"/>
      <pos_gen tag="--"/>
      <infl tag="--"/>
      <inflClass tag="--"/>
      <inflClass_gen tag="--"/>
    </tok_anno>
  </token>
  <token id="t133" trans="..." type="token">
    <tok_dipl id="t133_d1" trans="..." utf="..."/>
    <tok_anno ascii="..." id="t133_m1" trans="..." utf="...">
      <norm tag="--"/>
      <lemma tag="[!]"/>
      <lemma_gen tag="[!]"/>
      <lemma_idmwb tag="--"/>
      <pos tag="--"/>
      <pos_gen tag="--"/>
      <infl tag="--"/>
      <inflClass tag="--"/>
      <inflClass_gen tag="--"/>
    </tok_anno>
  </token>
  <token id="t134" trans=".e" type="token">
    <tok_dipl id="t134_d1" trans=".e" utf=".e"/>
    <tok_anno ascii=".e" id="t134_m1" trans=".e" utf=".e">
      <norm tag="--"/>
      <lemma tag="[!]"/>
      <lemma_gen tag="êr"/>
      <lemma_idmwb tag="40383000"/>
      <pos tag="AVD-KO*"/>
      <pos_gen tag="AVD-KO"/>
      <infl tag="--"/>
      <inflClass tag="--"/>
      <inflClass_gen tag="--"/>
    </tok_anno>
  </token>
  <token id="t135" trans="rebvner" type="token">
    <tok_dipl id="t135_d1" trans="rebvner" utf="rebvner"/>
    <tok_anno ascii="rebvner" id="t135_m1" trans="rebvner" utf="rebvner">
      <norm tag="rephüener"/>
      <lemma tag="rëb-huon"/>
      <lemma_gen tag="rëb-huon"/>
      <lemma_idmwb tag="133944000"/>
      <pos tag="NA"/>
      <pos_gen tag="NA"/>
      <infl tag="Akk.Pl"/>
      <inflClass tag="st.Neut"/>
      <inflClass_gen tag="st.Neut"/>
    </tok_anno>
  </token>
  <token id="t136" trans="vn" type="token">
    <tok_dipl id="t136_d1" trans="vn" utf="vn"/>
    <tok_anno ascii="vn" id="t136_m1" trans="vn" utf="vn">
      <norm tag="und"/>
      <lemma tag="unte"/>
      <lemma_gen tag="unte"/>
      <lemma_idmwb tag="183108000"/>
      <pos tag="KON"/>
      <pos_gen tag="KO"/>
      <infl tag="--"/>
      <inflClass tag="--"/>
      <inflClass_gen tag="--"/>
    </tok_anno>
  </token>
  <token id="t137" trans="..." type="token">
    <tok_dipl id="t137_d1" trans="..." utf="..."/>
    <tok_anno ascii="..." id="t137_m1" trans="..." utf="...">
      <norm tag="--"/>
      <lemma tag="[!]"/>
      <lemma_gen tag="[!]"/>
      <lemma_idmwb tag="--"/>
      <pos tag="--"/>
      <pos_gen tag="--"/>
      <infl tag="--"/>
      <inflClass tag="--"/>
      <inflClass_gen tag="--"/>
    </tok_anno>
  </token>
  <token id="t138" trans=".enze||henlin" type="token">
    <tok_dipl id="t138_d1" trans=".enzehenlin" utf=".enzehenlin"/>
    <tok_anno ascii=".enze" id="t138_m1" trans=".enze|" utf=".enze">
      <norm tag="ganze"/>
      <token_type tag="MS1"/>
      <lemma tag="ganz[?]"/>
      <lemma_gen tag="ganz"/>
      <lemma_idmwb tag="46917000"/>
      <pos tag="ADJA"/>
      <pos_gen tag="ADJ"/>
      <infl tag="Pos.*.Akk.Pl.st"/>
      <inflClass tag="--"/>
      <inflClass_gen tag="--"/>
    </tok_anno>
    <tok_anno ascii="henlin" id="t138_m2" trans="|henlin" utf="henlin">
      <norm tag="heneln"/>
      <token_type tag="MS2"/>
      <lemma tag="hènel"/>
      <lemma_gen tag="hènel"/>
      <lemma_idmwb tag="71796000"/>
      <pos tag="NA"/>
      <pos_gen tag="NA"/>
      <infl tag="Akk.Pl"/>
      <inflClass tag="st.Neut"/>
      <inflClass_gen tag="st.Neut"/>
    </tok_anno>
  </token>
  <token id="t139" trans="..." type="token">
    <tok_dipl id="t139_d1" trans="..." utf="..."/>
    <tok_anno ascii="..." id="t139_m1" trans="..." utf="...">
      <norm tag="--"/>
      <lemma tag="[!]"/>
      <lemma_gen tag="[!]"/>
      <lemma_idmwb tag="--"/>
      <pos tag="--"/>
      <pos_gen tag="--"/>
      <infl tag="--"/>
      <inflClass tag="--"/>
      <inflClass_gen tag="--"/>
    </tok_anno>
  </token>
  <token id="t140" trans="..." type="token">
    <tok_dipl id="t140_d1" trans="..." utf="..."/>
    <tok_anno ascii="..." id="t140_m1" trans="..." utf="...">
      <norm tag="--"/>
      <lemma tag="[!]"/>
      <lemma_gen tag="[!]"/>
      <lemma_idmwb tag="--"/>
      <pos tag="--"/>
      <pos_gen tag="--"/>
      <infl tag="--"/>
      <inflClass tag="--"/>
      <inflClass_gen tag="--"/>
    </tok_anno>
  </token>
  <token id="t141" trans=".n" type="token">
    <tok_dipl id="t141_d1" trans=".n" utf=".n"/>
    <tok_anno ascii=".n" id="t141_m1" trans=".n" utf=".n">
      <norm tag="--"/>
      <lemma tag="[!]"/>
      <lemma_gen tag="ne"/>
      <lemma_idmwb tag="119841000"/>
      <pos tag="PTKNEG"/>
      <pos_gen tag="PTK"/>
      <infl tag="[]"/>
      <inflClass tag="--"/>
      <inflClass_gen tag="--"/>
    </tok_anno>
  </token>
  <token id="t142" trans="e$t" type="token">
    <tok_dipl id="t142_d1" trans="e$t" utf="eſt"/>
    <tok_anno ascii="est" id="t142_m1" trans="e$t" utf="eſt">
      <norm tag="--"/>
      <lemma tag="[!]"/>
      <lemma_gen tag="èsten"/>
      <lemma_idmwb tag="45582000"/>
      <pos tag="NA"/>
      <pos_gen tag="NA"/>
      <infl tag="--"/>
      <inflClass tag="st.Neut"/>
      <inflClass_gen tag="st.Neut"/>
    </tok_anno>
  </token>
  <token id="t143" trans="..." type="token">
    <tok_dipl id="t143_d1" trans="..." utf="..."/>
    <tok_anno ascii="..." id="t143_m1" trans="..." utf="...">
      <norm tag="--"/>
      <lemma tag="[!]"/>
      <lemma_gen tag="[!]"/>
      <lemma_idmwb tag="--"/>
      <pos tag="--"/>
      <pos_gen tag="--"/>
      <infl tag="--"/>
      <inflClass tag="--"/>
      <inflClass_gen tag="--"/>
    </tok_anno>
  </token>
  <token id="t144" trans=".wer" type="token">
    <tok_dipl id="t144_d1" trans=".wer" utf=".wer"/>
    <tok_anno ascii=".wer" id="t144_m1" trans=".wer" utf=".wer">
      <norm tag="--"/>
      <lemma tag="[!]"/>
      <lemma_gen tag="wër"/>
      <lemma_idmwb tag="224919000"/>
      <pos tag="PW"/>
      <pos_gen tag="PW"/>
      <infl tag="*..st"/>
      <inflClass tag="--"/>
      <inflClass_gen tag="--"/>
    </tok_anno>
  </token>
  <token id="t145" trans="di" type="token">
    <tok_dipl id="t145_d1" trans="di" utf="di"/>
    <tok_anno ascii="di" id="t145_m1" trans="di" utf="di">
      <norm tag="di"/>
      <lemma tag="dër"/>
      <lemma_gen tag="dër"/>
      <lemma_idmwb tag="29823000"/>
      <pos tag="DDS"/>
      <pos_gen tag="DD"/>
      <infl tag="Fem.Akk.Sg"/>
      <inflClass tag="--"/>
      <inflClass_gen tag="--"/>
    </tok_anno>
  </token>
  <token id="t146" trans="...unge" type="token">
    <tok_dipl id="t146_d1" trans="...unge" utf="...unge"/>
    <tok_anno ascii="...unge" id="t146_m1" trans="...unge" utf="...unge">
      <norm tag="--"/>
      <lemma tag="[!]"/>
      <lemma_gen tag="[!]"/>
      <lemma_idmwb tag="--"/>
      <pos tag="--"/>
      <pos_gen tag="--"/>
      <infl tag="--"/>
      <inflClass tag="--"/>
      <inflClass_gen tag="--"/>
    </tok_anno>
  </token>
  <token id="t147" trans="$ol" type="token">
    <tok_dipl id="t147_d1" trans="$ol" utf="ſol"/>
    <tok_anno ascii="sol" id="t147_m1" trans="$ol" utf="ſol">
      <norm tag="sol"/>
      <lemma tag="sol(e)n"/>
      <lemma_gen tag="sol(e)n"/>
      <lemma_idmwb tag="154377000"/>
      <pos tag="VMFIN"/>
      <pos_gen tag="VM"/>
      <infl tag="Ind.Pres.Sg.3"/>
      <inflClass tag="prpr"/>
      <inflClass_gen tag="prpr"/>
    </tok_anno>
  </token>
  <token id="t148" trans="....vn" type="token">
    <tok_dipl id="t148_d1" trans="....vn" utf="....vn"/>
    <tok_anno ascii="....vn" id="t148_m1" trans="....vn" utf="....vn">
      <norm tag="--"/>
      <lemma tag="[!]"/>
      <lemma_gen tag="[!]"/>
      <lemma_idmwb tag="--"/>
      <pos tag="--"/>
      <pos_gen tag="--"/>
      <infl tag="--"/>
      <inflClass tag="--"/>
      <inflClass_gen tag="--"/>
    </tok_anno>
  </token>
  <token id="t149" trans="er" type="token">
    <tok_dipl id="t149_d1" trans="er" utf="er"/>
    <tok_anno ascii="er" id="t149_m1" trans="er" utf="er">
      <norm tag="er"/>
      <lemma tag="ër"/>
      <lemma_gen tag="ër"/>
      <lemma_idmwb tag="40380000"/>
      <pos tag="PPER"/>
      <pos_gen tag="PPER"/>
      <infl tag="Masc.Nom.Sg.3"/>
      <inflClass tag="--"/>
      <inflClass_gen tag="--"/>
    </tok_anno>
  </token>
  <token id="t150" trans="vnd_e" type="token">
    <tok_dipl id="t150_d1" trans="vnd_e" utf="vndᵉ"/>
    <tok_anno ascii="vnde" id="t150_m1" trans="vnd_e" utf="vndᵉ">
      <norm tag="unde"/>
      <lemma tag="unte"/>
      <lemma_gen tag="unte"/>
      <lemma_idmwb tag="183108000"/>
      <pos tag="KON"/>
      <pos_gen tag="KO"/>
      <infl tag="--"/>
      <inflClass tag="--"/>
      <inflClass_gen tag="--"/>
    </tok_anno>
  </token>
  <token id="t151" trans="....h" type="token">
    <tok_dipl id="t151_d1" trans="....h" utf="....h"/>
    <tok_anno ascii="....h" id="t151_m1" trans="....h" utf="....h">
      <norm tag="--"/>
      <lemma tag="[!]"/>
      <lemma_gen tag="[!]"/>
      <lemma_idmwb tag="--"/>
      <pos tag="--"/>
      <pos_gen tag="--"/>
      <infl tag="--"/>
      <inflClass tag="--"/>
      <inflClass_gen tag="--"/>
    </tok_anno>
  </token>
  <token id="t152" trans="lv\odolf" type="token">
    <tok_dipl id="t152_d1" trans="lv\odolf" utf="lvͦdolf"/>
    <tok_anno ascii="lvodolf" id="t152_m1" trans="lv\odolf" utf="lvͦdolf">
      <norm tag="Ludolf"/>
      <lemma tag="Ludolf"/>
      <lemma_gen tag="Ludolf"/>
      <lemma_idmwb tag="--"/>
      <pos tag="NE"/>
      <pos_gen tag="NE"/>
      <infl tag="Nom.Sg"/>
      <inflClass tag="--"/>
      <inflClass_gen tag="--"/>
    </tok_anno>
  </token>
  <token id="t153" trans="...nd" type="token">
    <tok_dipl id="t153_d1" trans="...nd" utf="...nd"/>
    <tok_anno ascii="...nd" id="t153_m1" trans="...nd" utf="...nd">
      <norm tag="--"/>
      <lemma tag="[!]"/>
      <lemma_gen tag="[!]"/>
      <lemma_idmwb tag="--"/>
      <pos tag="--"/>
      <pos_gen tag="--"/>
      <infl tag="--"/>
      <inflClass tag="--"/>
      <inflClass_gen tag="--"/>
    </tok_anno>
  </token>
  <token id="t154" trans="...eh" type="token">
    <tok_dipl id="t154_d1" trans="...eh" utf="...eh"/>
    <tok_anno ascii="...eh" id="t154_m1" trans="...eh" utf="...eh">
      <norm tag="--"/>
      <lemma tag="[!]"/>
      <lemma_gen tag="[!]"/>
      <lemma_idmwb tag="--"/>
      <pos tag="--"/>
      <pos_gen tag="--"/>
      <infl tag="--"/>
      <inflClass tag="--"/>
      <inflClass_gen tag="--"/>
    </tok_anno>
  </token>
  <token id="t155" trans="gv\ot" type="token">
    <tok_dipl id="t155_d1" trans="gv\ot" utf="gvͦt"/>
    <tok_anno ascii="gvot" id="t155_m1" trans="gv\ot" utf="gvͦt">
      <norm tag="guot"/>
      <lemma tag="guot"/>
      <lemma_gen tag="guot"/>
      <lemma_idmwb tag="66528000"/>
      <pos tag="ADJD"/>
      <pos_gen tag="ADJ"/>
      <infl tag="Pos....0"/>
      <inflClass tag="--"/>
      <inflClass_gen tag="--"/>
    </tok_anno>
  </token>
  <token id="t156" trans="man" type="token">
    <tok_dipl id="t156_d1" trans="man" utf="man"/>
    <tok_anno ascii="man" id="t156_m1" trans="man" utf="man">
      <norm tag="man"/>
      <lemma tag="mann"/>
      <lemma_gen tag="mann"/>
      <lemma_idmwb tag="107373000"/>
      <pos tag="NA"/>
      <pos_gen tag="NA"/>
      <infl tag="Akk.Sg"/>
      <inflClass tag="st.Masc"/>
      <inflClass_gen tag="st.Masc"/>
    </tok_anno>
  </token>
  <token id="t157" trans="...d" type="token">
    <tok_dipl id="t157_d1" trans="...d" utf="...d"/>
    <tok_anno ascii="...d" id="t157_m1" trans="...d" utf="...d">
      <norm tag="--"/>
      <lemma tag="[!]"/>
      <lemma_gen tag="[!]"/>
      <lemma_idmwb tag="--"/>
      <pos tag="--"/>
      <pos_gen tag="--"/>
      <infl tag="--"/>
      <inflClass tag="--"/>
      <inflClass_gen tag="--"/>
    </tok_anno>
  </token>
  <token id="t158" trans="zweinzeh.." type="token">
    <tok_dipl id="t158_d1" trans="zweinzeh.." utf="zweinzeh.."/>
    <tok_anno ascii="zweinzeh.." id="t158_m1" trans="zweinzeh.." utf="zweinzeh..">
      <norm tag="zweinzic"/>
      <lemma tag="zwèin-zig"/>
      <lemma_gen tag="zwèin-zig"/>
      <lemma_idmwb tag="242514000"/>
      <pos tag="CARDA"/>
      <pos_gen tag="CARD"/>
      <infl tag="*.*.*.0"/>
      <inflClass tag="--"/>
      <inflClass_gen tag="--"/>
    </tok_anno>
  </token>
  <token id="t159" trans="..." type="token">
    <tok_dipl id="t159_d1" trans="..." utf="..."/>
    <tok_anno ascii="..." id="t159_m1" trans="..." utf="...">
      <norm tag="--"/>
      <lemma tag="[!]"/>
      <lemma_gen tag="[!]"/>
      <lemma_idmwb tag="--"/>
      <pos tag="--"/>
      <pos_gen tag="--"/>
      <infl tag="--"/>
      <inflClass tag="--"/>
      <inflClass_gen tag="--"/>
    </tok_anno>
  </token>
  <token id="t160" trans="." type="punc">
    <tok_dipl id="t160_d1" trans="." utf="."/>
    <tok_anno ascii="." id="t160_m1" trans="." utf=".">
      <pos tag="$_"/>
      <pos_gen tag="$_"/>
    </tok_anno>
  </token>
  <token id="t161" trans="zwein" type="token">
    <tok_dipl id="t161_d1" trans="zwein" utf="zwein"/>
    <tok_anno ascii="zwein" id="t161_m1" trans="zwein" utf="zwein">
      <norm tag="zwein"/>
      <lemma tag="zwêne"/>
      <lemma_gen tag="zwêne"/>
      <lemma_idmwb tag="242670000"/>
      <pos tag="CARDA"/>
      <pos_gen tag="CARD"/>
      <infl tag="*.Dat.Pl.st"/>
      <inflClass tag="--"/>
      <inflClass_gen tag="--"/>
    </tok_anno>
  </token>
  <token id="t162" trans="...dit#mar" type="token">
    <tok_dipl id="t162_d1" trans="...dit" utf="...dit"/>
    <tok_dipl id="t162_d2" trans="mar" utf="mar"/>
    <tok_anno ascii="...ditmar" id="t162_m1" trans="...dit#mar" utf="...ditmar">
      <norm tag="--"/>
      <token_type tag="US"/>
      <lemma tag="[!]"/>
      <lemma_gen tag="[!]"/>
      <lemma_idmwb tag="--"/>
      <pos tag="--"/>
      <pos_gen tag="--"/>
      <infl tag="--"/>
      <inflClass tag="--"/>
      <inflClass_gen tag="--"/>
    </tok_anno>
  </token>
  <token id="t163" trans="...d.." type="token">
    <tok_dipl id="t163_d1" trans="...d.." utf="...d.."/>
    <tok_anno ascii="...d.." id="t163_m1" trans="...d.." utf="...d..">
      <norm tag="--"/>
      <lemma tag="[!]"/>
      <lemma_gen tag="[!]"/>
      <lemma_idmwb tag="--"/>
      <pos tag="--"/>
      <pos_gen tag="--"/>
      <infl tag="--"/>
      <inflClass tag="--"/>
      <inflClass_gen tag="--"/>
    </tok_anno>
  </token>
  <token id="t164" trans="..e" type="token">
    <tok_dipl id="t164_d1" trans="..e" utf="..e"/>
    <tok_anno ascii="..e" id="t164_m1" trans="..e" utf="..e">
      <norm tag="--"/>
      <lemma tag="[!]"/>
      <lemma_gen tag="êr"/>
      <lemma_idmwb tag="40383000"/>
      <pos tag="AVD-KO*"/>
      <pos_gen tag="AVD-KO"/>
      <infl tag="--"/>
      <inflClass tag="--"/>
      <inflClass_gen tag="--"/>
    </tok_anno>
  </token>
  <token id="t165" trans="we" type="token">
    <tok_dipl id="t165_d1" trans="we" utf="we"/>
    <tok_anno ascii="we" id="t165_m1" trans="we" utf="we">
      <norm tag="--"/>
      <lemma tag="[!]"/>
      <lemma_gen tag="wê"/>
      <lemma_idmwb tag="223266000"/>
      <pos tag="AVD"/>
      <pos_gen tag="AVD"/>
      <infl tag="--"/>
      <inflClass tag="--"/>
      <inflClass_gen tag="--"/>
    </tok_anno>
  </token>
  <token id="t166" trans="..." type="token">
    <tok_dipl id="t166_d1" trans="..." utf="..."/>
    <tok_anno ascii="..." id="t166_m1" trans="..." utf="...">
      <norm tag="--"/>
      <lemma tag="[!]"/>
      <lemma_gen tag="[!]"/>
      <lemma_idmwb tag="--"/>
      <pos tag="--"/>
      <pos_gen tag="--"/>
      <infl tag="--"/>
      <inflClass tag="--"/>
      <inflClass_gen tag="--"/>
    </tok_anno>
  </token>
  <token id="t167" trans="henne" type="token">
    <tok_dipl id="t167_d1" trans="henne" utf="henne"/>
    <tok_anno ascii="henne" id="t167_m1" trans="henne" utf="henne">
      <norm tag="henne"/>
      <lemma tag="hènne"/>
      <lemma_gen tag="hènne"/>
      <lemma_idmwb tag="71883000"/>
      <pos tag="NA"/>
      <pos_gen tag="NA"/>
      <infl tag="Akk.Sg"/>
      <inflClass tag="st.Fem"/>
      <inflClass_gen tag="*.Fem"/>
    </tok_anno>
  </token>
  <token id="t168" trans="den" type="token">
    <tok_dipl id="t168_d1" trans="den" utf="den"/>
    <tok_anno ascii="den" id="t168_m1" trans="den" utf="den">
      <norm tag="den"/>
      <lemma tag="dër"/>
      <lemma_gen tag="dër"/>
      <lemma_idmwb tag="29817000"/>
      <pos tag="DDART"/>
      <pos_gen tag="DD"/>
      <infl tag="Masc.Akk.Sg"/>
      <inflClass tag="--"/>
      <inflClass_gen tag="--"/>
    </tok_anno>
  </token>
  <token id="t169" trans="....er" type="token">
    <tok_dipl id="t169_d1" trans="....er" utf="....er"/>
    <tok_anno ascii="....er" id="t169_m1" trans="....er" utf="....er">
      <norm tag="--"/>
      <lemma tag="[!]"/>
      <lemma_gen tag="[!]"/>
      <lemma_idmwb tag="--"/>
      <pos tag="--"/>
      <pos_gen tag="--"/>
      <infl tag="--"/>
      <inflClass tag="--"/>
      <inflClass_gen tag="--"/>
    </tok_anno>
  </token>
  <token id="t170" trans="gare" type="token">
    <tok_dipl id="t170_d1" trans="gare" utf="gare"/>
    <tok_anno ascii="gare" id="t170_m1" trans="gare" utf="gare">
      <norm tag="gare"/>
      <lemma tag="gar(e)"/>
      <lemma_gen tag="gar(e)"/>
      <lemma_idmwb tag="46959000"/>
      <pos tag="AVD"/>
      <pos_gen tag="AVD"/>
      <infl tag="--"/>
      <inflClass tag="--"/>
      <inflClass_gen tag="--"/>
    </tok_anno>
  </token>
  <token id="t171" trans="..." type="token">
    <tok_dipl id="t171_d1" trans="..." utf="..."/>
    <tok_anno ascii="..." id="t171_m1" trans="..." utf="...">
      <norm tag="--"/>
      <lemma tag="[!]"/>
      <lemma_gen tag="[!]"/>
      <lemma_idmwb tag="--"/>
      <pos tag="--"/>
      <pos_gen tag="--"/>
      <infl tag="--"/>
      <inflClass tag="--"/>
      <inflClass_gen tag="--"/>
    </tok_anno>
  </token>
  <token id="t172" trans="daz" type="token">
    <tok_dipl id="t172_d1" trans="daz" utf="daz"/>
    <tok_anno ascii="daz" id="t172_m1" trans="daz" utf="daz">
      <norm tag="daz"/>
      <lemma tag="dër"/>
      <lemma_gen tag="dër"/>
      <lemma_idmwb tag="29823000"/>
      <pos tag="DDS"/>
      <pos_gen tag="DD"/>
      <infl tag="Neut.Akk.Sg"/>
      <inflClass tag="--"/>
      <inflClass_gen tag="--"/>
    </tok_anno>
  </token>
  <token id="t173" trans="..." type="token">
    <tok_dipl id="t173_d1" trans="..." utf="..."/>
    <tok_anno ascii="..." id="t173_m1" trans="..." utf="...">
      <norm tag="--"/>
      <lemma tag="[!]"/>
      <lemma_gen tag="[!]"/>
      <lemma_idmwb tag="--"/>
      <pos tag="--"/>
      <pos_gen tag="--"/>
      <infl tag="--"/>
      <inflClass tag="--"/>
      <inflClass_gen tag="--"/>
    </tok_anno>
  </token>
</text>
