<?xml version='1.0' encoding='UTF-8'?>
<!DOCTYPE text SYSTEM "cora-xml.dtd">
<text id="M129">
  <header>
    <text>Leis Troyes 2</text>
    <abbr_ddd>LeisTroyes2</abbr_ddd>
    <abbr_mwb>-</abbr_mwb>
    <topic>Religion</topic>
    <text-type>Kirchenlied</text-type>
    <genre>P</genre>
    <reference>Hs.: Seite, Kolummne (a/b), Zeile</reference>
    <reference-secondary>-</reference-secondary>
    <library>Troyes, Stadtbibliothek</library>
    <library-shelfmark>Ms. 663</library-shelfmark>
    <online>http://www.handschriftencensus.de/18908</online>
    <medium>Handschrift</medium>
    <extent>112v-115r (112va,26-28; 113va,26; 114vb,19-20)</extent>
    <extract>-</extract>
    <language>mhd</language>
    <language-type>oberdeutsch</language-type>
    <language-region>-</language-region>
    <language-area>-</language-area>
    <place>-</place>
    <time>12,2</time>
    <notes-manuscript>der Eintrag auf Bl. 112v mit Neumen</notes-manuscript>
    <date>-</date>
    <text-place>-</text-place>
    <text-author>-</text-author>
    <text-language>-</text-language>
    <text-source>-</text-source>
    <edition>Karl Müllenhoff und Wilhelm Scherer (Hg.), Denkmäler deutscher Poesie und Prosa aus dem VIII.-XII. Jahrhundert, Bd. 1: Texte, Bd. 2: Anmerkungen, 3. Auflage Berlin 1892 (Nachdruck Berlin/Zürich 1964), Bd. 1, S. 67; Bd. 2, S. 156-158. Catalogue Général des Manuscrits des Bibliothèques publiques des Départements, Tome II: Troyes, Paris 1855, S. 278-280; Georg Hüffer, Der heilige Bernard von Clairvaux. Eine Darstellung seines Lebens und Wirkens, Bd. 1: Vorstudien, Münster 1886, bes. S. 74-81, 99, 101 und 112; MSD Nr. 29</edition>
    <corpus>ReM I</corpus>
    <notes-transcription>-</notes-transcription>
    <notes-annotation>-</notes-annotation>
    <digitization_by>Bochum</digitization_by>
    <collation_by>Bochum</collation_by>
    <pre_editing_by>Bochum</pre_editing_by>
    <annotation_by>Bochum</annotation_by>
    <proofreading_by>Bochum</proofreading_by>
  </header>
  <layoutinfo>
    <page id="p1" no="112" range="c1" side="v"/>
    <page id="p2" no="113" range="c2" side="v"/>
    <page id="p3" no="114" range="c3" side="v"/>
    <column count="a" id="c1" range="l1..l3"/>
    <column count="a" id="c2" range="l4"/>
    <column count="b" id="c3" range="l5"/>
    <line id="l1" name="26" range="t1_d1..t2_d1" loc="112va,26"/>
    <line id="l2" name="27" range="t3_d1..t5_d1" loc="112va,27"/>
    <line id="l3" name="28" range="t6_d1..t10_d1" loc="112va,28"/>
    <line id="l4" name="26" range="t11_d1..t13_d1" loc="113va,26"/>
    <line id="l5" name="19" range="t14_d1..t16_d1" loc="114va,19"/>
  </layoutinfo>
  <shifttags/>
  <token id="t1" trans="Cri$ti" type="token">
    <tok_dipl id="t1_d1" trans="Cri$ti" utf="Criſti"/>
    <tok_anno ascii="Cristi" id="t1_m1" trans="Cri$ti" utf="Criſti">
      <norm tag="Krist"/>
      <lemma tag="Krist"/>
      <lemma_gen tag="Krist"/>
      <lemma_idmwb tag="95598000"/>
      <pos tag="NE"/>
      <pos_gen tag="NE"/>
      <infl tag="Nom.Sg"/>
      <inflClass tag="--"/>
      <inflClass_gen tag="--"/>
    </tok_anno>
  </token>
  <token id="t2" trans="." type="punc">
    <tok_dipl id="t2_d1" trans="." utf="."/>
    <tok_anno ascii="." id="t2_m1" trans="." utf=".">
      <pos tag="$_"/>
      <pos_gen tag="$_"/>
    </tok_anno>
  </token>
  <token id="t3" trans="hun$" type="token">
    <tok_dipl id="t3_d1" trans="hun$" utf="hunſ"/>
    <tok_anno ascii="huns" id="t3_m1" trans="hun$" utf="hunſ">
      <norm tag="uns"/>
      <lemma tag="wir"/>
      <lemma_gen tag="wir"/>
      <lemma_idmwb tag="231441000"/>
      <pos tag="PPER"/>
      <pos_gen tag="PPER"/>
      <infl tag="Dat.Pl.1"/>
      <inflClass tag="--"/>
      <inflClass_gen tag="--"/>
    </tok_anno>
  </token>
  <token id="t4" trans="ge#gnade(!)" type="token">
    <tok_dipl id="t4_d1" trans="ge" utf="ge"/>
    <tok_dipl id="t4_d2" trans="gnade" utf="gnade"/>
    <tok_anno ascii="gegnade" id="t4_m1" trans="ge#gnade" utf="gegnade">
      <norm tag="gegnâde"/>
      <token_type tag="US"/>
      <lemma tag="ge-gnâden"/>
      <lemma_gen tag="ge-gnâden"/>
      <lemma_idmwb tag="???"/>
      <pos tag="VVIMP"/>
      <pos_gen tag="VV"/>
      <infl tag="Sg.2"/>
      <inflClass tag="wk"/>
      <inflClass_gen tag="wk"/>
      <punc tag="IE"/>
    </tok_anno>
  </token>
  <token id="t5" trans="kiri||oley\.on(.)" type="token">
    <tok_dipl id="t5_d1" trans="kirioley\.on" utf="kirioleẏon"/>
    <tok_anno ascii="kiri" id="t5_m1" trans="kiri|" utf="kiri">
      <norm tag="--"/>
      <token_type tag="MS1"/>
      <lemma tag="[!]"/>
      <lemma_gen tag="[!]"/>
      <lemma_idmwb tag="--"/>
      <pos tag="FM"/>
      <pos_gen tag="FM"/>
      <infl tag="--"/>
      <inflClass tag="--"/>
      <inflClass_gen tag="--"/>
    </tok_anno>
    <tok_anno ascii="oleyon" id="t5_m2" trans="|oley\.on" utf="oleẏon">
      <norm tag="--"/>
      <token_type tag="MS2"/>
      <lemma tag="[!]"/>
      <lemma_gen tag="[!]"/>
      <lemma_idmwb tag="--"/>
      <pos tag="FM"/>
      <pos_gen tag="FM"/>
      <infl tag="--"/>
      <inflClass tag="--"/>
      <inflClass_gen tag="--"/>
      <punc tag="DE"/>
    </tok_anno>
  </token>
  <token id="t6" trans="di||heligen" type="token">
    <tok_dipl id="t6_d1" trans="diheligen" utf="diheligen"/>
    <tok_anno ascii="di" id="t6_m1" trans="di|" utf="di">
      <norm tag="di"/>
      <token_type tag="MS1"/>
      <lemma tag="dër"/>
      <lemma_gen tag="dër"/>
      <lemma_idmwb tag="29817000"/>
      <pos tag="DDART"/>
      <pos_gen tag="DD"/>
      <infl tag="*.Nom.Pl"/>
      <inflClass tag="--"/>
      <inflClass_gen tag="--"/>
    </tok_anno>
    <tok_anno ascii="heligen" id="t6_m2" trans="|heligen" utf="heligen">
      <norm tag="heiligen"/>
      <token_type tag="MS2"/>
      <lemma tag="hèilig"/>
      <lemma_gen tag="hèilig"/>
      <lemma_idmwb tag="70113000"/>
      <pos tag="ADJA"/>
      <pos_gen tag="ADJ"/>
      <infl tag="Pos.*.Nom.Pl..%.st"/>
      <inflClass tag="--"/>
      <inflClass_gen tag="--"/>
    </tok_anno>
  </token>
  <token id="t7" trans="alle" type="token">
    <tok_dipl id="t7_d1" trans="alle" utf="alle"/>
    <tok_anno ascii="alle" id="t7_m1" trans="alle" utf="alle">
      <norm tag="alle"/>
      <lemma tag="all"/>
      <lemma_gen tag="all"/>
      <lemma_idmwb tag="3531000"/>
      <pos tag="DIN"/>
      <pos_gen tag="DI"/>
      <infl tag="*.Nom.Pl.st"/>
      <inflClass tag="--"/>
      <inflClass_gen tag="--"/>
    </tok_anno>
  </token>
  <token id="t8" trans="helfon" type="token">
    <tok_dipl id="t8_d1" trans="helfon" utf="helfon"/>
    <tok_anno ascii="helfon" id="t8_m1" trans="helfon" utf="helfon">
      <norm tag="helfen"/>
      <lemma tag="hëlfen"/>
      <lemma_gen tag="hëlfen"/>
      <lemma_idmwb tag="70920000"/>
      <pos tag="VVFIN"/>
      <pos_gen tag="VV"/>
      <infl tag="*.Pres.Pl.3"/>
      <inflClass tag="st3b"/>
      <inflClass_gen tag="st3b"/>
    </tok_anno>
  </token>
  <token id="t9" trans="huns(.)" type="token">
    <tok_dipl id="t9_d1" trans="huns" utf="huns"/>
    <tok_anno ascii="huns" id="t9_m1" trans="huns" utf="huns">
      <norm tag="uns"/>
      <lemma tag="wir"/>
      <lemma_gen tag="wir"/>
      <lemma_idmwb tag="231441000"/>
      <pos tag="PPER"/>
      <pos_gen tag="PPER"/>
      <infl tag="Dat.Pl.1"/>
      <inflClass tag="--"/>
      <inflClass_gen tag="--"/>
      <punc tag="DE"/>
    </tok_anno>
  </token>
  <token id="t10" trans="." type="punc">
    <tok_dipl id="t10_d1" trans="." utf="."/>
    <tok_anno ascii="." id="t10_m1" trans="." utf=".">
      <pos tag="$_"/>
      <pos_gen tag="$_"/>
      <punc tag="$E"/>
    </tok_anno>
  </token>
  <token id="t11" trans="c%%ir$t||un$" type="token">
    <tok_dipl id="t11_d1" trans="c%%ir$tun$" utf="cⁱrſtunſ"/>
    <tok_anno ascii="crirst" id="t11_m1" trans="c%%ir$t|" utf="cⁱrſt">
      <norm tag="Krist"/>
      <token_type tag="MS1"/>
      <lemma tag="Krist"/>
      <lemma_gen tag="Krist"/>
      <lemma_idmwb tag="95598000"/>
      <pos tag="NE"/>
      <pos_gen tag="NE"/>
      <infl tag="Nom.Sg"/>
      <inflClass tag="--"/>
      <inflClass_gen tag="--"/>
    </tok_anno>
    <tok_anno ascii="uns" id="t11_m2" trans="|un$" utf="unſ">
      <norm tag="uns"/>
      <token_type tag="MS2"/>
      <lemma tag="wir"/>
      <lemma_gen tag="wir"/>
      <lemma_idmwb tag="231441000"/>
      <pos tag="PPER"/>
      <pos_gen tag="PPER"/>
      <infl tag="Dat.Pl.1"/>
      <inflClass tag="--"/>
      <inflClass_gen tag="--"/>
    </tok_anno>
  </token>
  <comment type="K">/K[c%%i*[r*]ſt||unſ: {r} unterpung.]</comment>
  <token id="t12" trans="gnade(!)" type="token">
    <tok_dipl id="t12_d1" trans="gnade" utf="gnade"/>
    <tok_anno ascii="gnade" id="t12_m1" trans="gnade" utf="gnade">
      <norm tag="genâde"/>
      <lemma tag="ge-nâden"/>
      <lemma_gen tag="ge-nâden"/>
      <lemma_idmwb tag="53451000"/>
      <pos tag="VVIMP"/>
      <pos_gen tag="VV"/>
      <infl tag="Sg.2"/>
      <inflClass tag="wk"/>
      <inflClass_gen tag="wk"/>
      <punc tag="IE"/>
    </tok_anno>
  </token>
  <token id="t13" trans="." type="punc">
    <tok_dipl id="t13_d1" trans="." utf="."/>
    <tok_anno ascii="." id="t13_m1" trans="." utf=".">
      <pos tag="$_"/>
      <pos_gen tag="$_"/>
      <punc tag="$E"/>
    </tok_anno>
  </token>
  <token id="t14" trans="cri$t||un$" type="token">
    <tok_dipl id="t14_d1" trans="cri$tun$" utf="criſtunſ"/>
    <tok_anno ascii="crist" id="t14_m1" trans="cri$t|" utf="criſt">
      <norm tag="Krist"/>
      <token_type tag="MS1"/>
      <lemma tag="Krist"/>
      <lemma_gen tag="Krist"/>
      <lemma_idmwb tag="95598000"/>
      <pos tag="NE"/>
      <pos_gen tag="NE"/>
      <infl tag="Nom.Sg"/>
      <inflClass tag="--"/>
      <inflClass_gen tag="--"/>
    </tok_anno>
    <tok_anno ascii="uns" id="t14_m2" trans="|un$" utf="unſ">
      <norm tag="uns"/>
      <token_type tag="MS2"/>
      <lemma tag="wir"/>
      <lemma_gen tag="wir"/>
      <lemma_idmwb tag="231441000"/>
      <pos tag="PPER"/>
      <pos_gen tag="PPER"/>
      <infl tag="Dat.Pl.1"/>
      <inflClass tag="--"/>
      <inflClass_gen tag="--"/>
    </tok_anno>
  </token>
  <comment type="K">/K[criſt||u*[n*]ſ: {n} unterpung.]</comment>
  <token id="t15" trans="gna=de(!)" type="token">
    <tok_dipl id="t15_d1" trans="gna=de" utf="gna=de"/>
    <tok_anno ascii="gna=de" id="t15_m1" trans="gna=de" utf="gna=de">
      <norm tag="genâde"/>
      <lemma tag="ge-nâden"/>
      <lemma_gen tag="ge-nâden"/>
      <lemma_idmwb tag="53451000"/>
      <pos tag="VVIMP"/>
      <pos_gen tag="VV"/>
      <infl tag="Sg.2"/>
      <inflClass tag="wk"/>
      <inflClass_gen tag="wk"/>
      <punc tag="IE"/>
    </tok_anno>
  </token>
  <token id="t16" trans="." type="punc">
    <tok_dipl id="t16_d1" trans="." utf="."/>
    <tok_anno ascii="." id="t16_m1" trans="." utf=".">
      <pos tag="$_"/>
      <pos_gen tag="$_"/>
      <punc tag="$E"/>
    </tok_anno>
  </token>
</text>
