<?xml version='1.0' encoding='UTF-8'?>
<!DOCTYPE text SYSTEM "cora-xml.dtd">
<text id="M132W">
  <header>
    <text>Lucidarius W</text>
    <abbr_ddd>Luci W</abbr_ddd>
    <abbr_mwb>Lucid</abbr_mwb>
    <topic>Wissen(-schaft)</topic>
    <text-type>Lehrgespräch</text-type>
    <genre>P</genre>
    <reference>Hs.: Blatt (r/v), Zeile</reference>
    <reference-secondary>Gottschall/Steer (Seitenzahlen)</reference-secondary>
    <library>Wolfenbüttel, Herzog August Bibl.</library>
    <library-shelfmark>Cod. 404.9 (12) Novi</library-shelfmark>
    <online>http://www.handschriftencensus.de/1536</online>
    <medium>Handschrift</medium>
    <extent>2r-2v</extent>
    <extract>-</extract>
    <language>mhd</language>
    <language-type>oberdeutsch</language-type>
    <language-region>ostoberdeutsch</language-region>
    <language-area>bairisch</language-area>
    <place>-</place>
    <time>13,1</time>
    <notes-manuscript>_</notes-manuscript>
    <date>-</date>
    <text-place>-</text-place>
    <text-author>-</text-author>
    <text-language>-</text-language>
    <text-source>-</text-source>
    <edition>Gottschall, Dagmar und Georg Steer (Hgg.): Der deutsche 'Lucidarius'. Kritischer Text nach den Handschriften. Bd. 1. Tübingen 1994. (II.97 und 100)</edition>
    <corpus>ReM I</corpus>
    <notes-transcription>-</notes-transcription>
    <notes-annotation>-</notes-annotation>
    <digitization_by>Bochum</digitization_by>
    <collation_by>Bochum</collation_by>
    <pre_editing_by>Bochum</pre_editing_by>
    <annotation_by>Bochum</annotation_by>
    <proofreading_by>Bochum</proofreading_by>
  </header>
  <layoutinfo>
    <page id="p1" no="2" range="c1" side="v"/>
    <column id="c1" range="l1..l20"/>
    <line id="l1" name="1" range="t1_d1..t8_d1" loc="2va,1"/>
    <line id="l2" name="2" range="t9_d1..t13_d1" loc="2va,2"/>
    <line id="l3" name="3" range="t14_d1..t21_d1" loc="2va,3"/>
    <line id="l4" name="4" range="t22_d1..t27_d1" loc="2va,4"/>
    <line id="l5" name="5" range="t28_d1..t33_d1" loc="2va,5"/>
    <line id="l6" name="6" range="t34_d1..t39_d1" loc="2va,6"/>
    <line id="l7" name="7" range="t40_d1..t46_d1" loc="2va,7"/>
    <line id="l8" name="8" range="t47_d1..t52_d1" loc="2va,8"/>
    <line id="l9" name="9" range="t53_d1..t58_d1" loc="2va,9"/>
    <line id="l10" name="10" range="t59_d1..t65_d1" loc="2va,10"/>
    <line id="l11" name="11" range="t66_d1..t70_d1" loc="2va,11"/>
    <line id="l12" name="12" range="t71_d1..t78_d1" loc="2va,12"/>
    <line id="l13" name="13" range="t79_d1..t86_d1" loc="2va,13"/>
    <line id="l14" name="14" range="t87_d1..t93_d1" loc="2va,14"/>
    <line id="l15" name="15" range="t94_d1..t100_d1" loc="2va,15"/>
    <line id="l16" name="16" range="t101_d1..t105_d1" loc="2va,16"/>
    <line id="l17" name="17" range="t106_d1..t113_d1" loc="2va,17"/>
    <line id="l18" name="18" range="t114_d1..t121_d1" loc="2va,18"/>
    <line id="l19" name="19" range="t122_d1..t126_d1" loc="2va,19"/>
    <line id="l20" name="20" range="t127_d1..t133_d1" loc="2va,20"/>
  </layoutinfo>
  <shifttags>
    <quote range="t76_m1..t93_m1"/>
  </shifttags>
  <token id="t1" trans="..." type="token">
    <tok_dipl id="t1_d1" trans="..." utf="..."/>
    <tok_anno ascii="..." id="t1_m1" trans="..." utf="...">
      <norm tag="--"/>
      <lemma tag="[!]"/>
      <lemma_gen tag="[!]"/>
      <lemma_idmwb tag="--"/>
      <pos tag="--"/>
      <pos_gen tag="--"/>
      <infl tag="--"/>
      <inflClass tag="--"/>
      <inflClass_gen tag="--"/>
    </tok_anno>
  </token>
  <token id="t2" trans="aller#er$t" type="token">
    <tok_dipl id="t2_d1" trans="aller" utf="aller"/>
    <tok_dipl id="t2_d2" trans="er$t" utf="erſt"/>
    <tok_anno ascii="allererst" id="t2_m1" trans="aller#er$t" utf="allererſt">
      <norm tag="allerêrste"/>
      <token_type tag="US"/>
      <lemma tag="aller-êr(e)ste"/>
      <lemma_gen tag="aller-êr(e)ste"/>
      <lemma_idmwb tag="4044000"/>
      <pos tag="AVD"/>
      <pos_gen tag="AVD"/>
      <infl tag="Sup"/>
      <inflClass tag="--"/>
      <inflClass_gen tag="--"/>
    </tok_anno>
  </token>
  <token id="t3" trans="die" type="token">
    <tok_dipl id="t3_d1" trans="die" utf="die"/>
    <tok_anno ascii="die" id="t3_m1" trans="die" utf="die">
      <norm tag="die"/>
      <lemma tag="dër"/>
      <lemma_gen tag="dër"/>
      <lemma_idmwb tag="29817000"/>
      <pos tag="DDART"/>
      <pos_gen tag="DD"/>
      <infl tag="Fem.Akk.Sg"/>
      <inflClass tag="--"/>
      <inflClass_gen tag="--"/>
    </tok_anno>
  </token>
  <token id="t4" trans="werlt" type="token">
    <tok_dipl id="t4_d1" trans="werlt" utf="werlt"/>
    <tok_anno ascii="werlt" id="t4_m1" trans="werlt" utf="werlt">
      <norm tag="werlt"/>
      <lemma tag="wër(e)lt"/>
      <lemma_gen tag="wër(e)lt"/>
      <lemma_idmwb tag="225300000"/>
      <pos tag="NA"/>
      <pos_gen tag="NA"/>
      <infl tag="Akk.Sg"/>
      <inflClass tag="st.Fem"/>
      <inflClass_gen tag="st.Fem"/>
    </tok_anno>
  </token>
  <token id="t5" trans="gi$chuf,," type="token">
    <tok_dipl id="t5_d1" trans="gi$chuf" utf="giſchuf"/>
    <tok_anno ascii="gischuf" id="t5_m1" trans="gi$chuf" utf="giſchuf">
      <norm tag="geschuof"/>
      <lemma tag="ge-schèpfen"/>
      <lemma_gen tag="ge-schèpfen"/>
      <lemma_idmwb tag="55842000"/>
      <pos tag="VVFIN"/>
      <pos_gen tag="VV"/>
      <infl tag="Ind.Past.Sg.3"/>
      <inflClass tag="st6b"/>
      <inflClass_gen tag="st6b"/>
      <punc tag="S*"/>
    </tok_anno>
  </token>
  <token id="t6" trans="." type="punc">
    <tok_dipl id="t6_d1" trans="." utf="."/>
    <tok_anno ascii="." id="t6_m1" trans="." utf=".">
      <pos tag="$_"/>
      <pos_gen tag="$_"/>
    </tok_anno>
  </token>
  <token id="t7" trans="do" type="token">
    <tok_dipl id="t7_d1" trans="do" utf="do"/>
    <tok_anno ascii="do" id="t7_m1" trans="do" utf="do">
      <norm tag="dô"/>
      <lemma tag="dô"/>
      <lemma_gen tag="dô"/>
      <lemma_idmwb tag="31164000"/>
      <pos tag="AVD"/>
      <pos_gen tag="AVD-KO"/>
      <infl tag="--"/>
      <inflClass tag="--"/>
      <inflClass_gen tag="--"/>
    </tok_anno>
  </token>
  <token id="t8" trans="firot" type="token">
    <tok_dipl id="t8_d1" trans="firot" utf="firot"/>
    <tok_anno ascii="firot" id="t8_m1" trans="firot" utf="firot">
      <norm tag="vîrete"/>
      <lemma tag="vîren"/>
      <lemma_gen tag="vîren"/>
      <lemma_idmwb tag="209571000"/>
      <pos tag="VVFIN"/>
      <pos_gen tag="VV"/>
      <infl tag="Ind.Past.Sg.3"/>
      <inflClass tag="wk"/>
      <inflClass_gen tag="wk"/>
    </tok_anno>
  </token>
  <token id="t9" trans="er" type="token">
    <tok_dipl id="t9_d1" trans="er" utf="er"/>
    <tok_anno ascii="er" id="t9_m1" trans="er" utf="er">
      <norm tag="er"/>
      <lemma tag="ër"/>
      <lemma_gen tag="ër"/>
      <lemma_idmwb tag="40380000"/>
      <pos tag="PPER"/>
      <pos_gen tag="PPER"/>
      <infl tag="Masc.Nom.Sg.3"/>
      <inflClass tag="--"/>
      <inflClass_gen tag="--"/>
    </tok_anno>
  </token>
  <token id="t10" trans="den" type="token">
    <tok_dipl id="t10_d1" trans="den" utf="den"/>
    <tok_anno ascii="den" id="t10_m1" trans="den" utf="den">
      <norm tag="den"/>
      <lemma tag="dër"/>
      <lemma_gen tag="dër"/>
      <lemma_idmwb tag="29817000"/>
      <pos tag="DDART"/>
      <pos_gen tag="DD"/>
      <infl tag="Masc.Akk.Sg"/>
      <inflClass tag="--"/>
      <inflClass_gen tag="--"/>
    </tok_anno>
  </token>
  <token id="t11" trans="$unnentac(.)" type="token">
    <tok_dipl id="t11_d1" trans="$unnentac" utf="ſunnentac"/>
    <tok_anno ascii="sunnentac" id="t11_m1" trans="$unnentac" utf="ſunnentac">
      <norm tag="sunnentac"/>
      <lemma tag="sunne(n)-tag"/>
      <lemma_gen tag="sunne(n)-tag"/>
      <lemma_idmwb tag="163950000"/>
      <pos tag="NA"/>
      <pos_gen tag="NA"/>
      <infl tag="Akk.Sg"/>
      <inflClass tag="st.Masc"/>
      <inflClass_gen tag="st.Masc"/>
      <punc tag="DE"/>
    </tok_anno>
  </token>
  <token id="t12" trans="de$" type="token">
    <tok_dipl id="t12_d1" trans="de$" utf="deſ"/>
    <tok_anno ascii="des" id="t12_m1" trans="de$" utf="deſ">
      <norm tag="des"/>
      <lemma tag="dër"/>
      <lemma_gen tag="dër"/>
      <lemma_idmwb tag="29817000"/>
      <pos tag="DDART"/>
      <pos_gen tag="DD"/>
      <infl tag="Masc.Gen.Sg"/>
      <inflClass tag="--"/>
      <inflClass_gen tag="--"/>
    </tok_anno>
  </token>
  <token id="t13" trans="$unnentage$" type="token">
    <tok_dipl id="t13_d1" trans="$unnentage$" utf="ſunnentageſ"/>
    <tok_anno ascii="sunnentages" id="t13_m1" trans="$unnentage$" utf="ſunnentageſ">
      <norm tag="sunnentages"/>
      <lemma tag="sunne(n)-tag"/>
      <lemma_gen tag="sunne(n)-tag"/>
      <lemma_idmwb tag="163950000"/>
      <pos tag="NA"/>
      <pos_gen tag="NA"/>
      <infl tag="Gen.Sg"/>
      <inflClass tag="st.Masc"/>
      <inflClass_gen tag="st.Masc"/>
    </tok_anno>
  </token>
  <token id="t14" trans="Wart" type="token">
    <tok_dipl id="t14_d1" trans="Wart" utf="Wart"/>
    <tok_anno ascii="Wart" id="t14_m1" trans="Wart" utf="Wart">
      <norm tag="wart"/>
      <lemma tag="wërden"/>
      <lemma_gen tag="wërden"/>
      <lemma_idmwb tag="225138000"/>
      <pos tag="VAFIN"/>
      <pos_gen tag="VA"/>
      <infl tag="Ind.Past.Sg.3"/>
      <inflClass tag="st3b"/>
      <inflClass_gen tag="st3b"/>
    </tok_anno>
  </token>
  <comment type="K">/K[Wart: {W} ist überhöhte Minuskel]</comment>
  <token id="t15" trans="vn$er" type="token">
    <tok_dipl id="t15_d1" trans="vn$er" utf="vnſer"/>
    <tok_anno ascii="vnser" id="t15_m1" trans="vn$er" utf="vnſer">
      <norm tag="unser"/>
      <lemma tag="unser"/>
      <lemma_gen tag="unser"/>
      <lemma_idmwb tag="190590000"/>
      <pos tag="DPOSA"/>
      <pos_gen tag="DPOS"/>
      <infl tag="Masc.Nom.Sg.0"/>
      <inflClass tag="--"/>
      <inflClass_gen tag="--"/>
    </tok_anno>
  </token>
  <token id="t16" trans="herre" type="token">
    <tok_dipl id="t16_d1" trans="herre" utf="herre"/>
    <tok_anno ascii="herre" id="t16_m1" trans="herre" utf="herre">
      <norm tag="hêrre"/>
      <lemma tag="hêrre"/>
      <lemma_gen tag="hêrre"/>
      <lemma_idmwb tag="72543000"/>
      <pos tag="NA"/>
      <pos_gen tag="NA"/>
      <infl tag="Nom.Sg"/>
      <inflClass tag="*.Masc"/>
      <inflClass_gen tag="*.Masc"/>
    </tok_anno>
  </token>
  <token id="t17" trans="gitoufet(.)" type="token">
    <tok_dipl id="t17_d1" trans="gitoufet" utf="gitoufet"/>
    <tok_anno ascii="gitoufet" id="t17_m1" trans="gitoufet" utf="gitoufet">
      <norm tag="getoufet"/>
      <lemma tag="toufen"/>
      <lemma_gen tag="toufen"/>
      <lemma_idmwb tag="170043000"/>
      <pos tag="VVPP"/>
      <pos_gen tag="VV"/>
      <infl tag="--"/>
      <inflClass tag="wk"/>
      <inflClass_gen tag="wk"/>
      <punc tag="DE"/>
    </tok_anno>
  </token>
  <token id="t18" trans="." type="punc">
    <tok_dipl id="t18_d1" trans="." utf="."/>
    <tok_anno ascii="." id="t18_m1" trans="." utf=".">
      <pos tag="$_"/>
      <pos_gen tag="$_"/>
      <punc tag="$E"/>
    </tok_anno>
  </token>
  <token id="t19" trans="de$" type="token">
    <tok_dipl id="t19_d1" trans="de$" utf="deſ"/>
    <tok_anno ascii="des" id="t19_m1" trans="de$" utf="deſ">
      <norm tag="des"/>
      <lemma tag="dër"/>
      <lemma_gen tag="dër"/>
      <lemma_idmwb tag="29817000"/>
      <pos tag="DDART"/>
      <pos_gen tag="DD"/>
      <infl tag="Masc.Gen.Sg"/>
      <inflClass tag="--"/>
      <inflClass_gen tag="--"/>
    </tok_anno>
  </token>
  <token id="t20" trans="$un(=)nentage$,," type="token">
    <tok_dipl id="t20_d1" trans="$unnentage$" utf="ſunnentageſ"/>
    <tok_anno ascii="sunnentages" id="t20_m1" trans="$un(=)nentage$" utf="ſunnentageſ">
      <norm tag="sunnentages"/>
      <token_type tag="UL"/>
      <lemma tag="sunne(n)-tag"/>
      <lemma_gen tag="sunne(n)-tag"/>
      <lemma_idmwb tag="163950000"/>
      <pos tag="NA"/>
      <pos_gen tag="NA"/>
      <infl tag="Gen.Sg"/>
      <inflClass tag="st.Masc"/>
      <inflClass_gen tag="st.Masc"/>
      <punc tag="S*"/>
    </tok_anno>
  </token>
  <token id="t21" trans="." type="punc">
    <tok_dipl id="t21_d1" trans="." utf="."/>
    <tok_anno ascii="." id="t21_m1" trans="." utf=".">
      <pos tag="$_"/>
      <pos_gen tag="$_"/>
    </tok_anno>
  </token>
  <token id="t22" trans="do" type="token">
    <tok_dipl id="t22_d1" trans="do" utf="do"/>
    <tok_anno ascii="do" id="t22_m1" trans="do" utf="do">
      <norm tag="dô"/>
      <lemma tag="dô"/>
      <lemma_gen tag="dô"/>
      <lemma_idmwb tag="31164000"/>
      <pos tag="AVD"/>
      <pos_gen tag="AVD-KO"/>
      <infl tag="--"/>
      <inflClass tag="--"/>
      <inflClass_gen tag="--"/>
    </tok_anno>
  </token>
  <token id="t23" trans="komen" type="token">
    <tok_dipl id="t23_d1" trans="komen" utf="komen"/>
    <tok_anno ascii="komen" id="t23_m1" trans="komen" utf="komen">
      <norm tag="kômen"/>
      <lemma tag="komen"/>
      <lemma_gen tag="komen"/>
      <lemma_idmwb tag="93168000"/>
      <pos tag="VVFIN"/>
      <pos_gen tag="VV"/>
      <infl tag="*.Past.Pl.3"/>
      <inflClass tag="st4"/>
      <inflClass_gen tag="st4"/>
    </tok_anno>
  </token>
  <token id="t24" trans="ime" type="token">
    <tok_dipl id="t24_d1" trans="ime" utf="ime"/>
    <tok_anno ascii="ime" id="t24_m1" trans="ime" utf="ime">
      <norm tag="ime"/>
      <lemma tag="ër"/>
      <lemma_gen tag="ër"/>
      <lemma_idmwb tag="40380000"/>
      <pos tag="PPER"/>
      <pos_gen tag="PPER"/>
      <infl tag="Masc.Dat.Sg.3"/>
      <inflClass tag="--"/>
      <inflClass_gen tag="--"/>
    </tok_anno>
  </token>
  <token id="t25" trans="die" type="token">
    <tok_dipl id="t25_d1" trans="die" utf="die"/>
    <tok_anno ascii="die" id="t25_m1" trans="die" utf="die">
      <norm tag="die"/>
      <lemma tag="dër"/>
      <lemma_gen tag="dër"/>
      <lemma_idmwb tag="29817000"/>
      <pos tag="DDART"/>
      <pos_gen tag="DD"/>
      <infl tag="*.Nom.Pl"/>
      <inflClass tag="--"/>
      <inflClass_gen tag="--"/>
    </tok_anno>
  </token>
  <token id="t26" trans="drie" type="token">
    <tok_dipl id="t26_d1" trans="drie" utf="drie"/>
    <tok_anno ascii="drie" id="t26_m1" trans="drie" utf="drie">
      <norm tag="drî"/>
      <lemma tag="drî"/>
      <lemma_gen tag="drî"/>
      <lemma_idmwb tag="31992000"/>
      <pos tag="CARDA"/>
      <pos_gen tag="CARD"/>
      <infl tag="*.Nom.Pl.st"/>
      <inflClass tag="--"/>
      <inflClass_gen tag="--"/>
    </tok_anno>
  </token>
  <token id="t27" trans="chunege(.)" type="token">
    <tok_dipl id="t27_d1" trans="chunege" utf="chunege"/>
    <tok_anno ascii="chunege" id="t27_m1" trans="chunege" utf="chunege">
      <norm tag="küninge"/>
      <lemma tag="küni(n)g"/>
      <lemma_gen tag="küni(n)g"/>
      <lemma_idmwb tag="97212000"/>
      <pos tag="NA"/>
      <pos_gen tag="NA"/>
      <infl tag="Nom.Pl"/>
      <inflClass tag="st.Masc"/>
      <inflClass_gen tag="st.Masc"/>
      <punc tag="DE"/>
    </tok_anno>
  </token>
  <token id="t28" trans="De$" type="token">
    <tok_dipl id="t28_d1" trans="De$" utf="Deſ"/>
    <tok_anno ascii="Des" id="t28_m1" trans="De$" utf="Deſ">
      <norm tag="des"/>
      <lemma tag="dër"/>
      <lemma_gen tag="dër"/>
      <lemma_idmwb tag="29817000"/>
      <pos tag="DDART"/>
      <pos_gen tag="DD"/>
      <infl tag="Masc.Gen.Sg"/>
      <inflClass tag="--"/>
      <inflClass_gen tag="--"/>
    </tok_anno>
  </token>
  <comment type="K">/K[Deſ: {D} ist überhöhte Minuskel]</comment>
  <token id="t29" trans="$unnentage$,," type="token">
    <tok_dipl id="t29_d1" trans="$unnentage$" utf="ſunnentageſ"/>
    <tok_anno ascii="sunnentages" id="t29_m1" trans="$unnentage$" utf="ſunnentageſ">
      <norm tag="sunnentages"/>
      <lemma tag="sunne(n)-tag"/>
      <lemma_gen tag="sunne(n)-tag"/>
      <lemma_idmwb tag="163950000"/>
      <pos tag="NA"/>
      <pos_gen tag="NA"/>
      <infl tag="Gen.Sg"/>
      <inflClass tag="st.Masc"/>
      <inflClass_gen tag="st.Masc"/>
      <punc tag="S*"/>
    </tok_anno>
  </token>
  <token id="t30" trans="do" type="token">
    <tok_dipl id="t30_d1" trans="do" utf="do"/>
    <tok_anno ascii="do" id="t30_m1" trans="do" utf="do">
      <norm tag="dô"/>
      <lemma tag="dô"/>
      <lemma_gen tag="dô"/>
      <lemma_idmwb tag="31164000"/>
      <pos tag="AVD"/>
      <pos_gen tag="AVD-KO"/>
      <infl tag="--"/>
      <inflClass tag="--"/>
      <inflClass_gen tag="--"/>
    </tok_anno>
  </token>
  <token id="t31" trans="machote" type="token">
    <tok_dipl id="t31_d1" trans="machote" utf="machote"/>
    <tok_anno ascii="machote" id="t31_m1" trans="machote" utf="machote">
      <norm tag="machete"/>
      <lemma tag="machen"/>
      <lemma_gen tag="machen"/>
      <lemma_idmwb tag="106683000"/>
      <pos tag="VVFIN"/>
      <pos_gen tag="VV"/>
      <infl tag="*.Past.Sg.3"/>
      <inflClass tag="wk"/>
      <inflClass_gen tag="wk"/>
    </tok_anno>
  </token>
  <token id="t32" trans="er" type="token">
    <tok_dipl id="t32_d1" trans="er" utf="er"/>
    <tok_anno ascii="er" id="t32_m1" trans="er" utf="er">
      <norm tag="er"/>
      <lemma tag="ër"/>
      <lemma_gen tag="ër"/>
      <lemma_idmwb tag="40380000"/>
      <pos tag="PPER"/>
      <pos_gen tag="PPER"/>
      <infl tag="Masc.Nom.Sg.3"/>
      <inflClass tag="--"/>
      <inflClass_gen tag="--"/>
    </tok_anno>
  </token>
  <token id="t33" trans="daz" type="token">
    <tok_dipl id="t33_d1" trans="daz" utf="daz"/>
    <tok_anno ascii="daz" id="t33_m1" trans="daz" utf="daz">
      <norm tag="daz"/>
      <lemma tag="dër"/>
      <lemma_gen tag="dër"/>
      <lemma_idmwb tag="29817000"/>
      <pos tag="DDART"/>
      <pos_gen tag="DD"/>
      <infl tag="Neut.Akk.Sg"/>
      <inflClass tag="--"/>
      <inflClass_gen tag="--"/>
    </tok_anno>
  </token>
  <token id="t34" trans="wa$zer" type="token">
    <tok_dipl id="t34_d1" trans="wa$zer" utf="waſzer"/>
    <tok_anno ascii="waszer" id="t34_m1" trans="wa$zer" utf="waſzer">
      <norm tag="wazzer"/>
      <lemma tag="wazzer"/>
      <lemma_gen tag="wazzer"/>
      <lemma_idmwb tag="222660000"/>
      <pos tag="NA"/>
      <pos_gen tag="NA"/>
      <infl tag="Akk.Sg"/>
      <inflClass tag="st.Neut"/>
      <inflClass_gen tag="st.Neut"/>
    </tok_anno>
  </token>
  <token id="t35" trans="ze" type="token">
    <tok_dipl id="t35_d1" trans="ze" utf="ze"/>
    <tok_anno ascii="ze" id="t35_m1" trans="ze" utf="ze">
      <norm tag="ze"/>
      <lemma tag="ze"/>
      <lemma_gen tag="ze"/>
      <lemma_idmwb tag="235656000"/>
      <pos tag="APPR"/>
      <pos_gen tag="AP"/>
      <infl tag="--"/>
      <inflClass tag="--"/>
      <inflClass_gen tag="--"/>
    </tok_anno>
  </token>
  <token id="t36" trans="wine(.)" type="token">
    <tok_dipl id="t36_d1" trans="wine" utf="wine"/>
    <tok_anno ascii="wine" id="t36_m1" trans="wine" utf="wine">
      <norm tag="wîne"/>
      <lemma tag="wîn"/>
      <lemma_gen tag="wîn"/>
      <lemma_idmwb tag="229956000"/>
      <pos tag="NA"/>
      <pos_gen tag="NA"/>
      <infl tag="Dat.Sg"/>
      <inflClass tag="st.Masc"/>
      <inflClass_gen tag="st.Masc"/>
      <punc tag="DE"/>
    </tok_anno>
  </token>
  <token id="t37" trans="." type="punc">
    <tok_dipl id="t37_d1" trans="." utf="."/>
    <tok_anno ascii="." id="t37_m1" trans="." utf=".">
      <pos tag="$_"/>
      <pos_gen tag="$_"/>
      <punc tag="$E"/>
    </tok_anno>
  </token>
  <token id="t38" trans="dez" type="token">
    <tok_dipl id="t38_d1" trans="dez" utf="dez"/>
    <tok_anno ascii="dez" id="t38_m1" trans="dez" utf="dez">
      <norm tag="des"/>
      <lemma tag="dër"/>
      <lemma_gen tag="dër"/>
      <lemma_idmwb tag="29817000"/>
      <pos tag="DDART"/>
      <pos_gen tag="DD"/>
      <infl tag="Masc.Gen.Sg"/>
      <inflClass tag="--"/>
      <inflClass_gen tag="--"/>
    </tok_anno>
  </token>
  <token id="t39" trans="$unnentage$" type="token">
    <tok_dipl id="t39_d1" trans="$unnentage$" utf="ſunnentageſ"/>
    <tok_anno ascii="sunnentages" id="t39_m1" trans="$unnentage$" utf="ſunnentageſ">
      <norm tag="sunnentages"/>
      <lemma tag="sunne(n)-tag"/>
      <lemma_gen tag="sunne(n)-tag"/>
      <lemma_idmwb tag="163950000"/>
      <pos tag="NA"/>
      <pos_gen tag="NA"/>
      <infl tag="Gen.Sg"/>
      <inflClass tag="st.Masc"/>
      <inflClass_gen tag="st.Masc"/>
    </tok_anno>
  </token>
  <token id="t40" trans="chom||er" type="token">
    <tok_dipl id="t40_d1" trans="chomer" utf="chomer"/>
    <tok_anno ascii="chom" id="t40_m1" trans="chom|" utf="chom">
      <norm tag="kom"/>
      <token_type tag="MS1"/>
      <lemma tag="komen"/>
      <lemma_gen tag="komen"/>
      <lemma_idmwb tag="93168000"/>
      <pos tag="VVFIN"/>
      <pos_gen tag="VV"/>
      <infl tag="Ind.Past.Sg.3"/>
      <inflClass tag="st4"/>
      <inflClass_gen tag="st4"/>
    </tok_anno>
    <tok_anno ascii="er" id="t40_m2" trans="|er" utf="er">
      <norm tag="er"/>
      <token_type tag="MS2"/>
      <lemma tag="ër"/>
      <lemma_gen tag="ër"/>
      <lemma_idmwb tag="40380000"/>
      <pos tag="PPER"/>
      <pos_gen tag="PPER"/>
      <infl tag="Masc.Nom.Sg.3"/>
      <inflClass tag="--"/>
      <inflClass_gen tag="--"/>
    </tok_anno>
  </token>
  <token id="t41" trans="er" type="token">
    <tok_dipl id="t41_d1" trans="er" utf="er"/>
    <tok_anno ascii="er" id="t41_m1" trans="er" utf="er">
      <norm tag="--"/>
      <lemma tag="[!]"/>
      <lemma_gen tag="[!]"/>
      <lemma_idmwb tag="--"/>
      <pos tag="--"/>
      <pos_gen tag="--"/>
      <infl tag="--"/>
      <inflClass tag="--"/>
      <inflClass_gen tag="--"/>
    </tok_anno>
  </token>
  <comment type="K">/E[*[er*]: dopp., überfl.]</comment>
  <token id="t42" trans="giriten" type="token">
    <tok_dipl id="t42_d1" trans="giriten" utf="giriten"/>
    <tok_anno ascii="giriten" id="t42_m1" trans="giriten" utf="giriten">
      <norm tag="geriten"/>
      <lemma tag="rîten"/>
      <lemma_gen tag="rîten"/>
      <lemma_idmwb tag="135450000"/>
      <pos tag="VVPP"/>
      <pos_gen tag="VV"/>
      <infl tag="--"/>
      <inflClass tag="st1a"/>
      <inflClass_gen tag="st1a"/>
    </tok_anno>
  </token>
  <token id="t43" trans="ze" type="token">
    <tok_dipl id="t43_d1" trans="ze" utf="ze"/>
    <tok_anno ascii="ze" id="t43_m1" trans="ze" utf="ze">
      <norm tag="ze"/>
      <lemma tag="ze"/>
      <lemma_gen tag="ze"/>
      <lemma_idmwb tag="235656000"/>
      <pos tag="APPR"/>
      <pos_gen tag="AP"/>
      <infl tag="--"/>
      <inflClass tag="--"/>
      <inflClass_gen tag="--"/>
    </tok_anno>
  </token>
  <token id="t44" trans="geru$alem(.)" type="token">
    <tok_dipl id="t44_d1" trans="geru$alem" utf="geruſalem"/>
    <tok_anno ascii="gerusalem" id="t44_m1" trans="geru$alem" utf="geruſalem">
      <norm tag="Jerusalêm"/>
      <lemma tag="Jerusalêm"/>
      <lemma_gen tag="Jerusalêm"/>
      <lemma_idmwb tag="85497000"/>
      <pos tag="NE"/>
      <pos_gen tag="NE"/>
      <infl tag="Dat.Sg"/>
      <inflClass tag="--"/>
      <inflClass_gen tag="--"/>
      <punc tag="DE"/>
    </tok_anno>
  </token>
  <token id="t45" trans="." type="punc">
    <tok_dipl id="t45_d1" trans="." utf="."/>
    <tok_anno ascii="." id="t45_m1" trans="." utf=".">
      <pos tag="$_"/>
      <pos_gen tag="$_"/>
      <punc tag="$E"/>
    </tok_anno>
  </token>
  <token id="t46" trans="de$" type="token">
    <tok_dipl id="t46_d1" trans="de$" utf="deſ"/>
    <tok_anno ascii="des" id="t46_m1" trans="de$" utf="deſ">
      <norm tag="des"/>
      <lemma tag="dër"/>
      <lemma_gen tag="dër"/>
      <lemma_idmwb tag="29817000"/>
      <pos tag="DDART"/>
      <pos_gen tag="DD"/>
      <infl tag="Masc.Gen.Sg"/>
      <inflClass tag="--"/>
      <inflClass_gen tag="--"/>
    </tok_anno>
  </token>
  <token id="t47" trans="$vnnentage$,," type="token">
    <tok_dipl id="t47_d1" trans="$vnnentage$" utf="ſvnnentageſ"/>
    <tok_anno ascii="svnnentages" id="t47_m1" trans="$vnnentage$" utf="ſvnnentageſ">
      <norm tag="sunnentages"/>
      <lemma tag="sunne(n)-tag"/>
      <lemma_gen tag="sunne(n)-tag"/>
      <lemma_idmwb tag="163950000"/>
      <pos tag="NA"/>
      <pos_gen tag="NA"/>
      <infl tag="Gen.Sg"/>
      <inflClass tag="st.Masc"/>
      <inflClass_gen tag="st.Masc"/>
      <punc tag="S*"/>
    </tok_anno>
  </token>
  <token id="t48" trans="do||er$tund||er(.)" type="token">
    <tok_dipl id="t48_d1" trans="doer$tunder" utf="doerſtunder"/>
    <tok_anno ascii="do" id="t48_m1" trans="do|" utf="do">
      <norm tag="dô"/>
      <token_type tag="MS1"/>
      <lemma tag="dô"/>
      <lemma_gen tag="dô"/>
      <lemma_idmwb tag="31164000"/>
      <pos tag="AVD"/>
      <pos_gen tag="AVD-KO"/>
      <infl tag="--"/>
      <inflClass tag="--"/>
      <inflClass_gen tag="--"/>
    </tok_anno>
    <tok_anno ascii="erstund" id="t48_m2" trans="|er$tund|" utf="erſtund">
      <norm tag="erstuont"/>
      <token_type tag="MS2"/>
      <lemma tag="er-stân"/>
      <lemma_gen tag="er-stân"/>
      <lemma_idmwb tag="43788000"/>
      <pos tag="VVFIN"/>
      <pos_gen tag="VV"/>
      <infl tag="Ind.Past.Sg.3"/>
      <inflClass tag="irr"/>
      <inflClass_gen tag="irr"/>
    </tok_anno>
    <tok_anno ascii="er" id="t48_m3" trans="|er" utf="er">
      <norm tag="er"/>
      <token_type tag="MS3"/>
      <lemma tag="ër"/>
      <lemma_gen tag="ër"/>
      <lemma_idmwb tag="40380000"/>
      <pos tag="PPER"/>
      <pos_gen tag="PPER"/>
      <infl tag="Masc.Nom.Sg.3"/>
      <inflClass tag="--"/>
      <inflClass_gen tag="--"/>
      <punc tag="DE"/>
    </tok_anno>
  </token>
  <token id="t49" trans="." type="punc">
    <tok_dipl id="t49_d1" trans="." utf="."/>
    <tok_anno ascii="." id="t49_m1" trans="." utf=".">
      <pos tag="$_"/>
      <pos_gen tag="$_"/>
      <punc tag="$E"/>
    </tok_anno>
  </token>
  <token id="t50" trans="de$" type="token">
    <tok_dipl id="t50_d1" trans="de$" utf="deſ"/>
    <tok_anno ascii="des" id="t50_m1" trans="de$" utf="deſ">
      <norm tag="des"/>
      <lemma tag="dër"/>
      <lemma_gen tag="dër"/>
      <lemma_idmwb tag="29823000"/>
      <pos tag="DDS"/>
      <pos_gen tag="DD"/>
      <infl tag="Masc.Gen.Sg"/>
      <inflClass tag="--"/>
      <inflClass_gen tag="--"/>
    </tok_anno>
  </token>
  <token id="t51" trans="$unnen(=)taga$,," type="token">
    <tok_dipl id="t51_d1" trans="$unnentaga$" utf="ſunnentagaſ"/>
    <tok_anno ascii="sunnentagas" id="t51_m1" trans="$unnen(=)taga$" utf="ſunnentagaſ">
      <norm tag="sunnentages"/>
      <token_type tag="UL"/>
      <lemma tag="sunne(n)-tag"/>
      <lemma_gen tag="sunne(n)-tag"/>
      <lemma_idmwb tag="163950000"/>
      <pos tag="NA"/>
      <pos_gen tag="NA"/>
      <infl tag="Gen.Sg"/>
      <inflClass tag="st.Masc"/>
      <inflClass_gen tag="st.Masc"/>
      <punc tag="S*"/>
    </tok_anno>
  </token>
  <comment type="K">/K[ſunnen(=)taga&lt;ſ&gt;.: finales {ſ}&lt; {g}]</comment>
  <token id="t52" trans="." type="punc">
    <tok_dipl id="t52_d1" trans="." utf="."/>
    <tok_anno ascii="." id="t52_m1" trans="." utf=".">
      <pos tag="$_"/>
      <pos_gen tag="$_"/>
    </tok_anno>
  </token>
  <token id="t53" trans="do" type="token">
    <tok_dipl id="t53_d1" trans="do" utf="do"/>
    <tok_anno ascii="do" id="t53_m1" trans="do" utf="do">
      <norm tag="dô"/>
      <lemma tag="dô"/>
      <lemma_gen tag="dô"/>
      <lemma_idmwb tag="31164000"/>
      <pos tag="AVD"/>
      <pos_gen tag="AVD-KO"/>
      <infl tag="--"/>
      <inflClass tag="--"/>
      <inflClass_gen tag="--"/>
    </tok_anno>
  </token>
  <token id="t54" trans="chom" type="token">
    <tok_dipl id="t54_d1" trans="chom" utf="chom"/>
    <tok_anno ascii="chom" id="t54_m1" trans="chom" utf="chom">
      <norm tag="kom"/>
      <lemma tag="komen"/>
      <lemma_gen tag="komen"/>
      <lemma_idmwb tag="93168000"/>
      <pos tag="VVFIN"/>
      <pos_gen tag="VV"/>
      <infl tag="Ind.Past.Sg.3"/>
      <inflClass tag="st4"/>
      <inflClass_gen tag="st4"/>
    </tok_anno>
  </token>
  <token id="t55" trans="der" type="token">
    <tok_dipl id="t55_d1" trans="der" utf="der"/>
    <tok_anno ascii="der" id="t55_m1" trans="der" utf="der">
      <norm tag="der"/>
      <lemma tag="dër"/>
      <lemma_gen tag="dër"/>
      <lemma_idmwb tag="29817000"/>
      <pos tag="DDART"/>
      <pos_gen tag="DD"/>
      <infl tag="Masc.Nom.Sg"/>
      <inflClass tag="--"/>
      <inflClass_gen tag="--"/>
    </tok_anno>
  </token>
  <token id="t56" trans="heilige" type="token">
    <tok_dipl id="t56_d1" trans="heilige" utf="heilige"/>
    <tok_anno ascii="heilige" id="t56_m1" trans="heilige" utf="heilige">
      <norm tag="heilige"/>
      <lemma tag="hèilig"/>
      <lemma_gen tag="hèilig"/>
      <lemma_idmwb tag="70113000"/>
      <pos tag="ADJA"/>
      <pos_gen tag="ADJ"/>
      <infl tag="Pos.Masc.Nom.Sg.wk"/>
      <inflClass tag="--"/>
      <inflClass_gen tag="--"/>
    </tok_anno>
  </token>
  <token id="t57" trans="gei$t" type="token">
    <tok_dipl id="t57_d1" trans="gei$t" utf="geiſt"/>
    <tok_anno ascii="geist" id="t57_m1" trans="gei$t" utf="geiſt">
      <norm tag="geist"/>
      <lemma tag="gèist"/>
      <lemma_gen tag="gèist"/>
      <lemma_idmwb tag="50793000"/>
      <pos tag="NA"/>
      <pos_gen tag="NA"/>
      <infl tag="Nom.Sg"/>
      <inflClass tag="st.Masc"/>
      <inflClass_gen tag="st.Masc"/>
    </tok_anno>
  </token>
  <token id="t58" trans="vber" type="token">
    <tok_dipl id="t58_d1" trans="vber" utf="vber"/>
    <tok_anno ascii="vber" id="t58_m1" trans="vber" utf="vber">
      <norm tag="über"/>
      <lemma tag="über"/>
      <lemma_gen tag="über"/>
      <lemma_idmwb tag="174759000"/>
      <pos tag="APPR"/>
      <pos_gen tag="AP"/>
      <infl tag="--"/>
      <inflClass tag="--"/>
      <inflClass_gen tag="--"/>
    </tok_anno>
  </token>
  <token id="t59" trans="die" type="token">
    <tok_dipl id="t59_d1" trans="die" utf="die"/>
    <tok_anno ascii="die" id="t59_m1" trans="die" utf="die">
      <norm tag="die"/>
      <lemma tag="dër"/>
      <lemma_gen tag="dër"/>
      <lemma_idmwb tag="29817000"/>
      <pos tag="DDART"/>
      <pos_gen tag="DD"/>
      <infl tag="*.Akk.Pl"/>
      <inflClass tag="--"/>
      <inflClass_gen tag="--"/>
    </tok_anno>
  </token>
  <token id="t60" trans="zwelf" type="token">
    <tok_dipl id="t60_d1" trans="zwelf" utf="zwelf"/>
    <tok_anno ascii="zwelf" id="t60_m1" trans="zwelf" utf="zwelf">
      <norm tag="zweliv"/>
      <lemma tag="zwèl(i)v"/>
      <lemma_gen tag="zwèl(i)v"/>
      <lemma_idmwb tag="242619000"/>
      <pos tag="CARDA"/>
      <pos_gen tag="CARD"/>
      <infl tag="*.Akk.Pl.0"/>
      <inflClass tag="--"/>
      <inflClass_gen tag="--"/>
    </tok_anno>
  </token>
  <token id="t61" trans="boten(.)" type="token">
    <tok_dipl id="t61_d1" trans="boten" utf="boten"/>
    <tok_anno ascii="boten" id="t61_m1" trans="boten" utf="boten">
      <norm tag="boten"/>
      <lemma tag="bote"/>
      <lemma_gen tag="bote"/>
      <lemma_idmwb tag="23901000"/>
      <pos tag="NA"/>
      <pos_gen tag="NA"/>
      <infl tag="Akk.Pl"/>
      <inflClass tag="wk.Masc"/>
      <inflClass_gen tag="wk.Masc"/>
      <punc tag="DE"/>
    </tok_anno>
  </token>
  <token id="t62" trans="." type="punc">
    <tok_dipl id="t62_d1" trans="." utf="."/>
    <tok_anno ascii="." id="t62_m1" trans="." utf=".">
      <pos tag="$_"/>
      <pos_gen tag="$_"/>
      <punc tag="$E"/>
    </tok_anno>
  </token>
  <token id="t63" trans="de$" type="token">
    <tok_dipl id="t63_d1" trans="de$" utf="deſ"/>
    <tok_anno ascii="des" id="t63_m1" trans="de$" utf="deſ">
      <norm tag="des"/>
      <lemma tag="dër"/>
      <lemma_gen tag="dër"/>
      <lemma_idmwb tag="29817000"/>
      <pos tag="DDART"/>
      <pos_gen tag="DD"/>
      <infl tag="Masc.Gen.Sg"/>
      <inflClass tag="--"/>
      <inflClass_gen tag="--"/>
    </tok_anno>
  </token>
  <token id="t64" trans="$unnentage$" type="token">
    <tok_dipl id="t64_d1" trans="$unnentage$" utf="ſunnentageſ"/>
    <tok_anno ascii="sunnentages" id="t64_m1" trans="$unnentage$" utf="ſunnentageſ">
      <norm tag="sunnentages"/>
      <lemma tag="sunne(n)-tag"/>
      <lemma_gen tag="sunne(n)-tag"/>
      <lemma_idmwb tag="163950000"/>
      <pos tag="NA"/>
      <pos_gen tag="NA"/>
      <infl tag="Gen.Sg"/>
      <inflClass tag="st.Masc"/>
      <inflClass_gen tag="st.Masc"/>
    </tok_anno>
  </token>
  <token id="t65" trans="." type="punc">
    <tok_dipl id="t65_d1" trans="." utf="."/>
    <tok_anno ascii="." id="t65_m1" trans="." utf=".">
      <pos tag="$_"/>
      <pos_gen tag="$_"/>
    </tok_anno>
  </token>
  <token id="t66" trans="$uln" type="token">
    <tok_dipl id="t66_d1" trans="$uln" utf="ſuln"/>
    <tok_anno ascii="suln" id="t66_m1" trans="$uln" utf="ſuln">
      <norm tag="sulen"/>
      <lemma tag="sol(e)n"/>
      <lemma_gen tag="sol(e)n"/>
      <lemma_idmwb tag="154377000"/>
      <pos tag="VMFIN"/>
      <pos_gen tag="VM"/>
      <infl tag="*.Pres.Pl.1"/>
      <inflClass tag="prpr"/>
      <inflClass_gen tag="prpr"/>
    </tok_anno>
  </token>
  <token id="t67" trans="wir" type="token">
    <tok_dipl id="t67_d1" trans="wir" utf="wir"/>
    <tok_anno ascii="wir" id="t67_m1" trans="wir" utf="wir">
      <norm tag="wir"/>
      <lemma tag="wir"/>
      <lemma_gen tag="wir"/>
      <lemma_idmwb tag="231441000"/>
      <pos tag="PPER"/>
      <pos_gen tag="PPER"/>
      <infl tag="Nom.Pl.1"/>
      <inflClass tag="--"/>
      <inflClass_gen tag="--"/>
    </tok_anno>
  </token>
  <token id="t68" trans="ir$ten" type="token">
    <tok_dipl id="t68_d1" trans="ir$ten" utf="irſten"/>
    <tok_anno ascii="irsten" id="t68_m1" trans="ir$ten" utf="irſten">
      <norm tag="erstên"/>
      <lemma tag="er-stân"/>
      <lemma_gen tag="er-stân"/>
      <lemma_idmwb tag="43788000"/>
      <pos tag="VVINF"/>
      <pos_gen tag="VV"/>
      <infl tag="--"/>
      <inflClass tag="irr"/>
      <inflClass_gen tag="irr"/>
    </tok_anno>
  </token>
  <token id="t69" trans="an||deme" type="token">
    <tok_dipl id="t69_d1" trans="andeme" utf="andeme"/>
    <tok_anno ascii="an" id="t69_m1" trans="an|" utf="an">
      <norm tag="an"/>
      <token_type tag="MS1"/>
      <lemma tag="ane"/>
      <lemma_gen tag="ane"/>
      <lemma_idmwb tag="5691000"/>
      <pos tag="APPR"/>
      <pos_gen tag="AP"/>
      <infl tag="--"/>
      <inflClass tag="--"/>
      <inflClass_gen tag="--"/>
    </tok_anno>
    <tok_anno ascii="deme" id="t69_m2" trans="|deme" utf="deme">
      <norm tag="deme"/>
      <token_type tag="MS2"/>
      <lemma tag="dër"/>
      <lemma_gen tag="dër"/>
      <lemma_idmwb tag="29817000"/>
      <pos tag="DDART"/>
      <pos_gen tag="DD"/>
      <infl tag="Masc.Dat.Sg"/>
      <inflClass tag="--"/>
      <inflClass_gen tag="--"/>
    </tok_anno>
  </token>
  <token id="t70" trans="iunge$ten" type="token">
    <tok_dipl id="t70_d1" trans="iunge$ten" utf="iungeſten"/>
    <tok_anno ascii="iungesten" id="t70_m1" trans="iunge$ten" utf="iungeſten">
      <norm tag="jungesten"/>
      <lemma tag="jung"/>
      <lemma_gen tag="jung"/>
      <lemma_idmwb tag="85869000"/>
      <pos tag="ADJA"/>
      <pos_gen tag="ADJ"/>
      <infl tag="Pos.Masc.Dat.Sg.wk"/>
      <inflClass tag="--"/>
      <inflClass_gen tag="--"/>
    </tok_anno>
  </token>
  <token id="t71" trans="tage(.)" type="token">
    <tok_dipl id="t71_d1" trans="tage" utf="tage"/>
    <tok_anno ascii="tage" id="t71_m1" trans="tage" utf="tage">
      <norm tag="tage"/>
      <lemma tag="tag"/>
      <lemma_gen tag="tag"/>
      <lemma_idmwb tag="166296000"/>
      <pos tag="NA"/>
      <pos_gen tag="NA"/>
      <infl tag="Dat.Sg"/>
      <inflClass tag="st.Masc"/>
      <inflClass_gen tag="st.Masc"/>
      <punc tag="DE"/>
    </tok_anno>
  </token>
  <token id="t72" trans="." type="punc">
    <tok_dipl id="t72_d1" trans="." utf="."/>
    <tok_anno ascii="." id="t72_m1" trans="." utf=".">
      <pos tag="$_"/>
      <pos_gen tag="$_"/>
      <punc tag="$E"/>
    </tok_anno>
  </token>
  <token id="t73" trans="der" type="token">
    <tok_dipl id="t73_d1" trans="der" utf="der"/>
    <tok_anno ascii="der" id="t73_m1" trans="der" utf="der">
      <norm tag="der"/>
      <lemma tag="dër"/>
      <lemma_gen tag="dër"/>
      <lemma_idmwb tag="29823000"/>
      <pos tag="DDS"/>
      <pos_gen tag="DD"/>
      <infl tag="Masc.Nom.Sg"/>
      <inflClass tag="--"/>
      <inflClass_gen tag="--"/>
    </tok_anno>
  </token>
  <token id="t74" trans="iu\-ger(:)" type="token">
    <tok_dipl id="t74_d1" trans="iu\-ger" utf="iūger"/>
    <tok_anno ascii="iunger" id="t74_m1" trans="iu\-ger" utf="iūger">
      <norm tag="junger"/>
      <lemma tag="junger(e)"/>
      <lemma_gen tag="junger(e)"/>
      <lemma_idmwb tag="85962000"/>
      <pos tag="NA"/>
      <pos_gen tag="NA"/>
      <infl tag="Nom.Sg"/>
      <inflClass tag="st.Masc"/>
      <inflClass_gen tag="st.Masc"/>
      <punc tag="DE"/>
    </tok_anno>
  </token>
  <token id="t75" trans="." type="punc">
    <tok_dipl id="t75_d1" trans="." utf="."/>
    <tok_anno ascii="." id="t75_m1" trans="." utf=".">
      <pos tag="$_"/>
      <pos_gen tag="$_"/>
      <punc tag="$E"/>
    </tok_anno>
  </token>
  <token id="t76" trans="&quot;durch" type="token">
    <tok_dipl id="t76_d1" trans="durch" utf="durch"/>
    <tok_anno ascii="durch" id="t76_m1" trans="durch" utf="durch">
      <norm tag="durch"/>
      <lemma tag="durh"/>
      <lemma_gen tag="durh"/>
      <lemma_idmwb tag="32826000"/>
      <pos tag="APPR"/>
      <pos_gen tag="AP"/>
      <infl tag="--"/>
      <inflClass tag="--"/>
      <inflClass_gen tag="--"/>
    </tok_anno>
  </token>
  <token id="t77" trans="waz" type="token">
    <tok_dipl id="t77_d1" trans="waz" utf="waz"/>
    <tok_anno ascii="waz" id="t77_m1" trans="waz" utf="waz">
      <norm tag="waz"/>
      <lemma tag="wër"/>
      <lemma_gen tag="wër"/>
      <lemma_idmwb tag="224919000"/>
      <pos tag="PW"/>
      <pos_gen tag="PW"/>
      <infl tag="Neut.Akk.Sg.st"/>
      <inflClass tag="--"/>
      <inflClass_gen tag="--"/>
    </tok_anno>
  </token>
  <token id="t78" trans="chomet" type="token">
    <tok_dipl id="t78_d1" trans="chomet" utf="chomet"/>
    <tok_anno ascii="chomet" id="t78_m1" trans="chomet" utf="chomet">
      <norm tag="komet"/>
      <lemma tag="komen"/>
      <lemma_gen tag="komen"/>
      <lemma_idmwb tag="93168000"/>
      <pos tag="VVFIN"/>
      <pos_gen tag="VV"/>
      <infl tag="Ind.Pres.Pl.3"/>
      <inflClass tag="st4"/>
      <inflClass_gen tag="st4"/>
    </tok_anno>
  </token>
  <token id="t79" trans="die" type="token">
    <tok_dipl id="t79_d1" trans="die" utf="die"/>
    <tok_anno ascii="die" id="t79_m1" trans="die" utf="die">
      <norm tag="die"/>
      <lemma tag="dër"/>
      <lemma_gen tag="dër"/>
      <lemma_idmwb tag="29817000"/>
      <pos tag="DDART"/>
      <pos_gen tag="DD"/>
      <infl tag="*.Nom.Pl"/>
      <inflClass tag="--"/>
      <inflClass_gen tag="--"/>
    </tok_anno>
  </token>
  <token id="t80" trans="heiligen" type="token">
    <tok_dipl id="t80_d1" trans="heiligen" utf="heiligen"/>
    <tok_anno ascii="heiligen" id="t80_m1" trans="heiligen" utf="heiligen">
      <norm tag="heiligen"/>
      <lemma tag="hèilig"/>
      <lemma_gen tag="hèilig"/>
      <lemma_idmwb tag="70113000"/>
      <pos tag="ADJA"/>
      <pos_gen tag="ADJ"/>
      <infl tag="Pos.*.Nom.Pl.wk"/>
      <inflClass tag="--"/>
      <inflClass_gen tag="--"/>
    </tok_anno>
  </token>
  <token id="t81" trans="zite" type="token">
    <tok_dipl id="t81_d1" trans="zite" utf="zite"/>
    <tok_anno ascii="zite" id="t81_m1" trans="zite" utf="zite">
      <norm tag="zîte"/>
      <lemma tag="zît"/>
      <lemma_gen tag="zît"/>
      <lemma_idmwb tag="239292000"/>
      <pos tag="NA"/>
      <pos_gen tag="NA"/>
      <infl tag="Nom.Pl"/>
      <inflClass tag="st.Fem,Neut"/>
      <inflClass_gen tag="st.Fem,Neut"/>
    </tok_anno>
  </token>
  <token id="t82" trans="%." type="punc">
    <tok_dipl id="t82_d1" trans="%." utf="·"/>
    <tok_anno ascii="." id="t82_m1" trans="%." utf="·">
      <pos tag="$_"/>
      <pos_gen tag="$_"/>
    </tok_anno>
  </token>
  <token id="t83" trans="$o" type="token">
    <tok_dipl id="t83_d1" trans="$o" utf="ſo"/>
    <tok_anno ascii="so" id="t83_m1" trans="$o" utf="ſo">
      <norm tag="sô"/>
      <lemma tag="sô"/>
      <lemma_gen tag="sô"/>
      <lemma_idmwb tag="154164000"/>
      <pos tag="AVD"/>
      <pos_gen tag="AVD-KO"/>
      <infl tag="--"/>
      <inflClass tag="--"/>
      <inflClass_gen tag="--"/>
    </tok_anno>
  </token>
  <token id="t84" trans="vngeliche(:)" type="token">
    <tok_dipl id="t84_d1" trans="vngeliche" utf="vngeliche"/>
    <tok_anno ascii="vngeliche" id="t84_m1" trans="vngeliche" utf="vngeliche">
      <norm tag="ungelîche"/>
      <lemma tag="un-ge-lîche"/>
      <lemma_gen tag="un-ge-lîche"/>
      <lemma_idmwb tag="186453000"/>
      <pos tag="AVD"/>
      <pos_gen tag="AVD"/>
      <infl tag="--"/>
      <inflClass tag="--"/>
      <inflClass_gen tag="--"/>
      <punc tag="DE"/>
    </tok_anno>
  </token>
  <token id="t85" trans="." type="punc">
    <tok_dipl id="t85_d1" trans="." utf="."/>
    <tok_anno ascii="." id="t85_m1" trans="." utf=".">
      <pos tag="$_"/>
      <pos_gen tag="$_"/>
      <punc tag="$E"/>
    </tok_anno>
  </token>
  <token id="t86" trans="O$tern" type="token">
    <tok_dipl id="t86_d1" trans="O$tern" utf="Oſtern"/>
    <tok_anno ascii="Ostern" id="t86_m1" trans="O$tern" utf="Oſtern">
      <norm tag="ôster"/>
      <lemma tag="ôster(e)"/>
      <lemma_gen tag="ôster(e)"/>
      <lemma_idmwb tag="124896000"/>
      <pos tag="NA"/>
      <pos_gen tag="NA"/>
      <infl tag="Nom.Sg"/>
      <inflClass tag="*.Fem"/>
      <inflClass_gen tag="*.Fem"/>
    </tok_anno>
  </token>
  <token id="t87" trans="Vnde" type="token">
    <tok_dipl id="t87_d1" trans="Vnde" utf="Vnde"/>
    <tok_anno ascii="Vnde" id="t87_m1" trans="Vnde" utf="Vnde">
      <norm tag="unde"/>
      <lemma tag="unte"/>
      <lemma_gen tag="unte"/>
      <lemma_idmwb tag="183108000"/>
      <pos tag="KON"/>
      <pos_gen tag="KO"/>
      <infl tag="--"/>
      <inflClass tag="--"/>
      <inflClass_gen tag="--"/>
    </tok_anno>
  </token>
  <comment type="K">/K[Vnde: {V} ist überhöhte Minuskel]</comment>
  <token id="t88" trans="div" type="token">
    <tok_dipl id="t88_d1" trans="div" utf="div"/>
    <tok_anno ascii="div" id="t88_m1" trans="div" utf="div">
      <norm tag="diu"/>
      <lemma tag="dër"/>
      <lemma_gen tag="dër"/>
      <lemma_idmwb tag="29817000"/>
      <pos tag="DDART"/>
      <pos_gen tag="DD"/>
      <infl tag="Fem.Nom.Sg"/>
      <inflClass tag="--"/>
      <inflClass_gen tag="--"/>
    </tok_anno>
  </token>
  <token id="t89" trans="frone" type="token">
    <tok_dipl id="t89_d1" trans="frone" utf="frone"/>
    <tok_anno ascii="frone" id="t89_m1" trans="frone" utf="frone">
      <norm tag="vrône"/>
      <lemma tag="vrôn(e)"/>
      <lemma_gen tag="vrôn(e)"/>
      <lemma_idmwb tag="216357000"/>
      <pos tag="ADJA"/>
      <pos_gen tag="ADJ"/>
      <infl tag="Pos.Fem.Nom.Sg.0"/>
      <inflClass tag="--"/>
      <inflClass_gen tag="--"/>
    </tok_anno>
  </token>
  <token id="t90" trans="vffart" type="token">
    <tok_dipl id="t90_d1" trans="vffart" utf="vffart"/>
    <tok_anno ascii="vffart" id="t90_m1" trans="vffart" utf="vffart">
      <norm tag="ûfvart"/>
      <lemma tag="ûf-vart"/>
      <lemma_gen tag="ûf-vart"/>
      <lemma_idmwb tag="179952000"/>
      <pos tag="NA"/>
      <pos_gen tag="NA"/>
      <infl tag="Nom.Sg"/>
      <inflClass tag="stu.Fem"/>
      <inflClass_gen tag="stu.Fem"/>
    </tok_anno>
  </token>
  <token id="t91" trans="." type="punc">
    <tok_dipl id="t91_d1" trans="." utf="."/>
    <tok_anno ascii="." id="t91_m1" trans="." utf=".">
      <pos tag="$_"/>
      <pos_gen tag="$_"/>
    </tok_anno>
  </token>
  <token id="t92" trans="Vnde" type="token">
    <tok_dipl id="t92_d1" trans="Vnde" utf="Vnde"/>
    <tok_anno ascii="Vnde" id="t92_m1" trans="Vnde" utf="Vnde">
      <norm tag="unde"/>
      <lemma tag="unte"/>
      <lemma_gen tag="unte"/>
      <lemma_idmwb tag="183108000"/>
      <pos tag="KON"/>
      <pos_gen tag="KO"/>
      <infl tag="--"/>
      <inflClass tag="--"/>
      <inflClass_gen tag="--"/>
    </tok_anno>
  </token>
  <comment type="K">/K[Vnde: {V} ist überhöhte Minuskel]</comment>
  <token id="t93" trans="phinch$ten(?)&quot;" type="token">
    <tok_dipl id="t93_d1" trans="phinch$ten" utf="phinchſten"/>
    <tok_anno ascii="phinchsten" id="t93_m1" trans="phinch$ten" utf="phinchſten">
      <norm tag="pfingeste"/>
      <lemma tag="pfingeste"/>
      <lemma_gen tag="pfingeste"/>
      <lemma_idmwb tag="127881000"/>
      <pos tag="NA"/>
      <pos_gen tag="NA"/>
      <infl tag="Nom.Sg"/>
      <inflClass tag="*.Fem"/>
      <inflClass_gen tag="*.Fem"/>
      <punc tag="QE"/>
    </tok_anno>
  </token>
  <token id="t94" trans="der" type="token">
    <tok_dipl id="t94_d1" trans="der" utf="der"/>
    <tok_anno ascii="der" id="t94_m1" trans="der" utf="der">
      <norm tag="der"/>
      <lemma tag="dër"/>
      <lemma_gen tag="dër"/>
      <lemma_idmwb tag="29817000"/>
      <pos tag="DDART"/>
      <pos_gen tag="DD"/>
      <infl tag="Masc.Nom.Sg"/>
      <inflClass tag="--"/>
      <inflClass_gen tag="--"/>
    </tok_anno>
  </token>
  <token id="t95" trans="M(:)" type="token">
    <tok_dipl id="t95_d1" trans="M" utf="M"/>
    <tok_anno ascii="M" id="t95_m1" trans="M" utf="M">
      <norm tag="meister"/>
      <lemma tag="mèister"/>
      <lemma_gen tag="mèister"/>
      <lemma_idmwb tag="109737000"/>
      <pos tag="NA"/>
      <pos_gen tag="NA"/>
      <infl tag="Nom.Sg"/>
      <inflClass tag="st.Masc"/>
      <inflClass_gen tag="st.Masc"/>
      <punc tag="DE"/>
    </tok_anno>
  </token>
  <token id="t96" trans="." type="punc">
    <tok_dipl id="t96_d1" trans="." utf="."/>
    <tok_anno ascii="." id="t96_m1" trans="." utf=".">
      <pos tag="$_"/>
      <pos_gen tag="$_"/>
      <punc tag="$E"/>
    </tok_anno>
  </token>
  <token id="t97" trans="&quot;Die||ne" type="token">
    <tok_dipl id="t97_d1" trans="Diene" utf="Diene"/>
    <tok_anno ascii="Die" id="t97_m1" trans="Die|" utf="Die">
      <norm tag="die"/>
      <token_type tag="MS1"/>
      <lemma tag="dër"/>
      <lemma_gen tag="dër"/>
      <lemma_idmwb tag="29823000"/>
      <pos tag="DDS"/>
      <pos_gen tag="DD"/>
      <infl tag="*.Nom.Pl"/>
      <inflClass tag="--"/>
      <inflClass_gen tag="--"/>
    </tok_anno>
    <tok_anno ascii="ne" id="t97_m2" trans="|ne" utf="ne">
      <norm tag="ne"/>
      <token_type tag="MS2"/>
      <lemma tag="ne"/>
      <lemma_gen tag="ne"/>
      <lemma_idmwb tag="119841000"/>
      <pos tag="PTKNEG"/>
      <pos_gen tag="PTK"/>
      <infl tag="--"/>
      <inflClass tag="--"/>
      <inflClass_gen tag="--"/>
    </tok_anno>
  </token>
  <comment type="K">/K[Die||ne: {D} ist überhöhte Minuskel]</comment>
  <token id="t98" trans="choment" type="token">
    <tok_dipl id="t98_d1" trans="choment" utf="choment"/>
    <tok_anno ascii="choment" id="t98_m1" trans="choment" utf="choment">
      <norm tag="koment"/>
      <lemma tag="komen"/>
      <lemma_gen tag="komen"/>
      <lemma_idmwb tag="93168000"/>
      <pos tag="VVFIN"/>
      <pos_gen tag="VV"/>
      <infl tag="Ind.Pres.Pl.3"/>
      <inflClass tag="st4"/>
      <inflClass_gen tag="st4"/>
    </tok_anno>
  </token>
  <token id="t99" trans="niht" type="token">
    <tok_dipl id="t99_d1" trans="niht" utf="niht"/>
    <tok_anno ascii="niht" id="t99_m1" trans="niht" utf="niht">
      <norm tag="niht"/>
      <lemma tag="niht"/>
      <lemma_gen tag="niht"/>
      <lemma_idmwb tag="121446000"/>
      <pos tag="PTKNEG"/>
      <pos_gen tag="PI"/>
      <infl tag="--"/>
      <inflClass tag="--"/>
      <inflClass_gen tag="--"/>
    </tok_anno>
  </token>
  <token id="t100" trans="vngeliche,," type="token">
    <tok_dipl id="t100_d1" trans="vngeliche" utf="vngeliche"/>
    <tok_anno ascii="vngeliche" id="t100_m1" trans="vngeliche" utf="vngeliche">
      <norm tag="ungelîche"/>
      <lemma tag="un-ge-lîche"/>
      <lemma_gen tag="un-ge-lîche"/>
      <lemma_idmwb tag="186453000"/>
      <pos tag="AVD"/>
      <pos_gen tag="AVD"/>
      <infl tag="--"/>
      <inflClass tag="--"/>
      <inflClass_gen tag="--"/>
      <punc tag="S*"/>
    </tok_anno>
  </token>
  <token id="t101" trans="wan" type="token">
    <tok_dipl id="t101_d1" trans="wan" utf="wan"/>
    <tok_anno ascii="wan" id="t101_m1" trans="wan" utf="wan">
      <norm tag="wan"/>
      <lemma tag="wante"/>
      <lemma_gen tag="wante"/>
      <lemma_idmwb tag="221532000"/>
      <pos tag="KO*"/>
      <pos_gen tag="KO"/>
      <infl tag="--"/>
      <inflClass tag="--"/>
      <inflClass_gen tag="--"/>
    </tok_anno>
  </token>
  <token id="t102" trans="wir" type="token">
    <tok_dipl id="t102_d1" trans="wir" utf="wir"/>
    <tok_anno ascii="wir" id="t102_m1" trans="wir" utf="wir">
      <norm tag="wir"/>
      <lemma tag="wir"/>
      <lemma_gen tag="wir"/>
      <lemma_idmwb tag="231441000"/>
      <pos tag="PPER"/>
      <pos_gen tag="PPER"/>
      <infl tag="Nom.Pl.1"/>
      <inflClass tag="--"/>
      <inflClass_gen tag="--"/>
    </tok_anno>
  </token>
  <token id="t103" trans="in||haben" type="token">
    <tok_dipl id="t103_d1" trans="inhaben" utf="inhaben"/>
    <tok_anno ascii="in" id="t103_m1" trans="in|" utf="in">
      <norm tag="en"/>
      <token_type tag="MS1"/>
      <lemma tag="ne"/>
      <lemma_gen tag="ne"/>
      <lemma_idmwb tag="119841000"/>
      <pos tag="PTKNEG"/>
      <pos_gen tag="PTK"/>
      <infl tag="--"/>
      <inflClass tag="--"/>
      <inflClass_gen tag="--"/>
    </tok_anno>
    <tok_anno ascii="haben" id="t103_m2" trans="|haben" utf="haben">
      <norm tag="haben"/>
      <token_type tag="MS2"/>
      <lemma tag="haben"/>
      <lemma_gen tag="haben"/>
      <lemma_idmwb tag="66885000"/>
      <pos tag="VAFIN"/>
      <pos_gen tag="VA"/>
      <infl tag="Ind.Pres.Pl.3"/>
      <inflClass tag="wk"/>
      <inflClass_gen tag="wk"/>
    </tok_anno>
  </token>
  <token id="t104" trans="an||der" type="token">
    <tok_dipl id="t104_d1" trans="ander" utf="ander"/>
    <tok_anno ascii="an" id="t104_m1" trans="an|" utf="an">
      <norm tag="an"/>
      <token_type tag="MS1"/>
      <lemma tag="ane"/>
      <lemma_gen tag="ane"/>
      <lemma_idmwb tag="5691000"/>
      <pos tag="APPR"/>
      <pos_gen tag="AP"/>
      <infl tag="--"/>
      <inflClass tag="--"/>
      <inflClass_gen tag="--"/>
    </tok_anno>
    <tok_anno ascii="der" id="t104_m2" trans="|der" utf="der">
      <norm tag="der"/>
      <token_type tag="MS2"/>
      <lemma tag="dër"/>
      <lemma_gen tag="dër"/>
      <lemma_idmwb tag="29817000"/>
      <pos tag="DDART"/>
      <pos_gen tag="DD"/>
      <infl tag="Fem.Dat.Sg"/>
      <inflClass tag="--"/>
      <inflClass_gen tag="--"/>
    </tok_anno>
  </token>
  <token id="t105" trans="ordinu\-ge" type="token">
    <tok_dipl id="t105_d1" trans="ordinu\-ge" utf="ordinūge"/>
    <tok_anno ascii="ordinunge" id="t105_m1" trans="ordinu\-ge" utf="ordinūge">
      <norm tag="ordenunge"/>
      <lemma tag="ordenunge"/>
      <lemma_gen tag="ordenunge"/>
      <lemma_idmwb tag="124344000"/>
      <pos tag="NA"/>
      <pos_gen tag="NA"/>
      <infl tag="Dat.Sg"/>
      <inflClass tag="st.Fem"/>
      <inflClass_gen tag="*.Fem"/>
    </tok_anno>
  </token>
  <token id="t106" trans="in" type="token">
    <tok_dipl id="t106_d1" trans="in" utf="in"/>
    <tok_anno ascii="in" id="t106_m1" trans="in" utf="in">
      <norm tag="in"/>
      <lemma tag="in"/>
      <lemma_gen tag="in"/>
      <lemma_idmwb tag="81741000"/>
      <pos tag="APPR"/>
      <pos_gen tag="AP"/>
      <infl tag="--"/>
      <inflClass tag="--"/>
      <inflClass_gen tag="--"/>
    </tok_anno>
  </token>
  <token id="t107" trans="dem" type="token">
    <tok_dipl id="t107_d1" trans="dem" utf="dem"/>
    <tok_anno ascii="dem" id="t107_m1" trans="dem" utf="dem">
      <norm tag="dem"/>
      <lemma tag="dër"/>
      <lemma_gen tag="dër"/>
      <lemma_idmwb tag="29817000"/>
      <pos tag="DDART"/>
      <pos_gen tag="DD"/>
      <infl tag="Neut.Dat.Sg"/>
      <inflClass tag="--"/>
      <inflClass_gen tag="--"/>
    </tok_anno>
  </token>
  <token id="t108" trans="iare" type="token">
    <tok_dipl id="t108_d1" trans="iare" utf="iare"/>
    <tok_anno ascii="iare" id="t108_m1" trans="iare" utf="iare">
      <norm tag="jâre"/>
      <lemma tag="jâr"/>
      <lemma_gen tag="jâr"/>
      <lemma_idmwb tag="85176000"/>
      <pos tag="NA"/>
      <pos_gen tag="NA"/>
      <infl tag="Dat.Sg"/>
      <inflClass tag="st.Neut"/>
      <inflClass_gen tag="st.Neut"/>
    </tok_anno>
  </token>
  <token id="t109" trans="niht" type="token">
    <tok_dipl id="t109_d1" trans="niht" utf="niht"/>
    <tok_anno ascii="niht" id="t109_m1" trans="niht" utf="niht">
      <norm tag="niht"/>
      <lemma tag="niht"/>
      <lemma_gen tag="niht"/>
      <lemma_idmwb tag="121446000"/>
      <pos tag="PTKNEG"/>
      <pos_gen tag="PI"/>
      <infl tag="--"/>
      <inflClass tag="--"/>
      <inflClass_gen tag="--"/>
    </tok_anno>
  </token>
  <token id="t110" trans="$o" type="token">
    <tok_dipl id="t110_d1" trans="$o" utf="ſo"/>
    <tok_anno ascii="so" id="t110_m1" trans="$o" utf="ſo">
      <norm tag="sô"/>
      <lemma tag="sô"/>
      <lemma_gen tag="sô"/>
      <lemma_idmwb tag="154164000"/>
      <pos tag="AVD"/>
      <pos_gen tag="AVD-KO"/>
      <infl tag="--"/>
      <inflClass tag="--"/>
      <inflClass_gen tag="--"/>
    </tok_anno>
  </token>
  <token id="t111" trans="giwi$,," type="token">
    <tok_dipl id="t111_d1" trans="giwi$" utf="giwiſ"/>
    <tok_anno ascii="giwis" id="t111_m1" trans="giwi$" utf="giwiſ">
      <norm tag="gewis"/>
      <lemma tag="ge-wiss"/>
      <lemma_gen tag="ge-wiss"/>
      <lemma_idmwb tag="60537000"/>
      <pos tag="ADJD"/>
      <pos_gen tag="ADJ"/>
      <infl tag="Pos....0"/>
      <inflClass tag="--"/>
      <inflClass_gen tag="--"/>
      <punc tag="S*"/>
    </tok_anno>
  </token>
  <token id="t112" trans="." type="punc">
    <tok_dipl id="t112_d1" trans="." utf="."/>
    <tok_anno ascii="." id="t112_m1" trans="." utf=".">
      <pos tag="$_"/>
      <pos_gen tag="$_"/>
    </tok_anno>
  </token>
  <token id="t113" trans="$o||die" type="token">
    <tok_dipl id="t113_d1" trans="$odie" utf="ſodie"/>
    <tok_anno ascii="so" id="t113_m1" trans="$o|" utf="ſo">
      <norm tag="sô"/>
      <token_type tag="MS1"/>
      <lemma tag="sô"/>
      <lemma_gen tag="sô"/>
      <lemma_idmwb tag="154164000"/>
      <pos tag="KO*"/>
      <pos_gen tag="KO"/>
      <infl tag="--"/>
      <inflClass tag="--"/>
      <inflClass_gen tag="--"/>
    </tok_anno>
    <tok_anno ascii="die" id="t113_m2" trans="|die" utf="die">
      <norm tag="die"/>
      <token_type tag="MS2"/>
      <lemma tag="dër"/>
      <lemma_gen tag="dër"/>
      <lemma_idmwb tag="29817000"/>
      <pos tag="DDART"/>
      <pos_gen tag="DD"/>
      <infl tag="Fem.Nom.Sg"/>
      <inflClass tag="--"/>
      <inflClass_gen tag="--"/>
    </tok_anno>
  </token>
  <token id="t114" trans="lune(.)" type="token">
    <tok_dipl id="t114_d1" trans="lune" utf="lune"/>
    <tok_anno ascii="lune" id="t114_m1" trans="lune" utf="lune">
      <norm tag="lûne"/>
      <lemma tag="lûne"/>
      <lemma_gen tag="lûne"/>
      <lemma_idmwb tag="105894000"/>
      <pos tag="NA"/>
      <pos_gen tag="NA"/>
      <infl tag="Nom.Sg"/>
      <inflClass tag="*.Fem"/>
      <inflClass_gen tag="*.Fem"/>
      <punc tag="DE"/>
    </tok_anno>
  </token>
  <token id="t115" trans="." type="punc">
    <tok_dipl id="t115_d1" trans="." utf="."/>
    <tok_anno ascii="." id="t115_m1" trans="." utf=".">
      <pos tag="$_"/>
      <pos_gen tag="$_"/>
      <punc tag="$E"/>
    </tok_anno>
  </token>
  <token id="t116" trans="Swie" type="token">
    <tok_dipl id="t116_d1" trans="Swie" utf="Swie"/>
    <tok_anno ascii="Swie" id="t116_m1" trans="Swie" utf="Swie">
      <norm tag="swie"/>
      <lemma tag="swiè"/>
      <lemma_gen tag="swiè"/>
      <lemma_idmwb tag="165753000"/>
      <pos tag="AVG"/>
      <pos_gen tag="AVG"/>
      <infl tag="--"/>
      <inflClass tag="--"/>
      <inflClass_gen tag="--"/>
    </tok_anno>
  </token>
  <token id="t117" trans="$ich" type="token">
    <tok_dipl id="t117_d1" trans="$ich" utf="ſich"/>
    <tok_anno ascii="sich" id="t117_m1" trans="$ich" utf="ſich">
      <norm tag="sich"/>
      <lemma tag="sich"/>
      <lemma_gen tag="sich"/>
      <lemma_idmwb tag="149205000"/>
      <pos tag="PRF"/>
      <pos_gen tag="PRF"/>
      <infl tag="Akk"/>
      <inflClass tag="--"/>
      <inflClass_gen tag="--"/>
    </tok_anno>
  </token>
  <token id="t118" trans="daz" type="token">
    <tok_dipl id="t118_d1" trans="daz" utf="daz"/>
    <tok_anno ascii="daz" id="t118_m1" trans="daz" utf="daz">
      <norm tag="daz"/>
      <lemma tag="dër"/>
      <lemma_gen tag="dër"/>
      <lemma_idmwb tag="29823000"/>
      <pos tag="DDS"/>
      <pos_gen tag="DD"/>
      <infl tag="Neut.Nom.Sg"/>
      <inflClass tag="--"/>
      <inflClass_gen tag="--"/>
    </tok_anno>
  </token>
  <token id="t119" trans="virwandelet,," type="token">
    <tok_dipl id="t119_d1" trans="virwandelet" utf="virwandelet"/>
    <tok_anno ascii="virwandelet" id="t119_m1" trans="virwandelet" utf="virwandelet">
      <norm tag="verwandelet"/>
      <lemma tag="ver-wantel(e)n"/>
      <lemma_gen tag="ver-wantel(e)n"/>
      <lemma_idmwb tag="207009000"/>
      <pos tag="VVFIN"/>
      <pos_gen tag="VV"/>
      <infl tag="Ind.Pres.Sg.3"/>
      <inflClass tag="wk"/>
      <inflClass_gen tag="wk"/>
      <punc tag="S*"/>
    </tok_anno>
  </token>
  <token id="t120" trans="." type="punc">
    <tok_dipl id="t120_d1" trans="." utf="."/>
    <tok_anno ascii="." id="t120_m1" trans="." utf=".">
      <pos tag="$_"/>
      <pos_gen tag="$_"/>
    </tok_anno>
  </token>
  <token id="t121" trans="$o" type="token">
    <tok_dipl id="t121_d1" trans="$o" utf="ſo"/>
    <tok_anno ascii="so" id="t121_m1" trans="$o" utf="ſo">
      <norm tag="sô"/>
      <lemma tag="sô"/>
      <lemma_gen tag="sô"/>
      <lemma_idmwb tag="154164000"/>
      <pos tag="AVD"/>
      <pos_gen tag="AVD-KO"/>
      <infl tag="--"/>
      <inflClass tag="--"/>
      <inflClass_gen tag="--"/>
    </tok_anno>
  </token>
  <token id="t122" trans="vir#wandelet" type="token">
    <tok_dipl id="t122_d1" trans="vir" utf="vir"/>
    <tok_dipl id="t122_d2" trans="wandelet" utf="wandelet"/>
    <tok_anno ascii="virwandelet" id="t122_m1" trans="vir#wandelet" utf="virwandelet">
      <norm tag="verwandelet"/>
      <token_type tag="US"/>
      <lemma tag="ver-wantel(e)n"/>
      <lemma_gen tag="ver-wantel(e)n"/>
      <lemma_idmwb tag="207009000"/>
      <pos tag="VVFIN"/>
      <pos_gen tag="VV"/>
      <infl tag="Ind.Pres.Sg.3"/>
      <inflClass tag="wk"/>
      <inflClass_gen tag="wk"/>
    </tok_anno>
  </token>
  <token id="t123" trans="$ich" type="token">
    <tok_dipl id="t123_d1" trans="$ich" utf="ſich"/>
    <tok_anno ascii="sich" id="t123_m1" trans="$ich" utf="ſich">
      <norm tag="sich"/>
      <lemma tag="sich"/>
      <lemma_gen tag="sich"/>
      <lemma_idmwb tag="149205000"/>
      <pos tag="PRF"/>
      <pos_gen tag="PRF"/>
      <infl tag="Akk"/>
      <inflClass tag="--"/>
      <inflClass_gen tag="--"/>
    </tok_anno>
  </token>
  <token id="t124" trans="div" type="token">
    <tok_dipl id="t124_d1" trans="div" utf="div"/>
    <tok_anno ascii="div" id="t124_m1" trans="div" utf="div">
      <norm tag="diu"/>
      <lemma tag="dër"/>
      <lemma_gen tag="dër"/>
      <lemma_idmwb tag="29823000"/>
      <pos tag="DDS"/>
      <pos_gen tag="DD"/>
      <infl tag="Fem.Nom.Sg"/>
      <inflClass tag="--"/>
      <inflClass_gen tag="--"/>
    </tok_anno>
  </token>
  <token id="t125" trans="lune" type="token">
    <tok_dipl id="t125_d1" trans="lune" utf="lune"/>
    <tok_anno ascii="lune" id="t125_m1" trans="lune" utf="lune">
      <norm tag="lûne"/>
      <lemma tag="lûne"/>
      <lemma_gen tag="lûne"/>
      <lemma_idmwb tag="105894000"/>
      <pos tag="NA"/>
      <pos_gen tag="NA"/>
      <infl tag="Nom.Sg"/>
      <inflClass tag="*.Fem"/>
      <inflClass_gen tag="*.Fem"/>
    </tok_anno>
  </token>
  <token id="t126" trans="nimer(.)" type="token">
    <tok_dipl id="t126_d1" trans="nimer" utf="nimer"/>
    <tok_anno ascii="nimer" id="t126_m1" trans="nimer" utf="nimer">
      <norm tag="niemer"/>
      <lemma tag="nièmer"/>
      <lemma_gen tag="nièmer"/>
      <lemma_idmwb tag="121290000"/>
      <pos tag="AVD"/>
      <pos_gen tag="AVD"/>
      <infl tag="--"/>
      <inflClass tag="--"/>
      <inflClass_gen tag="--"/>
      <punc tag="DE"/>
    </tok_anno>
  </token>
  <token id="t127" trans="von" type="token">
    <tok_dipl id="t127_d1" trans="von" utf="von"/>
    <tok_anno ascii="von" id="t127_m1" trans="von" utf="von">
      <norm tag="von"/>
      <lemma tag="von(e)"/>
      <lemma_gen tag="von(e)"/>
      <lemma_idmwb tag="???"/>
      <pos tag="APPR"/>
      <pos_gen tag="AP"/>
      <infl tag="--"/>
      <inflClass tag="--"/>
      <inflClass_gen tag="--"/>
    </tok_anno>
  </token>
  <token id="t128" trans="do" type="token">
    <tok_dipl id="t128_d1" trans="do" utf="do"/>
    <tok_anno ascii="do" id="t128_m1" trans="do" utf="do">
      <norm tag="dâ"/>
      <lemma tag="dâr"/>
      <lemma_gen tag="dâr"/>
      <lemma_idmwb tag="28932000"/>
      <pos tag="AVD"/>
      <pos_gen tag="AVD"/>
      <infl tag="--"/>
      <inflClass tag="--"/>
      <inflClass_gen tag="--"/>
    </tok_anno>
  </token>
  <comment type="K">/K[do: Loch im Pergament ohne Textverlust]</comment>
  <token id="t129" trans="bigen" type="token">
    <tok_dipl id="t129_d1" trans="bigen" utf="bigen"/>
    <tok_anno ascii="bigen" id="t129_m1" trans="bigen" utf="bigen">
      <norm tag="begên"/>
      <lemma tag="be-gân"/>
      <lemma_gen tag="be-gân"/>
      <lemma_idmwb tag="12654000"/>
      <pos tag="VVFIN"/>
      <pos_gen tag="VV"/>
      <infl tag="*.Pres.Pl.1"/>
      <inflClass tag="irr"/>
      <inflClass_gen tag="irr"/>
    </tok_anno>
  </token>
  <token id="t130" trans="wir" type="token">
    <tok_dipl id="t130_d1" trans="wir" utf="wir"/>
    <tok_anno ascii="wir" id="t130_m1" trans="wir" utf="wir">
      <norm tag="wir"/>
      <lemma tag="wir"/>
      <lemma_gen tag="wir"/>
      <lemma_idmwb tag="231441000"/>
      <pos tag="PPER"/>
      <pos_gen tag="PPER"/>
      <infl tag="Nom.Pl.1"/>
      <inflClass tag="--"/>
      <inflClass_gen tag="--"/>
    </tok_anno>
  </token>
  <token id="t131" trans="die" type="token">
    <tok_dipl id="t131_d1" trans="die" utf="die"/>
    <tok_anno ascii="die" id="t131_m1" trans="die" utf="die">
      <norm tag="die"/>
      <lemma tag="dër"/>
      <lemma_gen tag="dër"/>
      <lemma_idmwb tag="29817000"/>
      <pos tag="DDART"/>
      <pos_gen tag="DD"/>
      <infl tag="*.Akk.Pl"/>
      <inflClass tag="--"/>
      <inflClass_gen tag="--"/>
    </tok_anno>
  </token>
  <token id="t132" trans="zite" type="token">
    <tok_dipl id="t132_d1" trans="zite" utf="zite"/>
    <tok_anno ascii="zite" id="t132_m1" trans="zite" utf="zite">
      <norm tag="zîte"/>
      <lemma tag="zît"/>
      <lemma_gen tag="zît"/>
      <lemma_idmwb tag="239292000"/>
      <pos tag="NA"/>
      <pos_gen tag="NA"/>
      <infl tag="Akk.Pl"/>
      <inflClass tag="st.Fem,Neut"/>
      <inflClass_gen tag="st.Fem,Neut"/>
    </tok_anno>
  </token>
  <token id="t133" trans="iemer(.)" type="token">
    <tok_dipl id="t133_d1" trans="iemer" utf="iemer"/>
    <tok_anno ascii="iemer" id="t133_m1" trans="iemer" utf="iemer">
      <norm tag="iemer"/>
      <lemma tag="ièmer"/>
      <lemma_gen tag="ièmer"/>
      <lemma_idmwb tag="81339000"/>
      <pos tag="AVD"/>
      <pos_gen tag="AVD"/>
      <infl tag="--"/>
      <inflClass tag="--"/>
      <inflClass_gen tag="--"/>
      <punc tag="DE"/>
    </tok_anno>
  </token>
</text>
