<?xml version='1.0' encoding='UTF-8'?>
<!DOCTYPE text SYSTEM "cora-xml.dtd">
<text id="M141">
  <header>
    <text>Die Mariensequenz aus St. Lambrecht (Seckau)</text>
    <abbr_ddd>MarseqS</abbr_ddd>
    <abbr_mwb>MarseqS</abbr_mwb>
    <topic>Religion, Poesie</topic>
    <text-type>Mariendichtung</text-type>
    <genre>V</genre>
    <reference>Vers nach Maurer</reference>
    <reference-secondary>Hs.: Blatt (r/v), Zeile</reference-secondary>
    <library>Graz, Universitätsbibl.</library>
    <library-shelfmark>Cod. 287</library-shelfmark>
    <online>http://www.handschriftencensus.de/1405</online>
    <medium>Handschrift</medium>
    <extent>8v</extent>
    <extract>-</extract>
    <language>mhd</language>
    <language-type>oberdeutsch</language-type>
    <language-region>ostoberdeutsch</language-region>
    <language-area>bairisch</language-area>
    <place>-</place>
    <time>13,1</time>
    <notes-manuscript>illustriert</notes-manuscript>
    <date>-</date>
    <text-place>-</text-place>
    <text-author>-</text-author>
    <text-language>-</text-language>
    <text-source>-</text-source>
    <edition>Friedrich Maurer (Hrsg.): Die religiösen Dichtungen des 11. und 12. Jahrhunderts. Tübingen 1964, Bd. I, S. 465f.</edition>
    <corpus>ReM I</corpus>
    <notes-transcription>-</notes-transcription>
    <notes-annotation>-</notes-annotation>
    <digitization_by>Bochum</digitization_by>
    <collation_by>Bochum</collation_by>
    <pre_editing_by>Bochum</pre_editing_by>
    <annotation_by>Bochum</annotation_by>
    <proofreading_by>Bochum</proofreading_by>
  </header>
  <layoutinfo>
    <page id="p1" no="0" range="c1"/>
    <column id="c1" range="l1..l38"/>
    <line id="l1" name="1" range="t1_d1..t8_d1" loc="0a,1"/>
    <line id="l2" name="2" range="t9_d1..t13_d1" loc="0a,2"/>
    <line id="l3" name="3" range="t14_d1..t17_d1" loc="0a,3"/>
    <line id="l4" name="4" range="t18_d1..t21_d1" loc="0a,4"/>
    <line id="l5" name="5" range="t22_d1..t24_d1" loc="0a,5"/>
    <line id="l6" name="6" range="t25_d1..t30_d1" loc="0a,6"/>
    <line id="l7" name="7" range="t31_d1..t34_d1" loc="0a,7"/>
    <line id="l8" name="8" range="t35_d1..t37_d1" loc="0a,8"/>
    <line id="l9" name="9" range="t38_d1..t42_d1" loc="0a,9"/>
    <line id="l10" name="10" range="t43_d1..t46_d1" loc="0a,10"/>
    <line id="l11" name="11" range="t47_d1..t52_d1" loc="0a,11"/>
    <line id="l12" name="12" range="t53_d1..t55_d1" loc="0a,12"/>
    <line id="l13" name="13" range="t56_d1..t58_d1" loc="0a,13"/>
    <line id="l14" name="14" range="t59_d1..t64_d1" loc="0a,14"/>
    <line id="l15" name="15" range="t65_d1..t72_d1" loc="0a,15"/>
    <line id="l16" name="16" range="t73_d1..t78_d1" loc="0a,16"/>
    <line id="l17" name="17" range="t79_d1..t83_d1" loc="0a,17"/>
    <line id="l18" name="18" range="t84_d1..t88_d1" loc="0a,18"/>
    <line id="l19" name="19" range="t89_d1..t94_d1" loc="0a,19"/>
    <line id="l20" name="20" range="t95_d1..t98_d1" loc="0a,20"/>
    <line id="l21" name="21" range="t99_d1..t104_d1" loc="0a,21"/>
    <line id="l22" name="22" range="t105_d1..t109_d1" loc="0a,22"/>
    <line id="l23" name="23" range="t110_d1..t114_d1" loc="0a,23"/>
    <line id="l24" name="24" range="t115_d1..t118_d1" loc="0a,24"/>
    <line id="l25" name="25" range="t119_d1..t124_d1" loc="0a,25"/>
    <line id="l26" name="26" range="t125_d1..t128_d1" loc="0a,26"/>
    <line id="l27" name="27" range="t129_d1..t136_d1" loc="0a,27"/>
    <line id="l28" name="28" range="t137_d1..t144_d1" loc="0a,28"/>
    <line id="l29" name="29" range="t145_d1..t151_d1" loc="0a,29"/>
    <line id="l30" name="30" range="t152_d1..t161_d1" loc="0a,30"/>
    <line id="l31" name="31" range="t162_d1..t167_d1" loc="0a,31"/>
    <line id="l32" name="32" range="t168_d1..t172_d1" loc="0a,32"/>
    <line id="l33" name="33" range="t173_d1..t177_d1" loc="0a,33"/>
    <line id="l34" name="34" range="t178_d1..t185_d1" loc="0a,34"/>
    <line id="l35" name="35" range="t186_d1..t187_d1" loc="0a,35"/>
    <line id="l36" name="36" range="t188_d1..t190_d1" loc="0a,36"/>
    <line id="l37" name="37" range="t191_d1..t194_d1" loc="0a,37"/>
    <line id="l38" name="38" range="t195_d1..t200_d1" loc="0a,38"/>
  </layoutinfo>
  <shifttags>
    <quote range="t165_m1..t184_m1"/>
    <paren range="t187_m1..t189_m1"/>
  </shifttags>
  <token id="t1" trans="÷{A÷}ve,," type="token">
    <tok_dipl id="t1_d1" trans="÷{A÷}ve" utf="Ave"/>
    <tok_anno ascii="Ave" id="t1_m1" trans="÷{A÷}ve" utf="Ave">
      <norm tag="ave"/>
      <lemma tag="ave"/>
      <lemma_gen tag="ave"/>
      <lemma_idmwb tag="--"/>
      <pos tag="ITJ"/>
      <pos_gen tag="FM"/>
      <infl tag="--"/>
      <inflClass tag="--"/>
      <inflClass_gen tag="--"/>
      <punc tag="S*"/>
    </tok_anno>
  </token>
  <comment type="K">/K[*{A*}ve: A ist rubr.]/K[*{A*}ve: A ist rubr.]</comment>
  <token id="t2" trans="dv" type="token">
    <tok_dipl id="t2_d1" trans="dv" utf="dv"/>
    <tok_anno ascii="dv" id="t2_m1" trans="dv" utf="dv">
      <norm tag="dû"/>
      <lemma tag="dû"/>
      <lemma_gen tag="dû"/>
      <lemma_idmwb tag="32607000"/>
      <pos tag="PPER"/>
      <pos_gen tag="PPER"/>
      <infl tag="Nom.Sg.2"/>
      <inflClass tag="--"/>
      <inflClass_gen tag="--"/>
    </tok_anno>
  </token>
  <token id="t3" trans="vil" type="token">
    <tok_dipl id="t3_d1" trans="vil" utf="vil"/>
    <tok_anno ascii="vil" id="t3_m1" trans="vil" utf="vil">
      <norm tag="vile"/>
      <lemma tag="vil(e)"/>
      <lemma_gen tag="vil(e)"/>
      <lemma_idmwb tag="208917000"/>
      <pos tag="AVD"/>
      <pos_gen tag="AVD"/>
      <infl tag="--"/>
      <inflClass tag="--"/>
      <inflClass_gen tag="--"/>
    </tok_anno>
  </token>
  <token id="t4" trans="$chonív" type="token">
    <tok_dipl id="t4_d1" trans="$chonív" utf="ſchonív"/>
    <tok_anno ascii="schoniv" id="t4_m1" trans="$chonív" utf="ſchonív">
      <norm tag="schoene"/>
      <lemma tag="schoène"/>
      <lemma_gen tag="schoène"/>
      <lemma_idmwb tag="144792000"/>
      <pos tag="ADJA"/>
      <pos_gen tag="ADJ"/>
      <infl tag="Pos.Fem.Nom.Sg.st"/>
      <inflClass tag="--"/>
      <inflClass_gen tag="--"/>
    </tok_anno>
  </token>
  <token id="t5" trans="Marís" type="token">
    <tok_dipl id="t5_d1" trans="Marís" utf="Marís"/>
    <tok_anno ascii="Maris" id="t5_m1" trans="Marís" utf="Marís">
      <norm tag="maris"/>
      <lemma tag="mare"/>
      <lemma_gen tag="mare"/>
      <lemma_idmwb tag="--"/>
      <pos tag="NA"/>
      <pos_gen tag="FM"/>
      <infl tag="Gen.Sg"/>
      <inflClass tag="Neut"/>
      <inflClass_gen tag="Neut"/>
    </tok_anno>
  </token>
  <token id="t6" trans="$tella" type="token">
    <tok_dipl id="t6_d1" trans="$tella" utf="ſtella"/>
    <tok_anno ascii="stella" id="t6_m1" trans="$tella" utf="ſtella">
      <norm tag="stella"/>
      <lemma tag="stella"/>
      <lemma_gen tag="stella"/>
      <lemma_idmwb tag="--"/>
      <pos tag="NA"/>
      <pos_gen tag="FM"/>
      <infl tag="Nom.Sg"/>
      <inflClass tag="Fem"/>
      <inflClass_gen tag="Fem"/>
    </tok_anno>
  </token>
  <token id="t7" trans="." type="punc">
    <tok_dipl id="t7_d1" trans="." utf="."/>
    <tok_anno ascii="." id="t7_m1" trans="." utf=".">
      <pos tag="$_"/>
      <pos_gen tag="$_"/>
    </tok_anno>
  </token>
  <token id="t8" trans="÷(Sequentia÷)" type="token">
    <tok_dipl id="t8_d1" trans="÷(Sequentia÷)" utf="Sequentia"/>
    <tok_anno ascii="Sequentia" id="t8_m1" trans="÷(Sequentia÷)" utf="Sequentia">
      <norm tag="--"/>
      <lemma tag="sequentia"/>
      <lemma_gen tag="sequentia"/>
      <lemma_idmwb tag="--"/>
      <pos tag="NA"/>
      <pos_gen tag="FM"/>
      <infl tag="Nom.Sg"/>
      <inflClass tag="Fem"/>
      <inflClass_gen tag="Fem"/>
    </tok_anno>
  </token>
  <token id="t9" trans="ce||$elden" type="token">
    <tok_dipl id="t9_d1" trans="ce$elden" utf="ceſelden"/>
    <tok_anno ascii="ce" id="t9_m1" trans="ce|" utf="ce">
      <norm tag="ze"/>
      <token_type tag="MS1"/>
      <lemma tag="ze"/>
      <lemma_gen tag="ze"/>
      <lemma_idmwb tag="235656000"/>
      <pos tag="PTKA"/>
      <pos_gen tag="PTK"/>
      <infl tag="--"/>
      <inflClass tag="--"/>
      <inflClass_gen tag="--"/>
    </tok_anno>
    <tok_anno ascii="selden" id="t9_m2" trans="|$elden" utf="ſelden">
      <norm tag="sælden"/>
      <token_type tag="MS2"/>
      <lemma tag="sæl(e)de"/>
      <lemma_gen tag="sæl(e)de"/>
      <lemma_idmwb tag="139170000"/>
      <pos tag="NA"/>
      <pos_gen tag="NA"/>
      <infl tag="Dat.Sg"/>
      <inflClass tag="st.Fem"/>
      <inflClass_gen tag="*.Fem"/>
    </tok_anno>
  </token>
  <token id="t10" trans="alleR" type="token">
    <tok_dipl id="t10_d1" trans="alleR" utf="alleR"/>
    <tok_anno ascii="alleR" id="t10_m1" trans="alleR" utf="alleR">
      <norm tag="aller"/>
      <lemma tag="all"/>
      <lemma_gen tag="all"/>
      <lemma_idmwb tag="3531000"/>
      <pos tag="DIA"/>
      <pos_gen tag="DI"/>
      <infl tag="Masc.Gen.Sg.st"/>
      <inflClass tag="--"/>
      <inflClass_gen tag="--"/>
    </tok_anno>
  </token>
  <token id="t11" trans="diet" type="token">
    <tok_dipl id="t11_d1" trans="diet" utf="diet"/>
    <tok_anno ascii="diet" id="t11_m1" trans="diet" utf="diet">
      <norm tag="diet"/>
      <lemma tag="dièt"/>
      <lemma_gen tag="dièt"/>
      <lemma_idmwb tag="30426000"/>
      <pos tag="NA"/>
      <pos_gen tag="NA"/>
      <infl tag="Gen.Sg"/>
      <inflClass tag="st.Masc"/>
      <inflClass_gen tag="st.*."/>
    </tok_anno>
  </token>
  <token id="t12" trans="°exo_rta" type="token">
    <tok_dipl id="t12_d1" trans="°exo_rta" utf="°exo‍rta"/>
    <tok_anno ascii="°exorta" id="t12_m1" trans="°exo_rta" utf="°exo‍rta">
      <norm tag="exorta"/>
      <lemma tag="exoriri"/>
      <lemma_gen tag="exoriri"/>
      <lemma_idmwb tag="--"/>
      <pos tag="FM"/>
      <pos_gen tag="FM"/>
      <infl tag="--"/>
      <inflClass tag="--"/>
      <inflClass_gen tag="--"/>
    </tok_anno>
  </token>
  <token id="t13" trans="." type="punc">
    <tok_dipl id="t13_d1" trans="." utf="."/>
    <tok_anno ascii="." id="t13_m1" trans="." utf=".">
      <pos tag="$_"/>
      <pos_gen tag="$_"/>
    </tok_anno>
  </token>
  <token id="t14" trans="gotes" type="token">
    <tok_dipl id="t14_d1" trans="gotes" utf="gotes"/>
    <tok_anno ascii="gotes" id="t14_m1" trans="gotes" utf="gotes">
      <norm tag="gotes"/>
      <lemma tag="got"/>
      <lemma_gen tag="got"/>
      <lemma_idmwb tag="63291000"/>
      <pos tag="NA"/>
      <pos_gen tag="NA"/>
      <infl tag="Gen.Sg"/>
      <inflClass tag="st.Masc"/>
      <inflClass_gen tag="st.Masc"/>
    </tok_anno>
  </token>
  <token id="t15" trans="muteR" type="token">
    <tok_dipl id="t15_d1" trans="muteR" utf="muteR"/>
    <tok_anno ascii="muteR" id="t15_m1" trans="muteR" utf="muteR">
      <norm tag="muoter"/>
      <lemma tag="muoter"/>
      <lemma_gen tag="muoter"/>
      <lemma_idmwb tag="116949000"/>
      <pos tag="NA"/>
      <pos_gen tag="NA"/>
      <infl tag="Akk.Sg"/>
      <inflClass tag="st(u).Fem"/>
      <inflClass_gen tag="st(u).Fem"/>
    </tok_anno>
  </token>
  <comment type="K">/K[muteR: danach Zeilenfüllzeichen]/K[muteR: danach Zeilenfüllzeichen]</comment>
  <token id="t16" trans="Maria" type="token">
    <tok_dipl id="t16_d1" trans="Maria" utf="Maria"/>
    <tok_anno ascii="Maria" id="t16_m1" trans="Maria" utf="Maria">
      <norm tag="Maria"/>
      <lemma tag="Maria"/>
      <lemma_gen tag="Maria"/>
      <lemma_idmwb tag="--"/>
      <pos tag="NE"/>
      <pos_gen tag="FM"/>
      <infl tag="Akk.Sg"/>
      <inflClass tag="--"/>
      <inflClass_gen tag="--"/>
    </tok_anno>
  </token>
  <token id="t17" trans="." type="punc">
    <tok_dipl id="t17_d1" trans="." utf="."/>
    <tok_anno ascii="." id="t17_m1" trans="." utf=".">
      <pos tag="$_"/>
      <pos_gen tag="$_"/>
    </tok_anno>
  </token>
  <token id="t18" trans="*(F*)rov||dic,," type="token">
    <tok_dipl id="t18_d1" trans="*(F*)rovdic" utf="Frovdic"/>
    <tok_anno ascii="Frov" id="t18_m1" trans="*(F*)rov|" utf="Frov">
      <norm tag="vröuwe"/>
      <token_type tag="MS1"/>
      <lemma tag="vröuwen"/>
      <lemma_gen tag="vröuwen"/>
      <lemma_idmwb tag="217035000"/>
      <pos tag="VVIMP"/>
      <pos_gen tag="VV"/>
      <infl tag="Sg.2"/>
      <inflClass tag="wk"/>
      <inflClass_gen tag="wk"/>
    </tok_anno>
    <tok_anno ascii="dic" id="t18_m2" trans="|dic" utf="dic">
      <norm tag="dich"/>
      <token_type tag="MS2"/>
      <lemma tag="dû"/>
      <lemma_gen tag="dû"/>
      <lemma_idmwb tag="32607000"/>
      <pos tag="PRF"/>
      <pos_gen tag="PPER"/>
      <infl tag="*.Akk.Sg.st"/>
      <inflClass tag="--"/>
      <inflClass_gen tag="--"/>
      <punc tag="S*"/>
    </tok_anno>
  </token>
  <comment type="K">/K[*(F*)rov: F rubr.]/K[*(F*)rov: F rubr.]</comment>
  <token id="t19" trans="gotes" type="token">
    <tok_dipl id="t19_d1" trans="gotes" utf="gotes"/>
    <tok_anno ascii="gotes" id="t19_m1" trans="gotes" utf="gotes">
      <norm tag="gotes"/>
      <lemma tag="got"/>
      <lemma_gen tag="got"/>
      <lemma_idmwb tag="63291000"/>
      <pos tag="NA"/>
      <pos_gen tag="NA"/>
      <infl tag="Gen.Sg"/>
      <inflClass tag="st.Masc"/>
      <inflClass_gen tag="st.Masc"/>
    </tok_anno>
  </token>
  <token id="t20" trans="°po_rta,," type="token">
    <tok_dipl id="t20_d1" trans="°po_rta" utf="°po‍rta"/>
    <tok_anno ascii="°porta" id="t20_m1" trans="°po_rta" utf="°po‍rta">
      <norm tag="porta"/>
      <lemma tag="porta"/>
      <lemma_gen tag="porta"/>
      <lemma_idmwb tag="--"/>
      <pos tag="NA"/>
      <pos_gen tag="FM"/>
      <infl tag="Nom.Sg"/>
      <inflClass tag="Fem"/>
      <inflClass_gen tag="Fem"/>
      <punc tag="S*"/>
    </tok_anno>
  </token>
  <token id="t21" trans="." type="punc">
    <tok_dipl id="t21_d1" trans="." utf="."/>
    <tok_anno ascii="." id="t21_m1" trans="." utf=".">
      <pos tag="$_"/>
      <pos_gen tag="$_"/>
    </tok_anno>
  </token>
  <token id="t22" trans="div" type="token">
    <tok_dipl id="t22_d1" trans="div" utf="div"/>
    <tok_anno ascii="div" id="t22_m1" trans="div" utf="div">
      <norm tag="diu"/>
      <lemma tag="dër"/>
      <lemma_gen tag="dër"/>
      <lemma_idmwb tag="29823000"/>
      <pos tag="DRELS"/>
      <pos_gen tag="DD"/>
      <infl tag="Fem.Nom.Sg"/>
      <inflClass tag="--"/>
      <inflClass_gen tag="--"/>
    </tok_anno>
  </token>
  <token id="t23" trans="ver$loz=zen" type="token">
    <tok_dipl id="t23_d1" trans="ver$loz=zen" utf="verſloz=zen"/>
    <tok_anno ascii="versloz=zen" id="t23_m1" trans="ver$loz=zen" utf="verſloz=zen">
      <norm tag="verslôzen"/>
      <lemma tag="ver-slièzen"/>
      <lemma_gen tag="ver-slièzen"/>
      <lemma_idmwb tag="205209000"/>
      <pos tag="VVPP"/>
      <pos_gen tag="VV"/>
      <infl tag="--"/>
      <inflClass tag="st2b"/>
      <inflClass_gen tag="st2b"/>
    </tok_anno>
  </token>
  <token id="t24" trans="geba_ere" type="token">
    <tok_dipl id="t24_d1" trans="geba_ere" utf="geba‍ere"/>
    <tok_anno ascii="gebaere" id="t24_m1" trans="geba_ere" utf="geba‍ere">
      <norm tag="gebere"/>
      <lemma tag="ge-bër(e)n"/>
      <lemma_gen tag="ge-bër(e)n"/>
      <lemma_idmwb tag="47853000"/>
      <pos tag="VVFIN"/>
      <pos_gen tag="VV"/>
      <infl tag="Subj.Pres.Sg.3"/>
      <inflClass tag="st4"/>
      <inflClass_gen tag="st4"/>
    </tok_anno>
  </token>
  <token id="t25" trans="die" type="token">
    <tok_dipl id="t25_d1" trans="die" utf="die"/>
    <tok_anno ascii="die" id="t25_m1" trans="die" utf="die">
      <norm tag="die"/>
      <lemma tag="dër"/>
      <lemma_gen tag="dër"/>
      <lemma_idmwb tag="29817000"/>
      <pos tag="DDART"/>
      <pos_gen tag="DD"/>
      <infl tag="Fem.Akk.Sg"/>
      <inflClass tag="--"/>
      <inflClass_gen tag="--"/>
    </tok_anno>
  </token>
  <token id="t26" trans="$unne" type="token">
    <tok_dipl id="t26_d1" trans="$unne" utf="ſunne"/>
    <tok_anno ascii="sunne" id="t26_m1" trans="$unne" utf="ſunne">
      <norm tag="sunne"/>
      <lemma tag="sunne"/>
      <lemma_gen tag="sunne"/>
      <lemma_idmwb tag="163761000"/>
      <pos tag="NA"/>
      <pos_gen tag="NA"/>
      <infl tag="Akk.Sg"/>
      <inflClass tag="*.Fem"/>
      <inflClass_gen tag="*.Masc,Fem"/>
    </tok_anno>
  </token>
  <token id="t27" trans="%." type="punc">
    <tok_dipl id="t27_d1" trans="%." utf="·"/>
    <tok_anno ascii="." id="t27_m1" trans="%." utf="·">
      <pos tag="$_"/>
      <pos_gen tag="$_"/>
    </tok_anno>
  </token>
  <token id="t28" trans="der" type="token">
    <tok_dipl id="t28_d1" trans="der" utf="der"/>
    <tok_anno ascii="der" id="t28_m1" trans="der" utf="der">
      <norm tag="der"/>
      <lemma tag="dër"/>
      <lemma_gen tag="dër"/>
      <lemma_idmwb tag="29817000"/>
      <pos tag="DDART"/>
      <pos_gen tag="DD"/>
      <infl tag="Fem.Gen.Sg"/>
      <inflClass tag="--"/>
      <inflClass_gen tag="--"/>
    </tok_anno>
  </token>
  <token id="t29" trans="vvarheit" type="token">
    <tok_dipl id="t29_d1" trans="vvarheit" utf="vvarheit"/>
    <tok_anno ascii="vvarheit" id="t29_m1" trans="vvarheit" utf="vvarheit">
      <norm tag="wârheit"/>
      <lemma tag="wâr-hèit"/>
      <lemma_gen tag="wâr-hèit"/>
      <lemma_idmwb tag="222180000"/>
      <pos tag="NA"/>
      <pos_gen tag="NA"/>
      <infl tag="Gen.Sg"/>
      <inflClass tag="st.Fem"/>
      <inflClass_gen tag="st.Fem"/>
    </tok_anno>
  </token>
  <token id="t30" trans="%." type="punc">
    <tok_dipl id="t30_d1" trans="%." utf="·"/>
    <tok_anno ascii="." id="t30_m1" trans="%." utf="·">
      <pos tag="$_"/>
      <pos_gen tag="$_"/>
    </tok_anno>
  </token>
  <token id="t31" trans="mit" type="token">
    <tok_dipl id="t31_d1" trans="mit" utf="mit"/>
    <tok_anno ascii="mit" id="t31_m1" trans="mit" utf="mit">
      <norm tag="mit"/>
      <lemma tag="mit"/>
      <lemma_gen tag="mit"/>
      <lemma_idmwb tag="113898000"/>
      <pos tag="APPR"/>
      <pos_gen tag="AP"/>
      <infl tag="--"/>
      <inflClass tag="--"/>
      <inflClass_gen tag="--"/>
    </tok_anno>
  </token>
  <token id="t32" trans="maidelicher" type="token">
    <tok_dipl id="t32_d1" trans="maidelicher" utf="maidelicher"/>
    <tok_anno ascii="maidelicher" id="t32_m1" trans="maidelicher" utf="maidelicher">
      <norm tag="meitlîcher"/>
      <lemma tag="maged-lich"/>
      <lemma_gen tag="maged-lich"/>
      <lemma_idmwb tag="106887000"/>
      <pos tag="ADJA"/>
      <pos_gen tag="ADJ"/>
      <infl tag="Pos.Fem.Dat.Sg.st"/>
      <inflClass tag="--"/>
      <inflClass_gen tag="--"/>
    </tok_anno>
  </token>
  <token id="t33" trans="reinecheít,," type="token">
    <tok_dipl id="t33_d1" trans="reinecheít" utf="reinecheít"/>
    <tok_anno ascii="reinecheit" id="t33_m1" trans="reinecheít" utf="reinecheít">
      <norm tag="reinicheit"/>
      <lemma tag="rèinig-hèit"/>
      <lemma_gen tag="rèinig-hèit"/>
      <lemma_idmwb tag="133305000"/>
      <pos tag="NA"/>
      <pos_gen tag="NA"/>
      <infl tag="Dat.Sg"/>
      <inflClass tag="st.Fem"/>
      <inflClass_gen tag="st.Fem"/>
      <punc tag="S*"/>
    </tok_anno>
  </token>
  <token id="t34" trans="%." type="punc">
    <tok_dipl id="t34_d1" trans="%." utf="·"/>
    <tok_anno ascii="." id="t34_m1" trans="%." utf="·">
      <pos tag="$_"/>
      <pos_gen tag="$_"/>
    </tok_anno>
  </token>
  <token id="t35" trans="mit" type="token">
    <tok_dipl id="t35_d1" trans="mit" utf="mit"/>
    <tok_anno ascii="mit" id="t35_m1" trans="mit" utf="mit">
      <norm tag="mit"/>
      <lemma tag="mit"/>
      <lemma_gen tag="mit"/>
      <lemma_idmwb tag="113898000"/>
      <pos tag="APPR"/>
      <pos_gen tag="AP"/>
      <infl tag="--"/>
      <inflClass tag="--"/>
      <inflClass_gen tag="--"/>
    </tok_anno>
  </token>
  <token id="t36" trans="mennc$kli=cheR" type="token">
    <tok_dipl id="t36_d1" trans="mennc$kli=cheR" utf="menncſkli=cheR"/>
    <tok_anno ascii="menncskli=cheR" id="t36_m1" trans="mennc$kli=cheR" utf="menncſkli=cheR">
      <norm tag="mennischlîcher"/>
      <lemma tag="mèn(ni)sch-lich"/>
      <lemma_gen tag="mèn(ni)sch-lich"/>
      <lemma_idmwb tag="110511000"/>
      <pos tag="ADJA"/>
      <pos_gen tag="ADJ"/>
      <infl tag="Pos.Fem.Dat.Sg.st"/>
      <inflClass tag="--"/>
      <inflClass_gen tag="--"/>
    </tok_anno>
  </token>
  <token id="t37" trans="nature" type="token">
    <tok_dipl id="t37_d1" trans="nature" utf="nature"/>
    <tok_anno ascii="nature" id="t37_m1" trans="nature" utf="nature">
      <norm tag="natûre"/>
      <lemma tag="natûre"/>
      <lemma_gen tag="natûre"/>
      <lemma_idmwb tag="119769000"/>
      <pos tag="NA"/>
      <pos_gen tag="NA"/>
      <infl tag="Dat.Sg"/>
      <inflClass tag="st.Fem"/>
      <inflClass_gen tag="*.Fem"/>
    </tok_anno>
  </token>
  <token id="t38" trans="got" type="token">
    <tok_dipl id="t38_d1" trans="got" utf="got"/>
    <tok_anno ascii="got" id="t38_m1" trans="got" utf="got">
      <norm tag="got"/>
      <lemma tag="got"/>
      <lemma_gen tag="got"/>
      <lemma_idmwb tag="63291000"/>
      <pos tag="NA"/>
      <pos_gen tag="NA"/>
      <infl tag="Akk.Sg"/>
      <inflClass tag="st.Masc"/>
      <inflClass_gen tag="st.Masc"/>
    </tok_anno>
  </token>
  <token id="t39" trans="ce||dirre" type="token">
    <tok_dipl id="t39_d1" trans="cedirre" utf="cedirre"/>
    <tok_anno ascii="ce" id="t39_m1" trans="ce|" utf="ce">
      <norm tag="ze"/>
      <token_type tag="MS1"/>
      <lemma tag="ze"/>
      <lemma_gen tag="ze"/>
      <lemma_idmwb tag="235656000"/>
      <pos tag="APPR"/>
      <pos_gen tag="AP"/>
      <infl tag="--"/>
      <inflClass tag="--"/>
      <inflClass_gen tag="--"/>
    </tok_anno>
    <tok_anno ascii="dirre" id="t39_m2" trans="|dirre" utf="dirre">
      <norm tag="dirre"/>
      <token_type tag="MS2"/>
      <lemma tag="dise"/>
      <lemma_gen tag="dise"/>
      <lemma_idmwb tag="30921000"/>
      <pos tag="DDA"/>
      <pos_gen tag="DD"/>
      <infl tag="Fem.Dat.Sg"/>
      <inflClass tag="--"/>
      <inflClass_gen tag="--"/>
    </tok_anno>
  </token>
  <token id="t40" trans="werlte" type="token">
    <tok_dipl id="t40_d1" trans="werlte" utf="werlte"/>
    <tok_anno ascii="werlte" id="t40_m1" trans="werlte" utf="werlte">
      <norm tag="werlte"/>
      <lemma tag="wër(e)lt"/>
      <lemma_gen tag="wër(e)lt"/>
      <lemma_idmwb tag="225300000"/>
      <pos tag="NA"/>
      <pos_gen tag="NA"/>
      <infl tag="Dat.Sg"/>
      <inflClass tag="st.Fem"/>
      <inflClass_gen tag="st.Fem"/>
    </tok_anno>
  </token>
  <token id="t41" trans="bra_ehte(.)" type="token">
    <tok_dipl id="t41_d1" trans="bra_ehte" utf="bra‍ehte"/>
    <tok_anno ascii="braehte" id="t41_m1" trans="bra_ehte" utf="bra‍ehte">
      <norm tag="bræhte"/>
      <lemma tag="bringen"/>
      <lemma_gen tag="bringen"/>
      <lemma_idmwb tag="25206000"/>
      <pos tag="VVFIN"/>
      <pos_gen tag="VV"/>
      <infl tag="Subj.Past.Sg.3"/>
      <inflClass tag="irr"/>
      <inflClass_gen tag="irr"/>
      <punc tag="DE"/>
    </tok_anno>
  </token>
  <token id="t42" trans="." type="punc">
    <tok_dipl id="t42_d1" trans="." utf="."/>
    <tok_anno ascii="." id="t42_m1" trans="." utf=".">
      <pos tag="$_"/>
      <pos_gen tag="$_"/>
      <punc tag="$E"/>
    </tok_anno>
  </token>
  <token id="t43" trans="*(M*)aget" type="token">
    <tok_dipl id="t43_d1" trans="*(M*)aget" utf="Maget"/>
    <tok_anno ascii="Maget" id="t43_m1" trans="*(M*)aget" utf="Maget">
      <norm tag="maget"/>
      <lemma tag="maged"/>
      <lemma_gen tag="maged"/>
      <lemma_idmwb tag="106875000"/>
      <pos tag="NA"/>
      <pos_gen tag="NA"/>
      <infl tag="Nom.Sg"/>
      <inflClass tag="stu.Fem"/>
      <inflClass_gen tag="stu.Fem"/>
    </tok_anno>
  </token>
  <comment type="K">/K[*(M*)aget: M rubr.]/K[*(M*)aget: M rubr.]</comment>
  <token id="t44" trans="alleR" type="token">
    <tok_dipl id="t44_d1" trans="alleR" utf="alleR"/>
    <tok_anno ascii="alleR" id="t44_m1" trans="alleR" utf="alleR">
      <norm tag="aller"/>
      <lemma tag="all"/>
      <lemma_gen tag="all"/>
      <lemma_idmwb tag="3531000"/>
      <pos tag="DIA"/>
      <pos_gen tag="DI"/>
      <infl tag="Fem.Gen.Pl.st"/>
      <inflClass tag="--"/>
      <inflClass_gen tag="--"/>
    </tok_anno>
  </token>
  <token id="t45" trans="maget," type="token">
    <tok_dipl id="t45_d1" trans="maget" utf="maget"/>
    <tok_anno ascii="maget" id="t45_m1" trans="maget" utf="maget">
      <norm tag="megede"/>
      <lemma tag="maged"/>
      <lemma_gen tag="maged"/>
      <lemma_idmwb tag="106875000"/>
      <pos tag="NA"/>
      <pos_gen tag="NA"/>
      <infl tag="Gen.Pl"/>
      <inflClass tag="stu.Fem"/>
      <inflClass_gen tag="stu.Fem"/>
      <punc tag="N*"/>
    </tok_anno>
  </token>
  <token id="t46" trans="%." type="punc">
    <tok_dipl id="t46_d1" trans="%." utf="·"/>
    <tok_anno ascii="." id="t46_m1" trans="%." utf="·">
      <pos tag="$_"/>
      <pos_gen tag="$_"/>
    </tok_anno>
  </token>
  <token id="t47" trans="$chone" type="token">
    <tok_dipl id="t47_d1" trans="$chone" utf="ſchone"/>
    <tok_anno ascii="schone" id="t47_m1" trans="$chone" utf="ſchone">
      <norm tag="schône"/>
      <lemma tag="schône"/>
      <lemma_gen tag="schône"/>
      <lemma_idmwb tag="144786000"/>
      <pos tag="AVD"/>
      <pos_gen tag="AVD"/>
      <infl tag="--"/>
      <inflClass tag="--"/>
      <inflClass_gen tag="--"/>
    </tok_anno>
  </token>
  <token id="t48" trans="%." type="punc">
    <tok_dipl id="t48_d1" trans="%." utf="·"/>
    <tok_anno ascii="." id="t48_m1" trans="%." utf="·">
      <pos tag="$_"/>
      <pos_gen tag="$_"/>
    </tok_anno>
  </token>
  <token id="t49" trans="als" type="token">
    <tok_dipl id="t49_d1" trans="als" utf="als"/>
    <tok_anno ascii="als" id="t49_m1" trans="als" utf="als">
      <norm tag="als"/>
      <lemma tag="all-sô"/>
      <lemma_gen tag="all-sô"/>
      <lemma_idmwb tag="4629000"/>
      <pos tag="KO*"/>
      <pos_gen tag="KO"/>
      <infl tag="--"/>
      <inflClass tag="--"/>
      <inflClass_gen tag="--"/>
    </tok_anno>
  </token>
  <token id="t50" trans="dív" type="token">
    <tok_dipl id="t50_d1" trans="dív" utf="dív"/>
    <tok_anno ascii="div" id="t50_m1" trans="dív" utf="dív">
      <norm tag="diu"/>
      <lemma tag="dër"/>
      <lemma_gen tag="dër"/>
      <lemma_idmwb tag="29817000"/>
      <pos tag="DDART"/>
      <pos_gen tag="DD"/>
      <infl tag="Fem.Nom.Sg"/>
      <inflClass tag="--"/>
      <inflClass_gen tag="--"/>
    </tok_anno>
  </token>
  <token id="t51" trans="$un=ne," type="token">
    <tok_dipl id="t51_d1" trans="$un=ne" utf="ſun=ne"/>
    <tok_anno ascii="sun=ne" id="t51_m1" trans="$un=ne" utf="ſun=ne">
      <norm tag="sunne"/>
      <lemma tag="sunne"/>
      <lemma_gen tag="sunne"/>
      <lemma_idmwb tag="???"/>
      <pos tag="NA"/>
      <pos_gen tag="NA"/>
      <infl tag="Nom.Sg"/>
      <inflClass tag="*.Fem"/>
      <inflClass_gen tag="*.Fem"/>
      <punc tag="N*"/>
    </tok_anno>
  </token>
  <token id="t52" trans="%." type="punc">
    <tok_dipl id="t52_d1" trans="%." utf="·"/>
    <tok_anno ascii="." id="t52_m1" trans="%." utf="·">
      <pos tag="$_"/>
      <pos_gen tag="$_"/>
    </tok_anno>
  </token>
  <token id="t53" trans="himeli$chíu" type="token">
    <tok_dipl id="t53_d1" trans="himeli$chíu" utf="himeliſchíu"/>
    <tok_anno ascii="himelischiu" id="t53_m1" trans="himeli$chíu" utf="himeliſchíu">
      <norm tag="himelischiu"/>
      <lemma tag="himelisch"/>
      <lemma_gen tag="himelisch"/>
      <lemma_idmwb tag="74202000"/>
      <pos tag="ADJA"/>
      <pos_gen tag="ADJ"/>
      <infl tag="Pos.Fem.Nom.Sg.st"/>
      <inflClass tag="--"/>
      <inflClass_gen tag="--"/>
    </tok_anno>
  </token>
  <token id="t54" trans="chuniginne," type="token">
    <tok_dipl id="t54_d1" trans="chuniginne" utf="chuniginne"/>
    <tok_anno ascii="chuniginne" id="t54_m1" trans="chuniginne" utf="chuniginne">
      <norm tag="küninginne"/>
      <lemma tag="küni(n)ginne"/>
      <lemma_gen tag="küni(n)ginne"/>
      <lemma_idmwb tag="97323000"/>
      <pos tag="NA"/>
      <pos_gen tag="NA"/>
      <infl tag="Nom.Sg"/>
      <inflClass tag="*.Fem"/>
      <inflClass_gen tag="*.Fem"/>
      <punc tag="N*"/>
    </tok_anno>
  </token>
  <token id="t55" trans="%." type="punc">
    <tok_dipl id="t55_d1" trans="%." utf="·"/>
    <tok_anno ascii="." id="t55_m1" trans="%." utf="·">
      <pos tag="$_"/>
      <pos_gen tag="$_"/>
    </tok_anno>
  </token>
  <token id="t56" trans="dirre" type="token">
    <tok_dipl id="t56_d1" trans="dirre" utf="dirre"/>
    <tok_anno ascii="dirre" id="t56_m1" trans="dirre" utf="dirre">
      <norm tag="dirre"/>
      <lemma tag="dise"/>
      <lemma_gen tag="dise"/>
      <lemma_idmwb tag="30921000"/>
      <pos tag="DDA"/>
      <pos_gen tag="DD"/>
      <infl tag="Fem.Gen.Sg"/>
      <inflClass tag="--"/>
      <inflClass_gen tag="--"/>
    </tok_anno>
  </token>
  <token id="t57" trans="vver=lte" type="token">
    <tok_dipl id="t57_d1" trans="vver=lte" utf="vver=lte"/>
    <tok_anno ascii="vver=lte" id="t57_m1" trans="vver=lte" utf="vver=lte">
      <norm tag="werlte"/>
      <lemma tag="wër(e)lt"/>
      <lemma_gen tag="wër(e)lt"/>
      <lemma_idmwb tag="225300000"/>
      <pos tag="NA"/>
      <pos_gen tag="NA"/>
      <infl tag="Gen.Sg"/>
      <inflClass tag="st.Fem"/>
      <inflClass_gen tag="st.Fem"/>
    </tok_anno>
  </token>
  <token id="t58" trans="gímme,)" type="token">
    <tok_dipl id="t58_d1" trans="gímme" utf="gímme"/>
    <tok_anno ascii="gimme" id="t58_m1" trans="gímme" utf="gímme">
      <norm tag="gimme"/>
      <lemma tag="gimme"/>
      <lemma_gen tag="gimme"/>
      <lemma_idmwb tag="61602000"/>
      <pos tag="NA"/>
      <pos_gen tag="NA"/>
      <infl tag="Nom.Sg"/>
      <inflClass tag="*.Fem"/>
      <inflClass_gen tag="*.Fem"/>
      <punc tag="NE"/>
    </tok_anno>
  </token>
  <token id="t59" trans="erchenne" type="token">
    <tok_dipl id="t59_d1" trans="erchenne" utf="erchenne"/>
    <tok_anno ascii="erchenne" id="t59_m1" trans="erchenne" utf="erchenne">
      <norm tag="erkenne"/>
      <lemma tag="er-kènnen"/>
      <lemma_gen tag="er-kènnen"/>
      <lemma_idmwb tag="42243000"/>
      <pos tag="VVFIN"/>
      <pos_gen tag="VV"/>
      <infl tag="Subj.Pres.Sg.3"/>
      <inflClass tag="wk"/>
      <inflClass_gen tag="wk"/>
    </tok_anno>
  </token>
  <token id="t60" trans="alle,," type="token">
    <tok_dipl id="t60_d1" trans="alle" utf="alle"/>
    <tok_anno ascii="alle" id="t60_m1" trans="alle" utf="alle">
      <norm tag="alle"/>
      <lemma tag="all"/>
      <lemma_gen tag="all"/>
      <lemma_idmwb tag="3531000"/>
      <pos tag="DIA"/>
      <pos_gen tag="DI"/>
      <infl tag="*.Akk.Pl.st"/>
      <inflClass tag="--"/>
      <inflClass_gen tag="--"/>
      <punc tag="S*"/>
    </tok_anno>
  </token>
  <token id="t61" trans="die" type="token">
    <tok_dipl id="t61_d1" trans="die" utf="die"/>
    <tok_anno ascii="die" id="t61_m1" trans="die" utf="die">
      <norm tag="die"/>
      <lemma tag="dër"/>
      <lemma_gen tag="dër"/>
      <lemma_idmwb tag="29823000"/>
      <pos tag="DRELS"/>
      <pos_gen tag="DD"/>
      <infl tag="*.Akk.Pl"/>
      <inflClass tag="--"/>
      <inflClass_gen tag="--"/>
    </tok_anno>
  </token>
  <token id="t62" trans="dich" type="token">
    <tok_dipl id="t62_d1" trans="dich" utf="dich"/>
    <tok_anno ascii="dich" id="t62_m1" trans="dich" utf="dich">
      <norm tag="dich"/>
      <lemma tag="dû"/>
      <lemma_gen tag="dû"/>
      <lemma_idmwb tag="32607000"/>
      <pos tag="PPER"/>
      <pos_gen tag="PPER"/>
      <infl tag="Akk.Sg.2"/>
      <inflClass tag="--"/>
      <inflClass_gen tag="--"/>
    </tok_anno>
  </token>
  <token id="t63" trans="mi\-nent" type="token">
    <tok_dipl id="t63_d1" trans="mi\-nent" utf="mīnent"/>
    <tok_anno ascii="minent" id="t63_m1" trans="mi\-nent" utf="mīnent">
      <norm tag="minnent"/>
      <lemma tag="minnen"/>
      <lemma_gen tag="minnen"/>
      <lemma_idmwb tag="112365000"/>
      <pos tag="VVFIN"/>
      <pos_gen tag="VV"/>
      <infl tag="Ind.Pres.Pl.3"/>
      <inflClass tag="wk"/>
      <inflClass_gen tag="wk"/>
    </tok_anno>
  </token>
  <token id="t64" trans="." type="punc">
    <tok_dipl id="t64_d1" trans="." utf="."/>
    <tok_anno ascii="." id="t64_m1" trans="." utf=".">
      <pos tag="$_"/>
      <pos_gen tag="$_"/>
    </tok_anno>
  </token>
  <token id="t65" trans="vn\-" type="token">
    <tok_dipl id="t65_d1" trans="vn\-" utf="vn̄"/>
    <tok_anno ascii="vnd" id="t65_m1" trans="vn\-" utf="vn̄">
      <norm tag="und"/>
      <lemma tag="unte"/>
      <lemma_gen tag="unte"/>
      <lemma_idmwb tag="183108000"/>
      <pos tag="KON"/>
      <pos_gen tag="KO"/>
      <infl tag="--"/>
      <inflClass tag="--"/>
      <inflClass_gen tag="--"/>
    </tok_anno>
  </token>
  <token id="t66" trans="mit" type="token">
    <tok_dipl id="t66_d1" trans="mit" utf="mit"/>
    <tok_anno ascii="mit" id="t66_m1" trans="mit" utf="mit">
      <norm tag="mit"/>
      <lemma tag="mit"/>
      <lemma_gen tag="mit"/>
      <lemma_idmwb tag="113898000"/>
      <pos tag="APPR"/>
      <pos_gen tag="AP"/>
      <infl tag="--"/>
      <inflClass tag="--"/>
      <inflClass_gen tag="--"/>
    </tok_anno>
  </token>
  <token id="t67" trans="rehte\-" type="token">
    <tok_dipl id="t67_d1" trans="rehte\-" utf="rehtē"/>
    <tok_anno ascii="rehten" id="t67_m1" trans="rehte\-" utf="rehtē">
      <norm tag="rehten"/>
      <lemma tag="rëht"/>
      <lemma_gen tag="rëht"/>
      <lemma_idmwb tag="132993000"/>
      <pos tag="ADJA"/>
      <pos_gen tag="ADJ"/>
      <infl tag="Pos.Masc.Dat.Sg.wk"/>
      <inflClass tag="--"/>
      <inflClass_gen tag="--"/>
    </tok_anno>
  </token>
  <token id="t68" trans="glovben" type="token">
    <tok_dipl id="t68_d1" trans="glovben" utf="glovben"/>
    <tok_anno ascii="glovben" id="t68_m1" trans="glovben" utf="glovben">
      <norm tag="gelouben"/>
      <lemma tag="ge-loube"/>
      <lemma_gen tag="ge-loube"/>
      <lemma_idmwb tag="52224000"/>
      <pos tag="NA"/>
      <pos_gen tag="NA"/>
      <infl tag="Dat.Sg"/>
      <inflClass tag="*.Masc"/>
      <inflClass_gen tag="*.Masc,Fem"/>
    </tok_anno>
  </token>
  <token id="t69" trans="ce||dinen" type="token">
    <tok_dipl id="t69_d1" trans="cedinen" utf="cedinen"/>
    <tok_anno ascii="ce" id="t69_m1" trans="ce|" utf="ce">
      <norm tag="ze"/>
      <token_type tag="MS1"/>
      <lemma tag="ze"/>
      <lemma_gen tag="ze"/>
      <lemma_idmwb tag="235656000"/>
      <pos tag="APPR"/>
      <pos_gen tag="AP"/>
      <infl tag="--"/>
      <inflClass tag="--"/>
      <inflClass_gen tag="--"/>
    </tok_anno>
    <tok_anno ascii="dinen" id="t69_m2" trans="|dinen" utf="dinen">
      <norm tag="dînen"/>
      <token_type tag="MS2"/>
      <lemma tag="dîn"/>
      <lemma_gen tag="dîn"/>
      <lemma_idmwb tag="30567000"/>
      <pos tag="DPOSA"/>
      <pos_gen tag="DPOS"/>
      <infl tag="*.Dat.Pl.st"/>
      <inflClass tag="--"/>
      <inflClass_gen tag="--"/>
    </tok_anno>
  </token>
  <token id="t70" trans="gnaden" type="token">
    <tok_dipl id="t70_d1" trans="gnaden" utf="gnaden"/>
    <tok_anno ascii="gnaden" id="t70_m1" trans="gnaden" utf="gnaden">
      <norm tag="genâden"/>
      <lemma tag="ge-nâde"/>
      <lemma_gen tag="ge-nâde"/>
      <lemma_idmwb tag="53412000"/>
      <pos tag="NA"/>
      <pos_gen tag="NA"/>
      <infl tag="Dat.Pl"/>
      <inflClass tag="*.Fem"/>
      <inflClass_gen tag="*.Fem"/>
    </tok_anno>
  </token>
  <token id="t71" trans="dín=ge\-t(.)" type="token">
    <tok_dipl id="t71_d1" trans="dín=ge\-t" utf="dín=gēt"/>
    <tok_anno ascii="din=gent" id="t71_m1" trans="dín=ge\-t" utf="dín=gēt">
      <norm tag="dingent"/>
      <lemma tag="dingen"/>
      <lemma_gen tag="dingen"/>
      <lemma_idmwb tag="30780000"/>
      <pos tag="VVFIN"/>
      <pos_gen tag="VV"/>
      <infl tag="Ind.Pres.Pl.3"/>
      <inflClass tag="wk"/>
      <inflClass_gen tag="wk"/>
      <punc tag="DE"/>
    </tok_anno>
  </token>
  <token id="t72" trans="." type="punc">
    <tok_dipl id="t72_d1" trans="." utf="."/>
    <tok_anno ascii="." id="t72_m1" trans="." utf=".">
      <pos tag="$_"/>
      <pos_gen tag="$_"/>
      <punc tag="$E"/>
    </tok_anno>
  </token>
  <token id="t73" trans="*(D*)ich" type="token">
    <tok_dipl id="t73_d1" trans="*(D*)ich" utf="Dich"/>
    <tok_anno ascii="Dich" id="t73_m1" trans="*(D*)ich" utf="Dich">
      <norm tag="dich"/>
      <lemma tag="dû"/>
      <lemma_gen tag="dû"/>
      <lemma_idmwb tag="32607000"/>
      <pos tag="PPER"/>
      <pos_gen tag="PPER"/>
      <infl tag="Akk.Sg.2"/>
      <inflClass tag="--"/>
      <inflClass_gen tag="--"/>
    </tok_anno>
  </token>
  <comment type="K">/K[*(D*)ich: D rubr.]/K[*(D*)ich: D rubr.]</comment>
  <token id="t74" trans="be#zeichenot" type="token">
    <tok_dipl id="t74_d1" trans="be" utf="be"/>
    <tok_dipl id="t74_d2" trans="zeichenot" utf="zeichenot"/>
    <tok_anno ascii="bezeichenot" id="t74_m1" trans="be#zeichenot" utf="bezeichenot">
      <norm tag="bezeichenet"/>
      <token_type tag="US"/>
      <lemma tag="be-zèichenen"/>
      <lemma_gen tag="be-zèichenen"/>
      <lemma_idmwb tag="19554000"/>
      <pos tag="VVFIN"/>
      <pos_gen tag="VV"/>
      <infl tag="Ind.Pres.Sg.3"/>
      <inflClass tag="wk"/>
      <inflClass_gen tag="wk"/>
    </tok_anno>
  </token>
  <token id="t75" trans="div" type="token">
    <tok_dipl id="t75_d1" trans="div" utf="div"/>
    <tok_anno ascii="div" id="t75_m1" trans="div" utf="div">
      <norm tag="diu"/>
      <lemma tag="dër"/>
      <lemma_gen tag="dër"/>
      <lemma_idmwb tag="29823000"/>
      <pos tag="DDS"/>
      <pos_gen tag="DD"/>
      <infl tag="Fem.Nom.Sg"/>
      <inflClass tag="--"/>
      <inflClass_gen tag="--"/>
    </tok_anno>
  </token>
  <token id="t76" trans="aarones" type="token">
    <tok_dipl id="t76_d1" trans="aarones" utf="aarones"/>
    <tok_anno ascii="aarones" id="t76_m1" trans="aarones" utf="aarones">
      <norm tag="Aarones"/>
      <lemma tag="Aaron"/>
      <lemma_gen tag="Aaron"/>
      <lemma_idmwb tag="--"/>
      <pos tag="NE"/>
      <pos_gen tag="NE"/>
      <infl tag="Gen.Sg"/>
      <inflClass tag="--"/>
      <inflClass_gen tag="--"/>
    </tok_anno>
  </token>
  <token id="t77" trans="ger=tee,," type="token">
    <tok_dipl id="t77_d1" trans="ger=tee" utf="ger=tee"/>
    <tok_anno ascii="ger=tee" id="t77_m1" trans="ger=tee" utf="ger=tee">
      <norm tag="gerte"/>
      <lemma tag="gèrte"/>
      <lemma_gen tag="gèrte"/>
      <lemma_idmwb tag="55260000"/>
      <pos tag="NA"/>
      <pos_gen tag="NA"/>
      <infl tag="Nom.Sg"/>
      <inflClass tag="*.Fem"/>
      <inflClass_gen tag="*.Fem"/>
      <punc tag="S*"/>
    </tok_anno>
  </token>
  <token id="t78" trans="." type="punc">
    <tok_dipl id="t78_d1" trans="." utf="."/>
    <tok_anno ascii="." id="t78_m1" trans="." utf=".">
      <pos tag="$_"/>
      <pos_gen tag="$_"/>
    </tok_anno>
  </token>
  <token id="t79" trans="div" type="token">
    <tok_dipl id="t79_d1" trans="div" utf="div"/>
    <tok_anno ascii="div" id="t79_m1" trans="div" utf="div">
      <norm tag="diu"/>
      <lemma tag="dër"/>
      <lemma_gen tag="dër"/>
      <lemma_idmwb tag="29823000"/>
      <pos tag="DRELS"/>
      <pos_gen tag="DD"/>
      <infl tag="Fem.Nom.Sg"/>
      <inflClass tag="--"/>
      <inflClass_gen tag="--"/>
    </tok_anno>
  </token>
  <token id="t80" trans="in||dem" type="token">
    <tok_dipl id="t80_d1" trans="indem" utf="indem"/>
    <tok_anno ascii="in" id="t80_m1" trans="in|" utf="in">
      <norm tag="in"/>
      <token_type tag="MS1"/>
      <lemma tag="in"/>
      <lemma_gen tag="in"/>
      <lemma_idmwb tag="81741000"/>
      <pos tag="APPR"/>
      <pos_gen tag="AP"/>
      <infl tag="--"/>
      <inflClass tag="--"/>
      <inflClass_gen tag="--"/>
    </tok_anno>
    <tok_anno ascii="dem" id="t80_m2" trans="|dem" utf="dem">
      <norm tag="dem"/>
      <token_type tag="MS2"/>
      <lemma tag="dër"/>
      <lemma_gen tag="dër"/>
      <lemma_idmwb tag="29817000"/>
      <pos tag="DDART"/>
      <pos_gen tag="DD"/>
      <infl tag="Neut.Dat.Sg"/>
      <inflClass tag="--"/>
      <inflClass_gen tag="--"/>
    </tok_anno>
  </token>
  <token id="t81" trans="dinchu$e" type="token">
    <tok_dipl id="t81_d1" trans="dinchu$e" utf="dinchuſe"/>
    <tok_anno ascii="dinchuse" id="t81_m1" trans="dinchu$e" utf="dinchuſe">
      <norm tag="dinchûse"/>
      <lemma tag="ding-hûs"/>
      <lemma_gen tag="ding-hûs"/>
      <lemma_idmwb tag="30642000"/>
      <pos tag="NA"/>
      <pos_gen tag="NA"/>
      <infl tag="Dat.Sg"/>
      <inflClass tag="st.Neut"/>
      <inflClass_gen tag="st.Neut"/>
    </tok_anno>
  </token>
  <token id="t82" trans="alle" type="token">
    <tok_dipl id="t82_d1" trans="alle" utf="alle"/>
    <tok_anno ascii="alle" id="t82_m1" trans="alle" utf="alle">
      <norm tag="alle"/>
      <lemma tag="all"/>
      <lemma_gen tag="all"/>
      <lemma_idmwb tag="3531000"/>
      <pos tag="DIA"/>
      <pos_gen tag="DI"/>
      <infl tag="*.Nom.Pl.st"/>
      <inflClass tag="--"/>
      <inflClass_gen tag="--"/>
    </tok_anno>
  </token>
  <token id="t83" trans="verte" type="token">
    <tok_dipl id="t83_d1" trans="verte" utf="verte"/>
    <tok_anno ascii="verte" id="t83_m1" trans="verte" utf="verte">
      <norm tag="verte"/>
      <lemma tag="vart"/>
      <lemma_gen tag="vart"/>
      <lemma_idmwb tag="198351000"/>
      <pos tag="NA"/>
      <pos_gen tag="NA"/>
      <infl tag="Nom.Pl"/>
      <inflClass tag="stu.Fem"/>
      <inflClass_gen tag="stu.Fem"/>
    </tok_anno>
  </token>
  <token id="t84" trans="brahte" type="token">
    <tok_dipl id="t84_d1" trans="brahte" utf="brahte"/>
    <tok_anno ascii="brahte" id="t84_m1" trans="brahte" utf="brahte">
      <norm tag="brâhte"/>
      <lemma tag="bringen"/>
      <lemma_gen tag="bringen"/>
      <lemma_idmwb tag="25206000"/>
      <pos tag="VVFIN"/>
      <pos_gen tag="VV"/>
      <infl tag="Ind.Past.Sg.3"/>
      <inflClass tag="irr"/>
      <inflClass_gen tag="irr"/>
    </tok_anno>
  </token>
  <token id="t85" trans="blu\ode" type="token">
    <tok_dipl id="t85_d1" trans="blu\ode" utf="bluͦde"/>
    <tok_anno ascii="bluode" id="t85_m1" trans="blu\ode" utf="bluͦde">
      <norm tag="bluode"/>
      <lemma tag="bluod"/>
      <lemma_gen tag="bluod"/>
      <lemma_idmwb tag="22905000"/>
      <pos tag="NA"/>
      <pos_gen tag="NA"/>
      <infl tag="Akk.Sg"/>
      <inflClass tag="st.Masc"/>
      <inflClass_gen tag="st.Masc"/>
    </tok_anno>
  </token>
  <token id="t86" trans="." type="punc">
    <tok_dipl id="t86_d1" trans="." utf="."/>
    <tok_anno ascii="." id="t86_m1" trans="." utf=".">
      <pos tag="$_"/>
      <pos_gen tag="$_"/>
    </tok_anno>
  </token>
  <token id="t87" trans="vn\-" type="token">
    <tok_dipl id="t87_d1" trans="vn\-" utf="vn̄"/>
    <tok_anno ascii="vnd" id="t87_m1" trans="vn\-" utf="vn̄">
      <norm tag="und"/>
      <lemma tag="unte"/>
      <lemma_gen tag="unte"/>
      <lemma_idmwb tag="183108000"/>
      <pos tag="KON"/>
      <pos_gen tag="KO"/>
      <infl tag="--"/>
      <inflClass tag="--"/>
      <inflClass_gen tag="--"/>
    </tok_anno>
  </token>
  <token id="t88" trans="wucher(:)" type="token">
    <tok_dipl id="t88_d1" trans="wucher" utf="wucher"/>
    <tok_anno ascii="wucher" id="t88_m1" trans="wucher" utf="wucher">
      <norm tag="wuocher"/>
      <lemma tag="wuocher"/>
      <lemma_gen tag="wuocher"/>
      <lemma_idmwb tag="234588000"/>
      <pos tag="NA"/>
      <pos_gen tag="NA"/>
      <infl tag="Akk.Sg"/>
      <inflClass tag="st.Masc,Neut"/>
      <inflClass_gen tag="st.Masc,Neut"/>
      <punc tag="DE"/>
    </tok_anno>
  </token>
  <token id="t89" trans="als" type="token">
    <tok_dipl id="t89_d1" trans="als" utf="als"/>
    <tok_anno ascii="als" id="t89_m1" trans="als" utf="als">
      <norm tag="als"/>
      <lemma tag="all-sô"/>
      <lemma_gen tag="all-sô"/>
      <lemma_idmwb tag="4629000"/>
      <pos tag="AVD"/>
      <pos_gen tag="AVD-KO"/>
      <infl tag="--"/>
      <inflClass tag="--"/>
      <inflClass_gen tag="--"/>
    </tok_anno>
  </token>
  <token id="t90" trans="wunt'lichen" type="token">
    <tok_dipl id="t90_d1" trans="wunt'lichen" utf="wuntˢlichen"/>
    <tok_anno ascii="wunterlichen" id="t90_m1" trans="wunt'lichen" utf="wuntˢlichen">
      <norm tag="wunderlîchen"/>
      <lemma tag="wunter-lîche"/>
      <lemma_gen tag="wunter-lîche"/>
      <lemma_idmwb tag="--"/>
      <pos tag="AVD"/>
      <pos_gen tag="AVD"/>
      <infl tag="--"/>
      <inflClass tag="--"/>
      <inflClass_gen tag="--"/>
    </tok_anno>
  </token>
  <token id="t91" trans="vvur=te" type="token">
    <tok_dipl id="t91_d1" trans="vvur=te" utf="vvur=te"/>
    <tok_anno ascii="vvur=te" id="t91_m1" trans="vvur=te" utf="vvur=te">
      <norm tag="wart"/>
      <lemma tag="wërden"/>
      <lemma_gen tag="wërden"/>
      <lemma_idmwb tag="225138000"/>
      <pos tag="VAFIN"/>
      <pos_gen tag="VA"/>
      <infl tag="Ind.Past.Sg.2"/>
      <inflClass tag="st3b"/>
      <inflClass_gen tag="st3b"/>
    </tok_anno>
  </token>
  <token id="t92" trans="du" type="token">
    <tok_dipl id="t92_d1" trans="du" utf="du"/>
    <tok_anno ascii="du" id="t92_m1" trans="du" utf="du">
      <norm tag="dû"/>
      <lemma tag="dû"/>
      <lemma_gen tag="dû"/>
      <lemma_idmwb tag="32607000"/>
      <pos tag="PPER"/>
      <pos_gen tag="PPER"/>
      <infl tag="Nom.Sg..f.2"/>
      <inflClass tag="--"/>
      <inflClass_gen tag="--"/>
    </tok_anno>
  </token>
  <token id="t93" trans="mut'(.)" type="token">
    <tok_dipl id="t93_d1" trans="mut'" utf="mutˢ"/>
    <tok_anno ascii="muter" id="t93_m1" trans="mut'" utf="mutˢ">
      <norm tag="muoter"/>
      <lemma tag="muoter"/>
      <lemma_gen tag="muoter"/>
      <lemma_idmwb tag="116949000"/>
      <pos tag="NA"/>
      <pos_gen tag="NA"/>
      <infl tag="Nom.Sg"/>
      <inflClass tag="st(u).Fem"/>
      <inflClass_gen tag="st(u).Fem"/>
      <punc tag="DE"/>
    </tok_anno>
  </token>
  <token id="t94" trans="." type="punc">
    <tok_dipl id="t94_d1" trans="." utf="."/>
    <tok_anno ascii="." id="t94_m1" trans="." utf=".">
      <pos tag="$_"/>
      <pos_gen tag="$_"/>
      <punc tag="$E"/>
    </tok_anno>
  </token>
  <token id="t95" trans="die" type="token">
    <tok_dipl id="t95_d1" trans="die" utf="die"/>
    <tok_anno ascii="die" id="t95_m1" trans="die" utf="die">
      <norm tag="die"/>
      <lemma tag="dër"/>
      <lemma_gen tag="dër"/>
      <lemma_idmwb tag="29817000"/>
      <pos tag="DDART"/>
      <pos_gen tag="DD"/>
      <infl tag="*.Nom.Pl"/>
      <inflClass tag="--"/>
      <inflClass_gen tag="--"/>
    </tok_anno>
  </token>
  <token id="t96" trans="alten" type="token">
    <tok_dipl id="t96_d1" trans="alten" utf="alten"/>
    <tok_anno ascii="alten" id="t96_m1" trans="alten" utf="alten">
      <norm tag="alten"/>
      <lemma tag="alt"/>
      <lemma_gen tag="alt"/>
      <lemma_idmwb tag="4695000"/>
      <pos tag="ADJA"/>
      <pos_gen tag="ADJ"/>
      <infl tag="Pos.*.Nom.Pl.wk"/>
      <inflClass tag="--"/>
      <inflClass_gen tag="--"/>
    </tok_anno>
  </token>
  <token id="t97" trans="vate'" type="token">
    <tok_dipl id="t97_d1" trans="vate'" utf="vateˢ"/>
    <tok_anno ascii="vater" id="t97_m1" trans="vate'" utf="vateˢ">
      <norm tag="vater"/>
      <lemma tag="vater"/>
      <lemma_gen tag="vater"/>
      <lemma_idmwb tag="198636000"/>
      <pos tag="NA"/>
      <pos_gen tag="NA"/>
      <infl tag="Nom.Pl"/>
      <inflClass tag="st(u).Masc"/>
      <inflClass_gen tag="st(u).Masc"/>
    </tok_anno>
  </token>
  <token id="t98" trans="din||e" type="token">
    <tok_dipl id="t98_d1" trans="dine" utf="dine"/>
    <tok_anno ascii="din" id="t98_m1" trans="din|" utf="din">
      <norm tag="dîn"/>
      <token_type tag="MS1"/>
      <lemma tag="dîn"/>
      <lemma_gen tag="dîn"/>
      <lemma_idmwb tag="30567000"/>
      <pos tag="DPOSA"/>
      <pos_gen tag="DPOS"/>
      <infl tag="*.Akk.Sg.st"/>
      <inflClass tag="--"/>
      <inflClass_gen tag="--"/>
    </tok_anno>
    <tok_anno ascii="e" id="t98_m2" trans="|e" utf="e">
      <norm tag="êwe"/>
      <token_type tag="MS2"/>
      <lemma tag="êwe"/>
      <lemma_gen tag="êwe"/>
      <lemma_idmwb tag="45846000"/>
      <pos tag="NA"/>
      <pos_gen tag="NA"/>
      <infl tag="Akk.Sg"/>
      <inflClass tag="wk.Masc,Fem"/>
      <inflClass_gen tag="wk.Masc,Fem"/>
    </tok_anno>
  </token>
  <token id="t99" trans="wun$ten" type="token">
    <tok_dipl id="t99_d1" trans="wun$ten" utf="wunſten"/>
    <tok_anno ascii="wunsten" id="t99_m1" trans="wun$ten" utf="wunſten">
      <norm tag="wunschten"/>
      <lemma tag="wünschen"/>
      <lemma_gen tag="wünschen"/>
      <lemma_idmwb tag="234522000"/>
      <pos tag="VVFIN"/>
      <pos_gen tag="VV"/>
      <infl tag="*.Past.Pl.3"/>
      <inflClass tag="wk"/>
      <inflClass_gen tag="wk"/>
    </tok_anno>
  </token>
  <token id="t100" trans="%." type="punc">
    <tok_dipl id="t100_d1" trans="%." utf="·"/>
    <tok_anno ascii="." id="t100_m1" trans="%." utf="·">
      <pos tag="$_"/>
      <pos_gen tag="$_"/>
    </tok_anno>
  </token>
  <token id="t101" trans="vn\-" type="token">
    <tok_dipl id="t101_d1" trans="vn\-" utf="vn̄"/>
    <tok_anno ascii="vnd" id="t101_m1" trans="vn\-" utf="vn̄">
      <norm tag="und"/>
      <lemma tag="unte"/>
      <lemma_gen tag="unte"/>
      <lemma_idmwb tag="183108000"/>
      <pos tag="KON"/>
      <pos_gen tag="KO"/>
      <infl tag="--"/>
      <inflClass tag="--"/>
      <inflClass_gen tag="--"/>
    </tok_anno>
  </token>
  <token id="t102" trans="die" type="token">
    <tok_dipl id="t102_d1" trans="die" utf="die"/>
    <tok_anno ascii="die" id="t102_m1" trans="die" utf="die">
      <norm tag="die"/>
      <lemma tag="dër"/>
      <lemma_gen tag="dër"/>
      <lemma_idmwb tag="29817000"/>
      <pos tag="DDART"/>
      <pos_gen tag="DD"/>
      <infl tag="*.Nom.Pl"/>
      <inflClass tag="--"/>
      <inflClass_gen tag="--"/>
    </tok_anno>
  </token>
  <token id="t103" trans="wi$$agen(.)" type="token">
    <tok_dipl id="t103_d1" trans="wi$$agen" utf="wiſſagen"/>
    <tok_anno ascii="wissagen" id="t103_m1" trans="wi$$agen" utf="wiſſagen">
      <norm tag="wîssagen"/>
      <lemma tag="wîssage"/>
      <lemma_gen tag="wîssage"/>
      <lemma_idmwb tag="232014000"/>
      <pos tag="NA"/>
      <pos_gen tag="NA"/>
      <infl tag="Nom.Pl"/>
      <inflClass tag="wk.Masc"/>
      <inflClass_gen tag="wk.Masc"/>
      <punc tag="DE"/>
    </tok_anno>
  </token>
  <comment type="K">/K[wiſſagen%.: a aus anderem Buchstben korrigiert]/K[wiſſagen%.: a aus anderem Buchstben korrigiert]</comment>
  <token id="t104" trans="%." type="punc">
    <tok_dipl id="t104_d1" trans="%." utf="·"/>
    <tok_anno ascii="." id="t104_m1" trans="%." utf="·">
      <pos tag="$_"/>
      <pos_gen tag="$_"/>
      <punc tag="$E"/>
    </tok_anno>
  </token>
  <token id="t105" trans="*(D*)v" type="token">
    <tok_dipl id="t105_d1" trans="*(D*)v" utf="Dv"/>
    <tok_anno ascii="Dv" id="t105_m1" trans="*(D*)v" utf="Dv">
      <norm tag="dû"/>
      <lemma tag="dû"/>
      <lemma_gen tag="dû"/>
      <lemma_idmwb tag="32607000"/>
      <pos tag="PPER"/>
      <pos_gen tag="PPER"/>
      <infl tag="Nom.Sg.2"/>
      <inflClass tag="--"/>
      <inflClass_gen tag="--"/>
    </tok_anno>
  </token>
  <comment type="K">/K[*(D*)v: D rubr.]/K[*(D*)v: D rubr.]</comment>
  <token id="t106" trans="bi$t" type="token">
    <tok_dipl id="t106_d1" trans="bi$t" utf="biſt"/>
    <tok_anno ascii="bist" id="t106_m1" trans="bi$t" utf="biſt">
      <norm tag="bist"/>
      <lemma tag="sîn"/>
      <lemma_gen tag="sîn"/>
      <lemma_idmwb tag="150147000"/>
      <pos tag="VAFIN"/>
      <pos_gen tag="VA"/>
      <infl tag="Ind.Pres.Sg.2"/>
      <inflClass tag="irr"/>
      <inflClass_gen tag="irr"/>
    </tok_anno>
  </token>
  <token id="t107" trans="eíne" type="token">
    <tok_dipl id="t107_d1" trans="eíne" utf="eíne"/>
    <tok_anno ascii="eine" id="t107_m1" trans="eíne" utf="eíne">
      <norm tag="eine"/>
      <lemma tag="èine"/>
      <lemma_gen tag="èine"/>
      <lemma_idmwb tag="35985000"/>
      <pos tag="AVD"/>
      <pos_gen tag="AVD"/>
      <infl tag="--"/>
      <inflClass tag="--"/>
      <inflClass_gen tag="--"/>
    </tok_anno>
  </token>
  <token id="t108" trans="ein" type="token">
    <tok_dipl id="t108_d1" trans="ein" utf="ein"/>
    <tok_anno ascii="ein" id="t108_m1" trans="ein" utf="ein">
      <norm tag="ein"/>
      <lemma tag="èin"/>
      <lemma_gen tag="èin"/>
      <lemma_idmwb tag="35925000"/>
      <pos tag="DIART"/>
      <pos_gen tag="DD"/>
      <infl tag="Masc.Nom.Sg.0"/>
      <inflClass tag="--"/>
      <inflClass_gen tag="--"/>
    </tok_anno>
  </token>
  <token id="t109" trans="$tamme" type="token">
    <tok_dipl id="t109_d1" trans="$tamme" utf="ſtamme"/>
    <tok_anno ascii="stamme" id="t109_m1" trans="$tamme" utf="ſtamme">
      <norm tag="stamme"/>
      <lemma tag="stamm(e)"/>
      <lemma_gen tag="stamm(e)"/>
      <lemma_idmwb tag="157332000"/>
      <pos tag="NA"/>
      <pos_gen tag="NA"/>
      <infl tag="Nom.Sg"/>
      <inflClass tag="*.Masc"/>
      <inflClass_gen tag="*.Masc"/>
    </tok_anno>
  </token>
  <token id="t110" trans="des" type="token">
    <tok_dipl id="t110_d1" trans="des" utf="des"/>
    <tok_anno ascii="des" id="t110_m1" trans="des" utf="des">
      <norm tag="des"/>
      <lemma tag="dër"/>
      <lemma_gen tag="dër"/>
      <lemma_idmwb tag="29817000"/>
      <pos tag="DDART"/>
      <pos_gen tag="DD"/>
      <infl tag="Neut.Gen.Sg"/>
      <inflClass tag="--"/>
      <inflClass_gen tag="--"/>
    </tok_anno>
  </token>
  <token id="t111" trans="leben$,," type="token">
    <tok_dipl id="t111_d1" trans="leben$" utf="lebenſ"/>
    <tok_anno ascii="lebens" id="t111_m1" trans="leben$" utf="lebenſ">
      <norm tag="lebenes"/>
      <lemma tag="lëben"/>
      <lemma_gen tag="lëben"/>
      <lemma_idmwb tag="100239000"/>
      <pos tag="NA"/>
      <pos_gen tag="NA"/>
      <infl tag="Gen.Sg"/>
      <inflClass tag="st.Neut"/>
      <inflClass_gen tag="st.Masc,Neut"/>
      <punc tag="S*"/>
    </tok_anno>
  </token>
  <token id="t112" trans="." type="punc">
    <tok_dipl id="t112_d1" trans="." utf="."/>
    <tok_anno ascii="." id="t112_m1" trans="." utf=".">
      <pos tag="$_"/>
      <pos_gen tag="$_"/>
    </tok_anno>
  </token>
  <token id="t113" trans="daz" type="token">
    <tok_dipl id="t113_d1" trans="daz" utf="daz"/>
    <tok_anno ascii="daz" id="t113_m1" trans="daz" utf="daz">
      <norm tag="daz"/>
      <lemma tag="daz"/>
      <lemma_gen tag="daz"/>
      <lemma_idmwb tag="???"/>
      <pos tag="KO*"/>
      <pos_gen tag="KO"/>
      <infl tag="--"/>
      <inflClass tag="--"/>
      <inflClass_gen tag="--"/>
    </tok_anno>
  </token>
  <token id="t114" trans="eua" type="token">
    <tok_dipl id="t114_d1" trans="eua" utf="eua"/>
    <tok_anno ascii="eua" id="t114_m1" trans="eua" utf="eua">
      <norm tag="Eva"/>
      <lemma tag="Eva"/>
      <lemma_gen tag="Eva"/>
      <lemma_idmwb tag="--"/>
      <pos tag="NE"/>
      <pos_gen tag="NE"/>
      <infl tag="Nom.Sg"/>
      <inflClass tag="--"/>
      <inflClass_gen tag="--"/>
    </tok_anno>
  </token>
  <token id="t115" trans="ín||de\-" type="token">
    <tok_dipl id="t115_d1" trans="índe\-" utf="índē"/>
    <tok_anno ascii="in" id="t115_m1" trans="ín|" utf="ín">
      <norm tag="in"/>
      <token_type tag="MS1"/>
      <lemma tag="in"/>
      <lemma_gen tag="in"/>
      <lemma_idmwb tag="81741000"/>
      <pos tag="APPR"/>
      <pos_gen tag="AP"/>
      <infl tag="--"/>
      <inflClass tag="--"/>
      <inflClass_gen tag="--"/>
    </tok_anno>
    <tok_anno ascii="den" id="t115_m2" trans="|de\-" utf="dē">
      <norm tag="dem"/>
      <token_type tag="MS2"/>
      <lemma tag="dër"/>
      <lemma_gen tag="dër"/>
      <lemma_idmwb tag="29817000"/>
      <pos tag="DDART"/>
      <pos_gen tag="DD"/>
      <infl tag="Masc.Dat.Sg"/>
      <inflClass tag="--"/>
      <inflClass_gen tag="--"/>
    </tok_anno>
  </token>
  <token id="t116" trans="parady$e" type="token">
    <tok_dipl id="t116_d1" trans="parady$e" utf="paradyſe"/>
    <tok_anno ascii="paradyse" id="t116_m1" trans="parady$e" utf="paradyſe">
      <norm tag="paradîse"/>
      <lemma tag="paradîs(e)"/>
      <lemma_gen tag="paradîs(e)"/>
      <lemma_idmwb tag="???"/>
      <pos tag="NA"/>
      <pos_gen tag="NA"/>
      <infl tag="Dat.Sg"/>
      <inflClass tag="*.Masc"/>
      <inflClass_gen tag="*.Masc"/>
    </tok_anno>
  </token>
  <token id="t117" trans="uerlos,," type="token">
    <tok_dipl id="t117_d1" trans="uerlos" utf="uerlos"/>
    <tok_anno ascii="uerlos" id="t117_m1" trans="uerlos" utf="uerlos">
      <norm tag="verlôs"/>
      <lemma tag="ver-lièsen"/>
      <lemma_gen tag="ver-lièsen"/>
      <lemma_idmwb tag="203121000"/>
      <pos tag="VVFIN"/>
      <pos_gen tag="VV"/>
      <infl tag="Ind.Past.Sg.3"/>
      <inflClass tag="st2b"/>
      <inflClass_gen tag="st2b"/>
      <punc tag="S*"/>
    </tok_anno>
  </token>
  <token id="t118" trans="%." type="punc">
    <tok_dipl id="t118_d1" trans="%." utf="·"/>
    <tok_anno ascii="." id="t118_m1" trans="%." utf="·">
      <pos tag="$_"/>
      <pos_gen tag="$_"/>
    </tok_anno>
  </token>
  <token id="t119" trans="du" type="token">
    <tok_dipl id="t119_d1" trans="du" utf="du"/>
    <tok_anno ascii="du" id="t119_m1" trans="du" utf="du">
      <norm tag="dô"/>
      <lemma tag="dô"/>
      <lemma_gen tag="dô"/>
      <lemma_idmwb tag="31164000"/>
      <pos tag="AVD"/>
      <pos_gen tag="AVD-KO"/>
      <infl tag="--"/>
      <inflClass tag="--"/>
      <inflClass_gen tag="--"/>
    </tok_anno>
  </token>
  <token id="t120" trans="$ie" type="token">
    <tok_dipl id="t120_d1" trans="$ie" utf="ſie"/>
    <tok_anno ascii="sie" id="t120_m1" trans="$ie" utf="ſie">
      <norm tag="sie"/>
      <lemma tag="ër"/>
      <lemma_gen tag="ër"/>
      <lemma_idmwb tag="40380000"/>
      <pos tag="PPER"/>
      <pos_gen tag="PPER"/>
      <infl tag="Fem.Nom.Sg.3"/>
      <inflClass tag="--"/>
      <inflClass_gen tag="--"/>
    </tok_anno>
  </token>
  <token id="t121" trans="den" type="token">
    <tok_dipl id="t121_d1" trans="den" utf="den"/>
    <tok_anno ascii="den" id="t121_m1" trans="den" utf="den">
      <norm tag="den"/>
      <lemma tag="dër"/>
      <lemma_gen tag="dër"/>
      <lemma_idmwb tag="29817000"/>
      <pos tag="DDART"/>
      <pos_gen tag="DD"/>
      <infl tag="Masc.Akk.Sg"/>
      <inflClass tag="--"/>
      <inflClass_gen tag="--"/>
    </tok_anno>
  </token>
  <token id="t122" trans="tot" type="token">
    <tok_dipl id="t122_d1" trans="tot" utf="tot"/>
    <tok_anno ascii="tot" id="t122_m1" trans="tot" utf="tot">
      <norm tag="tôt"/>
      <lemma tag="tôd"/>
      <lemma_gen tag="tôd"/>
      <lemma_idmwb tag="169518000"/>
      <pos tag="NA"/>
      <pos_gen tag="NA"/>
      <infl tag="Akk.Sg"/>
      <inflClass tag="st(u).Masc"/>
      <inflClass_gen tag="st(u).Masc"/>
    </tok_anno>
  </token>
  <token id="t123" trans="." type="punc">
    <tok_dipl id="t123_d1" trans="." utf="."/>
    <tok_anno ascii="." id="t123_m1" trans="." utf=".">
      <pos tag="$_"/>
      <pos_gen tag="$_"/>
    </tok_anno>
  </token>
  <token id="t124" trans="ercho$(.)" type="token">
    <tok_dipl id="t124_d1" trans="ercho$" utf="erchoſ"/>
    <tok_anno ascii="erchos" id="t124_m1" trans="ercho$" utf="erchoſ">
      <norm tag="erkôs"/>
      <lemma tag="er-kièsen"/>
      <lemma_gen tag="er-kièsen"/>
      <lemma_idmwb tag="42279000"/>
      <pos tag="VVFIN"/>
      <pos_gen tag="VV"/>
      <infl tag="Ind.Past.Sg.3"/>
      <inflClass tag="st2b"/>
      <inflClass_gen tag="st2b"/>
      <punc tag="DE"/>
    </tok_anno>
  </token>
  <token id="t125" trans="gote$" type="token">
    <tok_dipl id="t125_d1" trans="gote$" utf="goteſ"/>
    <tok_anno ascii="gotes" id="t125_m1" trans="gote$" utf="goteſ">
      <norm tag="gotes"/>
      <lemma tag="got"/>
      <lemma_gen tag="got"/>
      <lemma_idmwb tag="63291000"/>
      <pos tag="NA"/>
      <pos_gen tag="NA"/>
      <infl tag="Gen.Sg"/>
      <inflClass tag="st.Masc"/>
      <inflClass_gen tag="st.Masc"/>
    </tok_anno>
  </token>
  <token id="t126" trans="gebot||$ie" type="token">
    <tok_dipl id="t126_d1" trans="gebot$ie" utf="gebotſie"/>
    <tok_anno ascii="gebot" id="t126_m1" trans="gebot|" utf="gebot">
      <norm tag="gebot"/>
      <token_type tag="MS1"/>
      <lemma tag="ge-bot"/>
      <lemma_gen tag="ge-bot"/>
      <lemma_idmwb tag="48189000"/>
      <pos tag="NA"/>
      <pos_gen tag="NA"/>
      <infl tag="Akk.Sg"/>
      <inflClass tag="st.Neut"/>
      <inflClass_gen tag="st.Neut"/>
    </tok_anno>
    <tok_anno ascii="sie" id="t126_m2" trans="|$ie" utf="ſie">
      <norm tag="sie"/>
      <token_type tag="MS2"/>
      <lemma tag="ër"/>
      <lemma_gen tag="ër"/>
      <lemma_idmwb tag="40380000"/>
      <pos tag="PPER"/>
      <pos_gen tag="PPER"/>
      <infl tag="Fem.Nom.Sg.3"/>
      <inflClass tag="--"/>
      <inflClass_gen tag="--"/>
    </tok_anno>
  </token>
  <token id="t127" trans="vb'gie,," type="token">
    <tok_dipl id="t127_d1" trans="vb'gie" utf="vbˢgie"/>
    <tok_anno ascii="vbergie" id="t127_m1" trans="vb'gie" utf="vbˢgie">
      <norm tag="übergie"/>
      <lemma tag="über-gân"/>
      <lemma_gen tag="über-gân"/>
      <lemma_idmwb tag="175212000"/>
      <pos tag="VVFIN"/>
      <pos_gen tag="VV"/>
      <infl tag="Ind.Past.Sg.3"/>
      <inflClass tag="irr"/>
      <inflClass_gen tag="irr"/>
      <punc tag="S*"/>
    </tok_anno>
  </token>
  <token id="t128" trans="." type="punc">
    <tok_dipl id="t128_d1" trans="." utf="."/>
    <tok_anno ascii="." id="t128_m1" trans="." utf=".">
      <pos tag="$_"/>
      <pos_gen tag="$_"/>
    </tok_anno>
  </token>
  <token id="t129" trans="von" type="token">
    <tok_dipl id="t129_d1" trans="von" utf="von"/>
    <tok_anno ascii="von" id="t129_m1" trans="von" utf="von">
      <norm tag="von"/>
      <lemma tag="von(e)"/>
      <lemma_gen tag="von(e)"/>
      <lemma_idmwb tag="213186000"/>
      <pos tag="AVD"/>
      <pos_gen tag="AVD"/>
      <infl tag="--"/>
      <inflClass tag="--"/>
      <inflClass_gen tag="--"/>
    </tok_anno>
  </token>
  <token id="t130" trans="danne" type="token">
    <tok_dipl id="t130_d1" trans="danne" utf="danne"/>
    <tok_anno ascii="danne" id="t130_m1" trans="danne" utf="danne">
      <norm tag="danne"/>
      <lemma tag="danne"/>
      <lemma_gen tag="danne"/>
      <lemma_idmwb tag="28863000"/>
      <pos tag="AVD"/>
      <pos_gen tag="AVD-KO"/>
      <infl tag="--"/>
      <inflClass tag="--"/>
      <inflClass_gen tag="--"/>
    </tok_anno>
  </token>
  <token id="t131" trans="ir" type="token">
    <tok_dipl id="t131_d1" trans="ir" utf="ir"/>
    <tok_anno ascii="ir" id="t131_m1" trans="ir" utf="ir">
      <norm tag="ire"/>
      <lemma tag="ir(e)"/>
      <lemma_gen tag="ir(e)"/>
      <lemma_idmwb tag="83982000"/>
      <pos tag="DPOSA"/>
      <pos_gen tag="DPOS"/>
      <infl tag="Fem.Nom.Sg.0"/>
      <inflClass tag="--"/>
      <inflClass_gen tag="--"/>
    </tok_anno>
  </token>
  <token id="t132" trans="aft'#chumfte" type="token">
    <tok_dipl id="t132_d1" trans="aft'" utf="aftˢ"/>
    <tok_dipl id="t132_d2" trans="chumfte" utf="chumfte"/>
    <tok_anno ascii="afterchumfte" id="t132_m1" trans="aft'#chumfte" utf="aftˢchumfte">
      <norm tag="afterkumfte"/>
      <token_type tag="US"/>
      <lemma tag="after-kumft"/>
      <lemma_gen tag="after-kumft"/>
      <lemma_idmwb tag="3012000"/>
      <pos tag="NA"/>
      <pos_gen tag="NA"/>
      <infl tag="Nom.Sg"/>
      <inflClass tag="st.Fem"/>
      <inflClass_gen tag="st.Fem"/>
    </tok_anno>
  </token>
  <token id="t133" trans="michel" type="token">
    <tok_dipl id="t133_d1" trans="michel" utf="michel"/>
    <tok_anno ascii="michel" id="t133_m1" trans="michel" utf="michel">
      <norm tag="michel"/>
      <lemma tag="michel"/>
      <lemma_gen tag="michel"/>
      <lemma_idmwb tag="111618000"/>
      <pos tag="AVD"/>
      <pos_gen tag="AVD"/>
      <infl tag="--"/>
      <inflClass tag="--"/>
      <inflClass_gen tag="--"/>
    </tok_anno>
  </token>
  <token id="t134" trans="$ere" type="token">
    <tok_dipl id="t134_d1" trans="$ere" utf="ſere"/>
    <tok_anno ascii="sere" id="t134_m1" trans="$ere" utf="ſere">
      <norm tag="sêre"/>
      <lemma tag="sêre"/>
      <lemma_gen tag="sêre"/>
      <lemma_idmwb tag="148728000"/>
      <pos tag="AVD"/>
      <pos_gen tag="AVD"/>
      <infl tag="--"/>
      <inflClass tag="--"/>
      <inflClass_gen tag="--"/>
    </tok_anno>
  </token>
  <token id="t135" trans="lie(.)" type="token">
    <tok_dipl id="t135_d1" trans="lie" utf="lie"/>
    <tok_anno ascii="lie" id="t135_m1" trans="lie" utf="lie">
      <norm tag="lie"/>
      <lemma tag="lâzen"/>
      <lemma_gen tag="lâzen"/>
      <lemma_idmwb tag="100122000"/>
      <pos tag="VVFIN"/>
      <pos_gen tag="VV"/>
      <infl tag="Ind.Past.Sg.3"/>
      <inflClass tag="st7"/>
      <inflClass_gen tag="st7"/>
      <punc tag="DE"/>
    </tok_anno>
  </token>
  <token id="t136" trans="." type="punc">
    <tok_dipl id="t136_d1" trans="." utf="."/>
    <tok_anno ascii="." id="t136_m1" trans="." utf=".">
      <pos tag="$_"/>
      <pos_gen tag="$_"/>
      <punc tag="$E"/>
    </tok_anno>
  </token>
  <token id="t137" trans="*(D*)o" type="token">
    <tok_dipl id="t137_d1" trans="*(D*)o" utf="Do"/>
    <tok_anno ascii="Do" id="t137_m1" trans="*(D*)o" utf="Do">
      <norm tag="dô"/>
      <lemma tag="dô"/>
      <lemma_gen tag="dô"/>
      <lemma_idmwb tag="31164000"/>
      <pos tag="KOUS"/>
      <pos_gen tag="KO"/>
      <infl tag="--"/>
      <inflClass tag="--"/>
      <inflClass_gen tag="--"/>
    </tok_anno>
  </token>
  <comment type="K">/K[*(D*)o: D rubr.]/K[*(D*)o: D rubr.]</comment>
  <token id="t138" trans="den" type="token">
    <tok_dipl id="t138_d1" trans="den" utf="den"/>
    <tok_anno ascii="den" id="t138_m1" trans="den" utf="den">
      <norm tag="den"/>
      <lemma tag="dër"/>
      <lemma_gen tag="dër"/>
      <lemma_idmwb tag="29817000"/>
      <pos tag="DDART"/>
      <pos_gen tag="DD"/>
      <infl tag="Masc.Akk.Sg"/>
      <inflClass tag="--"/>
      <inflClass_gen tag="--"/>
    </tok_anno>
  </token>
  <token id="t139" trans="$chepha_ere" type="token">
    <tok_dipl id="t139_d1" trans="$chepha_ere" utf="ſchepha‍ere"/>
    <tok_anno ascii="schephaere" id="t139_m1" trans="$chepha_ere" utf="ſchepha‍ere">
      <norm tag="schepfære"/>
      <lemma tag="schèpfære"/>
      <lemma_gen tag="schèpfære"/>
      <lemma_idmwb tag="142953000"/>
      <pos tag="NA"/>
      <pos_gen tag="NA"/>
      <infl tag="Akk.Sg"/>
      <inflClass tag="st.Masc"/>
      <inflClass_gen tag="st.Masc"/>
    </tok_anno>
  </token>
  <token id="t140" trans="." type="punc">
    <tok_dipl id="t140_d1" trans="." utf="."/>
    <tok_anno ascii="." id="t140_m1" trans="." utf=".">
      <pos tag="$_"/>
      <pos_gen tag="$_"/>
    </tok_anno>
  </token>
  <token id="t141" trans="$in" type="token">
    <tok_dipl id="t141_d1" trans="$in" utf="ſin"/>
    <tok_anno ascii="sin" id="t141_m1" trans="$in" utf="ſin">
      <norm tag="sîn"/>
      <lemma tag="sîn"/>
      <lemma_gen tag="sîn"/>
      <lemma_idmwb tag="150153000"/>
      <pos tag="DPOSA"/>
      <pos_gen tag="DPOS"/>
      <infl tag="Fem.Nom.Sg.0"/>
      <inflClass tag="--"/>
      <inflClass_gen tag="--"/>
    </tok_anno>
  </token>
  <token id="t142" trans="gnade" type="token">
    <tok_dipl id="t142_d1" trans="gnade" utf="gnade"/>
    <tok_anno ascii="gnade" id="t142_m1" trans="gnade" utf="gnade">
      <norm tag="genâde"/>
      <lemma tag="ge-nâde"/>
      <lemma_gen tag="ge-nâde"/>
      <lemma_idmwb tag="53412000"/>
      <pos tag="NA"/>
      <pos_gen tag="NA"/>
      <infl tag="Nom.Sg"/>
      <inflClass tag="*.Fem"/>
      <inflClass_gen tag="*.Fem"/>
    </tok_anno>
  </token>
  <token id="t143" trans="er#mante,," type="token">
    <tok_dipl id="t143_d1" trans="er" utf="er"/>
    <tok_dipl id="t143_d2" trans="mante" utf="mante"/>
    <tok_anno ascii="ermante" id="t143_m1" trans="er#mante" utf="ermante">
      <norm tag="ermanete"/>
      <token_type tag="US"/>
      <lemma tag="er-manen"/>
      <lemma_gen tag="er-manen"/>
      <lemma_idmwb tag="42879000"/>
      <pos tag="VVFIN"/>
      <pos_gen tag="VV"/>
      <infl tag="*.Past.Sg.3"/>
      <inflClass tag="wk"/>
      <inflClass_gen tag="wk"/>
      <punc tag="S*"/>
    </tok_anno>
  </token>
  <token id="t144" trans="." type="punc">
    <tok_dipl id="t144_d1" trans="." utf="."/>
    <tok_anno ascii="." id="t144_m1" trans="." utf=".">
      <pos tag="$_"/>
      <pos_gen tag="$_"/>
    </tok_anno>
  </token>
  <token id="t145" trans="daz" type="token">
    <tok_dipl id="t145_d1" trans="daz" utf="daz"/>
    <tok_anno ascii="daz" id="t145_m1" trans="daz" utf="daz">
      <norm tag="daz"/>
      <lemma tag="dazz"/>
      <lemma_gen tag="dazz"/>
      <lemma_idmwb tag="29484000"/>
      <pos tag="KOUS"/>
      <pos_gen tag="KO"/>
      <infl tag="--"/>
      <inflClass tag="--"/>
      <inflClass_gen tag="--"/>
    </tok_anno>
  </token>
  <token id="t146" trans="er" type="token">
    <tok_dipl id="t146_d1" trans="er" utf="er"/>
    <tok_anno ascii="er" id="t146_m1" trans="er" utf="er">
      <norm tag="er"/>
      <lemma tag="ër"/>
      <lemma_gen tag="ër"/>
      <lemma_idmwb tag="40380000"/>
      <pos tag="PPER"/>
      <pos_gen tag="PPER"/>
      <infl tag="Masc.Nom.Sg.3"/>
      <inflClass tag="--"/>
      <inflClass_gen tag="--"/>
    </tok_anno>
  </token>
  <token id="t147" trans="die" type="token">
    <tok_dipl id="t147_d1" trans="die" utf="die"/>
    <tok_anno ascii="die" id="t147_m1" trans="die" utf="die">
      <norm tag="die"/>
      <lemma tag="dër"/>
      <lemma_gen tag="dër"/>
      <lemma_idmwb tag="29817000"/>
      <pos tag="DDART"/>
      <pos_gen tag="DD"/>
      <infl tag="Fem.Akk.Sg"/>
      <inflClass tag="--"/>
      <inflClass_gen tag="--"/>
    </tok_anno>
  </token>
  <token id="t148" trans="menne$liche" type="token">
    <tok_dipl id="t148_d1" trans="menne$liche" utf="menneſliche"/>
    <tok_anno ascii="mennesliche" id="t148_m1" trans="menne$liche" utf="menneſliche">
      <norm tag="mennischlîche"/>
      <lemma tag="mèn(ni)sch-lich"/>
      <lemma_gen tag="mennesliche"/>
      <lemma_idmwb tag="???"/>
      <pos tag="ADJA"/>
      <pos_gen tag="ADJ"/>
      <infl tag="Pos.Fem.Akk.Sg.st"/>
      <inflClass tag="--"/>
      <inflClass_gen tag="--"/>
    </tok_anno>
  </token>
  <token id="t149" trans="bro\vde" type="token">
    <tok_dipl id="t149_d1" trans="bro\vde" utf="broͮde"/>
    <tok_anno ascii="brovde" id="t149_m1" trans="bro\vde" utf="broͮde">
      <norm tag="broede"/>
      <lemma tag="broède"/>
      <lemma_gen tag="broède"/>
      <lemma_idmwb tag="25512000"/>
      <pos tag="NA"/>
      <pos_gen tag="NA"/>
      <infl tag="Akk.Sg"/>
      <inflClass tag="st.Fem"/>
      <inflClass_gen tag="*.Fem"/>
    </tok_anno>
  </token>
  <token id="t150" trans="erchant,," type="token">
    <tok_dipl id="t150_d1" trans="erchant" utf="erchant"/>
    <tok_anno ascii="erchant" id="t150_m1" trans="erchant" utf="erchant">
      <norm tag="erkante"/>
      <lemma tag="er-kènnen"/>
      <lemma_gen tag="er-kènnen"/>
      <lemma_idmwb tag="42243000"/>
      <pos tag="VVFIN"/>
      <pos_gen tag="VV"/>
      <infl tag="*.Past.Sg.3"/>
      <inflClass tag="wk"/>
      <inflClass_gen tag="wk"/>
      <punc tag="S*"/>
    </tok_anno>
  </token>
  <token id="t151" trans="." type="punc">
    <tok_dipl id="t151_d1" trans="." utf="."/>
    <tok_anno ascii="." id="t151_m1" trans="." utf=".">
      <pos tag="$_"/>
      <pos_gen tag="$_"/>
    </tok_anno>
  </token>
  <token id="t152" trans="den" type="token">
    <tok_dipl id="t152_d1" trans="den" utf="den"/>
    <tok_anno ascii="den" id="t152_m1" trans="den" utf="den">
      <norm tag="den"/>
      <lemma tag="dër"/>
      <lemma_gen tag="dër"/>
      <lemma_idmwb tag="29817000"/>
      <pos tag="DDART"/>
      <pos_gen tag="DD"/>
      <infl tag="Masc.Akk.Sg"/>
      <inflClass tag="--"/>
      <inflClass_gen tag="--"/>
    </tok_anno>
  </token>
  <token id="t153" trans="engel" type="token">
    <tok_dipl id="t153_d1" trans="engel" utf="engel"/>
    <tok_anno ascii="engel" id="t153_m1" trans="engel" utf="engel">
      <norm tag="engel"/>
      <lemma tag="èngel"/>
      <lemma_gen tag="èngel"/>
      <lemma_idmwb tag="37740000"/>
      <pos tag="NA"/>
      <pos_gen tag="NA"/>
      <infl tag="Akk.Sg"/>
      <inflClass tag="st.Masc"/>
      <inflClass_gen tag="st.Masc"/>
    </tok_anno>
  </token>
  <token id="t154" trans="Gab'el" type="token">
    <tok_dipl id="t154_d1" trans="Gab'el" utf="Gabˢel"/>
    <tok_anno ascii="Gabrel" id="t154_m1" trans="Gab'el" utf="Gabˢel">
      <norm tag="Gabriel"/>
      <lemma tag="Gabrièl"/>
      <lemma_gen tag="Gabrièl"/>
      <lemma_idmwb tag="--"/>
      <pos tag="NE"/>
      <pos_gen tag="NE"/>
      <infl tag="Akk.Sg"/>
      <inflClass tag="--"/>
      <inflClass_gen tag="--"/>
    </tok_anno>
  </token>
  <comment type="K">/K[Gab'el: er-Kürzel unterscheidet sich von den anderen erkennbar, möglicherweise eigenes Zeichen]/K[Gab'el: er-Kürzel unterscheidet sich von den anderen erkennbar, möglicherweise eigenes Zeichen]</comment>
  <token id="t155" trans="mit" type="token">
    <tok_dipl id="t155_d1" trans="mit" utf="mit"/>
    <tok_anno ascii="mit" id="t155_m1" trans="mit" utf="mit">
      <norm tag="mit"/>
      <lemma tag="mit"/>
      <lemma_gen tag="mit"/>
      <lemma_idmwb tag="113898000"/>
      <pos tag="APPR"/>
      <pos_gen tag="AP"/>
      <infl tag="--"/>
      <inflClass tag="--"/>
      <inflClass_gen tag="--"/>
    </tok_anno>
  </token>
  <token id="t156" trans="nívver" type="token">
    <tok_dipl id="t156_d1" trans="nívver" utf="nívver"/>
    <tok_anno ascii="nivver" id="t156_m1" trans="nívver" utf="nívver">
      <norm tag="niuwer"/>
      <lemma tag="niuwe"/>
      <lemma_gen tag="niuwe"/>
      <lemma_idmwb tag="121830000"/>
      <pos tag="ADJA"/>
      <pos_gen tag="ADJ"/>
      <infl tag="Pos.Fem.Dat.Sg.st"/>
      <inflClass tag="--"/>
      <inflClass_gen tag="--"/>
    </tok_anno>
  </token>
  <token id="t157" trans="bote$chafte" type="token">
    <tok_dipl id="t157_d1" trans="bote$chafte" utf="boteſchafte"/>
    <tok_anno ascii="boteschafte" id="t157_m1" trans="bote$chafte" utf="boteſchafte">
      <norm tag="boteschefte"/>
      <lemma tag="bot(e)-schaft"/>
      <lemma_gen tag="bot(e)-schaft"/>
      <lemma_idmwb tag="23955000"/>
      <pos tag="NA"/>
      <pos_gen tag="NA"/>
      <infl tag="Dat.Sg"/>
      <inflClass tag="stu.Fem"/>
      <inflClass_gen tag="stu.Fem"/>
    </tok_anno>
  </token>
  <token id="t158" trans="zv" type="token">
    <tok_dipl id="t158_d1" trans="zv" utf="zv"/>
    <tok_anno ascii="zv" id="t158_m1" trans="zv" utf="zv">
      <norm tag="zuo"/>
      <lemma tag="ze"/>
      <lemma_gen tag="ze"/>
      <lemma_idmwb tag="235656000"/>
      <pos tag="APPR"/>
      <pos_gen tag="AP"/>
      <infl tag="--"/>
      <inflClass tag="--"/>
      <inflClass_gen tag="--"/>
    </tok_anno>
  </token>
  <token id="t159" trans="dir" type="token">
    <tok_dipl id="t159_d1" trans="dir" utf="dir"/>
    <tok_anno ascii="dir" id="t159_m1" trans="dir" utf="dir">
      <norm tag="dir"/>
      <lemma tag="dû"/>
      <lemma_gen tag="dû"/>
      <lemma_idmwb tag="32607000"/>
      <pos tag="PPER"/>
      <pos_gen tag="PPER"/>
      <infl tag="Dat.Sg.2"/>
      <inflClass tag="--"/>
      <inflClass_gen tag="--"/>
    </tok_anno>
  </token>
  <token id="t160" trans="$ant(.)" type="token">
    <tok_dipl id="t160_d1" trans="$ant" utf="ſant"/>
    <tok_anno ascii="sant" id="t160_m1" trans="$ant" utf="ſant">
      <norm tag="sante"/>
      <lemma tag="sènten"/>
      <lemma_gen tag="sènten"/>
      <lemma_idmwb tag="148299000"/>
      <pos tag="VVFIN"/>
      <pos_gen tag="VV"/>
      <infl tag="*.Past.Sg.3"/>
      <inflClass tag="wk"/>
      <inflClass_gen tag="wk"/>
      <punc tag="DE"/>
    </tok_anno>
  </token>
  <token id="t161" trans="." type="punc">
    <tok_dipl id="t161_d1" trans="." utf="."/>
    <tok_anno ascii="." id="t161_m1" trans="." utf=".">
      <pos tag="$_"/>
      <pos_gen tag="$_"/>
      <punc tag="$E"/>
    </tok_anno>
  </token>
  <token id="t162" trans="eR" type="token">
    <tok_dipl id="t162_d1" trans="eR" utf="eR"/>
    <tok_anno ascii="eR" id="t162_m1" trans="eR" utf="eR">
      <norm tag="er"/>
      <lemma tag="ër"/>
      <lemma_gen tag="ër"/>
      <lemma_idmwb tag="40380000"/>
      <pos tag="PPER"/>
      <pos_gen tag="PPER"/>
      <infl tag="Masc.Nom.Sg.3"/>
      <inflClass tag="--"/>
      <inflClass_gen tag="--"/>
    </tok_anno>
  </token>
  <token id="t163" trans="$prac(:)" type="token">
    <tok_dipl id="t163_d1" trans="$prac" utf="ſprac"/>
    <tok_anno ascii="sprac" id="t163_m1" trans="$prac" utf="ſprac">
      <norm tag="sprach"/>
      <lemma tag="sprëchen"/>
      <lemma_gen tag="sprëchen"/>
      <lemma_idmwb tag="156540000"/>
      <pos tag="VVFIN"/>
      <pos_gen tag="VV"/>
      <infl tag="Ind.Past.Sg.3"/>
      <inflClass tag="st4"/>
      <inflClass_gen tag="st4"/>
      <punc tag="DE"/>
    </tok_anno>
  </token>
  <token id="t164" trans="." type="punc">
    <tok_dipl id="t164_d1" trans="." utf="."/>
    <tok_anno ascii="." id="t164_m1" trans="." utf=".">
      <pos tag="$_"/>
      <pos_gen tag="$_"/>
      <punc tag="$E"/>
    </tok_anno>
  </token>
  <token id="t165" trans="&quot;°Aue" type="token">
    <tok_dipl id="t165_d1" trans="°Aue" utf="°Aue"/>
    <tok_anno ascii="°Aue" id="t165_m1" trans="°Aue" utf="°Aue">
      <norm tag="ave"/>
      <lemma tag="ave"/>
      <lemma_gen tag="ave"/>
      <lemma_idmwb tag="--"/>
      <pos tag="ITJ"/>
      <pos_gen tag="FM"/>
      <infl tag="--"/>
      <inflClass tag="--"/>
      <inflClass_gen tag="--"/>
    </tok_anno>
  </token>
  <token id="t166" trans="°María,," type="token">
    <tok_dipl id="t166_d1" trans="°María" utf="°María"/>
    <tok_anno ascii="°Maria" id="t166_m1" trans="°María" utf="°María">
      <norm tag="maría"/>
      <lemma tag="maría"/>
      <lemma_gen tag="maría"/>
      <lemma_idmwb tag="--"/>
      <pos tag="NE"/>
      <pos_gen tag="NE"/>
      <infl tag="Nom.Sg"/>
      <inflClass tag="--"/>
      <inflClass_gen tag="--"/>
      <punc tag="S*"/>
    </tok_anno>
  </token>
  <token id="t167" trans="." type="punc">
    <tok_dipl id="t167_d1" trans="." utf="."/>
    <tok_anno ascii="." id="t167_m1" trans="." utf=".">
      <pos tag="$_"/>
      <pos_gen tag="$_"/>
    </tok_anno>
  </token>
  <token id="t168" trans="du" type="token">
    <tok_dipl id="t168_d1" trans="du" utf="du"/>
    <tok_anno ascii="du" id="t168_m1" trans="du" utf="du">
      <norm tag="dû"/>
      <lemma tag="dû"/>
      <lemma_gen tag="dû"/>
      <lemma_idmwb tag="32607000"/>
      <pos tag="PPER"/>
      <pos_gen tag="PPER"/>
      <infl tag="Nom.Sg.2"/>
      <inflClass tag="--"/>
      <inflClass_gen tag="--"/>
    </tok_anno>
  </token>
  <token id="t169" trans="bi$t" type="token">
    <tok_dipl id="t169_d1" trans="bi$t" utf="biſt"/>
    <tok_anno ascii="bist" id="t169_m1" trans="bi$t" utf="biſt">
      <norm tag="bist"/>
      <lemma tag="sîn"/>
      <lemma_gen tag="sîn"/>
      <lemma_idmwb tag="150147000"/>
      <pos tag="VAFIN"/>
      <pos_gen tag="VA"/>
      <infl tag="Ind.Pres.Sg.2"/>
      <inflClass tag="irr"/>
      <inflClass_gen tag="irr"/>
    </tok_anno>
  </token>
  <token id="t170" trans="genad_en" type="token">
    <tok_dipl id="t170_d1" trans="genad_en" utf="genadᵉn"/>
    <tok_anno ascii="genaden" id="t170_m1" trans="genad_en" utf="genadᵉn">
      <norm tag="genâden"/>
      <lemma tag="ge-nâde"/>
      <lemma_gen tag="ge-nâde"/>
      <lemma_idmwb tag="53412000"/>
      <pos tag="NA"/>
      <pos_gen tag="NA"/>
      <infl tag="Dat.Pl"/>
      <inflClass tag="*.Fem"/>
      <inflClass_gen tag="*.Fem"/>
    </tok_anno>
  </token>
  <token id="t171" trans="°plena(.)" type="token">
    <tok_dipl id="t171_d1" trans="°plena" utf="°plena"/>
    <tok_anno ascii="°plena" id="t171_m1" trans="°plena" utf="°plena">
      <norm tag="plena"/>
      <lemma tag="plenus"/>
      <lemma_gen tag="plenus"/>
      <lemma_idmwb tag="--"/>
      <pos tag="ADJD"/>
      <pos_gen tag="FM"/>
      <infl tag="Pos....0"/>
      <inflClass tag="--"/>
      <inflClass_gen tag="--"/>
      <punc tag="DE"/>
    </tok_anno>
  </token>
  <token id="t172" trans="." type="punc">
    <tok_dipl id="t172_d1" trans="." utf="."/>
    <tok_anno ascii="." id="t172_m1" trans="." utf=".">
      <pos tag="$_"/>
      <pos_gen tag="$_"/>
      <punc tag="$E"/>
    </tok_anno>
  </token>
  <token id="t173" trans="alait" type="token">
    <tok_dipl id="t173_d1" trans="alait" utf="alait"/>
    <tok_anno ascii="alait" id="t173_m1" trans="alait" utf="alait">
      <norm tag="meit"/>
      <lemma tag="maged"/>
      <lemma_gen tag="maged"/>
      <lemma_idmwb tag="106875000"/>
      <pos tag="NA"/>
      <pos_gen tag="NA"/>
      <infl tag="Nom.Sg"/>
      <inflClass tag="stu.Fem"/>
      <inflClass_gen tag="stu.Fem"/>
    </tok_anno>
  </token>
  <comment type="K">/K[: alait: Maurer korrigiert in Mait. kann auch alanc = seltsam sein]/K[: alait: Maurer korrigiert in Mait. kann auch alanc = seltsam sein]</comment>
  <token id="t174" trans="du" type="token">
    <tok_dipl id="t174_d1" trans="du" utf="du"/>
    <tok_anno ascii="du" id="t174_m1" trans="du" utf="du">
      <norm tag="dû"/>
      <lemma tag="dû"/>
      <lemma_gen tag="dû"/>
      <lemma_idmwb tag="32607000"/>
      <pos tag="PPER"/>
      <pos_gen tag="PPER"/>
      <infl tag="Nom.Sg.2"/>
      <inflClass tag="--"/>
      <inflClass_gen tag="--"/>
    </tok_anno>
  </token>
  <token id="t175" trans="$wangeR" type="token">
    <tok_dipl id="t175_d1" trans="$wangeR" utf="ſwangeR"/>
    <tok_anno ascii="swangeR" id="t175_m1" trans="$wangeR" utf="ſwangeR">
      <norm tag="swanger"/>
      <lemma tag="swanger"/>
      <lemma_gen tag="swanger"/>
      <lemma_idmwb tag="???"/>
      <pos tag="AVD"/>
      <pos_gen tag="AVD"/>
      <infl tag="--"/>
      <inflClass tag="--"/>
      <inflClass_gen tag="--"/>
    </tok_anno>
  </token>
  <token id="t176" trans="wir$t,," type="token">
    <tok_dipl id="t176_d1" trans="wir$t" utf="wirſt"/>
    <tok_anno ascii="wirst" id="t176_m1" trans="wir$t" utf="wirſt">
      <norm tag="wirdest"/>
      <lemma tag="wërden"/>
      <lemma_gen tag="wërden"/>
      <lemma_idmwb tag="225138000"/>
      <pos tag="VAFIN"/>
      <pos_gen tag="VA"/>
      <infl tag="Ind.Pres.Sg.2"/>
      <inflClass tag="st3b"/>
      <inflClass_gen tag="st3b"/>
      <punc tag="S*"/>
    </tok_anno>
  </token>
  <token id="t177" trans="." type="punc">
    <tok_dipl id="t177_d1" trans="." utf="."/>
    <tok_anno ascii="." id="t177_m1" trans="." utf=".">
      <pos tag="$_"/>
      <pos_gen tag="$_"/>
    </tok_anno>
  </token>
  <token id="t178" trans="iz" type="token">
    <tok_dipl id="t178_d1" trans="iz" utf="iz"/>
    <tok_anno ascii="iz" id="t178_m1" trans="iz" utf="iz">
      <norm tag="iz"/>
      <lemma tag="ër"/>
      <lemma_gen tag="ër"/>
      <lemma_idmwb tag="40380000"/>
      <pos tag="PPER"/>
      <pos_gen tag="PPER"/>
      <infl tag="Neut.Nom.Sg.3"/>
      <inflClass tag="--"/>
      <inflClass_gen tag="--"/>
    </tok_anno>
  </token>
  <token id="t179" trans="i$t" type="token">
    <tok_dipl id="t179_d1" trans="i$t" utf="iſt"/>
    <tok_anno ascii="ist" id="t179_m1" trans="i$t" utf="iſt">
      <norm tag="ist"/>
      <lemma tag="sîn"/>
      <lemma_gen tag="sîn"/>
      <lemma_idmwb tag="150147000"/>
      <pos tag="VAFIN"/>
      <pos_gen tag="VA"/>
      <infl tag="Ind.Pres.Sg.3"/>
      <inflClass tag="irr"/>
      <inflClass_gen tag="irr"/>
    </tok_anno>
  </token>
  <token id="t180" trans="got" type="token">
    <tok_dipl id="t180_d1" trans="got" utf="got"/>
    <tok_anno ascii="got" id="t180_m1" trans="got" utf="got">
      <norm tag="got"/>
      <lemma tag="got"/>
      <lemma_gen tag="got"/>
      <lemma_idmwb tag="63291000"/>
      <pos tag="NA"/>
      <pos_gen tag="NA"/>
      <infl tag="Nom.Sg"/>
      <inflClass tag="st.Masc"/>
      <inflClass_gen tag="st.Masc"/>
    </tok_anno>
  </token>
  <token id="t181" trans="$elbe,," type="token">
    <tok_dipl id="t181_d1" trans="$elbe" utf="ſelbe"/>
    <tok_anno ascii="selbe" id="t181_m1" trans="$elbe" utf="ſelbe">
      <norm tag="selbe"/>
      <lemma tag="sëlb"/>
      <lemma_gen tag="sëlb"/>
      <lemma_idmwb tag="147849000"/>
      <pos tag="DDA"/>
      <pos_gen tag="DD"/>
      <infl tag="Masc.Nom.Sg.wk"/>
      <inflClass tag="--"/>
      <inflClass_gen tag="--"/>
      <punc tag="S*"/>
    </tok_anno>
  </token>
  <token id="t182" trans="den" type="token">
    <tok_dipl id="t182_d1" trans="den" utf="den"/>
    <tok_anno ascii="den" id="t182_m1" trans="den" utf="den">
      <norm tag="den"/>
      <lemma tag="dër"/>
      <lemma_gen tag="dër"/>
      <lemma_idmwb tag="29823000"/>
      <pos tag="DRELS"/>
      <pos_gen tag="DD"/>
      <infl tag="Masc.Akk.Sg"/>
      <inflClass tag="--"/>
      <inflClass_gen tag="--"/>
    </tok_anno>
  </token>
  <token id="t183" trans="du" type="token">
    <tok_dipl id="t183_d1" trans="du" utf="du"/>
    <tok_anno ascii="du" id="t183_m1" trans="du" utf="du">
      <norm tag="dû"/>
      <lemma tag="dû"/>
      <lemma_gen tag="dû"/>
      <lemma_idmwb tag="32607000"/>
      <pos tag="PPER"/>
      <pos_gen tag="PPER"/>
      <infl tag="Nom.Sg.2"/>
      <inflClass tag="--"/>
      <inflClass_gen tag="--"/>
    </tok_anno>
  </token>
  <token id="t184" trans="gebir$t(.)&quot;" type="token">
    <tok_dipl id="t184_d1" trans="gebir$t" utf="gebirſt"/>
    <tok_anno ascii="gebirst" id="t184_m1" trans="gebir$t" utf="gebirſt">
      <norm tag="gebirest"/>
      <lemma tag="ge-bër(e)n"/>
      <lemma_gen tag="ge-bër(e)n"/>
      <lemma_idmwb tag="47853000"/>
      <pos tag="VVFIN"/>
      <pos_gen tag="VV"/>
      <infl tag="Ind.Pres.Sg.2"/>
      <inflClass tag="st4"/>
      <inflClass_gen tag="st4"/>
      <punc tag="DE"/>
    </tok_anno>
  </token>
  <token id="t185" trans="." type="punc">
    <tok_dipl id="t185_d1" trans="." utf="."/>
    <tok_anno ascii="." id="t185_m1" trans="." utf=".">
      <pos tag="$_"/>
      <pos_gen tag="$_"/>
      <punc tag="$E"/>
    </tok_anno>
  </token>
  <token id="t186" trans="*(B*)e||di$em" type="token">
    <tok_dipl id="t186_d1" trans="*(B*)edi$em" utf="Bediſem"/>
    <tok_anno ascii="Be" id="t186_m1" trans="*(B*)e|" utf="Be">
      <norm tag="bî"/>
      <token_type tag="MS1"/>
      <lemma tag="bî"/>
      <lemma_gen tag="bî"/>
      <lemma_idmwb tag="19761000"/>
      <pos tag="APPR"/>
      <pos_gen tag="AP"/>
      <infl tag="--"/>
      <inflClass tag="--"/>
      <inflClass_gen tag="--"/>
    </tok_anno>
    <tok_anno ascii="disem" id="t186_m2" trans="|di$em" utf="diſem">
      <norm tag="disem"/>
      <token_type tag="MS2"/>
      <lemma tag="dise"/>
      <lemma_gen tag="dise"/>
      <lemma_idmwb tag="30921000"/>
      <pos tag="DDA"/>
      <pos_gen tag="DD"/>
      <infl tag="Neut.Dat.Sg"/>
      <inflClass tag="--"/>
      <inflClass_gen tag="--"/>
    </tok_anno>
  </token>
  <comment type="K">/K[*(B*)e: B rubr.]/K[*(B*)e: B rubr.]</comment>
  <token id="t187" trans="wo_rte,,(" type="token">
    <tok_dipl id="t187_d1" trans="wo_rte" utf="wo‍rte"/>
    <tok_anno ascii="worte" id="t187_m1" trans="wo_rte" utf="wo‍rte">
      <norm tag="worte"/>
      <lemma tag="wort"/>
      <lemma_gen tag="wort"/>
      <lemma_idmwb tag="233604000"/>
      <pos tag="NA"/>
      <pos_gen tag="NA"/>
      <infl tag="Dat.Sg"/>
      <inflClass tag="st.Neut"/>
      <inflClass_gen tag="st.Neut"/>
    </tok_anno>
  </token>
  <token id="t188" trans="himili$$iv" type="token">
    <tok_dipl id="t188_d1" trans="himili$$iv" utf="himiliſſiv"/>
    <tok_anno ascii="himilissiv" id="t188_m1" trans="himili$$iv" utf="himiliſſiv">
      <norm tag="himelischiu"/>
      <lemma tag="himelisch"/>
      <lemma_gen tag="himelisch"/>
      <lemma_idmwb tag="74202000"/>
      <pos tag="ADJA"/>
      <pos_gen tag="ADJ"/>
      <infl tag="Pos.Fem.Nom.Sg.st"/>
      <inflClass tag="--"/>
      <inflClass_gen tag="--"/>
    </tok_anno>
  </token>
  <token id="t189" trans="°po_rte,,)" type="token">
    <tok_dipl id="t189_d1" trans="°po_rte" utf="°po‍rte"/>
    <tok_anno ascii="°porte" id="t189_m1" trans="°po_rte" utf="°po‍rte">
      <norm tag="porta"/>
      <lemma tag="porta"/>
      <lemma_gen tag="porta"/>
      <lemma_idmwb tag="--"/>
      <pos tag="NA"/>
      <pos_gen tag="FM"/>
      <infl tag="Nom.Sg"/>
      <inflClass tag="Fem"/>
      <inflClass_gen tag="Fem"/>
    </tok_anno>
  </token>
  <token id="t190" trans="." type="punc">
    <tok_dipl id="t190_d1" trans="." utf="."/>
    <tok_anno ascii="." id="t190_m1" trans="." utf=".">
      <pos tag="$_"/>
      <pos_gen tag="$_"/>
    </tok_anno>
  </token>
  <token id="t191" trans="en#pfinge" type="token">
    <tok_dipl id="t191_d1" trans="en" utf="en"/>
    <tok_dipl id="t191_d2" trans="pfinge" utf="pfinge"/>
    <tok_anno ascii="enpfinge" id="t191_m1" trans="en#pfinge" utf="enpfinge">
      <norm tag="entvienge"/>
      <token_type tag="US"/>
      <lemma tag="ent-vâhen"/>
      <lemma_gen tag="ent-vâhen"/>
      <lemma_idmwb tag="38151000"/>
      <pos tag="VVFIN"/>
      <pos_gen tag="VV"/>
      <infl tag="Subj.Past.Sg.3"/>
      <inflClass tag="st7"/>
      <inflClass_gen tag="st7"/>
    </tok_anno>
  </token>
  <token id="t192" trans="i\-||dínem" type="token">
    <tok_dipl id="t192_d1" trans="i\-dínem" utf="īdínem"/>
    <tok_anno ascii="in" id="t192_m1" trans="i\-|" utf="ī">
      <norm tag="in"/>
      <token_type tag="MS1"/>
      <lemma tag="in"/>
      <lemma_gen tag="in"/>
      <lemma_idmwb tag="81741000"/>
      <pos tag="APPR"/>
      <pos_gen tag="AP"/>
      <infl tag="--"/>
      <inflClass tag="--"/>
      <inflClass_gen tag="--"/>
    </tok_anno>
    <tok_anno ascii="dinem" id="t192_m2" trans="|dínem" utf="dínem">
      <norm tag="dînem"/>
      <token_type tag="MS2"/>
      <lemma tag="dîn"/>
      <lemma_gen tag="dîn"/>
      <lemma_idmwb tag="30567000"/>
      <pos tag="DPOSA"/>
      <pos_gen tag="DPOS"/>
      <infl tag="Masc.Dat.Sg.st"/>
      <inflClass tag="--"/>
      <inflClass_gen tag="--"/>
    </tok_anno>
  </token>
  <token id="t193" trans="reine\-" type="token">
    <tok_dipl id="t193_d1" trans="reine\-" utf="reinē"/>
    <tok_anno ascii="reinen" id="t193_m1" trans="reine\-" utf="reinē">
      <norm tag="reinen"/>
      <lemma tag="rèin(e)"/>
      <lemma_gen tag="rèin(e)"/>
      <lemma_idmwb tag="133287000"/>
      <pos tag="ADJA"/>
      <pos_gen tag="ADJ"/>
      <infl tag="Pos.Masc.Dat.Sg.wk"/>
      <inflClass tag="--"/>
      <inflClass_gen tag="--"/>
    </tok_anno>
  </token>
  <token id="t194" trans="libe,," type="token">
    <tok_dipl id="t194_d1" trans="libe" utf="libe"/>
    <tok_anno ascii="libe" id="t194_m1" trans="libe" utf="libe">
      <norm tag="lîbe"/>
      <lemma tag="lîb"/>
      <lemma_gen tag="lîb"/>
      <lemma_idmwb tag="103638000"/>
      <pos tag="NA"/>
      <pos_gen tag="NA"/>
      <infl tag="Dat.Sg"/>
      <inflClass tag="st.Masc"/>
      <inflClass_gen tag="st.Masc,Neut"/>
      <punc tag="S*"/>
    </tok_anno>
  </token>
  <token id="t195" trans="daz" type="token">
    <tok_dipl id="t195_d1" trans="daz" utf="daz"/>
    <tok_anno ascii="daz" id="t195_m1" trans="daz" utf="daz">
      <norm tag="daz"/>
      <lemma tag="dazz"/>
      <lemma_gen tag="dazz"/>
      <lemma_idmwb tag="29484000"/>
      <pos tag="KOUS"/>
      <pos_gen tag="KO"/>
      <infl tag="--"/>
      <inflClass tag="--"/>
      <inflClass_gen tag="--"/>
    </tok_anno>
  </token>
  <token id="t196" trans="du" type="token">
    <tok_dipl id="t196_d1" trans="du" utf="du"/>
    <tok_anno ascii="du" id="t196_m1" trans="du" utf="du">
      <norm tag="dû"/>
      <lemma tag="dû"/>
      <lemma_gen tag="dû"/>
      <lemma_idmwb tag="32607000"/>
      <pos tag="PPER"/>
      <pos_gen tag="PPER"/>
      <infl tag="Nom.Sg.2"/>
      <inflClass tag="--"/>
      <inflClass_gen tag="--"/>
    </tok_anno>
  </token>
  <token id="t197" trans="doch" type="token">
    <tok_dipl id="t197_d1" trans="doch" utf="doch"/>
    <tok_anno ascii="doch" id="t197_m1" trans="doch" utf="doch">
      <norm tag="doch"/>
      <lemma tag="doh"/>
      <lemma_gen tag="doh"/>
      <lemma_idmwb tag="31173000"/>
      <pos tag="AVD"/>
      <pos_gen tag="AVD-KO"/>
      <infl tag="--"/>
      <inflClass tag="--"/>
      <inflClass_gen tag="--"/>
    </tok_anno>
  </token>
  <token id="t198" trans="niht" type="token">
    <tok_dipl id="t198_d1" trans="niht" utf="niht"/>
    <tok_anno ascii="niht" id="t198_m1" trans="niht" utf="niht">
      <norm tag="niht"/>
      <lemma tag="niht"/>
      <lemma_gen tag="niht"/>
      <lemma_idmwb tag="121446000"/>
      <pos tag="PTKNEG"/>
      <pos_gen tag="PI"/>
      <infl tag="--"/>
      <inflClass tag="--"/>
      <inflClass_gen tag="--"/>
    </tok_anno>
  </token>
  <token id="t199" trans="vvurd_e" type="token">
    <tok_dipl id="t199_d1" trans="vvurd_e" utf="vvurdᵉ"/>
    <tok_anno ascii="vvurde" id="t199_m1" trans="vvurd_e" utf="vvurdᵉ">
      <norm tag="würde"/>
      <lemma tag="wërden"/>
      <lemma_gen tag="wërden"/>
      <lemma_idmwb tag="225138000"/>
      <pos tag="VAFIN"/>
      <pos_gen tag="VA"/>
      <infl tag="Ind.Past.Sg.2"/>
      <inflClass tag="st3b"/>
      <inflClass_gen tag="st3b"/>
    </tok_anno>
  </token>
  <token id="t200" trans="ce||vví=be(.)" type="token">
    <tok_dipl id="t200_d1" trans="cevví=be" utf="cevví=be"/>
    <tok_anno ascii="ce" id="t200_m1" trans="ce|" utf="ce">
      <norm tag="ze"/>
      <token_type tag="MS1"/>
      <lemma tag="ze"/>
      <lemma_gen tag="ze"/>
      <lemma_idmwb tag="235656000"/>
      <pos tag="APPR"/>
      <pos_gen tag="AP"/>
      <infl tag="--"/>
      <inflClass tag="--"/>
      <inflClass_gen tag="--"/>
    </tok_anno>
    <tok_anno ascii="vvi=be" id="t200_m2" trans="|vví=be" utf="vví=be">
      <norm tag="wîbe"/>
      <token_type tag="MS2"/>
      <lemma tag="wîb"/>
      <lemma_gen tag="wîb"/>
      <lemma_idmwb tag="231363000"/>
      <pos tag="NA"/>
      <pos_gen tag="NA"/>
      <infl tag="Dat.Sg"/>
      <inflClass tag="st.Neut"/>
      <inflClass_gen tag="st.Neut"/>
      <punc tag="DE"/>
    </tok_anno>
  </token>
  <comment type="K">/E[vví=[[be]]: {be}von Maurer ergänzt]/E[vví=[[be]]: {be}von Maurer ergänzt]</comment>
</text>
