<?xml version='1.0' encoding='UTF-8'?>
<!DOCTYPE text SYSTEM "cora-xml.dtd">
<text id="M144">
  <header>
    <text>Messgebet 'Got vater allir cristinheit' mit dt. Gebetsanweisung</text>
    <abbr_ddd>FMessgebet</abbr_ddd>
    <abbr_mwb>-</abbr_mwb>
    <topic>Religion, Poesie</topic>
    <text-type>Gebet</text-type>
    <genre>PV</genre>
    <reference>Edition</reference>
    <reference-secondary>Handschrift [Folio+Seite+Zeile]</reference-secondary>
    <library>Fulda, Landesbibl.</library>
    <library-shelfmark>Cod. Aa 46</library-shelfmark>
    <online>http://www.handschriftencensus.de/1396</online>
    <medium>Handschrift</medium>
    <extent>81v</extent>
    <extract>-</extract>
    <language>mhd</language>
    <language-type>oberdeutsch</language-type>
    <language-region>westoberdeutsch</language-region>
    <language-area>alemannisch</language-area>
    <place>-</place>
    <time>13,1</time>
    <notes-manuscript>-</notes-manuscript>
    <date>12-13,A</date>
    <text-place>-</text-place>
    <text-author>-</text-author>
    <text-language>-</text-language>
    <text-source>-</text-source>
    <edition>Elias Steinmeyer, Noch ein Messegesang, in: ZfdA 18 (1875), S. 455f.</edition>
    <corpus>ReM I</corpus>
    <notes-transcription>-</notes-transcription>
    <notes-annotation>-</notes-annotation>
    <digitization_by>Projektgruppe Bonn</digitization_by>
    <collation_by>Norman Schröder (Bonn)</collation_by>
    <pre_editing_by>Norman Schröder (Bonn)</pre_editing_by>
    <annotation_by>Norman Schröder (Bonn)</annotation_by>
    <proofreading_by>Projektgruppe Bonn</proofreading_by>
  </header>
  <layoutinfo>
    <page id="p1" no="0" range="c1"/>
    <column id="c1" range="l1..l15"/>
    <line id="l1" name="1a" range="t1_d1..t17_d1" loc="0a,1a"/>
    <line id="l2" name="1" range="t18_d1..t20_d1" loc="0a,1"/>
    <line id="l3" name="1a" range="t21_d1..t22_d1" loc="0a,1a"/>
    <line id="l4" name="2" range="t23_d1..t29_d1" loc="0a,2"/>
    <line id="l5" name="3" range="t30_d1..t34_d1" loc="0a,3"/>
    <line id="l6" name="4" range="t35_d1..t40_d1" loc="0a,4"/>
    <line id="l7" name="5" range="t41_d1..t46_d1" loc="0a,5"/>
    <line id="l8" name="6" range="t47_d1..t54_d1" loc="0a,6"/>
    <line id="l9" name="7" range="t55_d1..t60_d1" loc="0a,7"/>
    <line id="l10" name="8" range="t61_d1..t68_d1" loc="0a,8"/>
    <line id="l11" name="9" range="t69_d1..t73_d1" loc="0a,9"/>
    <line id="l12" name="10" range="t74_d1..t77_d1" loc="0a,10"/>
    <line id="l13" name="11" range="t78_d1..t84_d1" loc="0a,11"/>
    <line id="l14" name="12" range="t85_d1..t91_d1" loc="0a,12"/>
    <line id="l15" name="13" range="t92_d1..t96_d1" loc="0a,13"/>
  </layoutinfo>
  <shifttags/>
  <token id="t1" trans="In" type="token">
    <tok_dipl id="t1_d1" trans="In" utf="In"/>
    <tok_anno ascii="In" id="t1_m1" trans="In" utf="In">
      <norm tag="in"/>
      <lemma tag="in"/>
      <lemma_gen tag="in"/>
      <lemma_idmwb tag="81741000"/>
      <pos tag="APPR"/>
      <pos_gen tag="AP"/>
      <infl tag="--"/>
      <inflClass tag="--"/>
      <inflClass_gen tag="--"/>
    </tok_anno>
  </token>
  <comment type="K">/R[+]</comment>
  <token id="t2" trans="d_er" type="token">
    <tok_dipl id="t2_d1" trans="d_er" utf="dᵉr"/>
    <tok_anno ascii="der" id="t2_m1" trans="d_er" utf="dᵉr">
      <norm tag="der"/>
      <lemma tag="dër"/>
      <lemma_gen tag="dër"/>
      <lemma_idmwb tag="29817000"/>
      <pos tag="DDART"/>
      <pos_gen tag="DD"/>
      <infl tag="Fem.Dat.Sg"/>
      <inflClass tag="--"/>
      <inflClass_gen tag="--"/>
    </tok_anno>
  </token>
  <token id="t3" trans="$tillvn" type="token">
    <tok_dipl id="t3_d1" trans="$tillvn" utf="ſtillvn"/>
    <tok_anno ascii="stillvn" id="t3_m1" trans="$tillvn" utf="ſtillvn">
      <norm tag="stillen"/>
      <lemma tag="stille"/>
      <lemma_gen tag="stille"/>
      <lemma_idmwb tag="159417000"/>
      <pos tag="ADJA"/>
      <pos_gen tag="ADJ"/>
      <infl tag="Pos.Fem.Dat.Sg.wk"/>
      <inflClass tag="--"/>
      <inflClass_gen tag="--"/>
    </tok_anno>
  </token>
  <token id="t4" trans="me$$e" type="token">
    <tok_dipl id="t4_d1" trans="me$$e" utf="meſſe"/>
    <tok_anno ascii="messe" id="t4_m1" trans="me$$e" utf="meſſe">
      <norm tag="messe"/>
      <lemma tag="mësse"/>
      <lemma_gen tag="mësse"/>
      <lemma_idmwb tag="111171000"/>
      <pos tag="NA"/>
      <pos_gen tag="NA"/>
      <infl tag="Dat.Sg"/>
      <inflClass tag="st.Fem"/>
      <inflClass_gen tag="*.Fem"/>
    </tok_anno>
  </token>
  <token id="t5" trans="$ol" type="token">
    <tok_dipl id="t5_d1" trans="$ol" utf="ſol"/>
    <tok_anno ascii="sol" id="t5_m1" trans="$ol" utf="ſol">
      <norm tag="sol"/>
      <lemma tag="sol(e)n"/>
      <lemma_gen tag="sol(e)n"/>
      <lemma_idmwb tag="154377000"/>
      <pos tag="VMFIN"/>
      <pos_gen tag="VM"/>
      <infl tag="Ind.Pres.Sg.3"/>
      <inflClass tag="prpr"/>
      <inflClass_gen tag="prpr"/>
    </tok_anno>
  </token>
  <token id="t6" trans="ma\-" type="token">
    <tok_dipl id="t6_d1" trans="ma\-" utf="mā"/>
    <tok_anno ascii="man" id="t6_m1" trans="ma\-" utf="mā">
      <norm tag="man"/>
      <lemma tag="man"/>
      <lemma_gen tag="man"/>
      <lemma_idmwb tag="107376000"/>
      <pos tag="PI"/>
      <pos_gen tag="NA"/>
      <infl tag="*.Nom.Sg.st"/>
      <inflClass tag="--"/>
      <inflClass_gen tag="--"/>
    </tok_anno>
  </token>
  <token id="t7" trans="diz" type="token">
    <tok_dipl id="t7_d1" trans="diz" utf="diz"/>
    <tok_anno ascii="diz" id="t7_m1" trans="diz" utf="diz">
      <norm tag="diz"/>
      <lemma tag="dise"/>
      <lemma_gen tag="dise"/>
      <lemma_idmwb tag="30921000"/>
      <pos tag="DDA"/>
      <pos_gen tag="DD"/>
      <infl tag="Neut.Akk.Sg"/>
      <inflClass tag="--"/>
      <inflClass_gen tag="--"/>
    </tok_anno>
  </token>
  <token id="t8" trans="$prechin,," type="token">
    <tok_dipl id="t8_d1" trans="$prechin" utf="ſprechin"/>
    <tok_anno ascii="sprechin" id="t8_m1" trans="$prechin" utf="ſprechin">
      <norm tag="sprechen"/>
      <lemma tag="sprëchen"/>
      <lemma_gen tag="sprëchen"/>
      <lemma_idmwb tag="156540000"/>
      <pos tag="VVINF"/>
      <pos_gen tag="VV"/>
      <infl tag="--"/>
      <inflClass tag="st4"/>
      <inflClass_gen tag="st4"/>
      <punc tag="S*"/>
    </tok_anno>
  </token>
  <token id="t9" trans="." type="punc">
    <tok_dipl id="t9_d1" trans="." utf="."/>
    <tok_anno ascii="." id="t9_m1" trans="." utf=".">
      <pos tag="$_"/>
      <pos_gen tag="$_"/>
    </tok_anno>
  </token>
  <token id="t10" trans="$o" type="token">
    <tok_dipl id="t10_d1" trans="$o" utf="ſo"/>
    <tok_anno ascii="so" id="t10_m1" trans="$o" utf="ſo">
      <norm tag="sô"/>
      <lemma tag="sô"/>
      <lemma_gen tag="sô"/>
      <lemma_idmwb tag="154164000"/>
      <pos tag="KO*"/>
      <pos_gen tag="KO"/>
      <infl tag="--"/>
      <inflClass tag="--"/>
      <inflClass_gen tag="--"/>
    </tok_anno>
  </token>
  <token id="t11" trans="man" type="token">
    <tok_dipl id="t11_d1" trans="man" utf="man"/>
    <tok_anno ascii="man" id="t11_m1" trans="man" utf="man">
      <norm tag="man"/>
      <lemma tag="man"/>
      <lemma_gen tag="man"/>
      <lemma_idmwb tag="107376000"/>
      <pos tag="PI"/>
      <pos_gen tag="NA"/>
      <infl tag="*.Nom.Sg.st"/>
      <inflClass tag="--"/>
      <inflClass_gen tag="--"/>
    </tok_anno>
  </token>
  <token id="t12" trans="vn$ir$" type="token">
    <tok_dipl id="t12_d1" trans="vn$ir$" utf="vnſirſ"/>
    <tok_anno ascii="vnsirs" id="t12_m1" trans="vn$ir$" utf="vnſirſ">
      <norm tag="unsers"/>
      <lemma tag="unser"/>
      <lemma_gen tag="unser"/>
      <lemma_idmwb tag="190590000"/>
      <pos tag="DPOSA"/>
      <pos_gen tag="DPOS"/>
      <infl tag="Masc.Gen.Sg.st"/>
      <inflClass tag="--"/>
      <inflClass_gen tag="--"/>
    </tok_anno>
  </token>
  <token id="t13" trans="herri\-" type="token">
    <tok_dipl id="t13_d1" trans="herri\-" utf="herrī"/>
    <tok_anno ascii="herrin" id="t13_m1" trans="herri\-" utf="herrī">
      <norm tag="hêrren"/>
      <lemma tag="hêrre"/>
      <lemma_gen tag="hêrre"/>
      <lemma_idmwb tag="72543000"/>
      <pos tag="NA"/>
      <pos_gen tag="NA"/>
      <infl tag="Gen.Sg"/>
      <inflClass tag="*.Masc"/>
      <inflClass_gen tag="*.Masc"/>
    </tok_anno>
  </token>
  <token id="t14" trans="lichami\-" type="token">
    <tok_dipl id="t14_d1" trans="lichami\-" utf="lichamī"/>
    <tok_anno ascii="lichamin" id="t14_m1" trans="lichami\-" utf="lichamī">
      <norm tag="lîchamen"/>
      <lemma tag="lîcham(e)"/>
      <lemma_gen tag="lîcham(e)"/>
      <lemma_idmwb tag="102234000"/>
      <pos tag="NA"/>
      <pos_gen tag="NA"/>
      <infl tag="Akk.Sg"/>
      <inflClass tag="st.Masc,Neut"/>
      <inflClass_gen tag="st.Masc,Neut"/>
    </tok_anno>
  </token>
  <token id="t15" trans="vf*1" type="token">
    <tok_dipl id="t15_d1" trans="vf" utf="vf"/>
    <tok_anno ascii="vf" id="t15_m1" trans="vf*1" utf="vf">
      <norm tag="ûf"/>
      <lemma tag="ûf/&gt;+hèben"/>
      <lemma_gen tag="ûf"/>
      <lemma_idmwb tag="178137000"/>
      <pos tag="PTKVZ"/>
      <pos_gen tag="PTK"/>
      <infl tag="--"/>
      <inflClass tag="--"/>
      <inflClass_gen tag="--"/>
      <link target="t16_m1" type="vptk"/>
    </tok_anno>
  </token>
  <token id="t16" trans="hebit*2(:)" type="token">
    <tok_dipl id="t16_d1" trans="hebit" utf="hebit"/>
    <tok_anno ascii="hebit" id="t16_m1" trans="hebit*2" utf="hebit">
      <norm tag="hebet"/>
      <lemma tag="hèben/ûf&gt;+"/>
      <lemma_gen tag="hèben"/>
      <lemma_idmwb tag="69615000"/>
      <pos tag="VVFIN"/>
      <pos_gen tag="VV"/>
      <infl tag="Ind.Pres.Sg.3"/>
      <inflClass tag="st6b"/>
      <inflClass_gen tag="st6b"/>
      <punc tag="DE"/>
      <link target="t15_m1" type="vptk"/>
    </tok_anno>
  </token>
  <comment type="K">/R[@]/K[In d_er ſtillvn meſſe ſol ma\- diz ſprechin.,, ſo man vnſirſ herri\- lichami\- vf hebit.(.): In roter Schrift alR.]</comment>
  <token id="t17" trans="." type="punc">
    <tok_dipl id="t17_d1" trans="." utf="."/>
    <tok_anno ascii="." id="t17_m1" trans="." utf=".">
      <pos tag="$_"/>
      <pos_gen tag="$_"/>
      <punc tag="$E"/>
    </tok_anno>
  </token>
  <token id="t18" trans="*(G*)ot," type="token">
    <tok_dipl id="t18_d1" trans="*(G*)ot" utf="Got"/>
    <tok_anno ascii="Got" id="t18_m1" trans="*(G*)ot" utf="Got">
      <norm tag="got"/>
      <lemma tag="got"/>
      <lemma_gen tag="got"/>
      <lemma_idmwb tag="63291000"/>
      <pos tag="NA"/>
      <pos_gen tag="NA"/>
      <infl tag="Nom.Sg"/>
      <inflClass tag="st.Masc"/>
      <inflClass_gen tag="st.Masc"/>
      <punc tag="N*"/>
    </tok_anno>
  </token>
  <token id="t19" trans="uater" type="token">
    <tok_dipl id="t19_d1" trans="uater" utf="uater"/>
    <tok_anno ascii="uater" id="t19_m1" trans="uater" utf="uater">
      <norm tag="vater"/>
      <lemma tag="vater"/>
      <lemma_gen tag="vater"/>
      <lemma_idmwb tag="198636000"/>
      <pos tag="NA"/>
      <pos_gen tag="NA"/>
      <infl tag="Nom.Sg"/>
      <inflClass tag="st(u).Masc"/>
      <inflClass_gen tag="st(u).Masc"/>
    </tok_anno>
  </token>
  <token id="t20" trans="allir" type="token">
    <tok_dipl id="t20_d1" trans="allir" utf="allir"/>
    <tok_anno ascii="allir" id="t20_m1" trans="allir" utf="allir">
      <norm tag="aller"/>
      <lemma tag="all"/>
      <lemma_gen tag="all"/>
      <lemma_idmwb tag="3531000"/>
      <pos tag="DIA"/>
      <pos_gen tag="DI"/>
      <infl tag="Fem.Gen.Sg.st"/>
      <inflClass tag="--"/>
      <inflClass_gen tag="--"/>
    </tok_anno>
  </token>
  <token id="t21" trans="cri$tinhêit,," type="token">
    <tok_dipl id="t21_d1" trans="cri$tinhêit" utf="criſtinhêit"/>
    <tok_anno ascii="cristinheit" id="t21_m1" trans="cri$tinhêit" utf="criſtinhêit">
      <norm tag="kristenheit"/>
      <lemma tag="kristen-hèit"/>
      <lemma_gen tag="kristen-hèit"/>
      <lemma_idmwb tag="95682000"/>
      <pos tag="NA"/>
      <pos_gen tag="NA"/>
      <infl tag="Gen.Sg"/>
      <inflClass tag="st.Fem"/>
      <inflClass_gen tag="st.Fem"/>
      <punc tag="S*"/>
    </tok_anno>
  </token>
  <token id="t22" trans="!" type="punc">
    <tok_dipl id="t22_d1" trans="!" utf=""/>
    <tok_anno ascii="." id="t22_m1" trans="!" utf="">
      <pos tag="$_"/>
      <pos_gen tag="$_"/>
    </tok_anno>
  </token>
  <token id="t23" trans="lop" type="token">
    <tok_dipl id="t23_d1" trans="lop" utf="lop"/>
    <tok_anno ascii="lop" id="t23_m1" trans="lop" utf="lop">
      <norm tag="lop"/>
      <lemma tag="lob"/>
      <lemma_gen tag="lob"/>
      <lemma_idmwb tag="104748000"/>
      <pos tag="NA"/>
      <pos_gen tag="NA"/>
      <infl tag="Nom.Sg"/>
      <inflClass tag="st.Masc,Neut"/>
      <inflClass_gen tag="st.Masc,Neut"/>
    </tok_anno>
  </token>
  <token id="t24" trans="vnd_e" type="token">
    <tok_dipl id="t24_d1" trans="vnd_e" utf="vndᵉ"/>
    <tok_anno ascii="vnde" id="t24_m1" trans="vnd_e" utf="vndᵉ">
      <norm tag="unde"/>
      <lemma tag="unte"/>
      <lemma_gen tag="unte"/>
      <lemma_idmwb tag="183108000"/>
      <pos tag="KON"/>
      <pos_gen tag="KO"/>
      <infl tag="--"/>
      <inflClass tag="--"/>
      <inflClass_gen tag="--"/>
    </tok_anno>
  </token>
  <token id="t25" trans="ere" type="token">
    <tok_dipl id="t25_d1" trans="ere" utf="ere"/>
    <tok_anno ascii="ere" id="t25_m1" trans="ere" utf="ere">
      <norm tag="êre"/>
      <lemma tag="êre"/>
      <lemma_gen tag="êre"/>
      <lemma_idmwb tag="41379000"/>
      <pos tag="NA"/>
      <pos_gen tag="NA"/>
      <infl tag="Nom.Sg"/>
      <inflClass tag="*.Fem"/>
      <inflClass_gen tag="*.Fem"/>
    </tok_anno>
  </token>
  <token id="t26" trans="$i" type="token">
    <tok_dipl id="t26_d1" trans="$i" utf="ſi"/>
    <tok_anno ascii="si" id="t26_m1" trans="$i" utf="ſi">
      <norm tag="sî"/>
      <lemma tag="sîn"/>
      <lemma_gen tag="sîn"/>
      <lemma_idmwb tag="150147000"/>
      <pos tag="VAFIN"/>
      <pos_gen tag="VA"/>
      <infl tag="Subj.Pres.Sg.3"/>
      <inflClass tag="irr"/>
      <inflClass_gen tag="irr"/>
    </tok_anno>
  </token>
  <token id="t27" trans="dir" type="token">
    <tok_dipl id="t27_d1" trans="dir" utf="dir"/>
    <tok_anno ascii="dir" id="t27_m1" trans="dir" utf="dir">
      <norm tag="dir"/>
      <lemma tag="dû"/>
      <lemma_gen tag="dû"/>
      <lemma_idmwb tag="32607000"/>
      <pos tag="PPER"/>
      <pos_gen tag="PPER"/>
      <infl tag="Dat.Sg.2"/>
      <inflClass tag="--"/>
      <inflClass_gen tag="--"/>
    </tok_anno>
  </token>
  <token id="t28" trans="gi$eit" type="token">
    <tok_dipl id="t28_d1" trans="gi$eit" utf="giſeit"/>
    <tok_anno ascii="giseit" id="t28_m1" trans="gi$eit" utf="giſeit">
      <norm tag="geseit"/>
      <lemma tag="sagen"/>
      <lemma_gen tag="sagen"/>
      <lemma_idmwb tag="138999000"/>
      <pos tag="VVPP"/>
      <pos_gen tag="VV"/>
      <infl tag="--"/>
      <inflClass tag="wk"/>
      <inflClass_gen tag="wk"/>
    </tok_anno>
  </token>
  <token id="t29" trans="!" type="punc">
    <tok_dipl id="t29_d1" trans="!" utf=""/>
    <tok_anno ascii="." id="t29_m1" trans="!" utf="">
      <pos tag="$_"/>
      <pos_gen tag="$_"/>
    </tok_anno>
  </token>
  <token id="t30" trans="von" type="token">
    <tok_dipl id="t30_d1" trans="von" utf="von"/>
    <tok_anno ascii="von" id="t30_m1" trans="von" utf="von">
      <norm tag="von"/>
      <lemma tag="von"/>
      <lemma_gen tag="von"/>
      <lemma_idmwb tag="213186000"/>
      <pos tag="APPR"/>
      <pos_gen tag="AP"/>
      <infl tag="--"/>
      <inflClass tag="--"/>
      <inflClass_gen tag="--"/>
    </tok_anno>
  </token>
  <token id="t31" trans="allir" type="token">
    <tok_dipl id="t31_d1" trans="allir" utf="allir"/>
    <tok_anno ascii="allir" id="t31_m1" trans="allir" utf="allir">
      <norm tag="aller"/>
      <lemma tag="all"/>
      <lemma_gen tag="all"/>
      <lemma_idmwb tag="3531000"/>
      <pos tag="DIA"/>
      <pos_gen tag="DI"/>
      <infl tag="Fem.Dat.Sg.st"/>
      <inflClass tag="--"/>
      <inflClass_gen tag="--"/>
    </tok_anno>
  </token>
  <token id="t32" trans="dinir" type="token">
    <tok_dipl id="t32_d1" trans="dinir" utf="dinir"/>
    <tok_anno ascii="dinir" id="t32_m1" trans="dinir" utf="dinir">
      <norm tag="dîner"/>
      <lemma tag="dîn"/>
      <lemma_gen tag="dîn"/>
      <lemma_idmwb tag="30567000"/>
      <pos tag="DPOSA"/>
      <pos_gen tag="DPOS"/>
      <infl tag="Fem.Dat.Sg.st"/>
      <inflClass tag="--"/>
      <inflClass_gen tag="--"/>
    </tok_anno>
  </token>
  <token id="t33" trans="hant(=)gitat,," type="token">
    <tok_dipl id="t33_d1" trans="hantgitat" utf="hantgitat"/>
    <tok_anno ascii="hantgitat" id="t33_m1" trans="hant(=)gitat" utf="hantgitat">
      <norm tag="hantgetât"/>
      <token_type tag="UL"/>
      <lemma tag="hant-ge-tât"/>
      <lemma_gen tag="hant-ge-tât"/>
      <lemma_idmwb tag="68382000"/>
      <pos tag="NA"/>
      <pos_gen tag="NA"/>
      <infl tag="Dat.Sg"/>
      <inflClass tag="stu.Fem"/>
      <inflClass_gen tag="stu.Fem"/>
      <punc tag="S*"/>
    </tok_anno>
  </token>
  <token id="t34" trans="!" type="punc">
    <tok_dipl id="t34_d1" trans="!" utf=""/>
    <tok_anno ascii="." id="t34_m1" trans="!" utf="">
      <pos tag="$_"/>
      <pos_gen tag="$_"/>
    </tok_anno>
  </token>
  <token id="t35" trans="die" type="token">
    <tok_dipl id="t35_d1" trans="die" utf="die"/>
    <tok_anno ascii="die" id="t35_m1" trans="die" utf="die">
      <norm tag="die"/>
      <lemma tag="dër"/>
      <lemma_gen tag="dër"/>
      <lemma_idmwb tag="29823000"/>
      <pos tag="DRELS"/>
      <pos_gen tag="DD"/>
      <infl tag="Masc.Akk.Sg"/>
      <inflClass tag="--"/>
      <inflClass_gen tag="--"/>
    </tok_anno>
  </token>
  <token id="t36" trans="din" type="token">
    <tok_dipl id="t36_d1" trans="din" utf="din"/>
    <tok_anno ascii="din" id="t36_m1" trans="din" utf="din">
      <norm tag="dîn"/>
      <lemma tag="dîn"/>
      <lemma_gen tag="dîn"/>
      <lemma_idmwb tag="30567000"/>
      <pos tag="DPOSA"/>
      <pos_gen tag="DPOS"/>
      <infl tag="*.*.*.0"/>
      <inflClass tag="--"/>
      <inflClass_gen tag="--"/>
    </tok_anno>
  </token>
  <token id="t37" trans="$un" type="token">
    <tok_dipl id="t37_d1" trans="$un" utf="ſun"/>
    <tok_anno ascii="sun" id="t37_m1" trans="$un" utf="ſun">
      <norm tag="sun"/>
      <lemma tag="sun"/>
      <lemma_gen tag="sun"/>
      <lemma_idmwb tag="162972000"/>
      <pos tag="NA"/>
      <pos_gen tag="NA"/>
      <infl tag="Nom.Sg"/>
      <inflClass tag="stu.Masc"/>
      <inflClass_gen tag="stu.Masc"/>
    </tok_anno>
  </token>
  <token id="t38" trans="irlo$it" type="token">
    <tok_dipl id="t38_d1" trans="irlo$it" utf="irloſit"/>
    <tok_anno ascii="irlosit" id="t38_m1" trans="irlo$it" utf="irloſit">
      <norm tag="erloeset"/>
      <lemma tag="er-loèsen"/>
      <lemma_gen tag="er-loèsen"/>
      <lemma_idmwb tag="42771000"/>
      <pos tag="VVPP"/>
      <pos_gen tag="VV"/>
      <infl tag="--"/>
      <inflClass tag="wk"/>
      <inflClass_gen tag="wk"/>
    </tok_anno>
  </token>
  <token id="t39" trans="hat(.)" type="token">
    <tok_dipl id="t39_d1" trans="hat" utf="hat"/>
    <tok_anno ascii="hat" id="t39_m1" trans="hat" utf="hat">
      <norm tag="hât"/>
      <lemma tag="haben"/>
      <lemma_gen tag="haben"/>
      <lemma_idmwb tag="66885000"/>
      <pos tag="VAFIN"/>
      <pos_gen tag="VA"/>
      <infl tag="Ind.Pres.Sg.3"/>
      <inflClass tag="wk"/>
      <inflClass_gen tag="wk"/>
      <punc tag="DE"/>
    </tok_anno>
  </token>
  <token id="t40" trans="!" type="punc">
    <tok_dipl id="t40_d1" trans="!" utf=""/>
    <tok_anno ascii="." id="t40_m1" trans="!" utf="">
      <pos tag="$_"/>
      <pos_gen tag="$_"/>
      <punc tag="$E"/>
    </tok_anno>
  </token>
  <token id="t41" trans="dur" type="token">
    <tok_dipl id="t41_d1" trans="dur" utf="dur"/>
    <tok_anno ascii="dur" id="t41_m1" trans="dur" utf="dur">
      <norm tag="durch"/>
      <lemma tag="durh"/>
      <lemma_gen tag="durh"/>
      <lemma_idmwb tag="32826000"/>
      <pos tag="APPR"/>
      <pos_gen tag="AP"/>
      <infl tag="--"/>
      <inflClass tag="--"/>
      <inflClass_gen tag="--"/>
    </tok_anno>
  </token>
  <token id="t42" trans="daz" type="token">
    <tok_dipl id="t42_d1" trans="daz" utf="daz"/>
    <tok_anno ascii="daz" id="t42_m1" trans="daz" utf="daz">
      <norm tag="daz"/>
      <lemma tag="dër"/>
      <lemma_gen tag="dër"/>
      <lemma_idmwb tag="29817000"/>
      <pos tag="DDART"/>
      <pos_gen tag="DD"/>
      <infl tag="Neut.Akk.Sg"/>
      <inflClass tag="--"/>
      <inflClass_gen tag="--"/>
    </tok_anno>
  </token>
  <token id="t43" trans="opfir,," type="token">
    <tok_dipl id="t43_d1" trans="opfir" utf="opfir"/>
    <tok_anno ascii="opfir" id="t43_m1" trans="opfir" utf="opfir">
      <norm tag="opfer"/>
      <lemma tag="opfer"/>
      <lemma_gen tag="opfer"/>
      <lemma_idmwb tag="124179000"/>
      <pos tag="NA"/>
      <pos_gen tag="NA"/>
      <infl tag="Akk.Sg"/>
      <inflClass tag="st.Neut"/>
      <inflClass_gen tag="st.Neut"/>
      <punc tag="S*"/>
    </tok_anno>
  </token>
  <token id="t44" trans="herre" type="token">
    <tok_dipl id="t44_d1" trans="herre" utf="herre"/>
    <tok_anno ascii="herre" id="t44_m1" trans="herre" utf="herre">
      <norm tag="hêrre"/>
      <lemma tag="hêrre"/>
      <lemma_gen tag="hêrre"/>
      <lemma_idmwb tag="72543000"/>
      <pos tag="NA"/>
      <pos_gen tag="NA"/>
      <infl tag="Nom.Sg"/>
      <inflClass tag="*.Masc"/>
      <inflClass_gen tag="*.Masc"/>
    </tok_anno>
  </token>
  <token id="t45" trans="cri$t,," type="token">
    <tok_dipl id="t45_d1" trans="cri$t" utf="criſt"/>
    <tok_anno ascii="crist" id="t45_m1" trans="cri$t" utf="criſt">
      <norm tag="Krist"/>
      <lemma tag="Krist"/>
      <lemma_gen tag="Krist"/>
      <lemma_idmwb tag="95598000"/>
      <pos tag="NE"/>
      <pos_gen tag="NE"/>
      <infl tag="Nom.Sg"/>
      <inflClass tag="--"/>
      <inflClass_gen tag="--"/>
      <punc tag="S*"/>
    </tok_anno>
  </token>
  <token id="t46" trans="!" type="punc">
    <tok_dipl id="t46_d1" trans="!" utf=""/>
    <tok_anno ascii="." id="t46_m1" trans="!" utf="">
      <pos tag="$_"/>
      <pos_gen tag="$_"/>
    </tok_anno>
  </token>
  <token id="t47" trans="$o" type="token">
    <tok_dipl id="t47_d1" trans="$o" utf="ſo"/>
    <tok_anno ascii="so" id="t47_m1" trans="$o" utf="ſo">
      <norm tag="sô"/>
      <lemma tag="sô"/>
      <lemma_gen tag="sô"/>
      <lemma_idmwb tag="154164000"/>
      <pos tag="AVD"/>
      <pos_gen tag="AVD-KO"/>
      <infl tag="--"/>
      <inflClass tag="--"/>
      <inflClass_gen tag="--"/>
    </tok_anno>
  </token>
  <token id="t48" trans="hilf" type="token">
    <tok_dipl id="t48_d1" trans="hilf" utf="hilf"/>
    <tok_anno ascii="hilf" id="t48_m1" trans="hilf" utf="hilf">
      <norm tag="hilf"/>
      <lemma tag="hëlfen"/>
      <lemma_gen tag="hëlfen"/>
      <lemma_idmwb tag="70920000"/>
      <pos tag="VVIMP"/>
      <pos_gen tag="VV"/>
      <infl tag="Sg.2"/>
      <inflClass tag="st3b"/>
      <inflClass_gen tag="st3b"/>
    </tok_anno>
  </token>
  <token id="t49" trans="vn$,," type="token">
    <tok_dipl id="t49_d1" trans="vn$" utf="vnſ"/>
    <tok_anno ascii="vns" id="t49_m1" trans="vn$" utf="vnſ">
      <norm tag="uns"/>
      <lemma tag="wir"/>
      <lemma_gen tag="wir"/>
      <lemma_idmwb tag="231441000"/>
      <pos tag="PPER"/>
      <pos_gen tag="PPER"/>
      <infl tag="Dat.Pl.1"/>
      <inflClass tag="--"/>
      <inflClass_gen tag="--"/>
      <punc tag="S*"/>
    </tok_anno>
  </token>
  <token id="t50" trans="daz" type="token">
    <tok_dipl id="t50_d1" trans="daz" utf="daz"/>
    <tok_anno ascii="daz" id="t50_m1" trans="daz" utf="daz">
      <norm tag="daz"/>
      <lemma tag="dazz"/>
      <lemma_gen tag="dazz"/>
      <lemma_idmwb tag="29484000"/>
      <pos tag="KOUS"/>
      <pos_gen tag="KO"/>
      <infl tag="--"/>
      <inflClass tag="--"/>
      <inflClass_gen tag="--"/>
    </tok_anno>
  </token>
  <token id="t51" trans="du" type="token">
    <tok_dipl id="t51_d1" trans="du" utf="du"/>
    <tok_anno ascii="du" id="t51_m1" trans="du" utf="du">
      <norm tag="dû"/>
      <lemma tag="dû"/>
      <lemma_gen tag="dû"/>
      <lemma_idmwb tag="32607000"/>
      <pos tag="PPER"/>
      <pos_gen tag="PPER"/>
      <infl tag="Nom.Sg.2"/>
      <inflClass tag="--"/>
      <inflClass_gen tag="--"/>
    </tok_anno>
  </token>
  <token id="t52" trans="$elbe" type="token">
    <tok_dipl id="t52_d1" trans="$elbe" utf="ſelbe"/>
    <tok_anno ascii="selbe" id="t52_m1" trans="$elbe" utf="ſelbe">
      <norm tag="selbe"/>
      <lemma tag="sëlb"/>
      <lemma_gen tag="sëlb"/>
      <lemma_idmwb tag="147849000"/>
      <pos tag="DDD"/>
      <pos_gen tag="DD"/>
      <infl tag="Masc.Nom.Sg.wk"/>
      <inflClass tag="--"/>
      <inflClass_gen tag="--"/>
    </tok_anno>
  </token>
  <token id="t53" trans="bi$t,," type="token">
    <tok_dipl id="t53_d1" trans="bi$t" utf="biſt"/>
    <tok_anno ascii="bist" id="t53_m1" trans="bi$t" utf="biſt">
      <norm tag="bist"/>
      <lemma tag="sîn"/>
      <lemma_gen tag="sîn"/>
      <lemma_idmwb tag="150147000"/>
      <pos tag="VAFIN"/>
      <pos_gen tag="VA"/>
      <infl tag="Ind.Pres.Sg.2"/>
      <inflClass tag="irr"/>
      <inflClass_gen tag="irr"/>
      <punc tag="S*"/>
    </tok_anno>
  </token>
  <token id="t54" trans="!" type="punc">
    <tok_dipl id="t54_d1" trans="!" utf=""/>
    <tok_anno ascii="." id="t54_m1" trans="!" utf="">
      <pos tag="$_"/>
      <pos_gen tag="$_"/>
    </tok_anno>
  </token>
  <token id="t55" trans="daz" type="token">
    <tok_dipl id="t55_d1" trans="daz" utf="daz"/>
    <tok_anno ascii="daz" id="t55_m1" trans="daz" utf="daz">
      <norm tag="daz"/>
      <lemma tag="dazz"/>
      <lemma_gen tag="dazz"/>
      <lemma_idmwb tag="29484000"/>
      <pos tag="KOUS"/>
      <pos_gen tag="KO"/>
      <infl tag="--"/>
      <inflClass tag="--"/>
      <inflClass_gen tag="--"/>
    </tok_anno>
  </token>
  <token id="t56" trans="wir" type="token">
    <tok_dipl id="t56_d1" trans="wir" utf="wir"/>
    <tok_anno ascii="wir" id="t56_m1" trans="wir" utf="wir">
      <norm tag="wir"/>
      <lemma tag="wir"/>
      <lemma_gen tag="wir"/>
      <lemma_idmwb tag="231441000"/>
      <pos tag="PPER"/>
      <pos_gen tag="PPER"/>
      <infl tag="Nom.Pl.1"/>
      <inflClass tag="--"/>
      <inflClass_gen tag="--"/>
    </tok_anno>
  </token>
  <token id="t57" trans="giwinnin" type="token">
    <tok_dipl id="t57_d1" trans="giwinnin" utf="giwinnin"/>
    <tok_anno ascii="giwinnin" id="t57_m1" trans="giwinnin" utf="giwinnin">
      <norm tag="gewinnen"/>
      <lemma tag="ge-winnen"/>
      <lemma_gen tag="ge-winnen"/>
      <lemma_idmwb tag="60489000"/>
      <pos tag="VVFIN"/>
      <pos_gen tag="VV"/>
      <infl tag="*.Pres.Pl.1"/>
      <inflClass tag="st3a"/>
      <inflClass_gen tag="st3a"/>
    </tok_anno>
  </token>
  <token id="t58" trans="reinin" type="token">
    <tok_dipl id="t58_d1" trans="reinin" utf="reinin"/>
    <tok_anno ascii="reinin" id="t58_m1" trans="reinin" utf="reinin">
      <norm tag="reinen"/>
      <lemma tag="rèin(e)"/>
      <lemma_gen tag="rèin(e)"/>
      <lemma_idmwb tag="133287000"/>
      <pos tag="ADJA"/>
      <pos_gen tag="ADJ"/>
      <infl tag="Pos.Masc.Akk.Sg.*"/>
      <inflClass tag="--"/>
      <inflClass_gen tag="--"/>
    </tok_anno>
  </token>
  <token id="t59" trans="mo\vt,," type="token">
    <tok_dipl id="t59_d1" trans="mo\vt" utf="moͮt"/>
    <tok_anno ascii="movt" id="t59_m1" trans="mo\vt" utf="moͮt">
      <norm tag="muot"/>
      <lemma tag="muot"/>
      <lemma_gen tag="muot"/>
      <lemma_idmwb tag="???"/>
      <pos tag="NA"/>
      <pos_gen tag="NA"/>
      <infl tag="Akk.Sg"/>
      <inflClass tag="st(u).Masc"/>
      <inflClass_gen tag="st(u).Masc"/>
      <punc tag="S*"/>
    </tok_anno>
  </token>
  <token id="t60" trans="!" type="punc">
    <tok_dipl id="t60_d1" trans="!" utf=""/>
    <tok_anno ascii="." id="t60_m1" trans="!" utf="">
      <pos tag="$_"/>
      <pos_gen tag="$_"/>
    </tok_anno>
  </token>
  <token id="t61" trans="vnde" type="token">
    <tok_dipl id="t61_d1" trans="vnde" utf="vnde"/>
    <tok_anno ascii="vnde" id="t61_m1" trans="vnde" utf="vnde">
      <norm tag="unde"/>
      <lemma tag="unte"/>
      <lemma_gen tag="unte"/>
      <lemma_idmwb tag="183108000"/>
      <pos tag="KON"/>
      <pos_gen tag="KO"/>
      <infl tag="--"/>
      <inflClass tag="--"/>
      <inflClass_gen tag="--"/>
    </tok_anno>
  </token>
  <token id="t62" trans="vn$" type="token">
    <tok_dipl id="t62_d1" trans="vn$" utf="vnſ"/>
    <tok_anno ascii="vns" id="t62_m1" trans="vn$" utf="vnſ">
      <norm tag="uns"/>
      <lemma tag="wir"/>
      <lemma_gen tag="wir"/>
      <lemma_idmwb tag="231441000"/>
      <pos tag="PPER"/>
      <pos_gen tag="PPER"/>
      <infl tag="Akk.Pl.1"/>
      <inflClass tag="--"/>
      <inflClass_gen tag="--"/>
    </tok_anno>
  </token>
  <token id="t63" trans="din" type="token">
    <tok_dipl id="t63_d1" trans="din" utf="din"/>
    <tok_anno ascii="din" id="t63_m1" trans="din" utf="din">
      <norm tag="dîn"/>
      <lemma tag="dîn"/>
      <lemma_gen tag="dîn"/>
      <lemma_idmwb tag="30567000"/>
      <pos tag="DPOSA"/>
      <pos_gen tag="DPOS"/>
      <infl tag="*.*.*.0"/>
      <inflClass tag="--"/>
      <inflClass_gen tag="--"/>
    </tok_anno>
  </token>
  <token id="t64" trans="licham" type="token">
    <tok_dipl id="t64_d1" trans="licham" utf="licham"/>
    <tok_anno ascii="licham" id="t64_m1" trans="licham" utf="licham">
      <norm tag="lîcham"/>
      <lemma tag="lîcham(e)"/>
      <lemma_gen tag="lîcham(e)"/>
      <lemma_idmwb tag="102234000"/>
      <pos tag="NA"/>
      <pos_gen tag="NA"/>
      <infl tag="Nom.Sg"/>
      <inflClass tag="st.Masc,Neut"/>
      <inflClass_gen tag="st.Masc,Neut"/>
    </tok_anno>
  </token>
  <token id="t65" trans="vn\-" type="token">
    <tok_dipl id="t65_d1" trans="vn\-" utf="vn̄"/>
    <tok_anno ascii="vnd" id="t65_m1" trans="vn\-" utf="vn̄">
      <norm tag="unde"/>
      <lemma tag="unte"/>
      <lemma_gen tag="unte"/>
      <lemma_idmwb tag="183108000"/>
      <pos tag="KON"/>
      <pos_gen tag="KO"/>
      <infl tag="--"/>
      <inflClass tag="--"/>
      <inflClass_gen tag="--"/>
    </tok_anno>
  </token>
  <token id="t66" trans="din" type="token">
    <tok_dipl id="t66_d1" trans="din" utf="din"/>
    <tok_anno ascii="din" id="t66_m1" trans="din" utf="din">
      <norm tag="dîn"/>
      <lemma tag="dîn"/>
      <lemma_gen tag="dîn"/>
      <lemma_idmwb tag="30567000"/>
      <pos tag="DPOSA"/>
      <pos_gen tag="DPOS"/>
      <infl tag="*.*.*.0"/>
      <inflClass tag="--"/>
      <inflClass_gen tag="--"/>
    </tok_anno>
  </token>
  <token id="t67" trans="blo\vt" type="token">
    <tok_dipl id="t67_d1" trans="blo\vt" utf="bloͮt"/>
    <tok_anno ascii="blovt" id="t67_m1" trans="blo\vt" utf="bloͮt">
      <norm tag="bluot"/>
      <lemma tag="bluot"/>
      <lemma_gen tag="bluot"/>
      <lemma_idmwb tag="22908000"/>
      <pos tag="NA"/>
      <pos_gen tag="NA"/>
      <infl tag="Nom.Sg"/>
      <inflClass tag="st.Neut"/>
      <inflClass_gen tag="st.Neut"/>
    </tok_anno>
  </token>
  <token id="t68" trans="!" type="punc">
    <tok_dipl id="t68_d1" trans="!" utf=""/>
    <tok_anno ascii="." id="t68_m1" trans="!" utf="">
      <pos tag="$_"/>
      <pos_gen tag="$_"/>
    </tok_anno>
  </token>
  <token id="t69" trans="irlûtere" type="token">
    <tok_dipl id="t69_d1" trans="irlûtere" utf="irlûtere"/>
    <tok_anno ascii="irlutere" id="t69_m1" trans="irlûtere" utf="irlûtere">
      <norm tag="erlutere"/>
      <lemma tag="er-luter(e)n"/>
      <lemma_gen tag="er-luter(e)n"/>
      <lemma_idmwb tag="???"/>
      <pos tag="VVFIN"/>
      <pos_gen tag="VV"/>
      <infl tag="Subj.Pres.Sg.3"/>
      <inflClass tag="wk"/>
      <inflClass_gen tag="wk"/>
    </tok_anno>
  </token>
  <token id="t70" trans="." type="punc">
    <tok_dipl id="t70_d1" trans="." utf="."/>
    <tok_anno ascii="." id="t70_m1" trans="." utf=".">
      <pos tag="$_"/>
      <pos_gen tag="$_"/>
    </tok_anno>
  </token>
  <token id="t71" trans="vn\-" type="token">
    <tok_dipl id="t71_d1" trans="vn\-" utf="vn̄"/>
    <tok_anno ascii="vnd" id="t71_m1" trans="vn\-" utf="vn̄">
      <norm tag="unde"/>
      <lemma tag="unte"/>
      <lemma_gen tag="unte"/>
      <lemma_idmwb tag="183108000"/>
      <pos tag="KON"/>
      <pos_gen tag="KO"/>
      <infl tag="--"/>
      <inflClass tag="--"/>
      <inflClass_gen tag="--"/>
    </tok_anno>
  </token>
  <token id="t72" trans="girêine" type="token">
    <tok_dipl id="t72_d1" trans="girêine" utf="girêine"/>
    <tok_anno ascii="gireine" id="t72_m1" trans="girêine" utf="girêine">
      <norm tag="gereine"/>
      <lemma tag="ge-rèinen"/>
      <lemma_gen tag="ge-rèinen"/>
      <lemma_idmwb tag="54744000"/>
      <pos tag="VVFIN"/>
      <pos_gen tag="VV"/>
      <infl tag="Subj.Pres.Sg.3"/>
      <inflClass tag="wk"/>
      <inflClass_gen tag="wk"/>
    </tok_anno>
  </token>
  <token id="t73" trans="!" type="punc">
    <tok_dipl id="t73_d1" trans="!" utf=""/>
    <tok_anno ascii="." id="t73_m1" trans="!" utf="">
      <pos tag="$_"/>
      <pos_gen tag="$_"/>
    </tok_anno>
  </token>
  <token id="t74" trans="von" type="token">
    <tok_dipl id="t74_d1" trans="von" utf="von"/>
    <tok_anno ascii="von" id="t74_m1" trans="von" utf="von">
      <norm tag="von"/>
      <lemma tag="von"/>
      <lemma_gen tag="von"/>
      <lemma_idmwb tag="213186000"/>
      <pos tag="APPR"/>
      <pos_gen tag="AP"/>
      <infl tag="--"/>
      <inflClass tag="--"/>
      <inflClass_gen tag="--"/>
    </tok_anno>
  </token>
  <token id="t75" trans="$vndin" type="token">
    <tok_dipl id="t75_d1" trans="$vndin" utf="ſvndin"/>
    <tok_anno ascii="svndin" id="t75_m1" trans="$vndin" utf="ſvndin">
      <norm tag="sünden"/>
      <lemma tag="sünte"/>
      <lemma_gen tag="sünte"/>
      <lemma_idmwb tag="162993000"/>
      <pos tag="NA"/>
      <pos_gen tag="NA"/>
      <infl tag="Dat.Pl"/>
      <inflClass tag="*.Fem"/>
      <inflClass_gen tag="*.Fem"/>
    </tok_anno>
  </token>
  <token id="t76" trans="al#gimêi(=)ne(.)" type="token">
    <tok_dipl id="t76_d1" trans="al" utf="al"/>
    <tok_dipl id="t76_d2" trans="gimêine" utf="gimêine"/>
    <tok_anno ascii="algimeine" id="t76_m1" trans="al#gimêi(=)ne" utf="algimêine">
      <norm tag="algemeine"/>
      <token_type tag="US UL"/>
      <lemma tag="all-ge-mèine"/>
      <lemma_gen tag="all-ge-mèine"/>
      <lemma_idmwb tag="3864000"/>
      <pos tag="AVD"/>
      <pos_gen tag="AVD"/>
      <infl tag="--"/>
      <inflClass tag="--"/>
      <inflClass_gen tag="--"/>
      <punc tag="DE"/>
    </tok_anno>
  </token>
  <token id="t77" trans="!" type="punc">
    <tok_dipl id="t77_d1" trans="!" utf=""/>
    <tok_anno ascii="." id="t77_m1" trans="!" utf="">
      <pos tag="$_"/>
      <pos_gen tag="$_"/>
      <punc tag="$E"/>
    </tok_anno>
  </token>
  <token id="t78" trans="$wa" type="token">
    <tok_dipl id="t78_d1" trans="$wa" utf="ſwa"/>
    <tok_anno ascii="swa" id="t78_m1" trans="$wa" utf="ſwa">
      <norm tag="swâ"/>
      <lemma tag="swâr"/>
      <lemma_gen tag="swâr"/>
      <lemma_idmwb tag="164436000"/>
      <pos tag="AVG"/>
      <pos_gen tag="AVG"/>
      <infl tag="--"/>
      <inflClass tag="--"/>
      <inflClass_gen tag="--"/>
    </tok_anno>
  </token>
  <token id="t79" trans="cri$tane" type="token">
    <tok_dipl id="t79_d1" trans="cri$tane" utf="criſtane"/>
    <tok_anno ascii="cristane" id="t79_m1" trans="cri$tane" utf="criſtane">
      <norm tag="kristene"/>
      <lemma tag="kristen"/>
      <lemma_gen tag="kristen"/>
      <lemma_idmwb tag="95634000"/>
      <pos tag="ADJA"/>
      <pos_gen tag="ADJ"/>
      <infl tag="Pos.Fem.Nom.Sg.st"/>
      <inflClass tag="--"/>
      <inflClass_gen tag="--"/>
    </tok_anno>
  </token>
  <token id="t80" trans="$ele" type="token">
    <tok_dipl id="t80_d1" trans="$ele" utf="ſele"/>
    <tok_anno ascii="sele" id="t80_m1" trans="$ele" utf="ſele">
      <norm tag="sêle"/>
      <lemma tag="sêle"/>
      <lemma_gen tag="sêle"/>
      <lemma_idmwb tag="147720000"/>
      <pos tag="NA"/>
      <pos_gen tag="NA"/>
      <infl tag="Nom.Sg"/>
      <inflClass tag="*.Fem"/>
      <inflClass_gen tag="*.Fem"/>
    </tok_anno>
  </token>
  <token id="t81" trans="in" type="token">
    <tok_dipl id="t81_d1" trans="in" utf="in"/>
    <tok_anno ascii="in" id="t81_m1" trans="in" utf="in">
      <norm tag="in"/>
      <lemma tag="in"/>
      <lemma_gen tag="in"/>
      <lemma_idmwb tag="81741000"/>
      <pos tag="APPR"/>
      <pos_gen tag="AP"/>
      <infl tag="--"/>
      <inflClass tag="--"/>
      <inflClass_gen tag="--"/>
    </tok_anno>
  </token>
  <token id="t82" trans="nôtin" type="token">
    <tok_dipl id="t82_d1" trans="nôtin" utf="nôtin"/>
    <tok_anno ascii="notin" id="t82_m1" trans="nôtin" utf="nôtin">
      <norm tag="noeten"/>
      <lemma tag="nôt"/>
      <lemma_gen tag="nôt"/>
      <lemma_idmwb tag="122190000"/>
      <pos tag="NA"/>
      <pos_gen tag="NA"/>
      <infl tag="Dat.Pl"/>
      <inflClass tag="stu.Masc,Fem"/>
      <inflClass_gen tag="stu.Masc,Fem"/>
    </tok_anno>
  </token>
  <token id="t83" trans="$i,," type="token">
    <tok_dipl id="t83_d1" trans="$i" utf="ſi"/>
    <tok_anno ascii="si" id="t83_m1" trans="$i" utf="ſi">
      <norm tag="sî"/>
      <lemma tag="sîn"/>
      <lemma_gen tag="sîn"/>
      <lemma_idmwb tag="150147000"/>
      <pos tag="VAFIN"/>
      <pos_gen tag="VA"/>
      <infl tag="Subj.Pres.Sg.3"/>
      <inflClass tag="irr"/>
      <inflClass_gen tag="irr"/>
      <punc tag="S*"/>
    </tok_anno>
  </token>
  <token id="t84" trans="!" type="punc">
    <tok_dipl id="t84_d1" trans="!" utf=""/>
    <tok_anno ascii="." id="t84_m1" trans="!" utf="">
      <pos tag="$_"/>
      <pos_gen tag="$_"/>
    </tok_anno>
  </token>
  <token id="t85" trans="die" type="token">
    <tok_dipl id="t85_d1" trans="die" utf="die"/>
    <tok_anno ascii="die" id="t85_m1" trans="die" utf="die">
      <norm tag="die"/>
      <lemma tag="dër"/>
      <lemma_gen tag="dër"/>
      <lemma_idmwb tag="29823000"/>
      <pos tag="DDS"/>
      <pos_gen tag="DD"/>
      <infl tag="Fem.Akk.Sg"/>
      <inflClass tag="--"/>
      <inflClass_gen tag="--"/>
    </tok_anno>
  </token>
  <token id="t86" trans="irlô$e" type="token">
    <tok_dipl id="t86_d1" trans="irlô$e" utf="irlôſe"/>
    <tok_anno ascii="irlose" id="t86_m1" trans="irlô$e" utf="irlôſe">
      <norm tag="erloese"/>
      <lemma tag="er-loèsen"/>
      <lemma_gen tag="er-loèsen"/>
      <lemma_idmwb tag="42771000"/>
      <pos tag="VVFIN"/>
      <pos_gen tag="VV"/>
      <infl tag="Subj.Pres.Sg.3"/>
      <inflClass tag="wk"/>
      <inflClass_gen tag="wk"/>
    </tok_anno>
  </token>
  <token id="t87" trans="dvr" type="token">
    <tok_dipl id="t87_d1" trans="dvr" utf="dvr"/>
    <tok_anno ascii="dvr" id="t87_m1" trans="dvr" utf="dvr">
      <norm tag="durch"/>
      <lemma tag="durh"/>
      <lemma_gen tag="durh"/>
      <lemma_idmwb tag="32826000"/>
      <pos tag="APPR"/>
      <pos_gen tag="AP"/>
      <infl tag="--"/>
      <inflClass tag="--"/>
      <inflClass_gen tag="--"/>
    </tok_anno>
  </token>
  <token id="t88" trans="die" type="token">
    <tok_dipl id="t88_d1" trans="die" utf="die"/>
    <tok_anno ascii="die" id="t88_m1" trans="die" utf="die">
      <norm tag="die"/>
      <lemma tag="dër"/>
      <lemma_gen tag="dër"/>
      <lemma_idmwb tag="29817000"/>
      <pos tag="DDART"/>
      <pos_gen tag="DD"/>
      <infl tag="*.Akk.Pl"/>
      <inflClass tag="--"/>
      <inflClass_gen tag="--"/>
    </tok_anno>
  </token>
  <token id="t89" trans="namen" type="token">
    <tok_dipl id="t89_d1" trans="namen" utf="namen"/>
    <tok_anno ascii="namen" id="t89_m1" trans="namen" utf="namen">
      <norm tag="namen"/>
      <lemma tag="name"/>
      <lemma_gen tag="name"/>
      <lemma_idmwb tag="119352000"/>
      <pos tag="NA"/>
      <pos_gen tag="NA"/>
      <infl tag="Akk.Pl"/>
      <inflClass tag="*.Masc"/>
      <inflClass_gen tag="*.Masc"/>
    </tok_anno>
  </token>
  <token id="t90" trans="dri(!)" type="token">
    <tok_dipl id="t90_d1" trans="dri" utf="dri"/>
    <tok_anno ascii="dri" id="t90_m1" trans="dri" utf="dri">
      <norm tag="drî"/>
      <lemma tag="drî"/>
      <lemma_gen tag="drî"/>
      <lemma_idmwb tag="31992000"/>
      <pos tag="CARDN"/>
      <pos_gen tag="CARD"/>
      <infl tag="*.Akk.Pl.st"/>
      <inflClass tag="--"/>
      <inflClass_gen tag="--"/>
      <punc tag="EE"/>
    </tok_anno>
  </token>
  <token id="t91" trans="!" type="punc">
    <tok_dipl id="t91_d1" trans="!" utf=""/>
    <tok_anno ascii="." id="t91_m1" trans="!" utf="">
      <pos tag="$_"/>
      <pos_gen tag="$_"/>
      <punc tag="$E"/>
    </tok_anno>
  </token>
  <token id="t92" trans="am\-" type="token">
    <tok_dipl id="t92_d1" trans="am\-" utf="am̄"/>
    <tok_anno ascii="am" id="t92_m1" trans="am\-" utf="am̄">
      <norm tag="âmen"/>
      <lemma tag="âmen"/>
      <lemma_gen tag="âmen"/>
      <lemma_idmwb tag="5238000"/>
      <pos tag="ITJ"/>
      <pos_gen tag="ITJ"/>
      <infl tag="--"/>
      <inflClass tag="--"/>
      <inflClass_gen tag="--"/>
    </tok_anno>
  </token>
  <token id="t93" trans="." type="punc">
    <tok_dipl id="t93_d1" trans="." utf="."/>
    <tok_anno ascii="." id="t93_m1" trans="." utf=".">
      <pos tag="$_"/>
      <pos_gen tag="$_"/>
    </tok_anno>
  </token>
  <token id="t94" trans="Pater" type="token">
    <tok_dipl id="t94_d1" trans="Pater" utf="Pater"/>
    <tok_anno ascii="Pater" id="t94_m1" trans="Pater" utf="Pater">
      <norm tag="pater"/>
      <lemma tag="pater"/>
      <lemma_gen tag="pater"/>
      <lemma_idmwb tag="--"/>
      <pos tag="NA"/>
      <pos_gen tag="FM"/>
      <infl tag="VSg"/>
      <inflClass tag="Masc"/>
      <inflClass_gen tag="Masc"/>
    </tok_anno>
  </token>
  <comment type="K">/L[+]</comment>
  <token id="t95" trans="n\-r(.)" type="token">
    <tok_dipl id="t95_d1" trans="n\-r" utf="n̄r"/>
    <tok_anno ascii="nenr" id="t95_m1" trans="n\-r" utf="n̄r">
      <norm tag="noster"/>
      <lemma tag="noster"/>
      <lemma_gen tag="noster"/>
      <lemma_idmwb tag="--"/>
      <pos tag="DIN"/>
      <pos_gen tag="FM"/>
      <infl tag="*.VSg"/>
      <inflClass tag="--"/>
      <inflClass_gen tag="--"/>
      <punc tag="DE"/>
    </tok_anno>
  </token>
  <comment type="K">/L[@]/E[n\-r: Kürzel für {noster}.]</comment>
  <token id="t96" trans="." type="punc">
    <tok_dipl id="t96_d1" trans="." utf="."/>
    <tok_anno ascii="." id="t96_m1" trans="." utf=".">
      <pos tag="$_"/>
      <pos_gen tag="$_"/>
      <punc tag="$E"/>
    </tok_anno>
  </token>
</text>
