<?xml version='1.0' encoding='UTF-8'?>
<!DOCTYPE text SYSTEM "cora-xml.dtd">
<text id="M200">
  <header>
    <text>Londoner Reisesegen und Bruchstücke eines Gebets</text>
    <abbr_ddd>LReisesegen</abbr_ddd>
    <abbr_mwb>-</abbr_mwb>
    <topic>Religion, Alltag</topic>
    <text-type>Segen, Gebetsanweisung</text-type>
    <genre>P</genre>
    <reference>Handschrift</reference>
    <reference-secondary>-</reference-secondary>
    <library>London, British Libr.</library>
    <library-shelfmark>MS Add. 11847</library-shelfmark>
    <online>http://www.handschriftencensus.de/14214</online>
    <medium>Handschrift</medium>
    <extent>186r</extent>
    <extract>-</extract>
    <language>mhd</language>
    <language-type>mitteldeutsch, oberdeutsch</language-type>
    <language-region>nordoberdeutsch, ostmitteldeutsch</language-region>
    <language-area>ostfränkisch, südthüringisch</language-area>
    <place>-</place>
    <time>12,2</time>
    <notes-manuscript>-</notes-manuscript>
    <date>12</date>
    <text-place>-</text-place>
    <text-author>-</text-author>
    <text-language>-</text-language>
    <text-source>-</text-source>
    <edition>Robert Priebsch, Deutsche Handschriften in England, Bd. 2, Erlangen 1901, S. 118f. (Nr. 138).</edition>
    <corpus>ReM I</corpus>
    <notes-transcription>-</notes-transcription>
    <notes-annotation>-</notes-annotation>
    <digitization_by>Thomas Klein (Bonn)</digitization_by>
    <collation_by>Projektgruppe Bonn</collation_by>
    <pre_editing_by>Thomas Klein (Bonn)</pre_editing_by>
    <annotation_by>Thomas Klein (Bonn)</annotation_by>
    <proofreading_by>Thomas Klein (Bonn)</proofreading_by>
  </header>
  <layoutinfo>
    <page id="p1" no="186" range="c1" side="r"/>
    <column id="c1" range="l1..l19"/>
    <line id="l1" name="1" range="t1_d1..t6_d1" loc="186ra,1"/>
    <line id="l2" name="2" range="t7_d1..t16_d1" loc="186ra,2"/>
    <line id="l3" name="3" range="t17_d1..t24_d1" loc="186ra,3"/>
    <line id="l4" name="4" range="t25_d1..t33_d1" loc="186ra,4"/>
    <line id="l5" name="5" range="t34_d1..t41_d1" loc="186ra,5"/>
    <line id="l6" name="6" range="t42_d1..t50_d1" loc="186ra,6"/>
    <line id="l7" name="7" range="t51_d1..t58_d2" loc="186ra,7"/>
    <line id="l8" name="8" range="t59_d1..t65_d1" loc="186ra,8"/>
    <line id="l9" name="9" range="t66_d1..t73_d1" loc="186ra,9"/>
    <line id="l10" name="10" range="t74_d1..t80_d1" loc="186ra,10"/>
    <line id="l11" name="11" range="t81_d1..t89_d1" loc="186ra,11"/>
    <line id="l12" name="12" range="t90_d1..t99_d1" loc="186ra,12"/>
    <line id="l13" name="13" range="t100_d1..t108_d1" loc="186ra,13"/>
    <line id="l14" name="14" range="t109_d1..t115_d1" loc="186ra,14"/>
    <line id="l15" name="15" range="t116_d1..t122_d1" loc="186ra,15"/>
    <line id="l16" name="16" range="t123_d1..t131_d1" loc="186ra,16"/>
    <line id="l17" name="17" range="t132_d1..t134_d1" loc="186ra,17"/>
    <line id="l18" name="18" range="t135_d1..t142_d1" loc="186ra,18"/>
    <line id="l19" name="19" range="t143_d1..t146_d1" loc="186ra,19"/>
  </layoutinfo>
  <shifttags>
    <paren range="t86_m1..t101_m1"/>
    <paren range="t110_m1..t115_m1"/>
  </shifttags>
  <token id="t1" trans="*(V*)squeq\o" type="token">
    <tok_dipl id="t1_d1" trans="*(V*)squeq\o" utf="Vsqueqͦ"/>
    <tok_anno ascii="Vsqueqo" id="t1_m1" trans="*(V*)squeq\o" utf="Vsqueqͦ">
      <norm tag="--"/>
      <lemma tag="[!]"/>
      <lemma_gen tag="[!]"/>
      <lemma_idmwb tag="--"/>
      <pos tag="FM"/>
      <pos_gen tag="FM"/>
      <infl tag="--"/>
      <inflClass tag="--"/>
      <inflClass_gen tag="--"/>
    </tok_anno>
  </token>
  <comment type="K">/L[+]</comment>
  <token id="t2" trans="d\-ne" type="token">
    <tok_dipl id="t2_d1" trans="d\-ne" utf="d̄ne"/>
    <tok_anno ascii="dene" id="t2_m1" trans="d\-ne" utf="d̄ne">
      <norm tag="--"/>
      <lemma tag="[!]"/>
      <lemma_gen tag="[!]"/>
      <lemma_idmwb tag="--"/>
      <pos tag="FM"/>
      <pos_gen tag="FM"/>
      <infl tag="--"/>
      <inflClass tag="--"/>
      <inflClass_gen tag="--"/>
    </tok_anno>
  </token>
  <token id="t3" trans="obliui$ceris" type="token">
    <tok_dipl id="t3_d1" trans="obliui$ceris" utf="obliuiſceris"/>
    <tok_anno ascii="obliuisceris" id="t3_m1" trans="obliui$ceris" utf="obliuiſceris">
      <norm tag="--"/>
      <lemma tag="[!]"/>
      <lemma_gen tag="[!]"/>
      <lemma_idmwb tag="--"/>
      <pos tag="FM"/>
      <pos_gen tag="FM"/>
      <infl tag="--"/>
      <inflClass tag="--"/>
      <inflClass_gen tag="--"/>
    </tok_anno>
  </token>
  <token id="t4" trans="*(d*)s\-" type="token">
    <tok_dipl id="t4_d1" trans="*(d*)s\-" utf="ds̄"/>
    <tok_anno ascii="dsen" id="t4_m1" trans="*(d*)s\-" utf="ds̄">
      <norm tag="--"/>
      <lemma tag="[!]"/>
      <lemma_gen tag="[!]"/>
      <lemma_idmwb tag="--"/>
      <pos tag="FM"/>
      <pos_gen tag="FM"/>
      <infl tag="--"/>
      <inflClass tag="--"/>
      <inflClass_gen tag="--"/>
    </tok_anno>
  </token>
  <token id="t5" trans="in||no\-ie" type="token">
    <tok_dipl id="t5_d1" trans="inno\-ie" utf="innōie"/>
    <tok_anno ascii="in" id="t5_m1" trans="in|" utf="in">
      <norm tag="--"/>
      <token_type tag="MS1"/>
      <lemma tag="[!]"/>
      <lemma_gen tag="[!]"/>
      <lemma_idmwb tag="--"/>
      <pos tag="FM"/>
      <pos_gen tag="FM"/>
      <infl tag="--"/>
      <inflClass tag="--"/>
      <inflClass_gen tag="--"/>
    </tok_anno>
    <tok_anno ascii="nonie" id="t5_m2" trans="|no\-ie" utf="nōie">
      <norm tag="--"/>
      <token_type tag="MS2"/>
      <lemma tag="[!]"/>
      <lemma_gen tag="[!]"/>
      <lemma_idmwb tag="--"/>
      <pos tag="FM"/>
      <pos_gen tag="FM"/>
      <infl tag="--"/>
      <inflClass tag="--"/>
      <inflClass_gen tag="--"/>
    </tok_anno>
  </token>
  <token id="t6" trans="tuo" type="token">
    <tok_dipl id="t6_d1" trans="tuo" utf="tuo"/>
    <tok_anno ascii="tuo" id="t6_m1" trans="tuo" utf="tuo">
      <norm tag="--"/>
      <lemma tag="[!]"/>
      <lemma_gen tag="[!]"/>
      <lemma_idmwb tag="--"/>
      <pos tag="FM"/>
      <pos_gen tag="FM"/>
      <infl tag="--"/>
      <inflClass tag="--"/>
      <inflClass_gen tag="--"/>
    </tok_anno>
  </token>
  <token id="t7" trans="*(M*)i$erere" type="token">
    <tok_dipl id="t7_d1" trans="*(M*)i$erere" utf="Miſerere"/>
    <tok_anno ascii="Miserere" id="t7_m1" trans="*(M*)i$erere" utf="Miſerere">
      <norm tag="--"/>
      <lemma tag="[!]"/>
      <lemma_gen tag="[!]"/>
      <lemma_idmwb tag="--"/>
      <pos tag="FM"/>
      <pos_gen tag="FM"/>
      <infl tag="--"/>
      <inflClass tag="--"/>
      <inflClass_gen tag="--"/>
    </tok_anno>
  </token>
  <token id="t8" trans="mei" type="token">
    <tok_dipl id="t8_d1" trans="mei" utf="mei"/>
    <tok_anno ascii="mei" id="t8_m1" trans="mei" utf="mei">
      <norm tag="--"/>
      <lemma tag="[!]"/>
      <lemma_gen tag="[!]"/>
      <lemma_idmwb tag="--"/>
      <pos tag="FM"/>
      <pos_gen tag="FM"/>
      <infl tag="--"/>
      <inflClass tag="--"/>
      <inflClass_gen tag="--"/>
    </tok_anno>
  </token>
  <token id="t9" trans="ds\-" type="token">
    <tok_dipl id="t9_d1" trans="ds\-" utf="ds̄"/>
    <tok_anno ascii="dsen" id="t9_m1" trans="ds\-" utf="ds̄">
      <norm tag="--"/>
      <lemma tag="[!]"/>
      <lemma_gen tag="[!]"/>
      <lemma_idmwb tag="--"/>
      <pos tag="FM"/>
      <pos_gen tag="FM"/>
      <infl tag="--"/>
      <inflClass tag="--"/>
      <inflClass_gen tag="--"/>
    </tok_anno>
  </token>
  <token id="t10" trans="qm\-" type="token">
    <tok_dipl id="t10_d1" trans="qm\-" utf="qm̄"/>
    <tok_anno ascii="qem" id="t10_m1" trans="qm\-" utf="qm̄">
      <norm tag="--"/>
      <lemma tag="[!]"/>
      <lemma_gen tag="[!]"/>
      <lemma_idmwb tag="--"/>
      <pos tag="FM"/>
      <pos_gen tag="FM"/>
      <infl tag="--"/>
      <inflClass tag="--"/>
      <inflClass_gen tag="--"/>
    </tok_anno>
  </token>
  <token id="t11" trans="in||te" type="token">
    <tok_dipl id="t11_d1" trans="inte" utf="inte"/>
    <tok_anno ascii="in" id="t11_m1" trans="in|" utf="in">
      <norm tag="--"/>
      <token_type tag="MS1"/>
      <lemma tag="[!]"/>
      <lemma_gen tag="[!]"/>
      <lemma_idmwb tag="--"/>
      <pos tag="FM"/>
      <pos_gen tag="FM"/>
      <infl tag="--"/>
      <inflClass tag="--"/>
      <inflClass_gen tag="--"/>
    </tok_anno>
    <tok_anno ascii="te" id="t11_m2" trans="|te" utf="te">
      <norm tag="--"/>
      <token_type tag="MS2"/>
      <lemma tag="[!]"/>
      <lemma_gen tag="[!]"/>
      <lemma_idmwb tag="--"/>
      <pos tag="FM"/>
      <pos_gen tag="FM"/>
      <infl tag="--"/>
      <inflClass tag="--"/>
      <inflClass_gen tag="--"/>
    </tok_anno>
  </token>
  <token id="t12" trans="(con)fidit" type="token">
    <tok_dipl id="t12_d1" trans="(con)fidit" utf="(con)fidit"/>
    <tok_anno ascii="(con)fidit" id="t12_m1" trans="(con)fidit" utf="(con)fidit">
      <norm tag="--"/>
      <lemma tag="[!]"/>
      <lemma_gen tag="[!]"/>
      <lemma_idmwb tag="--"/>
      <pos tag="FM"/>
      <pos_gen tag="FM"/>
      <infl tag="--"/>
      <inflClass tag="--"/>
      <inflClass_gen tag="--"/>
    </tok_anno>
  </token>
  <token id="t13" trans="." type="punc">
    <tok_dipl id="t13_d1" trans="." utf="."/>
    <tok_anno ascii="." id="t13_m1" trans="." utf=".">
      <pos tag="$_"/>
      <pos_gen tag="$_"/>
    </tok_anno>
  </token>
  <token id="t14" trans="*(D*)s\-" type="token">
    <tok_dipl id="t14_d1" trans="*(D*)s\-" utf="Ds̄"/>
    <tok_anno ascii="Dsen" id="t14_m1" trans="*(D*)s\-" utf="Ds̄">
      <norm tag="--"/>
      <lemma tag="[!]"/>
      <lemma_gen tag="[!]"/>
      <lemma_idmwb tag="--"/>
      <pos tag="FM"/>
      <pos_gen tag="FM"/>
      <infl tag="--"/>
      <inflClass tag="--"/>
      <inflClass_gen tag="--"/>
    </tok_anno>
  </token>
  <comment type="K">/K[ç umgedrehtes c]</comment>
  <token id="t15" trans="in||ad(=)iutoriu\-" type="token">
    <tok_dipl id="t15_d1" trans="inadiutoriu\-" utf="inadiutoriū"/>
    <tok_anno ascii="in" id="t15_m1" trans="in|" utf="in">
      <norm tag="--"/>
      <token_type tag="MS1"/>
      <lemma tag="[!]"/>
      <lemma_gen tag="[!]"/>
      <lemma_idmwb tag="--"/>
      <pos tag="FM"/>
      <pos_gen tag="FM"/>
      <infl tag="--"/>
      <inflClass tag="--"/>
      <inflClass_gen tag="--"/>
    </tok_anno>
    <tok_anno ascii="adiutoriun" id="t15_m2" trans="|ad(=)iutoriu\-" utf="adiutoriū">
      <norm tag="--"/>
      <token_type tag="MS2 UL"/>
      <lemma tag="[!]"/>
      <lemma_gen tag="[!]"/>
      <lemma_idmwb tag="--"/>
      <pos tag="FM"/>
      <pos_gen tag="FM"/>
      <infl tag="--"/>
      <inflClass tag="--"/>
      <inflClass_gen tag="--"/>
    </tok_anno>
  </token>
  <token id="t16" trans="." type="punc">
    <tok_dipl id="t16_d1" trans="." utf="."/>
    <tok_anno ascii="." id="t16_m1" trans="." utf=".">
      <pos tag="$_"/>
      <pos_gen tag="$_"/>
    </tok_anno>
  </token>
  <token id="t17" trans="*(D*)s\-" type="token">
    <tok_dipl id="t17_d1" trans="*(D*)s\-" utf="Ds̄"/>
    <tok_anno ascii="Dsen" id="t17_m1" trans="*(D*)s\-" utf="Ds̄">
      <norm tag="--"/>
      <lemma tag="[!]"/>
      <lemma_gen tag="[!]"/>
      <lemma_idmwb tag="--"/>
      <pos tag="FM"/>
      <pos_gen tag="FM"/>
      <infl tag="--"/>
      <inflClass tag="--"/>
      <inflClass_gen tag="--"/>
    </tok_anno>
  </token>
  <token id="t18" trans="$tetit(:)" type="token">
    <tok_dipl id="t18_d1" trans="$tetit" utf="ſtetit"/>
    <tok_anno ascii="stetit" id="t18_m1" trans="$tetit" utf="ſtetit">
      <norm tag="--"/>
      <lemma tag="[!]"/>
      <lemma_gen tag="[!]"/>
      <lemma_idmwb tag="--"/>
      <pos tag="FM"/>
      <pos_gen tag="FM"/>
      <infl tag="--"/>
      <inflClass tag="--"/>
      <inflClass_gen tag="--"/>
      <punc tag="DE"/>
    </tok_anno>
  </token>
  <comment type="K">/L[@]</comment>
  <token id="t19" trans="." type="punc">
    <tok_dipl id="t19_d1" trans="." utf="."/>
    <tok_anno ascii="." id="t19_m1" trans="." utf=".">
      <pos tag="$_"/>
      <pos_gen tag="$_"/>
      <punc tag="$E"/>
    </tok_anno>
  </token>
  <token id="t20" trans="$o" type="token">
    <tok_dipl id="t20_d1" trans="$o" utf="ſo"/>
    <tok_anno ascii="so" id="t20_m1" trans="$o" utf="ſo">
      <norm tag="sô"/>
      <lemma tag="sô"/>
      <lemma_gen tag="sô"/>
      <lemma_idmwb tag="154164000"/>
      <pos tag="AVD"/>
      <pos_gen tag="AVD-KO"/>
      <infl tag="--"/>
      <inflClass tag="--"/>
      <inflClass_gen tag="--"/>
    </tok_anno>
  </token>
  <comment type="K">/K[ſo: ab hier bis {Hie} 186r,18 rot]</comment>
  <token id="t21" trans="wirdes" type="token">
    <tok_dipl id="t21_d1" trans="wirdes" utf="wirdes"/>
    <tok_anno ascii="wirdes" id="t21_m1" trans="wirdes" utf="wirdes">
      <norm tag="wirdes"/>
      <lemma tag="wërden"/>
      <lemma_gen tag="wërden"/>
      <lemma_idmwb tag="225138000"/>
      <pos tag="VAFIN"/>
      <pos_gen tag="VA"/>
      <infl tag="Ind.Pres.Sg.2"/>
      <inflClass tag="st3b"/>
      <inflClass_gen tag="st3b"/>
    </tok_anno>
  </token>
  <token id="t22" trans="dv" type="token">
    <tok_dipl id="t22_d1" trans="dv" utf="dv"/>
    <tok_anno ascii="dv" id="t22_m1" trans="dv" utf="dv">
      <norm tag="dû"/>
      <lemma tag="dû"/>
      <lemma_gen tag="dû"/>
      <lemma_idmwb tag="32607000"/>
      <pos tag="PPER"/>
      <pos_gen tag="PPER"/>
      <infl tag="Nom.Sg.2"/>
      <inflClass tag="--"/>
      <inflClass_gen tag="--"/>
    </tok_anno>
  </token>
  <token id="t23" trans="getro$tet(.)" type="token">
    <tok_dipl id="t23_d1" trans="getro$tet" utf="getroſtet"/>
    <tok_anno ascii="getrostet" id="t23_m1" trans="getro$tet" utf="getroſtet">
      <norm tag="getroestet"/>
      <lemma tag="troèsten"/>
      <lemma_gen tag="troèsten"/>
      <lemma_idmwb tag="171825000"/>
      <pos tag="VVPP"/>
      <pos_gen tag="VV"/>
      <infl tag="--"/>
      <inflClass tag="wk"/>
      <inflClass_gen tag="wk"/>
      <punc tag="DE"/>
    </tok_anno>
  </token>
  <token id="t24" trans="." type="punc">
    <tok_dipl id="t24_d1" trans="." utf="."/>
    <tok_anno ascii="." id="t24_m1" trans="." utf=".">
      <pos tag="$_"/>
      <pos_gen tag="$_"/>
      <punc tag="$E"/>
    </tok_anno>
  </token>
  <token id="t25" trans="Dv" type="token">
    <tok_dipl id="t25_d1" trans="Dv" utf="Dv"/>
    <tok_anno ascii="Dv" id="t25_m1" trans="Dv" utf="Dv">
      <norm tag="dû"/>
      <lemma tag="dû"/>
      <lemma_gen tag="dû"/>
      <lemma_idmwb tag="32607000"/>
      <pos tag="PPER"/>
      <pos_gen tag="PPER"/>
      <infl tag="Nom.Sg.2"/>
      <inflClass tag="--"/>
      <inflClass_gen tag="--"/>
    </tok_anno>
  </token>
  <token id="t26" trans="$olt" type="token">
    <tok_dipl id="t26_d1" trans="$olt" utf="ſolt"/>
    <tok_anno ascii="solt" id="t26_m1" trans="$olt" utf="ſolt">
      <norm tag="solt"/>
      <lemma tag="sol(e)n"/>
      <lemma_gen tag="sol(e)n"/>
      <lemma_idmwb tag="154377000"/>
      <pos tag="VMFIN"/>
      <pos_gen tag="VM"/>
      <infl tag="Ind.Pres.Sg.2"/>
      <inflClass tag="prpr"/>
      <inflClass_gen tag="prpr"/>
    </tok_anno>
  </token>
  <token id="t27" trans="neme" type="token">
    <tok_dipl id="t27_d1" trans="neme" utf="neme"/>
    <tok_anno ascii="neme" id="t27_m1" trans="neme" utf="neme">
      <norm tag="nemen"/>
      <lemma tag="nëmen"/>
      <lemma_gen tag="nëmen"/>
      <lemma_idmwb tag="120132000"/>
      <pos tag="VVINF"/>
      <pos_gen tag="VV"/>
      <infl tag="--"/>
      <inflClass tag="st4"/>
      <inflClass_gen tag="st4"/>
    </tok_anno>
  </token>
  <token id="t28" trans="ein" type="token">
    <tok_dipl id="t28_d1" trans="ein" utf="ein"/>
    <tok_anno ascii="ein" id="t28_m1" trans="ein" utf="ein">
      <norm tag="ein"/>
      <lemma tag="èin"/>
      <lemma_gen tag="èin"/>
      <lemma_idmwb tag="35925000"/>
      <pos tag="DIART"/>
      <pos_gen tag="DD"/>
      <infl tag="*.*.*.0"/>
      <inflClass tag="--"/>
      <inflClass_gen tag="--"/>
    </tok_anno>
  </token>
  <token id="t29" trans="licht" type="token">
    <tok_dipl id="t29_d1" trans="licht" utf="licht"/>
    <tok_anno ascii="licht" id="t29_m1" trans="licht" utf="licht">
      <norm tag="lieht"/>
      <lemma tag="lièht"/>
      <lemma_gen tag="lièht"/>
      <lemma_idmwb tag="102654000"/>
      <pos tag="NA"/>
      <pos_gen tag="NA"/>
      <infl tag="Akk.Sg"/>
      <inflClass tag="st.Neut"/>
      <inflClass_gen tag="st.Neut"/>
    </tok_anno>
  </token>
  <token id="t30" trans="oder" type="token">
    <tok_dipl id="t30_d1" trans="oder" utf="oder"/>
    <tok_anno ascii="oder" id="t30_m1" trans="oder" utf="oder">
      <norm tag="oder"/>
      <lemma tag="oder"/>
      <lemma_gen tag="oder"/>
      <lemma_idmwb tag="123531000"/>
      <pos tag="KON"/>
      <pos_gen tag="KO"/>
      <infl tag="--"/>
      <inflClass tag="--"/>
      <inflClass_gen tag="--"/>
    </tok_anno>
  </token>
  <token id="t31" trans="drv" type="token">
    <tok_dipl id="t31_d1" trans="drv" utf="drv"/>
    <tok_anno ascii="drv" id="t31_m1" trans="drv" utf="drv">
      <norm tag="driu"/>
      <lemma tag="drî"/>
      <lemma_gen tag="drî"/>
      <lemma_idmwb tag="31992000"/>
      <pos tag="CARDS"/>
      <pos_gen tag="CARD"/>
      <infl tag="Neut.Akk.Pl.st"/>
      <inflClass tag="--"/>
      <inflClass_gen tag="--"/>
    </tok_anno>
  </token>
  <token id="t32" trans="an" type="token">
    <tok_dipl id="t32_d1" trans="an" utf="an"/>
    <tok_anno ascii="an" id="t32_m1" trans="an" utf="an">
      <norm tag="an"/>
      <lemma tag="ane"/>
      <lemma_gen tag="ane"/>
      <lemma_idmwb tag="5691000"/>
      <pos tag="APPR"/>
      <pos_gen tag="AP"/>
      <infl tag="--"/>
      <inflClass tag="--"/>
      <inflClass_gen tag="--"/>
    </tok_anno>
  </token>
  <token id="t33" trans="eine(=)me" type="token">
    <tok_dipl id="t33_d1" trans="eineme" utf="eineme"/>
    <tok_anno ascii="eineme" id="t33_m1" trans="eine(=)me" utf="eineme">
      <norm tag="eineme"/>
      <token_type tag="UL"/>
      <lemma tag="èin"/>
      <lemma_gen tag="èin"/>
      <lemma_idmwb tag="35925000"/>
      <pos tag="DIART"/>
      <pos_gen tag="DD"/>
      <infl tag="Masc.Dat.Sg.st"/>
      <inflClass tag="--"/>
      <inflClass_gen tag="--"/>
    </tok_anno>
  </token>
  <token id="t34" trans="$ameztage,," type="token">
    <tok_dipl id="t34_d1" trans="$ameztage" utf="ſameztage"/>
    <tok_anno ascii="sameztage" id="t34_m1" trans="$ameztage" utf="ſameztage">
      <norm tag="sameztage"/>
      <lemma tag="samezz-tag"/>
      <lemma_gen tag="samezz-tag"/>
      <lemma_idmwb tag="139920000"/>
      <pos tag="NA"/>
      <pos_gen tag="NA"/>
      <infl tag="Dat.Sg"/>
      <inflClass tag="st.Masc"/>
      <inflClass_gen tag="st.Masc"/>
      <punc tag="S*"/>
    </tok_anno>
  </token>
  <token id="t35" trans="." type="punc">
    <tok_dipl id="t35_d1" trans="." utf="."/>
    <tok_anno ascii="." id="t35_m1" trans="." utf=".">
      <pos tag="$_"/>
      <pos_gen tag="$_"/>
    </tok_anno>
  </token>
  <token id="t36" trans="vn\-" type="token">
    <tok_dipl id="t36_d1" trans="vn\-" utf="vn̄"/>
    <tok_anno ascii="vnd" id="t36_m1" trans="vn\-" utf="vn̄">
      <norm tag="unde"/>
      <lemma tag="unte"/>
      <lemma_gen tag="unte"/>
      <lemma_idmwb tag="183108000"/>
      <pos tag="KON"/>
      <pos_gen tag="KO"/>
      <infl tag="--"/>
      <inflClass tag="--"/>
      <inflClass_gen tag="--"/>
    </tok_anno>
  </token>
  <token id="t37" trans="$alt" type="token">
    <tok_dipl id="t37_d1" trans="$alt" utf="ſalt"/>
    <tok_anno ascii="salt" id="t37_m1" trans="$alt" utf="ſalt">
      <norm tag="salt"/>
      <lemma tag="sol(e)n"/>
      <lemma_gen tag="sol(e)n"/>
      <lemma_idmwb tag="154377000"/>
      <pos tag="VMFIN"/>
      <pos_gen tag="VM"/>
      <infl tag="Ind.Pres.Sg.2"/>
      <inflClass tag="prpr"/>
      <inflClass_gen tag="prpr"/>
    </tok_anno>
  </token>
  <token id="t38" trans="$ie" type="token">
    <tok_dipl id="t38_d1" trans="$ie" utf="ſie"/>
    <tok_anno ascii="sie" id="t38_m1" trans="$ie" utf="ſie">
      <norm tag="sie"/>
      <lemma tag="ër"/>
      <lemma_gen tag="ër"/>
      <lemma_idmwb tag="40380000"/>
      <pos tag="PPER"/>
      <pos_gen tag="PPER"/>
      <infl tag="Neut.Akk.Pl.3"/>
      <inflClass tag="--"/>
      <inflClass_gen tag="--"/>
    </tok_anno>
  </token>
  <token id="t39" trans="opfere" type="token">
    <tok_dipl id="t39_d1" trans="opfere" utf="opfere"/>
    <tok_anno ascii="opfere" id="t39_m1" trans="opfere" utf="opfere">
      <norm tag="opferen"/>
      <lemma tag="opfer(e)n"/>
      <lemma_gen tag="opfer(e)n"/>
      <lemma_idmwb tag="124221000"/>
      <pos tag="VVINF"/>
      <pos_gen tag="VV"/>
      <infl tag="--"/>
      <inflClass tag="wk"/>
      <inflClass_gen tag="wk"/>
    </tok_anno>
  </token>
  <token id="t40" trans="in" type="token">
    <tok_dipl id="t40_d1" trans="in" utf="in"/>
    <tok_anno ascii="in" id="t40_m1" trans="in" utf="in">
      <norm tag="in"/>
      <lemma tag="in"/>
      <lemma_gen tag="in"/>
      <lemma_idmwb tag="81741000"/>
      <pos tag="APPR"/>
      <pos_gen tag="AP"/>
      <infl tag="--"/>
      <inflClass tag="--"/>
      <inflClass_gen tag="--"/>
    </tok_anno>
  </token>
  <token id="t41" trans="miner" type="token">
    <tok_dipl id="t41_d1" trans="miner" utf="miner"/>
    <tok_anno ascii="miner" id="t41_m1" trans="miner" utf="miner">
      <norm tag="mîner"/>
      <lemma tag="mîn"/>
      <lemma_gen tag="mîn"/>
      <lemma_idmwb tag="112026000"/>
      <pos tag="DPOSA"/>
      <pos_gen tag="DPOS"/>
      <infl tag="Fem.Gen.Sg.st"/>
      <inflClass tag="--"/>
      <inflClass_gen tag="--"/>
    </tok_anno>
  </token>
  <token id="t42" trans="frowen" type="token">
    <tok_dipl id="t42_d1" trans="frowen" utf="frowen"/>
    <tok_anno ascii="frowen" id="t42_m1" trans="frowen" utf="frowen">
      <norm tag="vrouwen"/>
      <lemma tag="vrouwe"/>
      <lemma_gen tag="vrouwe"/>
      <lemma_idmwb tag="217017000"/>
      <pos tag="NA"/>
      <pos_gen tag="NA"/>
      <infl tag="Gen.Sg"/>
      <inflClass tag="st.Fem"/>
      <inflClass_gen tag="*.Fem"/>
    </tok_anno>
  </token>
  <token id="t43" trans="$c\-e" type="token">
    <tok_dipl id="t43_d1" trans="$c\-e" utf="ſc̄e"/>
    <tok_anno ascii="scene" id="t43_m1" trans="$c\-e" utf="ſc̄e">
      <norm tag="sancte"/>
      <lemma tag="sancte"/>
      <lemma_gen tag="sancte"/>
      <lemma_idmwb tag="140055000"/>
      <pos tag="ADJA"/>
      <pos_gen tag="ADJ"/>
      <infl tag="Pos.Fem.Gen.Sg.0"/>
      <inflClass tag="--"/>
      <inflClass_gen tag="--"/>
    </tok_anno>
  </token>
  <token id="t44" trans="MaRien" type="token">
    <tok_dipl id="t44_d1" trans="MaRien" utf="MaRien"/>
    <tok_anno ascii="MaRien" id="t44_m1" trans="MaRien" utf="MaRien">
      <norm tag="--"/>
      <lemma tag="Maria"/>
      <lemma_gen tag="Maria"/>
      <lemma_idmwb tag="--"/>
      <pos tag="NE"/>
      <pos_gen tag="FM"/>
      <infl tag="Gen.Sg"/>
      <inflClass tag="--"/>
      <inflClass_gen tag="--"/>
    </tok_anno>
  </token>
  <token id="t45" trans="ere(.)" type="token">
    <tok_dipl id="t45_d1" trans="ere" utf="ere"/>
    <tok_anno ascii="ere" id="t45_m1" trans="ere" utf="ere">
      <norm tag="êre"/>
      <lemma tag="êre"/>
      <lemma_gen tag="êre"/>
      <lemma_idmwb tag="41379000"/>
      <pos tag="NA"/>
      <pos_gen tag="NA"/>
      <infl tag="Akk.Sg"/>
      <inflClass tag="st.Fem"/>
      <inflClass_gen tag="*.Fem"/>
      <punc tag="DE"/>
    </tok_anno>
  </token>
  <token id="t46" trans="." type="punc">
    <tok_dipl id="t46_d1" trans="." utf="."/>
    <tok_anno ascii="." id="t46_m1" trans="." utf=".">
      <pos tag="$_"/>
      <pos_gen tag="$_"/>
      <punc tag="$E"/>
    </tok_anno>
  </token>
  <token id="t47" trans="vn\-" type="token">
    <tok_dipl id="t47_d1" trans="vn\-" utf="vn̄"/>
    <tok_anno ascii="vnd" id="t47_m1" trans="vn\-" utf="vn̄">
      <norm tag="unde"/>
      <lemma tag="unte"/>
      <lemma_gen tag="unte"/>
      <lemma_idmwb tag="183108000"/>
      <pos tag="KON"/>
      <pos_gen tag="KO"/>
      <infl tag="--"/>
      <inflClass tag="--"/>
      <inflClass_gen tag="--"/>
    </tok_anno>
  </token>
  <token id="t48" trans="$ende" type="token">
    <tok_dipl id="t48_d1" trans="$ende" utf="ſende"/>
    <tok_anno ascii="sende" id="t48_m1" trans="$ende" utf="ſende">
      <norm tag="sancte"/>
      <lemma tag="sancte"/>
      <lemma_gen tag="sancte"/>
      <lemma_idmwb tag="140055000"/>
      <pos tag="ADJA"/>
      <pos_gen tag="ADJ"/>
      <infl tag="Pos.*..0"/>
      <inflClass tag="--"/>
      <inflClass_gen tag="--"/>
    </tok_anno>
  </token>
  <token id="t49" trans="paulo" type="token">
    <tok_dipl id="t49_d1" trans="paulo" utf="paulo"/>
    <tok_anno ascii="paulo" id="t49_m1" trans="paulo" utf="paulo">
      <norm tag="--"/>
      <lemma tag="Paulus"/>
      <lemma_gen tag="Paulus"/>
      <lemma_idmwb tag="--"/>
      <pos tag="NE"/>
      <pos_gen tag="FM"/>
      <infl tag="Dat.Sg"/>
      <inflClass tag="--"/>
      <inflClass_gen tag="--"/>
    </tok_anno>
  </token>
  <token id="t50" trans="ze" type="token">
    <tok_dipl id="t50_d1" trans="ze" utf="ze"/>
    <tok_anno ascii="ze" id="t50_m1" trans="ze" utf="ze">
      <norm tag="ze"/>
      <lemma tag="ze"/>
      <lemma_gen tag="ze"/>
      <lemma_idmwb tag="235656000"/>
      <pos tag="APPR"/>
      <pos_gen tag="AP"/>
      <infl tag="--"/>
      <inflClass tag="--"/>
      <inflClass_gen tag="--"/>
    </tok_anno>
  </token>
  <token id="t51" trans="lo#be" type="token">
    <tok_dipl id="t51_d1" trans="lo" utf="lo"/>
    <tok_dipl id="t51_d2" trans="be" utf="be"/>
    <tok_anno ascii="lobe" id="t51_m1" trans="lo#be" utf="lobe">
      <norm tag="lobe"/>
      <token_type tag="US"/>
      <lemma tag="lob"/>
      <lemma_gen tag="lob"/>
      <lemma_idmwb tag="104748000"/>
      <pos tag="NA"/>
      <pos_gen tag="NA"/>
      <infl tag="Dat.Sg"/>
      <inflClass tag="st.Masc,Neut"/>
      <inflClass_gen tag="st.Masc,Neut"/>
    </tok_anno>
  </token>
  <token id="t52" trans="vn\-" type="token">
    <tok_dipl id="t52_d1" trans="vn\-" utf="vn̄"/>
    <tok_anno ascii="vnd" id="t52_m1" trans="vn\-" utf="vn̄">
      <norm tag="unde"/>
      <lemma tag="unte"/>
      <lemma_gen tag="unte"/>
      <lemma_idmwb tag="183108000"/>
      <pos tag="KON"/>
      <pos_gen tag="KO"/>
      <infl tag="--"/>
      <inflClass tag="--"/>
      <inflClass_gen tag="--"/>
    </tok_anno>
  </token>
  <token id="t53" trans="ze" type="token">
    <tok_dipl id="t53_d1" trans="ze" utf="ze"/>
    <tok_anno ascii="ze" id="t53_m1" trans="ze" utf="ze">
      <norm tag="ze"/>
      <lemma tag="ze"/>
      <lemma_gen tag="ze"/>
      <lemma_idmwb tag="235656000"/>
      <pos tag="APPR"/>
      <pos_gen tag="AP"/>
      <infl tag="--"/>
      <inflClass tag="--"/>
      <inflClass_gen tag="--"/>
    </tok_anno>
  </token>
  <token id="t54" trans="eren" type="token">
    <tok_dipl id="t54_d1" trans="eren" utf="eren"/>
    <tok_anno ascii="eren" id="t54_m1" trans="eren" utf="eren">
      <norm tag="êren"/>
      <lemma tag="êre"/>
      <lemma_gen tag="êre"/>
      <lemma_idmwb tag="41379000"/>
      <pos tag="NA"/>
      <pos_gen tag="NA"/>
      <infl tag="Dat.Pl"/>
      <inflClass tag="*.Fem"/>
      <inflClass_gen tag="*.Fem"/>
    </tok_anno>
  </token>
  <token id="t55" trans="vn\-" type="token">
    <tok_dipl id="t55_d1" trans="vn\-" utf="vn̄"/>
    <tok_anno ascii="vnd" id="t55_m1" trans="vn\-" utf="vn̄">
      <norm tag="unde"/>
      <lemma tag="unte"/>
      <lemma_gen tag="unte"/>
      <lemma_idmwb tag="183108000"/>
      <pos tag="KON"/>
      <pos_gen tag="KO"/>
      <infl tag="--"/>
      <inflClass tag="--"/>
      <inflClass_gen tag="--"/>
    </tok_anno>
  </token>
  <token id="t56" trans="$prich" type="token">
    <tok_dipl id="t56_d1" trans="$prich" utf="ſprich"/>
    <tok_anno ascii="sprich" id="t56_m1" trans="$prich" utf="ſprich">
      <norm tag="sprich"/>
      <lemma tag="sprëchen"/>
      <lemma_gen tag="sprëchen"/>
      <lemma_idmwb tag="156540000"/>
      <pos tag="VVIMP"/>
      <pos_gen tag="VV"/>
      <infl tag="Sg.2"/>
      <inflClass tag="st4"/>
      <inflClass_gen tag="st4"/>
    </tok_anno>
  </token>
  <token id="t57" trans="nvne" type="token">
    <tok_dipl id="t57_d1" trans="nvne" utf="nvne"/>
    <tok_anno ascii="nvne" id="t57_m1" trans="nvne" utf="nvne">
      <norm tag="niune"/>
      <lemma tag="niun"/>
      <lemma_gen tag="niun"/>
      <lemma_idmwb tag="121707000"/>
      <pos tag="CARDA"/>
      <pos_gen tag="CARD"/>
      <infl tag="*.Akk.Pl.st"/>
      <inflClass tag="--"/>
      <inflClass_gen tag="--"/>
    </tok_anno>
  </token>
  <token id="t58" trans="pat\-#nr\-(:)" type="token">
    <tok_dipl id="t58_d1" trans="pat\-" utf="pat̄"/>
    <tok_dipl id="t58_d2" trans="nr\-" utf="nr̄"/>
    <tok_anno ascii="patennren" id="t58_m1" trans="pat\-#nr\-" utf="pat̄nr̄">
      <norm tag="paternoster"/>
      <token_type tag="US"/>
      <lemma tag="pater-noster"/>
      <lemma_gen tag="pater-noster"/>
      <lemma_idmwb tag="126480000"/>
      <pos tag="NA"/>
      <pos_gen tag="NA"/>
      <infl tag="Akk.Pl"/>
      <inflClass tag="st.Masc,Neut"/>
      <inflClass_gen tag="st.Masc,Neut"/>
      <punc tag="DE"/>
    </tok_anno>
  </token>
  <token id="t59" trans="got,," type="token">
    <tok_dipl id="t59_d1" trans="got" utf="got"/>
    <tok_anno ascii="got" id="t59_m1" trans="got" utf="got">
      <norm tag="got"/>
      <lemma tag="got"/>
      <lemma_gen tag="got"/>
      <lemma_idmwb tag="63291000"/>
      <pos tag="NA"/>
      <pos_gen tag="NA"/>
      <infl tag="Nom.Sg"/>
      <inflClass tag="st.Masc"/>
      <inflClass_gen tag="st.Masc"/>
      <punc tag="S*"/>
    </tok_anno>
  </token>
  <token id="t60" trans="der" type="token">
    <tok_dipl id="t60_d1" trans="der" utf="der"/>
    <tok_anno ascii="der" id="t60_m1" trans="der" utf="der">
      <norm tag="der"/>
      <lemma tag="dër"/>
      <lemma_gen tag="dër"/>
      <lemma_idmwb tag="29823000"/>
      <pos tag="DDS"/>
      <pos_gen tag="DD"/>
      <infl tag="Masc.Nom.Sg"/>
      <inflClass tag="--"/>
      <inflClass_gen tag="--"/>
    </tok_anno>
  </token>
  <token id="t61" trans="gekert" type="token">
    <tok_dipl id="t61_d1" trans="gekert" utf="gekert"/>
    <tok_anno ascii="gekert" id="t61_m1" trans="gekert" utf="gekert">
      <norm tag="gekert"/>
      <lemma tag="ge-kèr(e)n"/>
      <lemma_gen tag="ge-kèr(e)n"/>
      <lemma_idmwb tag="51060000"/>
      <pos tag="VVFIN"/>
      <pos_gen tag="VV"/>
      <infl tag="Ind.Pres.Sg.3"/>
      <inflClass tag="wk"/>
      <inflClass_gen tag="wk"/>
    </tok_anno>
  </token>
  <token id="t62" trans="din" type="token">
    <tok_dipl id="t62_d1" trans="din" utf="din"/>
    <tok_anno ascii="din" id="t62_m1" trans="din" utf="din">
      <norm tag="dîn"/>
      <lemma tag="dîn"/>
      <lemma_gen tag="dîn"/>
      <lemma_idmwb tag="30567000"/>
      <pos tag="DPOSA"/>
      <pos_gen tag="DPOS"/>
      <infl tag="*.*.*.0"/>
      <inflClass tag="--"/>
      <inflClass_gen tag="--"/>
    </tok_anno>
  </token>
  <token id="t63" trans="ange$t" type="token">
    <tok_dipl id="t63_d1" trans="ange$t" utf="angeſt"/>
    <tok_anno ascii="angest" id="t63_m1" trans="ange$t" utf="angeſt">
      <norm tag="angest"/>
      <lemma tag="angest"/>
      <lemma_gen tag="angest"/>
      <lemma_idmwb tag="7374000"/>
      <pos tag="NA"/>
      <pos_gen tag="NA"/>
      <infl tag="Akk.Sg"/>
      <inflClass tag="st(u).Masc,Fem"/>
      <inflClass_gen tag="st(u).Masc,Fem"/>
    </tok_anno>
  </token>
  <token id="t64" trans="ze" type="token">
    <tok_dipl id="t64_d1" trans="ze" utf="ze"/>
    <tok_anno ascii="ze" id="t64_m1" trans="ze" utf="ze">
      <norm tag="ze"/>
      <lemma tag="ze"/>
      <lemma_gen tag="ze"/>
      <lemma_idmwb tag="235656000"/>
      <pos tag="APPR"/>
      <pos_gen tag="AP"/>
      <infl tag="--"/>
      <inflClass tag="--"/>
      <inflClass_gen tag="--"/>
    </tok_anno>
  </token>
  <token id="t65" trans="frovden(.)" type="token">
    <tok_dipl id="t65_d1" trans="frovden" utf="frovden"/>
    <tok_anno ascii="frovden" id="t65_m1" trans="frovden" utf="frovden">
      <norm tag="vröuweden"/>
      <lemma tag="vröu(we)de"/>
      <lemma_gen tag="vröu(we)de"/>
      <lemma_idmwb tag="216696000"/>
      <pos tag="NA"/>
      <pos_gen tag="NA"/>
      <infl tag="Dat.Pl"/>
      <inflClass tag="*.Fem"/>
      <inflClass_gen tag="*.Fem"/>
      <punc tag="DE"/>
    </tok_anno>
  </token>
  <token id="t66" trans="Swenne" type="token">
    <tok_dipl id="t66_d1" trans="Swenne" utf="Swenne"/>
    <tok_anno ascii="Swenne" id="t66_m1" trans="Swenne" utf="Swenne">
      <norm tag="swenne"/>
      <lemma tag="swanne"/>
      <lemma_gen tag="swanne"/>
      <lemma_idmwb tag="164619000"/>
      <pos tag="AVG"/>
      <pos_gen tag="AVG"/>
      <infl tag="--"/>
      <inflClass tag="--"/>
      <inflClass_gen tag="--"/>
    </tok_anno>
  </token>
  <token id="t67" trans="din" type="token">
    <tok_dipl id="t67_d1" trans="din" utf="din"/>
    <tok_anno ascii="din" id="t67_m1" trans="din" utf="din">
      <norm tag="dîn"/>
      <lemma tag="dîn"/>
      <lemma_gen tag="dîn"/>
      <lemma_idmwb tag="30567000"/>
      <pos tag="DPOSA"/>
      <pos_gen tag="DPOS"/>
      <infl tag="*.*.*.0"/>
      <inflClass tag="--"/>
      <inflClass_gen tag="--"/>
    </tok_anno>
  </token>
  <token id="t68" trans="frvnt" type="token">
    <tok_dipl id="t68_d1" trans="frvnt" utf="frvnt"/>
    <tok_anno ascii="frvnt" id="t68_m1" trans="frvnt" utf="frvnt">
      <norm tag="vriunt"/>
      <lemma tag="vriunt"/>
      <lemma_gen tag="vriunt"/>
      <lemma_idmwb tag="216246000"/>
      <pos tag="NA"/>
      <pos_gen tag="NA"/>
      <infl tag="Nom.Sg"/>
      <inflClass tag="st.Masc"/>
      <inflClass_gen tag="st.Masc"/>
    </tok_anno>
  </token>
  <token id="t69" trans="vert" type="token">
    <tok_dipl id="t69_d1" trans="vert" utf="vert"/>
    <tok_anno ascii="vert" id="t69_m1" trans="vert" utf="vert">
      <norm tag="vert"/>
      <lemma tag="var(e)n"/>
      <lemma_gen tag="var(e)n"/>
      <lemma_idmwb tag="198330000"/>
      <pos tag="VVFIN"/>
      <pos_gen tag="VV"/>
      <infl tag="Ind.Pres.Sg.3"/>
      <inflClass tag="st6"/>
      <inflClass_gen tag="st6"/>
    </tok_anno>
  </token>
  <token id="t70" trans="zv" type="token">
    <tok_dipl id="t70_d1" trans="zv" utf="zv"/>
    <tok_anno ascii="zv" id="t70_m1" trans="zv" utf="zv">
      <norm tag="zuo"/>
      <lemma tag="ze"/>
      <lemma_gen tag="ze"/>
      <lemma_idmwb tag="235656000"/>
      <pos tag="APPR"/>
      <pos_gen tag="AP"/>
      <infl tag="--"/>
      <inflClass tag="--"/>
      <inflClass_gen tag="--"/>
    </tok_anno>
  </token>
  <token id="t71" trans="einer" type="token">
    <tok_dipl id="t71_d1" trans="einer" utf="einer"/>
    <tok_anno ascii="einer" id="t71_m1" trans="einer" utf="einer">
      <norm tag="einer"/>
      <lemma tag="èin"/>
      <lemma_gen tag="èin"/>
      <lemma_idmwb tag="35925000"/>
      <pos tag="DIART"/>
      <pos_gen tag="DD"/>
      <infl tag="Fem.Dat.Sg.st"/>
      <inflClass tag="--"/>
      <inflClass_gen tag="--"/>
    </tok_anno>
  </token>
  <token id="t72" trans="her(=)vart" type="token">
    <tok_dipl id="t72_d1" trans="hervart" utf="hervart"/>
    <tok_anno ascii="hervart" id="t72_m1" trans="her(=)vart" utf="hervart">
      <norm tag="hervart"/>
      <token_type tag="UL"/>
      <lemma tag="hèr(e)-vart"/>
      <lemma_gen tag="hèr(e)-vart"/>
      <lemma_idmwb tag="73080000"/>
      <pos tag="NA"/>
      <pos_gen tag="NA"/>
      <infl tag="Dat.Sg"/>
      <inflClass tag="stu.Fem"/>
      <inflClass_gen tag="stu.Fem"/>
    </tok_anno>
  </token>
  <token id="t73" trans="." type="punc">
    <tok_dipl id="t73_d1" trans="." utf="."/>
    <tok_anno ascii="." id="t73_m1" trans="." utf=".">
      <pos tag="$_"/>
      <pos_gen tag="$_"/>
    </tok_anno>
  </token>
  <token id="t74" trans="oder" type="token">
    <tok_dipl id="t74_d1" trans="oder" utf="oder"/>
    <tok_anno ascii="oder" id="t74_m1" trans="oder" utf="oder">
      <norm tag="oder"/>
      <lemma tag="oder"/>
      <lemma_gen tag="oder"/>
      <lemma_idmwb tag="123531000"/>
      <pos tag="KON"/>
      <pos_gen tag="KO"/>
      <infl tag="--"/>
      <inflClass tag="--"/>
      <inflClass_gen tag="--"/>
    </tok_anno>
  </token>
  <token id="t75" trans="etewar" type="token">
    <tok_dipl id="t75_d1" trans="etewar" utf="etewar"/>
    <tok_anno ascii="etewar" id="t75_m1" trans="etewar" utf="etewar">
      <norm tag="etewar"/>
      <lemma tag="ëte(s)-war(e)"/>
      <lemma_gen tag="ëte(s)-war(e)"/>
      <lemma_idmwb tag="45675000"/>
      <pos tag="AVD"/>
      <pos_gen tag="AVD"/>
      <infl tag="--"/>
      <inflClass tag="--"/>
      <inflClass_gen tag="--"/>
    </tok_anno>
  </token>
  <token id="t76" trans="enge$liche,," type="token">
    <tok_dipl id="t76_d1" trans="enge$liche" utf="engeſliche"/>
    <tok_anno ascii="engesliche" id="t76_m1" trans="enge$liche" utf="engeſliche">
      <norm tag="angestlîche"/>
      <lemma tag="angest-lîche"/>
      <lemma_gen tag="angest-lîche"/>
      <lemma_idmwb tag="246581600"/>
      <pos tag="AVD"/>
      <pos_gen tag="AVD"/>
      <infl tag="--"/>
      <inflClass tag="--"/>
      <inflClass_gen tag="--"/>
      <punc tag="S*"/>
    </tok_anno>
  </token>
  <token id="t77" trans="." type="punc">
    <tok_dipl id="t77_d1" trans="." utf="."/>
    <tok_anno ascii="." id="t77_m1" trans="." utf=".">
      <pos tag="$_"/>
      <pos_gen tag="$_"/>
    </tok_anno>
  </token>
  <token id="t78" trans="$o" type="token">
    <tok_dipl id="t78_d1" trans="$o" utf="ſo"/>
    <tok_anno ascii="so" id="t78_m1" trans="$o" utf="ſo">
      <norm tag="sô"/>
      <lemma tag="sô"/>
      <lemma_gen tag="sô"/>
      <lemma_idmwb tag="154164000"/>
      <pos tag="AVD"/>
      <pos_gen tag="AVD-KO"/>
      <infl tag="--"/>
      <inflClass tag="--"/>
      <inflClass_gen tag="--"/>
    </tok_anno>
  </token>
  <token id="t79" trans="$prich" type="token">
    <tok_dipl id="t79_d1" trans="$prich" utf="ſprich"/>
    <tok_anno ascii="sprich" id="t79_m1" trans="$prich" utf="ſprich">
      <norm tag="sprich"/>
      <lemma tag="sprëchen"/>
      <lemma_gen tag="sprëchen"/>
      <lemma_idmwb tag="156540000"/>
      <pos tag="VVIMP"/>
      <pos_gen tag="VV"/>
      <infl tag="Sg.2"/>
      <inflClass tag="st4"/>
      <inflClass_gen tag="st4"/>
    </tok_anno>
  </token>
  <token id="t80" trans="ein" type="token">
    <tok_dipl id="t80_d1" trans="ein" utf="ein"/>
    <tok_anno ascii="ein" id="t80_m1" trans="ein" utf="ein">
      <norm tag="ein"/>
      <lemma tag="èin"/>
      <lemma_gen tag="èin"/>
      <lemma_idmwb tag="35925000"/>
      <pos tag="DIART"/>
      <pos_gen tag="DD"/>
      <infl tag="*.*.*.0"/>
      <inflClass tag="--"/>
      <inflClass_gen tag="--"/>
    </tok_anno>
  </token>
  <token id="t81" trans="pat\-#nr\-" type="token">
    <tok_dipl id="t81_d1" trans="pat\-" utf="pat̄"/>
    <tok_dipl id="t81_d2" trans="nr\-" utf="nr̄"/>
    <tok_anno ascii="patennren" id="t81_m1" trans="pat\-#nr\-" utf="pat̄nr̄">
      <norm tag="paternoster"/>
      <token_type tag="US"/>
      <lemma tag="pater-noster"/>
      <lemma_gen tag="pater-noster"/>
      <lemma_idmwb tag="126480000"/>
      <pos tag="NA"/>
      <pos_gen tag="NA"/>
      <infl tag="Akk.Sg"/>
      <inflClass tag="st.Masc,Neut"/>
      <inflClass_gen tag="st.Masc,Neut"/>
    </tok_anno>
  </token>
  <token id="t82" trans="." type="punc">
    <tok_dipl id="t82_d1" trans="." utf="."/>
    <tok_anno ascii="." id="t82_m1" trans="." utf=".">
      <pos tag="$_"/>
      <pos_gen tag="$_"/>
    </tok_anno>
  </token>
  <token id="t83" trans="in||der" type="token">
    <tok_dipl id="t83_d1" trans="inder" utf="inder"/>
    <tok_anno ascii="in" id="t83_m1" trans="in|" utf="in">
      <norm tag="in"/>
      <token_type tag="MS1"/>
      <lemma tag="in"/>
      <lemma_gen tag="in"/>
      <lemma_idmwb tag="81741000"/>
      <pos tag="APPR"/>
      <pos_gen tag="AP"/>
      <infl tag="--"/>
      <inflClass tag="--"/>
      <inflClass_gen tag="--"/>
    </tok_anno>
    <tok_anno ascii="der" id="t83_m2" trans="|der" utf="der">
      <norm tag="der"/>
      <token_type tag="MS2"/>
      <lemma tag="dër"/>
      <lemma_gen tag="dër"/>
      <lemma_idmwb tag="29817000"/>
      <pos tag="DDART"/>
      <pos_gen tag="DD"/>
      <infl tag="Fem.Dat.Sg"/>
      <inflClass tag="--"/>
      <inflClass_gen tag="--"/>
    </tok_anno>
  </token>
  <token id="t84" trans="ere" type="token">
    <tok_dipl id="t84_d1" trans="ere" utf="ere"/>
    <tok_anno ascii="ere" id="t84_m1" trans="ere" utf="ere">
      <norm tag="êre"/>
      <lemma tag="êre"/>
      <lemma_gen tag="êre"/>
      <lemma_idmwb tag="41379000"/>
      <pos tag="NA"/>
      <pos_gen tag="NA"/>
      <infl tag="Dat.Sg"/>
      <inflClass tag="st.Fem"/>
      <inflClass_gen tag="*.Fem"/>
    </tok_anno>
  </token>
  <token id="t85" trans="des" type="token">
    <tok_dipl id="t85_d1" trans="des" utf="des"/>
    <tok_anno ascii="des" id="t85_m1" trans="des" utf="des">
      <norm tag="des"/>
      <lemma tag="dër"/>
      <lemma_gen tag="dër"/>
      <lemma_idmwb tag="29817000"/>
      <pos tag="DDART"/>
      <pos_gen tag="DD"/>
      <infl tag="Masc.Gen.Sg"/>
      <inflClass tag="--"/>
      <inflClass_gen tag="--"/>
    </tok_anno>
  </token>
  <token id="t86" trans="weges,,(" type="token">
    <tok_dipl id="t86_d1" trans="weges" utf="weges"/>
    <tok_anno ascii="weges" id="t86_m1" trans="weges" utf="weges">
      <norm tag="weges"/>
      <lemma tag="wëg"/>
      <lemma_gen tag="wëg"/>
      <lemma_idmwb tag="223380000"/>
      <pos tag="NA"/>
      <pos_gen tag="NA"/>
      <infl tag="Gen.Sg"/>
      <inflClass tag="st.Masc"/>
      <inflClass_gen tag="st.Masc"/>
    </tok_anno>
  </token>
  <token id="t87" trans="da" type="token">
    <tok_dipl id="t87_d1" trans="da" utf="da"/>
    <tok_anno ascii="da" id="t87_m1" trans="da" utf="da">
      <norm tag="dâ"/>
      <lemma tag="dâr"/>
      <lemma_gen tag="dâr"/>
      <lemma_idmwb tag="28932000"/>
      <pos tag="AVD"/>
      <pos_gen tag="AVD"/>
      <infl tag="--"/>
      <inflClass tag="--"/>
      <inflClass_gen tag="--"/>
    </tok_anno>
  </token>
  <token id="t88" trans="vn$er" type="token">
    <tok_dipl id="t88_d1" trans="vn$er" utf="vnſer"/>
    <tok_anno ascii="vnser" id="t88_m1" trans="vn$er" utf="vnſer">
      <norm tag="unser"/>
      <lemma tag="unser"/>
      <lemma_gen tag="unser"/>
      <lemma_idmwb tag="190590000"/>
      <pos tag="DPOSA"/>
      <pos_gen tag="DPOS"/>
      <infl tag="*.*.*.0"/>
      <inflClass tag="--"/>
      <inflClass_gen tag="--"/>
    </tok_anno>
  </token>
  <token id="t89" trans="herre" type="token">
    <tok_dipl id="t89_d1" trans="herre" utf="herre"/>
    <tok_anno ascii="herre" id="t89_m1" trans="herre" utf="herre">
      <norm tag="hêrre"/>
      <lemma tag="hêrre"/>
      <lemma_gen tag="hêrre"/>
      <lemma_idmwb tag="72543000"/>
      <pos tag="NA"/>
      <pos_gen tag="NA"/>
      <infl tag="Nom.Sg"/>
      <inflClass tag="*.Masc"/>
      <inflClass_gen tag="*.Masc"/>
    </tok_anno>
  </token>
  <token id="t90" trans="ze" type="token">
    <tok_dipl id="t90_d1" trans="ze" utf="ze"/>
    <tok_anno ascii="ze" id="t90_m1" trans="ze" utf="ze">
      <norm tag="ze"/>
      <lemma tag="ze"/>
      <lemma_gen tag="ze"/>
      <lemma_idmwb tag="235656000"/>
      <pos tag="APPR"/>
      <pos_gen tag="AP"/>
      <infl tag="--"/>
      <inflClass tag="--"/>
      <inflClass_gen tag="--"/>
    </tok_anno>
  </token>
  <token id="t91" trans="himele" type="token">
    <tok_dipl id="t91_d1" trans="himele" utf="himele"/>
    <tok_anno ascii="himele" id="t91_m1" trans="himele" utf="himele">
      <norm tag="himele"/>
      <lemma tag="himel"/>
      <lemma_gen tag="himel"/>
      <lemma_idmwb tag="74049000"/>
      <pos tag="NA"/>
      <pos_gen tag="NA"/>
      <infl tag="Dat.Sg"/>
      <inflClass tag="st.Masc"/>
      <inflClass_gen tag="st.Masc"/>
    </tok_anno>
  </token>
  <token id="t92" trans="fv\or,," type="token">
    <tok_dipl id="t92_d1" trans="fv\or" utf="fvͦr"/>
    <tok_anno ascii="fvor" id="t92_m1" trans="fv\or" utf="fvͦr">
      <norm tag="vuor"/>
      <lemma tag="var(e)n"/>
      <lemma_gen tag="var(e)n"/>
      <lemma_idmwb tag="198330000"/>
      <pos tag="VVFIN"/>
      <pos_gen tag="VV"/>
      <infl tag="Ind.Past.Sg.3"/>
      <inflClass tag="st6"/>
      <inflClass_gen tag="st6"/>
      <punc tag="S*"/>
    </tok_anno>
  </token>
  <token id="t93" trans="." type="punc">
    <tok_dipl id="t93_d1" trans="." utf="."/>
    <tok_anno ascii="." id="t93_m1" trans="." utf=".">
      <pos tag="$_"/>
      <pos_gen tag="$_"/>
    </tok_anno>
  </token>
  <token id="t94" trans="daz" type="token">
    <tok_dipl id="t94_d1" trans="daz" utf="daz"/>
    <tok_anno ascii="daz" id="t94_m1" trans="daz" utf="daz">
      <norm tag="daz"/>
      <lemma tag="dazz"/>
      <lemma_gen tag="dazz"/>
      <lemma_idmwb tag="29484000"/>
      <pos tag="KOUS"/>
      <pos_gen tag="KO"/>
      <infl tag="--"/>
      <inflClass tag="--"/>
      <inflClass_gen tag="--"/>
    </tok_anno>
  </token>
  <token id="t95" trans="er" type="token">
    <tok_dipl id="t95_d1" trans="er" utf="er"/>
    <tok_anno ascii="er" id="t95_m1" trans="er" utf="er">
      <norm tag="er"/>
      <lemma tag="ër"/>
      <lemma_gen tag="ër"/>
      <lemma_idmwb tag="40380000"/>
      <pos tag="PPER"/>
      <pos_gen tag="PPER"/>
      <infl tag="Masc.Nom.Sg.3"/>
      <inflClass tag="--"/>
      <inflClass_gen tag="--"/>
    </tok_anno>
  </token>
  <token id="t96" trans="in" type="token">
    <tok_dipl id="t96_d1" trans="in" utf="in"/>
    <tok_anno ascii="in" id="t96_m1" trans="in" utf="in">
      <norm tag="in"/>
      <lemma tag="ër"/>
      <lemma_gen tag="ër"/>
      <lemma_idmwb tag="40380000"/>
      <pos tag="PPER"/>
      <pos_gen tag="PPER"/>
      <infl tag="Masc.Akk.Sg.3"/>
      <inflClass tag="--"/>
      <inflClass_gen tag="--"/>
    </tok_anno>
  </token>
  <token id="t97" trans="wole" type="token">
    <tok_dipl id="t97_d1" trans="wole" utf="wole"/>
    <tok_anno ascii="wole" id="t97_m1" trans="wole" utf="wole">
      <norm tag="wole"/>
      <lemma tag="wol(e)"/>
      <lemma_gen tag="wol(e)"/>
      <lemma_idmwb tag="232695000"/>
      <pos tag="AVD"/>
      <pos_gen tag="AVD-KO"/>
      <infl tag="--"/>
      <inflClass tag="--"/>
      <inflClass_gen tag="--"/>
    </tok_anno>
  </token>
  <token id="t98" trans="vn\-" type="token">
    <tok_dipl id="t98_d1" trans="vn\-" utf="vn̄"/>
    <tok_anno ascii="vnd" id="t98_m1" trans="vn\-" utf="vn̄">
      <norm tag="unde"/>
      <lemma tag="unte"/>
      <lemma_gen tag="unte"/>
      <lemma_idmwb tag="183108000"/>
      <pos tag="KON"/>
      <pos_gen tag="KO"/>
      <infl tag="--"/>
      <inflClass tag="--"/>
      <inflClass_gen tag="--"/>
    </tok_anno>
  </token>
  <token id="t99" trans="glucliche" type="token">
    <tok_dipl id="t99_d1" trans="glucliche" utf="glucliche"/>
    <tok_anno ascii="glucliche" id="t99_m1" trans="glucliche" utf="glucliche">
      <norm tag="gelückelîche"/>
      <lemma tag="ge-lücke-lîche"/>
      <lemma_gen tag="ge-lücke-lîche"/>
      <lemma_idmwb tag="52482000"/>
      <pos tag="AVD"/>
      <pos_gen tag="AVD"/>
      <infl tag="--"/>
      <inflClass tag="--"/>
      <inflClass_gen tag="--"/>
    </tok_anno>
  </token>
  <token id="t100" trans="laze" type="token">
    <tok_dipl id="t100_d1" trans="laze" utf="laze"/>
    <tok_anno ascii="laze" id="t100_m1" trans="laze" utf="laze">
      <norm tag="lâze"/>
      <lemma tag="lâzen"/>
      <lemma_gen tag="lâzen"/>
      <lemma_idmwb tag="100122000"/>
      <pos tag="VVFIN"/>
      <pos_gen tag="VV"/>
      <infl tag="Subj.Pres.Sg.3"/>
      <inflClass tag="st7"/>
      <inflClass_gen tag="st7"/>
    </tok_anno>
  </token>
  <token id="t101" trans="vare,,)" type="token">
    <tok_dipl id="t101_d1" trans="vare" utf="vare"/>
    <tok_anno ascii="vare" id="t101_m1" trans="vare" utf="vare">
      <norm tag="varen"/>
      <lemma tag="var(e)n"/>
      <lemma_gen tag="var(e)n"/>
      <lemma_idmwb tag="198330000"/>
      <pos tag="VVINF"/>
      <pos_gen tag="VV"/>
      <infl tag="--"/>
      <inflClass tag="st6"/>
      <inflClass_gen tag="st6"/>
    </tok_anno>
  </token>
  <token id="t102" trans="." type="punc">
    <tok_dipl id="t102_d1" trans="." utf="."/>
    <tok_anno ascii="." id="t102_m1" trans="." utf=".">
      <pos tag="$_"/>
      <pos_gen tag="$_"/>
    </tok_anno>
  </token>
  <token id="t103" trans="vn\-" type="token">
    <tok_dipl id="t103_d1" trans="vn\-" utf="vn̄"/>
    <tok_anno ascii="vnd" id="t103_m1" trans="vn\-" utf="vn̄">
      <norm tag="unde"/>
      <lemma tag="unte"/>
      <lemma_gen tag="unte"/>
      <lemma_idmwb tag="183105000"/>
      <pos tag="AVD"/>
      <pos_gen tag="AVD"/>
      <infl tag="--"/>
      <inflClass tag="--"/>
      <inflClass_gen tag="--"/>
    </tok_anno>
  </token>
  <token id="t104" trans="denne" type="token">
    <tok_dipl id="t104_d1" trans="denne" utf="denne"/>
    <tok_anno ascii="denne" id="t104_m1" trans="denne" utf="denne">
      <norm tag="denne"/>
      <lemma tag="danne"/>
      <lemma_gen tag="danne"/>
      <lemma_idmwb tag="28863000"/>
      <pos tag="AVD"/>
      <pos_gen tag="AVD-KO"/>
      <infl tag="--"/>
      <inflClass tag="--"/>
      <inflClass_gen tag="--"/>
    </tok_anno>
  </token>
  <token id="t105" trans="zwei" type="token">
    <tok_dipl id="t105_d1" trans="zwei" utf="zwei"/>
    <tok_anno ascii="zwei" id="t105_m1" trans="zwei" utf="zwei">
      <norm tag="zwei"/>
      <lemma tag="zwêne"/>
      <lemma_gen tag="zwêne"/>
      <lemma_idmwb tag="242670000"/>
      <pos tag="CARDA"/>
      <pos_gen tag="CARD"/>
      <infl tag="Neut.Akk.Pl.st"/>
      <inflClass tag="--"/>
      <inflClass_gen tag="--"/>
    </tok_anno>
  </token>
  <token id="t106" trans="pat\-#nr\-" type="token">
    <tok_dipl id="t106_d1" trans="pat\-" utf="pat̄"/>
    <tok_dipl id="t106_d2" trans="nr\-" utf="nr̄"/>
    <tok_anno ascii="patennren" id="t106_m1" trans="pat\-#nr\-" utf="pat̄nr̄">
      <norm tag="paternoster"/>
      <token_type tag="US"/>
      <lemma tag="pater-noster"/>
      <lemma_gen tag="pater-noster"/>
      <lemma_idmwb tag="126480000"/>
      <pos tag="NA"/>
      <pos_gen tag="NA"/>
      <infl tag="Akk.Pl"/>
      <inflClass tag="st.Neut"/>
      <inflClass_gen tag="st.Masc,Neut"/>
    </tok_anno>
  </token>
  <token id="t107" trans="." type="punc">
    <tok_dipl id="t107_d1" trans="." utf="."/>
    <tok_anno ascii="." id="t107_m1" trans="." utf=".">
      <pos tag="$_"/>
      <pos_gen tag="$_"/>
    </tok_anno>
  </token>
  <token id="t108" trans="deme" type="token">
    <tok_dipl id="t108_d1" trans="deme" utf="deme"/>
    <tok_anno ascii="deme" id="t108_m1" trans="deme" utf="deme">
      <norm tag="deme"/>
      <lemma tag="dër"/>
      <lemma_gen tag="dër"/>
      <lemma_idmwb tag="29817000"/>
      <pos tag="DDART"/>
      <pos_gen tag="DD"/>
      <infl tag="Masc.Dat.Sg"/>
      <inflClass tag="--"/>
      <inflClass_gen tag="--"/>
    </tok_anno>
  </token>
  <token id="t109" trans="ober$tein" type="token">
    <tok_dipl id="t109_d1" trans="ober$tein" utf="oberſtein"/>
    <tok_anno ascii="oberstein" id="t109_m1" trans="ober$tein" utf="oberſtein">
      <norm tag="obersten"/>
      <lemma tag="ober"/>
      <lemma_gen tag="ober"/>
      <lemma_idmwb tag="123123000"/>
      <pos tag="ADJA"/>
      <pos_gen tag="ADJ"/>
      <infl tag="Pos.Masc.Dat.Sg.wk"/>
      <inflClass tag="--"/>
      <inflClass_gen tag="--"/>
    </tok_anno>
  </token>
  <token id="t110" trans="hirten,,(" type="token">
    <tok_dipl id="t110_d1" trans="hirten" utf="hirten"/>
    <tok_anno ascii="hirten" id="t110_m1" trans="hirten" utf="hirten">
      <norm tag="hirten"/>
      <lemma tag="hirte"/>
      <lemma_gen tag="hirte"/>
      <lemma_idmwb tag="75894000"/>
      <pos tag="NA"/>
      <pos_gen tag="NA"/>
      <infl tag="Dat.Sg"/>
      <inflClass tag="*.Masc"/>
      <inflClass_gen tag="*.Masc"/>
    </tok_anno>
  </token>
  <token id="t111" trans="daz" type="token">
    <tok_dipl id="t111_d1" trans="daz" utf="daz"/>
    <tok_anno ascii="daz" id="t111_m1" trans="daz" utf="daz">
      <norm tag="daz"/>
      <lemma tag="dazz"/>
      <lemma_gen tag="dazz"/>
      <lemma_idmwb tag="29484000"/>
      <pos tag="KOUS"/>
      <pos_gen tag="KO"/>
      <infl tag="--"/>
      <inflClass tag="--"/>
      <inflClass_gen tag="--"/>
    </tok_anno>
  </token>
  <token id="t112" trans="er" type="token">
    <tok_dipl id="t112_d1" trans="er" utf="er"/>
    <tok_anno ascii="er" id="t112_m1" trans="er" utf="er">
      <norm tag="er"/>
      <lemma tag="ër"/>
      <lemma_gen tag="ër"/>
      <lemma_idmwb tag="40380000"/>
      <pos tag="PPER"/>
      <pos_gen tag="PPER"/>
      <infl tag="Masc.Nom.Sg.3"/>
      <inflClass tag="--"/>
      <inflClass_gen tag="--"/>
    </tok_anno>
  </token>
  <token id="t113" trans="ober" type="token">
    <tok_dipl id="t113_d1" trans="ober" utf="ober"/>
    <tok_anno ascii="ober" id="t113_m1" trans="ober" utf="ober">
      <norm tag="über"/>
      <lemma tag="über"/>
      <lemma_gen tag="über"/>
      <lemma_idmwb tag="174759000"/>
      <pos tag="APPR"/>
      <pos_gen tag="AP"/>
      <infl tag="--"/>
      <inflClass tag="--"/>
      <inflClass_gen tag="--"/>
    </tok_anno>
  </token>
  <token id="t114" trans="ime" type="token">
    <tok_dipl id="t114_d1" trans="ime" utf="ime"/>
    <tok_anno ascii="ime" id="t114_m1" trans="ime" utf="ime">
      <norm tag="ime"/>
      <lemma tag="ër"/>
      <lemma_gen tag="ër"/>
      <lemma_idmwb tag="40380000"/>
      <pos tag="PPER"/>
      <pos_gen tag="PPER"/>
      <infl tag="Masc.Dat.Sg.3"/>
      <inflClass tag="--"/>
      <inflClass_gen tag="--"/>
    </tok_anno>
  </token>
  <token id="t115" trans="wache,,)" type="token">
    <tok_dipl id="t115_d1" trans="wache" utf="wache"/>
    <tok_anno ascii="wache" id="t115_m1" trans="wache" utf="wache">
      <norm tag="wache"/>
      <lemma tag="wachen"/>
      <lemma_gen tag="wachen"/>
      <lemma_idmwb tag="220080000"/>
      <pos tag="VVFIN"/>
      <pos_gen tag="VV"/>
      <infl tag="Subj.Pres.Sg.3"/>
      <inflClass tag="wk"/>
      <inflClass_gen tag="wk"/>
    </tok_anno>
  </token>
  <token id="t116" trans="vn\-" type="token">
    <tok_dipl id="t116_d1" trans="vn\-" utf="vn̄"/>
    <tok_anno ascii="vnd" id="t116_m1" trans="vn\-" utf="vn̄">
      <norm tag="unde"/>
      <lemma tag="unte"/>
      <lemma_gen tag="unte"/>
      <lemma_idmwb tag="183108000"/>
      <pos tag="KON"/>
      <pos_gen tag="KO"/>
      <infl tag="--"/>
      <inflClass tag="--"/>
      <inflClass_gen tag="--"/>
    </tok_anno>
  </token>
  <token id="t117" trans="driv" type="token">
    <tok_dipl id="t117_d1" trans="driv" utf="driv"/>
    <tok_anno ascii="driv" id="t117_m1" trans="driv" utf="driv">
      <norm tag="driu"/>
      <lemma tag="drî"/>
      <lemma_gen tag="drî"/>
      <lemma_idmwb tag="31992000"/>
      <pos tag="CARDA"/>
      <pos_gen tag="CARD"/>
      <infl tag="Neut.Akk.Pl.st"/>
      <inflClass tag="--"/>
      <inflClass_gen tag="--"/>
    </tok_anno>
  </token>
  <token id="t118" trans="pat\-#nr\-" type="token">
    <tok_dipl id="t118_d1" trans="pat\-" utf="pat̄"/>
    <tok_dipl id="t118_d2" trans="nr\-" utf="nr̄"/>
    <tok_anno ascii="patennren" id="t118_m1" trans="pat\-#nr\-" utf="pat̄nr̄">
      <norm tag="paternoster"/>
      <token_type tag="US"/>
      <lemma tag="pater-noster"/>
      <lemma_gen tag="pater-noster"/>
      <lemma_idmwb tag="126480000"/>
      <pos tag="NA"/>
      <pos_gen tag="NA"/>
      <infl tag="Akk.Pl"/>
      <inflClass tag="st.Neut"/>
      <inflClass_gen tag="st.Masc,Neut"/>
    </tok_anno>
  </token>
  <token id="t119" trans="den" type="token">
    <tok_dipl id="t119_d1" trans="den" utf="den"/>
    <tok_anno ascii="den" id="t119_m1" trans="den" utf="den">
      <norm tag="den"/>
      <lemma tag="dër"/>
      <lemma_gen tag="dër"/>
      <lemma_idmwb tag="29817000"/>
      <pos tag="DDART"/>
      <pos_gen tag="DD"/>
      <infl tag="*.Dat.Pl"/>
      <inflClass tag="--"/>
      <inflClass_gen tag="--"/>
    </tok_anno>
  </token>
  <token id="t120" trans="drin" type="token">
    <tok_dipl id="t120_d1" trans="drin" utf="drin"/>
    <tok_anno ascii="drin" id="t120_m1" trans="drin" utf="drin">
      <norm tag="drîn"/>
      <lemma tag="drî"/>
      <lemma_gen tag="drî"/>
      <lemma_idmwb tag="31992000"/>
      <pos tag="CARDA"/>
      <pos_gen tag="CARD"/>
      <infl tag="*.Dat.Pl.st"/>
      <inflClass tag="--"/>
      <inflClass_gen tag="--"/>
    </tok_anno>
  </token>
  <token id="t121" trans="kvningen,," type="token">
    <tok_dipl id="t121_d1" trans="kvningen" utf="kvningen"/>
    <tok_anno ascii="kvningen" id="t121_m1" trans="kvningen" utf="kvningen">
      <norm tag="küningen"/>
      <lemma tag="küni(n)g"/>
      <lemma_gen tag="küni(n)g"/>
      <lemma_idmwb tag="97212000"/>
      <pos tag="NA"/>
      <pos_gen tag="NA"/>
      <infl tag="Dat.Pl"/>
      <inflClass tag="st.Masc"/>
      <inflClass_gen tag="st.Masc"/>
      <punc tag="S*"/>
    </tok_anno>
  </token>
  <token id="t122" trans="daz" type="token">
    <tok_dipl id="t122_d1" trans="daz" utf="daz"/>
    <tok_anno ascii="daz" id="t122_m1" trans="daz" utf="daz">
      <norm tag="daz"/>
      <lemma tag="dazz"/>
      <lemma_gen tag="dazz"/>
      <lemma_idmwb tag="29484000"/>
      <pos tag="KOUS"/>
      <pos_gen tag="KO"/>
      <infl tag="--"/>
      <inflClass tag="--"/>
      <inflClass_gen tag="--"/>
    </tok_anno>
  </token>
  <token id="t123" trans="er" type="token">
    <tok_dipl id="t123_d1" trans="er" utf="er"/>
    <tok_anno ascii="er" id="t123_m1" trans="er" utf="er">
      <norm tag="er"/>
      <lemma tag="ër"/>
      <lemma_gen tag="ër"/>
      <lemma_idmwb tag="40380000"/>
      <pos tag="PPER"/>
      <pos_gen tag="PPER"/>
      <infl tag="Masc.Nom.Sg.3"/>
      <inflClass tag="--"/>
      <inflClass_gen tag="--"/>
    </tok_anno>
  </token>
  <token id="t124" trans="ge$unt" type="token">
    <tok_dipl id="t124_d1" trans="ge$unt" utf="geſunt"/>
    <tok_anno ascii="gesunt" id="t124_m1" trans="ge$unt" utf="geſunt">
      <norm tag="gesunt"/>
      <lemma tag="ge-sunt"/>
      <lemma_gen tag="ge-sunt"/>
      <lemma_idmwb tag="57807000"/>
      <pos tag="ADJD"/>
      <pos_gen tag="ADJ"/>
      <infl tag="Pos....0"/>
      <inflClass tag="--"/>
      <inflClass_gen tag="--"/>
    </tok_anno>
  </token>
  <token id="t125" trans="wider" type="token">
    <tok_dipl id="t125_d1" trans="wider" utf="wider"/>
    <tok_anno ascii="wider" id="t125_m1" trans="wider" utf="wider">
      <norm tag="wider"/>
      <lemma tag="wider(e)"/>
      <lemma_gen tag="wider(e)"/>
      <lemma_idmwb tag="226665000"/>
      <pos tag="AVD"/>
      <pos_gen tag="AVD"/>
      <infl tag="--"/>
      <inflClass tag="--"/>
      <inflClass_gen tag="--"/>
    </tok_anno>
  </token>
  <token id="t126" trans="cvme" type="token">
    <tok_dipl id="t126_d1" trans="cvme" utf="cvme"/>
    <tok_anno ascii="cvme" id="t126_m1" trans="cvme" utf="cvme">
      <norm tag="kume"/>
      <lemma tag="komen"/>
      <lemma_gen tag="komen"/>
      <lemma_idmwb tag="93168000"/>
      <pos tag="VVFIN"/>
      <pos_gen tag="VV"/>
      <infl tag="Subj.Pres.Sg.3"/>
      <inflClass tag="st4"/>
      <inflClass_gen tag="st4"/>
    </tok_anno>
  </token>
  <token id="t127" trans="." type="punc">
    <tok_dipl id="t127_d1" trans="." utf="."/>
    <tok_anno ascii="." id="t127_m1" trans="." utf=".">
      <pos tag="$_"/>
      <pos_gen tag="$_"/>
    </tok_anno>
  </token>
  <token id="t128" trans="vn\-" type="token">
    <tok_dipl id="t128_d1" trans="vn\-" utf="vn̄"/>
    <tok_anno ascii="vnd" id="t128_m1" trans="vn\-" utf="vn̄">
      <norm tag="unde"/>
      <lemma tag="unte"/>
      <lemma_gen tag="unte"/>
      <lemma_idmwb tag="183108000"/>
      <pos tag="KON"/>
      <pos_gen tag="KO"/>
      <infl tag="--"/>
      <inflClass tag="--"/>
      <inflClass_gen tag="--"/>
    </tok_anno>
  </token>
  <token id="t129" trans="allez" type="token">
    <tok_dipl id="t129_d1" trans="allez" utf="allez"/>
    <tok_anno ascii="allez" id="t129_m1" trans="allez" utf="allez">
      <norm tag="allez"/>
      <lemma tag="all"/>
      <lemma_gen tag="all"/>
      <lemma_idmwb tag="3531000"/>
      <pos tag="DIA"/>
      <pos_gen tag="DI"/>
      <infl tag="Neut.Akk.Sg.st"/>
      <inflClass tag="--"/>
      <inflClass_gen tag="--"/>
    </tok_anno>
  </token>
  <token id="t130" trans="$in" type="token">
    <tok_dipl id="t130_d1" trans="$in" utf="ſin"/>
    <tok_anno ascii="sin" id="t130_m1" trans="$in" utf="ſin">
      <norm tag="sîn"/>
      <lemma tag="sîn"/>
      <lemma_gen tag="sîn"/>
      <lemma_idmwb tag="150153000"/>
      <pos tag="DPOSA"/>
      <pos_gen tag="DPOS"/>
      <infl tag="*.*.*.0"/>
      <inflClass tag="--"/>
      <inflClass_gen tag="--"/>
    </tok_anno>
  </token>
  <token id="t131" trans="ge(=)$inde" type="token">
    <tok_dipl id="t131_d1" trans="ge$inde" utf="geſinde"/>
    <tok_anno ascii="gesinde" id="t131_m1" trans="ge(=)$inde" utf="geſinde">
      <norm tag="gesinde"/>
      <token_type tag="UL"/>
      <lemma tag="ge-sinde"/>
      <lemma_gen tag="ge-sinde"/>
      <lemma_idmwb tag="56541000"/>
      <pos tag="NA"/>
      <pos_gen tag="NA"/>
      <infl tag="Akk.Sg"/>
      <inflClass tag="st.Neut"/>
      <inflClass_gen tag="st.Neut"/>
    </tok_anno>
  </token>
  <token id="t132" trans="ge$unt" type="token">
    <tok_dipl id="t132_d1" trans="ge$unt" utf="geſunt"/>
    <tok_anno ascii="gesunt" id="t132_m1" trans="ge$unt" utf="geſunt">
      <norm tag="gesunt"/>
      <lemma tag="ge-sunt"/>
      <lemma_gen tag="ge-sunt"/>
      <lemma_idmwb tag="57807000"/>
      <pos tag="ADJD"/>
      <pos_gen tag="ADJ"/>
      <infl tag="Pos....0"/>
      <inflClass tag="--"/>
      <inflClass_gen tag="--"/>
    </tok_anno>
  </token>
  <token id="t133" trans="uinde(.)" type="token">
    <tok_dipl id="t133_d1" trans="uinde" utf="uinde"/>
    <tok_anno ascii="uinde" id="t133_m1" trans="uinde" utf="uinde">
      <norm tag="vinde"/>
      <lemma tag="vinden"/>
      <lemma_gen tag="vinden"/>
      <lemma_idmwb tag="209181000"/>
      <pos tag="VVFIN"/>
      <pos_gen tag="VV"/>
      <infl tag="Subj.Pres.Sg.3"/>
      <inflClass tag="st3a"/>
      <inflClass_gen tag="st3a"/>
      <punc tag="DE"/>
    </tok_anno>
  </token>
  <token id="t134" trans="." type="punc">
    <tok_dipl id="t134_d1" trans="." utf="."/>
    <tok_anno ascii="." id="t134_m1" trans="." utf=".">
      <pos tag="$_"/>
      <pos_gen tag="$_"/>
      <punc tag="$E"/>
    </tok_anno>
  </token>
  <token id="t135" trans="Hie" type="token">
    <tok_dipl id="t135_d1" trans="Hie" utf="Hie"/>
    <tok_anno ascii="Hie" id="t135_m1" trans="Hie" utf="Hie">
      <norm tag="hier"/>
      <lemma tag="hièr"/>
      <lemma_gen tag="hièr"/>
      <lemma_idmwb tag="73965000"/>
      <pos tag="AVD"/>
      <pos_gen tag="AVD"/>
      <infl tag="--"/>
      <inflClass tag="--"/>
      <inflClass_gen tag="--"/>
    </tok_anno>
  </token>
  <token id="t136" trans="niemet" type="token">
    <tok_dipl id="t136_d1" trans="niemet" utf="niemet"/>
    <tok_anno ascii="niemet" id="t136_m1" trans="niemet" utf="niemet">
      <norm tag="nimet"/>
      <lemma tag="nëmen"/>
      <lemma_gen tag="nëmen"/>
      <lemma_idmwb tag="120132000"/>
      <pos tag="VVFIN"/>
      <pos_gen tag="VV"/>
      <infl tag="Ind.Pres.Sg.3"/>
      <inflClass tag="st4"/>
      <inflClass_gen tag="st4"/>
    </tok_anno>
  </token>
  <comment type="K">/K[niemet: ab hier bis Textende schwarz]</comment>
  <token id="t137" trans="diz" type="token">
    <tok_dipl id="t137_d1" trans="diz" utf="diz"/>
    <tok_anno ascii="diz" id="t137_m1" trans="diz" utf="diz">
      <norm tag="diz"/>
      <lemma tag="dise"/>
      <lemma_gen tag="dise"/>
      <lemma_idmwb tag="30921000"/>
      <pos tag="DDS"/>
      <pos_gen tag="DD"/>
      <infl tag="Neut.Nom.Sg"/>
      <inflClass tag="--"/>
      <inflClass_gen tag="--"/>
    </tok_anno>
  </token>
  <token id="t138" trans="ende(.)" type="token">
    <tok_dipl id="t138_d1" trans="ende" utf="ende"/>
    <tok_anno ascii="ende" id="t138_m1" trans="ende" utf="ende">
      <norm tag="ende"/>
      <lemma tag="ènte"/>
      <lemma_gen tag="ènte"/>
      <lemma_idmwb tag="???"/>
      <pos tag="NA"/>
      <pos_gen tag="NA"/>
      <infl tag="Akk.Sg"/>
      <inflClass tag="st.Neut"/>
      <inflClass_gen tag="st.Neut"/>
      <punc tag="DE"/>
    </tok_anno>
  </token>
  <token id="t139" trans="nv" type="token">
    <tok_dipl id="t139_d1" trans="nv" utf="nv"/>
    <tok_anno ascii="nv" id="t139_m1" trans="nv" utf="nv">
      <norm tag="nû"/>
      <lemma tag="nû"/>
      <lemma_gen tag="nû"/>
      <lemma_idmwb tag="122703000"/>
      <pos tag="KOUS"/>
      <pos_gen tag="KO"/>
      <infl tag="--"/>
      <inflClass tag="--"/>
      <inflClass_gen tag="--"/>
    </tok_anno>
  </token>
  <token id="t140" trans="lobe" type="token">
    <tok_dipl id="t140_d1" trans="lobe" utf="lobe"/>
    <tok_anno ascii="lobe" id="t140_m1" trans="lobe" utf="lobe">
      <norm tag="lobe"/>
      <lemma tag="loben"/>
      <lemma_gen tag="loben"/>
      <lemma_idmwb tag="104421000"/>
      <pos tag="VVIMP"/>
      <pos_gen tag="VV"/>
      <infl tag="Sg.2"/>
      <inflClass tag="wk"/>
      <inflClass_gen tag="wk"/>
    </tok_anno>
  </token>
  <token id="t141" trans="dines" type="token">
    <tok_dipl id="t141_d1" trans="dines" utf="dines"/>
    <tok_anno ascii="dines" id="t141_m1" trans="dines" utf="dines">
      <norm tag="dînes"/>
      <lemma tag="dîn"/>
      <lemma_gen tag="dîn"/>
      <lemma_idmwb tag="30567000"/>
      <pos tag="DPOSA"/>
      <pos_gen tag="DPOS"/>
      <infl tag="Neut.Gen.Sg.st"/>
      <inflClass tag="--"/>
      <inflClass_gen tag="--"/>
    </tok_anno>
  </token>
  <token id="t142" trans="lie(=)ben" type="token">
    <tok_dipl id="t142_d1" trans="lieben" utf="lieben"/>
    <tok_anno ascii="lieben" id="t142_m1" trans="lie(=)ben" utf="lieben">
      <norm tag="lieben"/>
      <token_type tag="UL"/>
      <lemma tag="lièb"/>
      <lemma_gen tag="lièb"/>
      <lemma_idmwb tag="102879000"/>
      <pos tag="ADJA"/>
      <pos_gen tag="ADJ"/>
      <infl tag="Pos.Neut.Gen.Sg.wk"/>
      <inflClass tag="--"/>
      <inflClass_gen tag="--"/>
    </tok_anno>
  </token>
  <token id="t143" trans="kindes" type="token">
    <tok_dipl id="t143_d1" trans="kindes" utf="kindes"/>
    <tok_anno ascii="kindes" id="t143_m1" trans="kindes" utf="kindes">
      <norm tag="kindes"/>
      <lemma tag="kind"/>
      <lemma_gen tag="kind"/>
      <lemma_idmwb tag="89772000"/>
      <pos tag="NA"/>
      <pos_gen tag="NA"/>
      <infl tag="Gen.Sg"/>
      <inflClass tag="st.Neut"/>
      <inflClass_gen tag="st.Neut"/>
    </tok_anno>
  </token>
  <token id="t144" trans="Alheide" type="token">
    <tok_dipl id="t144_d1" trans="Alheide" utf="Alheide"/>
    <tok_anno ascii="Alheide" id="t144_m1" trans="Alheide" utf="Alheide">
      <norm tag="Alheide"/>
      <lemma tag="Alhèid"/>
      <lemma_gen tag="Alhèid"/>
      <lemma_idmwb tag="--"/>
      <pos tag="NE"/>
      <pos_gen tag="NE"/>
      <infl tag="Gen.Sg"/>
      <inflClass tag="--"/>
      <inflClass_gen tag="--"/>
    </tok_anno>
  </token>
  <comment type="K">/K[Alheide: rot gefüllt]</comment>
  <token id="t145" trans="hende(.)" type="token">
    <tok_dipl id="t145_d1" trans="hende" utf="hende"/>
    <tok_anno ascii="hende" id="t145_m1" trans="hende" utf="hende">
      <norm tag="hende"/>
      <lemma tag="hant"/>
      <lemma_gen tag="hant"/>
      <lemma_idmwb tag="68277000"/>
      <pos tag="NA"/>
      <pos_gen tag="NA"/>
      <infl tag="Akk.Pl"/>
      <inflClass tag="st(u).Fem"/>
      <inflClass_gen tag="st(u).Fem"/>
      <punc tag="DE"/>
    </tok_anno>
  </token>
  <token id="t146" trans="." type="punc">
    <tok_dipl id="t146_d1" trans="." utf="."/>
    <tok_anno ascii="." id="t146_m1" trans="." utf=".">
      <pos tag="$_"/>
      <pos_gen tag="$_"/>
      <punc tag="$E"/>
    </tok_anno>
  </token>
</text>
