<?xml version='1.0' encoding='UTF-8'?>
<!DOCTYPE text SYSTEM "cora-xml.dtd">
<text id="M201">
  <header>
    <text>Weingartner Reisesegen</text>
    <abbr_ddd>WReisesegen</abbr_ddd>
    <abbr_mwb>-</abbr_mwb>
    <topic>Religion, Alltag</topic>
    <text-type>Segen</text-type>
    <genre>PV</genre>
    <reference>Edition</reference>
    <reference-secondary>Handschrift</reference-secondary>
    <library>Stuttgart, Landesbibl.</library>
    <library-shelfmark>Cod. HB II 25</library-shelfmark>
    <online>http://www.handschriftencensus.de/1994</online>
    <medium>Handschrift</medium>
    <extent>123v</extent>
    <extract>-</extract>
    <language>mhd</language>
    <language-type>mitteldeutsch</language-type>
    <language-region>westmitteldeutsch</language-region>
    <language-area>rheinfränkisch</language-area>
    <place>-</place>
    <time>13,2</time>
    <notes-manuscript>-</notes-manuscript>
    <date>12/13 (?)</date>
    <text-place>-</text-place>
    <text-author>-</text-author>
    <text-language>-</text-language>
    <text-source>-</text-source>
    <edition>Elias von Steinmeyer (Hg.), Die kleineren althochdeutschen Sprachdenkmäler, Berlin 1916, Nr. 78</edition>
    <corpus>ReM I</corpus>
    <notes-transcription>-</notes-transcription>
    <notes-annotation>-</notes-annotation>
    <digitization_by>Thomas Klein (Bonn)</digitization_by>
    <collation_by>Maja Blömer (Bonn)</collation_by>
    <pre_editing_by>Thomas Klein (Bonn)</pre_editing_by>
    <annotation_by>Projektgruppe Bonn</annotation_by>
    <proofreading_by>Elke Weber (Bonn)</proofreading_by>
  </header>
  <layoutinfo>
    <page id="p1" no="78" range="c1"/>
    <column id="c1" range="l1..l9"/>
    <line id="l1" name="1" range="t1_d1..t7_d1" loc="78a,1"/>
    <line id="l2" name="2" range="t8_d1..t19_d1" loc="78a,2"/>
    <line id="l3" name="3" range="t20_d1..t28_d2" loc="78a,3"/>
    <line id="l4" name="4" range="t29_d1..t39_d1" loc="78a,4"/>
    <line id="l5" name="5" range="t40_d1..t46_d1" loc="78a,5"/>
    <line id="l6" name="6" range="t47_d1..t56_d1" loc="78a,6"/>
    <line id="l7" name="7" range="t57_d1..t66_d1" loc="78a,7"/>
    <line id="l8" name="8" range="t67_d1..t77_d1" loc="78a,8"/>
    <line id="l9" name="9" range="t78_d1..t82_d1" loc="78a,9"/>
  </layoutinfo>
  <shifttags/>
  <token id="t1" trans="†In||o\-ie†" type="token">
    <tok_dipl id="t1_d1" trans="†Ino\-ie†" utf="†Inōie†"/>
    <tok_anno ascii="†In" id="t1_m1" trans="†In|" utf="†In">
      <norm tag="--"/>
      <token_type tag="MS1"/>
      <lemma tag="in"/>
      <lemma_gen tag="in"/>
      <lemma_idmwb tag="--"/>
      <pos tag="APPR"/>
      <pos_gen tag="FM"/>
      <infl tag="--"/>
      <inflClass tag="--"/>
      <inflClass_gen tag="--"/>
    </tok_anno>
    <tok_anno ascii="onie†" id="t1_m2" trans="|o\-ie†" utf="ōie†">
      <norm tag="--"/>
      <token_type tag="MS2"/>
      <lemma tag="nomen"/>
      <lemma_gen tag="nomen"/>
      <lemma_idmwb tag="--"/>
      <pos tag="NA"/>
      <pos_gen tag="FM"/>
      <infl tag="--"/>
      <inflClass tag="Neut"/>
      <inflClass_gen tag="Neut"/>
    </tok_anno>
  </token>
  <comment type="K">/L[+]</comment>
  <token id="t2" trans="pat\-s†" type="token">
    <tok_dipl id="t2_d1" trans="pat\-s†" utf="pat̄s†"/>
    <tok_anno ascii="patens†" id="t2_m1" trans="pat\-s†" utf="pat̄s†">
      <norm tag="--"/>
      <lemma tag="pater"/>
      <lemma_gen tag="pater"/>
      <lemma_idmwb tag="--"/>
      <pos tag="NA"/>
      <pos_gen tag="FM"/>
      <infl tag="--"/>
      <inflClass tag="Masc"/>
      <inflClass_gen tag="Masc"/>
    </tok_anno>
  </token>
  <token id="t3" trans="&amp;" type="token">
    <tok_dipl id="t3_d1" trans="&amp;" utf="&amp;"/>
    <tok_anno ascii="&amp;" id="t3_m1" trans="&amp;" utf="&amp;">
      <norm tag="--"/>
      <lemma tag="et"/>
      <lemma_gen tag="et"/>
      <lemma_idmwb tag="--"/>
      <pos tag="KON"/>
      <pos_gen tag="FM"/>
      <infl tag="--"/>
      <inflClass tag="--"/>
      <inflClass_gen tag="--"/>
    </tok_anno>
  </token>
  <token id="t4" trans="filíi†" type="token">
    <tok_dipl id="t4_d1" trans="filíi†" utf="filíi†"/>
    <tok_anno ascii="filii†" id="t4_m1" trans="filíi†" utf="filíi†">
      <norm tag="--"/>
      <lemma tag="filius"/>
      <lemma_gen tag="filius"/>
      <lemma_idmwb tag="--"/>
      <pos tag="NA"/>
      <pos_gen tag="FM"/>
      <infl tag="--"/>
      <inflClass tag="Masc"/>
      <inflClass_gen tag="Masc"/>
    </tok_anno>
  </token>
  <token id="t5" trans="&amp;" type="token">
    <tok_dipl id="t5_d1" trans="&amp;" utf="&amp;"/>
    <tok_anno ascii="&amp;" id="t5_m1" trans="&amp;" utf="&amp;">
      <norm tag="--"/>
      <lemma tag="et"/>
      <lemma_gen tag="et"/>
      <lemma_idmwb tag="--"/>
      <pos tag="KON"/>
      <pos_gen tag="FM"/>
      <infl tag="--"/>
      <inflClass tag="--"/>
      <inflClass_gen tag="--"/>
    </tok_anno>
  </token>
  <token id="t6" trans="$ᵽs†" type="token">
    <tok_dipl id="t6_d1" trans="$ᵽs†" utf="ſᵽs†"/>
    <tok_anno ascii="sᵽs†" id="t6_m1" trans="$ᵽs†" utf="ſᵽs†">
      <norm tag="--"/>
      <lemma tag="spiritus"/>
      <lemma_gen tag="spiritus"/>
      <lemma_idmwb tag="--"/>
      <pos tag="NA"/>
      <pos_gen tag="FM"/>
      <infl tag="--"/>
      <inflClass tag="Masc"/>
      <inflClass_gen tag="Masc"/>
    </tok_anno>
  </token>
  <token id="t7" trans="$c\-i†(.)" type="token">
    <tok_dipl id="t7_d1" trans="$c\-i†" utf="ſc̄i†"/>
    <tok_anno ascii="sceni†" id="t7_m1" trans="$c\-i†" utf="ſc̄i†">
      <norm tag="--"/>
      <lemma tag="sanctus"/>
      <lemma_gen tag="sanctus"/>
      <lemma_idmwb tag="--"/>
      <pos tag="ADJA"/>
      <pos_gen tag="FM"/>
      <infl tag="Pos.*."/>
      <inflClass tag="--"/>
      <inflClass_gen tag="--"/>
      <punc tag="DE"/>
    </tok_anno>
  </token>
  <comment type="K">/L[@]</comment>
  <token id="t8" trans="Ic" type="token">
    <tok_dipl id="t8_d1" trans="Ic" utf="Ic"/>
    <tok_anno ascii="Ic" id="t8_m1" trans="Ic" utf="Ic">
      <norm tag="ich"/>
      <lemma tag="ich"/>
      <lemma_gen tag="ich"/>
      <lemma_idmwb tag="81210000"/>
      <pos tag="PPER"/>
      <pos_gen tag="PPER"/>
      <infl tag="Nom.Sg.1"/>
      <inflClass tag="--"/>
      <inflClass_gen tag="--"/>
    </tok_anno>
  </token>
  <token id="t9" trans="dir" type="token">
    <tok_dipl id="t9_d1" trans="dir" utf="dir"/>
    <tok_anno ascii="dir" id="t9_m1" trans="dir" utf="dir">
      <norm tag="dir"/>
      <lemma tag="dû"/>
      <lemma_gen tag="dû"/>
      <lemma_idmwb tag="32607000"/>
      <pos tag="PPER"/>
      <pos_gen tag="PPER"/>
      <infl tag="Dat.Sg.2"/>
      <inflClass tag="--"/>
      <inflClass_gen tag="--"/>
    </tok_anno>
  </token>
  <token id="t10" trans="nach" type="token">
    <tok_dipl id="t10_d1" trans="nach" utf="nach"/>
    <tok_anno ascii="nach" id="t10_m1" trans="nach" utf="nach">
      <norm tag="nâch"/>
      <lemma tag="nâh/&gt;+sëhen"/>
      <lemma_gen tag="nâh"/>
      <lemma_idmwb tag="117855000"/>
      <pos tag="PTKVZ"/>
      <pos_gen tag="PTK"/>
      <infl tag="--"/>
      <inflClass tag="--"/>
      <inflClass_gen tag="--"/>
    </tok_anno>
  </token>
  <token id="t11" trans="$ihe,," type="token">
    <tok_dipl id="t11_d1" trans="$ihe" utf="ſihe"/>
    <tok_anno ascii="sihe" id="t11_m1" trans="$ihe" utf="ſihe">
      <norm tag="sihe"/>
      <lemma tag="sëhen/nâh&gt;+"/>
      <lemma_gen tag="sëhen"/>
      <lemma_idmwb tag="147189000"/>
      <pos tag="VVFIN"/>
      <pos_gen tag="VV"/>
      <infl tag="Ind.Pres.Sg.1"/>
      <inflClass tag="st5"/>
      <inflClass_gen tag="st5"/>
      <punc tag="S*"/>
    </tok_anno>
  </token>
  <token id="t12" trans="Ic" type="token">
    <tok_dipl id="t12_d1" trans="Ic" utf="Ic"/>
    <tok_anno ascii="Ic" id="t12_m1" trans="Ic" utf="Ic">
      <norm tag="ich"/>
      <lemma tag="ich"/>
      <lemma_gen tag="ich"/>
      <lemma_idmwb tag="81210000"/>
      <pos tag="PPER"/>
      <pos_gen tag="PPER"/>
      <infl tag="Nom.Sg.1"/>
      <inflClass tag="--"/>
      <inflClass_gen tag="--"/>
    </tok_anno>
  </token>
  <token id="t13" trans="dir" type="token">
    <tok_dipl id="t13_d1" trans="dir" utf="dir"/>
    <tok_anno ascii="dir" id="t13_m1" trans="dir" utf="dir">
      <norm tag="dir"/>
      <lemma tag="dû"/>
      <lemma_gen tag="dû"/>
      <lemma_idmwb tag="32607000"/>
      <pos tag="PPER"/>
      <pos_gen tag="PPER"/>
      <infl tag="Dat.Sg.2"/>
      <inflClass tag="--"/>
      <inflClass_gen tag="--"/>
    </tok_anno>
  </token>
  <token id="t14" trans="nach" type="token">
    <tok_dipl id="t14_d1" trans="nach" utf="nach"/>
    <tok_anno ascii="nach" id="t14_m1" trans="nach" utf="nach">
      <norm tag="nâch"/>
      <lemma tag="nâh/&gt;+sènten"/>
      <lemma_gen tag="nâh"/>
      <lemma_idmwb tag="117855000"/>
      <pos tag="PTKVZ"/>
      <pos_gen tag="PTK"/>
      <infl tag="--"/>
      <inflClass tag="--"/>
      <inflClass_gen tag="--"/>
    </tok_anno>
  </token>
  <token id="t15" trans="$endí" type="token">
    <tok_dipl id="t15_d1" trans="$endí" utf="ſendí"/>
    <tok_anno ascii="sendi" id="t15_m1" trans="$endí" utf="ſendí">
      <norm tag="sende"/>
      <lemma tag="sènten/nâh&gt;+"/>
      <lemma_gen tag="sènten"/>
      <lemma_idmwb tag="148299000"/>
      <pos tag="VVFIN"/>
      <pos_gen tag="VV"/>
      <infl tag="Ind.Pres.Sg.1"/>
      <inflClass tag="wk"/>
      <inflClass_gen tag="wk"/>
    </tok_anno>
  </token>
  <token id="t16" trans="mit" type="token">
    <tok_dipl id="t16_d1" trans="mit" utf="mit"/>
    <tok_anno ascii="mit" id="t16_m1" trans="mit" utf="mit">
      <norm tag="mit"/>
      <lemma tag="mit"/>
      <lemma_gen tag="mit"/>
      <lemma_idmwb tag="113898000"/>
      <pos tag="APPR"/>
      <pos_gen tag="AP"/>
      <infl tag="c.D"/>
      <inflClass tag="--"/>
      <inflClass_gen tag="--"/>
    </tok_anno>
  </token>
  <token id="t17" trans="min" type="token">
    <tok_dipl id="t17_d1" trans="min" utf="min"/>
    <tok_anno ascii="min" id="t17_m1" trans="min" utf="min">
      <norm tag="mînen"/>
      <lemma tag="mîn"/>
      <lemma_gen tag="mîn"/>
      <lemma_idmwb tag="112026000"/>
      <pos tag="DPOSA"/>
      <pos_gen tag="DPOS"/>
      <infl tag="*.Dat.Pl.0"/>
      <inflClass tag="--"/>
      <inflClass_gen tag="--"/>
    </tok_anno>
  </token>
  <comment type="K">/E[min: l. {minen}, Müllenhoff]</comment>
  <token id="t18" trans="funf" type="token">
    <tok_dipl id="t18_d1" trans="funf" utf="funf"/>
    <tok_anno ascii="funf" id="t18_m1" trans="funf" utf="funf">
      <norm tag="vünv"/>
      <lemma tag="vünv"/>
      <lemma_gen tag="vünv"/>
      <lemma_idmwb tag="217875000"/>
      <pos tag="CARDA"/>
      <pos_gen tag="CARD"/>
      <infl tag="*..st"/>
      <inflClass tag="--"/>
      <inflClass_gen tag="--"/>
    </tok_anno>
  </token>
  <token id="t19" trans="fingirin" type="token">
    <tok_dipl id="t19_d1" trans="fingirin" utf="fingirin"/>
    <tok_anno ascii="fingirin" id="t19_m1" trans="fingirin" utf="fingirin">
      <norm tag="vingeren"/>
      <lemma tag="vinger"/>
      <lemma_gen tag="vinger"/>
      <lemma_idmwb tag="209211000"/>
      <pos tag="NA"/>
      <pos_gen tag="NA"/>
      <infl tag="Dat.Pl"/>
      <inflClass tag="st.Masc"/>
      <inflClass_gen tag="st.Masc"/>
    </tok_anno>
  </token>
  <token id="t20" trans="funuí" type="token">
    <tok_dipl id="t20_d1" trans="funuí" utf="funuí"/>
    <tok_anno ascii="funui" id="t20_m1" trans="funuí" utf="funuí">
      <norm tag="vünve"/>
      <lemma tag="vünv"/>
      <lemma_gen tag="vünv"/>
      <lemma_idmwb tag="217875000"/>
      <pos tag="CARDA"/>
      <pos_gen tag="CARD"/>
      <infl tag="*.Akk.Pl.st"/>
      <inflClass tag="--"/>
      <inflClass_gen tag="--"/>
    </tok_anno>
  </token>
  <token id="t21" trans="undi" type="token">
    <tok_dipl id="t21_d1" trans="undi" utf="undi"/>
    <tok_anno ascii="undi" id="t21_m1" trans="undi" utf="undi">
      <norm tag="unde"/>
      <lemma tag="unte"/>
      <lemma_gen tag="unte"/>
      <lemma_idmwb tag="183108000"/>
      <pos tag="KON"/>
      <pos_gen tag="KO"/>
      <infl tag="--"/>
      <inflClass tag="--"/>
      <inflClass_gen tag="--"/>
    </tok_anno>
  </token>
  <token id="t22" trans="funf#zic" type="token">
    <tok_dipl id="t22_d1" trans="funf" utf="funf"/>
    <tok_dipl id="t22_d2" trans="zic" utf="zic"/>
    <tok_anno ascii="funfzic" id="t22_m1" trans="funf#zic" utf="funfzic">
      <norm tag="vünvzic"/>
      <token_type tag="US"/>
      <lemma tag="vünv-zig"/>
      <lemma_gen tag="vünv-zig"/>
      <lemma_idmwb tag="217980000"/>
      <pos tag="CARDA"/>
      <pos_gen tag="CARD"/>
      <infl tag="*.Akk.Pl.0"/>
      <inflClass tag="--"/>
      <inflClass_gen tag="--"/>
    </tok_anno>
  </token>
  <token id="t23" trans="engili(.)" type="token">
    <tok_dipl id="t23_d1" trans="engili" utf="engili"/>
    <tok_anno ascii="engili" id="t23_m1" trans="engili" utf="engili">
      <norm tag="engele"/>
      <lemma tag="èngel"/>
      <lemma_gen tag="èngel"/>
      <lemma_idmwb tag="37740000"/>
      <pos tag="NA"/>
      <pos_gen tag="NA"/>
      <infl tag="Akk.Pl"/>
      <inflClass tag="st.Masc"/>
      <inflClass_gen tag="st.Masc"/>
      <punc tag="DE"/>
    </tok_anno>
  </token>
  <token id="t24" trans="Got" type="token">
    <tok_dipl id="t24_d1" trans="Got" utf="Got"/>
    <tok_anno ascii="Got" id="t24_m1" trans="Got" utf="Got">
      <norm tag="got"/>
      <lemma tag="got"/>
      <lemma_gen tag="got"/>
      <lemma_idmwb tag="63291000"/>
      <pos tag="NA"/>
      <pos_gen tag="NA"/>
      <infl tag="Nom.Sg"/>
      <inflClass tag="st.Masc"/>
      <inflClass_gen tag="st.Masc"/>
    </tok_anno>
  </token>
  <token id="t25" trans="dich" type="token">
    <tok_dipl id="t25_d1" trans="dich" utf="dich"/>
    <tok_anno ascii="dich" id="t25_m1" trans="dich" utf="dich">
      <norm tag="dich"/>
      <lemma tag="dû"/>
      <lemma_gen tag="dû"/>
      <lemma_idmwb tag="32607000"/>
      <pos tag="PPER"/>
      <pos_gen tag="PPER"/>
      <infl tag="Akk.Sg.2"/>
      <inflClass tag="--"/>
      <inflClass_gen tag="--"/>
    </tok_anno>
  </token>
  <comment type="K">/E[dich: {mit} Steinmeyer nach unsicherer Vermutung Wackernagels]</comment>
  <token id="t26" trans="gi$undi" type="token">
    <tok_dipl id="t26_d1" trans="gi$undi" utf="giſundi"/>
    <tok_anno ascii="gisundi" id="t26_m1" trans="gi$undi" utf="giſundi">
      <norm tag="gesunde"/>
      <lemma tag="ge-sunt"/>
      <lemma_gen tag="ge-sunt"/>
      <lemma_idmwb tag="57807000"/>
      <pos tag="ADJD"/>
      <pos_gen tag="ADJ"/>
      <infl tag="Pos....0"/>
      <inflClass tag="--"/>
      <inflClass_gen tag="--"/>
    </tok_anno>
  </token>
  <comment type="K">/^[!]/E[giſundi: nach Steinmeyer/Wackernagel {gesunte}, ahd. {gisuntî} 'Gesundheit'; oder {ge-sunten} 'am Leben erhalten'?, s. Lexer s.v. gesunden; = {conservet} Diemer, "schwerlich mit Recht" Steinmeyer]</comment>
  <token id="t27" trans="hein||dich" type="token">
    <tok_dipl id="t27_d1" trans="heindich" utf="heindich"/>
    <tok_anno ascii="hein" id="t27_m1" trans="hein|" utf="hein">
      <norm tag="heim"/>
      <token_type tag="MS1"/>
      <lemma tag="hèim"/>
      <lemma_gen tag="hèim"/>
      <lemma_idmwb tag="70326000"/>
      <pos tag="AVD"/>
      <pos_gen tag="AVD"/>
      <infl tag="--"/>
      <inflClass tag="--"/>
      <inflClass_gen tag="--"/>
    </tok_anno>
    <tok_anno ascii="dich" id="t27_m2" trans="|dich" utf="dich">
      <norm tag="dich"/>
      <token_type tag="MS2"/>
      <lemma tag="dû"/>
      <lemma_gen tag="dû"/>
      <lemma_idmwb tag="32607000"/>
      <pos tag="PPER"/>
      <pos_gen tag="PPER"/>
      <infl tag="Akk.Sg.2"/>
      <inflClass tag="--"/>
      <inflClass_gen tag="--"/>
    </tok_anno>
  </token>
  <comment type="K">/K[hein||dich: es stand {heimich}, letzter Strich des {m} zu {d} korr.]</comment>
  <token id="t28" trans="gi#$endi(.)" type="token">
    <tok_dipl id="t28_d1" trans="gi" utf="gi"/>
    <tok_dipl id="t28_d2" trans="$endi" utf="ſendi"/>
    <tok_anno ascii="gisendi" id="t28_m1" trans="gi#$endi" utf="giſendi">
      <norm tag="gesende"/>
      <token_type tag="US"/>
      <lemma tag="ge-sènten"/>
      <lemma_gen tag="ge-sènten"/>
      <lemma_idmwb tag="56415000"/>
      <pos tag="VVFIN"/>
      <pos_gen tag="VV"/>
      <infl tag="Subj.Pres.Sg.3"/>
      <inflClass tag="wk"/>
      <inflClass_gen tag="wk"/>
      <punc tag="DE"/>
    </tok_anno>
  </token>
  <token id="t29" trans="offin" type="token">
    <tok_dipl id="t29_d1" trans="offin" utf="offin"/>
    <tok_anno ascii="offin" id="t29_m1" trans="offin" utf="offin">
      <norm tag="offen"/>
      <lemma tag="offen"/>
      <lemma_gen tag="offen"/>
      <lemma_idmwb tag="123591000"/>
      <pos tag="ADJD"/>
      <pos_gen tag="ADJ"/>
      <infl tag="Pos....0"/>
      <inflClass tag="--"/>
      <inflClass_gen tag="--"/>
    </tok_anno>
  </token>
  <token id="t30" trans="$i||dir" type="token">
    <tok_dipl id="t30_d1" trans="$idir" utf="ſidir"/>
    <tok_anno ascii="si" id="t30_m1" trans="$i|" utf="ſi">
      <norm tag="sî"/>
      <token_type tag="MS1"/>
      <lemma tag="sîn"/>
      <lemma_gen tag="sîn"/>
      <lemma_idmwb tag="150147000"/>
      <pos tag="VAFIN"/>
      <pos_gen tag="VA"/>
      <infl tag="Subj.Pres.Sg.3"/>
      <inflClass tag="irr"/>
      <inflClass_gen tag="irr"/>
    </tok_anno>
    <tok_anno ascii="dir" id="t30_m2" trans="|dir" utf="dir">
      <norm tag="dir"/>
      <token_type tag="MS2"/>
      <lemma tag="dû"/>
      <lemma_gen tag="dû"/>
      <lemma_idmwb tag="32607000"/>
      <pos tag="PPER"/>
      <pos_gen tag="PPER"/>
      <infl tag="Dat.Sg.2"/>
      <inflClass tag="--"/>
      <inflClass_gen tag="--"/>
    </tok_anno>
  </token>
  <token id="t31" trans="diz" type="token">
    <tok_dipl id="t31_d1" trans="diz" utf="diz"/>
    <tok_anno ascii="diz" id="t31_m1" trans="diz" utf="diz">
      <norm tag="diz"/>
      <lemma tag="dise"/>
      <lemma_gen tag="dise"/>
      <lemma_idmwb tag="30921000"/>
      <pos tag="DDA"/>
      <pos_gen tag="DD"/>
      <infl tag="Neut.Nom.Sg"/>
      <inflClass tag="--"/>
      <inflClass_gen tag="--"/>
    </tok_anno>
  </token>
  <comment type="K">/%.[= {daz} art?]</comment>
  <token id="t32" trans="$igi#doR,," type="token">
    <tok_dipl id="t32_d1" trans="$igi" utf="ſigi"/>
    <tok_dipl id="t32_d2" trans="doR" utf="doR"/>
    <tok_anno ascii="sigidoR" id="t32_m1" trans="$igi#doR" utf="ſigidoR">
      <norm tag="sigetor"/>
      <token_type tag="US"/>
      <lemma tag="sige-tor"/>
      <lemma_gen tag="sige-tor"/>
      <lemma_idmwb tag="???"/>
      <pos tag="NA"/>
      <pos_gen tag="NA"/>
      <infl tag="Nom.Sg"/>
      <inflClass tag="st.Neut"/>
      <inflClass_gen tag="st.Neut"/>
      <punc tag="S*"/>
    </tok_anno>
  </token>
  <token id="t33" trans="$ami" type="token">
    <tok_dipl id="t33_d1" trans="$ami" utf="ſami"/>
    <tok_anno ascii="sami" id="t33_m1" trans="$ami" utf="ſami">
      <norm tag="same"/>
      <lemma tag="sam(e)"/>
      <lemma_gen tag="sam(e)"/>
      <lemma_idmwb tag="139716000"/>
      <pos tag="AVD"/>
      <pos_gen tag="AVD-KO"/>
      <infl tag="--"/>
      <inflClass tag="--"/>
      <inflClass_gen tag="--"/>
    </tok_anno>
  </token>
  <token id="t34" trans="$i" type="token">
    <tok_dipl id="t34_d1" trans="$i" utf="ſi"/>
    <tok_anno ascii="si" id="t34_m1" trans="$i" utf="ſi">
      <norm tag="sî"/>
      <lemma tag="sîn"/>
      <lemma_gen tag="sîn"/>
      <lemma_idmwb tag="150147000"/>
      <pos tag="VAFIN"/>
      <pos_gen tag="VA"/>
      <infl tag="Subj.Pres.Sg.3"/>
      <inflClass tag="irr"/>
      <inflClass_gen tag="irr"/>
    </tok_anno>
  </token>
  <token id="t35" trans="dir" type="token">
    <tok_dipl id="t35_d1" trans="dir" utf="dir"/>
    <tok_anno ascii="dir" id="t35_m1" trans="dir" utf="dir">
      <norm tag="dir"/>
      <lemma tag="dû"/>
      <lemma_gen tag="dû"/>
      <lemma_idmwb tag="32607000"/>
      <pos tag="PPER"/>
      <pos_gen tag="PPER"/>
      <infl tag="Dat.Sg.2"/>
      <inflClass tag="--"/>
      <inflClass_gen tag="--"/>
    </tok_anno>
  </token>
  <token id="t36" trans="diz" type="token">
    <tok_dipl id="t36_d1" trans="diz" utf="diz"/>
    <tok_anno ascii="diz" id="t36_m1" trans="diz" utf="diz">
      <norm tag="diz"/>
      <lemma tag="dise"/>
      <lemma_gen tag="dise"/>
      <lemma_idmwb tag="30921000"/>
      <pos tag="DDA"/>
      <pos_gen tag="DD"/>
      <infl tag="Neut.Nom.Sg"/>
      <inflClass tag="--"/>
      <inflClass_gen tag="--"/>
    </tok_anno>
  </token>
  <comment type="K">/%.[= {daz} art?]</comment>
  <token id="t37" trans="$elgi#doR,," type="token">
    <tok_dipl id="t37_d1" trans="$elgi" utf="ſelgi"/>
    <tok_dipl id="t37_d2" trans="doR" utf="doR"/>
    <tok_anno ascii="selgidoR" id="t37_m1" trans="$elgi#doR" utf="ſelgidoR">
      <norm tag="sæledetor"/>
      <token_type tag="US"/>
      <lemma tag="sæl(e)de-tor"/>
      <lemma_gen tag="sæl(e)de-tor"/>
      <lemma_idmwb tag="???"/>
      <pos tag="NA"/>
      <pos_gen tag="NA"/>
      <infl tag="Nom.Sg"/>
      <inflClass tag="st.Neut"/>
      <inflClass_gen tag="st.Neut"/>
      <punc tag="S*"/>
    </tok_anno>
  </token>
  <comment type="K">/%.[? oder l. {slegidor}, Grimm; {seldidor = sèlde-tor} MSD IV,8]</comment>
  <token id="t38" trans="Bí$lozin" type="token">
    <tok_dipl id="t38_d1" trans="Bí$lozin" utf="Bíſlozin"/>
    <tok_anno ascii="Bislozin" id="t38_m1" trans="Bí$lozin" utf="Bíſlozin">
      <norm tag="beslozzen"/>
      <lemma tag="be-slièzen"/>
      <lemma_gen tag="be-slièzen"/>
      <lemma_idmwb tag="17115000"/>
      <pos tag="VVPP"/>
      <pos_gen tag="VV"/>
      <infl tag="--"/>
      <inflClass tag="st2b"/>
      <inflClass_gen tag="st2b"/>
    </tok_anno>
  </token>
  <token id="t39" trans="$i||dir" type="token">
    <tok_dipl id="t39_d1" trans="$idir" utf="ſidir"/>
    <tok_anno ascii="si" id="t39_m1" trans="$i|" utf="ſi">
      <norm tag="sî"/>
      <token_type tag="MS1"/>
      <lemma tag="sîn"/>
      <lemma_gen tag="sîn"/>
      <lemma_idmwb tag="150147000"/>
      <pos tag="VAFIN"/>
      <pos_gen tag="VA"/>
      <infl tag="Subj.Pres.Sg.3"/>
      <inflClass tag="irr"/>
      <inflClass_gen tag="irr"/>
    </tok_anno>
    <tok_anno ascii="dir" id="t39_m2" trans="|dir" utf="dir">
      <norm tag="dir"/>
      <token_type tag="MS2"/>
      <lemma tag="dû"/>
      <lemma_gen tag="dû"/>
      <lemma_idmwb tag="32607000"/>
      <pos tag="PPER"/>
      <pos_gen tag="PPER"/>
      <infl tag="Dat.Sg.2"/>
      <inflClass tag="--"/>
      <inflClass_gen tag="--"/>
    </tok_anno>
  </token>
  <token id="t40" trans="diz" type="token">
    <tok_dipl id="t40_d1" trans="diz" utf="diz"/>
    <tok_anno ascii="diz" id="t40_m1" trans="diz" utf="diz">
      <norm tag="diz"/>
      <lemma tag="dise"/>
      <lemma_gen tag="dise"/>
      <lemma_idmwb tag="30921000"/>
      <pos tag="DDA"/>
      <pos_gen tag="DD"/>
      <infl tag="Neut.Nom.Sg"/>
      <inflClass tag="--"/>
      <inflClass_gen tag="--"/>
    </tok_anno>
  </token>
  <comment type="K">/%.[= {daz} art?]</comment>
  <token id="t41" trans="wagi(=)doR,," type="token">
    <tok_dipl id="t41_d1" trans="wagidoR" utf="wagidoR"/>
    <tok_anno ascii="wagidoR" id="t41_m1" trans="wagi(=)doR" utf="wagidoR">
      <norm tag="wâgetor"/>
      <token_type tag="UL"/>
      <lemma tag="wâge-tor"/>
      <lemma_gen tag="wâge-tor"/>
      <lemma_idmwb tag="???"/>
      <pos tag="NA"/>
      <pos_gen tag="NA"/>
      <infl tag="Nom.Sg"/>
      <inflClass tag="st.Neut"/>
      <inflClass_gen tag="st.Neut"/>
      <punc tag="S*"/>
    </tok_anno>
  </token>
  <comment type="K">/%.[? 'Wogentor, Tor des Wassers', Wackernagel, MSD II, 54]</comment>
  <token id="t42" trans="$ami" type="token">
    <tok_dipl id="t42_d1" trans="$ami" utf="ſami"/>
    <tok_anno ascii="sami" id="t42_m1" trans="$ami" utf="ſami">
      <norm tag="same"/>
      <lemma tag="sam(e)"/>
      <lemma_gen tag="sam(e)"/>
      <lemma_idmwb tag="139716000"/>
      <pos tag="AVD"/>
      <pos_gen tag="AVD-KO"/>
      <infl tag="--"/>
      <inflClass tag="--"/>
      <inflClass_gen tag="--"/>
    </tok_anno>
  </token>
  <token id="t43" trans="$i" type="token">
    <tok_dipl id="t43_d1" trans="$i" utf="ſi"/>
    <tok_anno ascii="si" id="t43_m1" trans="$i" utf="ſi">
      <norm tag="sî"/>
      <lemma tag="sîn"/>
      <lemma_gen tag="sîn"/>
      <lemma_idmwb tag="150147000"/>
      <pos tag="VAFIN"/>
      <pos_gen tag="VA"/>
      <infl tag="Subj.Pres.Sg.3"/>
      <inflClass tag="irr"/>
      <inflClass_gen tag="irr"/>
    </tok_anno>
  </token>
  <token id="t44" trans="dir" type="token">
    <tok_dipl id="t44_d1" trans="dir" utf="dir"/>
    <tok_anno ascii="dir" id="t44_m1" trans="dir" utf="dir">
      <norm tag="dir"/>
      <lemma tag="dû"/>
      <lemma_gen tag="dû"/>
      <lemma_idmwb tag="32607000"/>
      <pos tag="PPER"/>
      <pos_gen tag="PPER"/>
      <infl tag="Dat.Sg.2"/>
      <inflClass tag="--"/>
      <inflClass_gen tag="--"/>
    </tok_anno>
  </token>
  <token id="t45" trans="diz" type="token">
    <tok_dipl id="t45_d1" trans="diz" utf="diz"/>
    <tok_anno ascii="diz" id="t45_m1" trans="diz" utf="diz">
      <norm tag="diz"/>
      <lemma tag="dise"/>
      <lemma_gen tag="dise"/>
      <lemma_idmwb tag="30921000"/>
      <pos tag="DDA"/>
      <pos_gen tag="DD"/>
      <infl tag="Neut.Nom.Sg"/>
      <inflClass tag="--"/>
      <inflClass_gen tag="--"/>
    </tok_anno>
  </token>
  <comment type="K">/K[diz: {d} aus {e} korr.]/%.[= {daz} art?]</comment>
  <token id="t46" trans="wafindoR(.)" type="token">
    <tok_dipl id="t46_d1" trans="wafindoR" utf="wafindoR"/>
    <tok_anno ascii="wafindoR" id="t46_m1" trans="wafindoR" utf="wafindoR">
      <norm tag="wâfentôr"/>
      <lemma tag="wâfen-tôr"/>
      <lemma_gen tag="wâfen-tôr"/>
      <lemma_idmwb tag="???"/>
      <pos tag="NA"/>
      <pos_gen tag="NA"/>
      <infl tag="Nom.Sg"/>
      <inflClass tag="st.Neut"/>
      <inflClass_gen tag="st.Neut"/>
      <punc tag="DE"/>
    </tok_anno>
  </token>
  <token id="t47" trans="de$" type="token">
    <tok_dipl id="t47_d1" trans="de$" utf="deſ"/>
    <tok_anno ascii="des" id="t47_m1" trans="de$" utf="deſ">
      <norm tag="des"/>
      <lemma tag="dër"/>
      <lemma_gen tag="dër"/>
      <lemma_idmwb tag="29817000"/>
      <pos tag="DDART"/>
      <pos_gen tag="DD"/>
      <infl tag="Masc.Gen.Sg"/>
      <inflClass tag="--"/>
      <inflClass_gen tag="--"/>
    </tok_anno>
  </token>
  <token id="t48" trans="gu\otín" type="token">
    <tok_dipl id="t48_d1" trans="gu\otín" utf="guͦtín"/>
    <tok_anno ascii="guotin" id="t48_m1" trans="gu\otín" utf="guͦtín">
      <norm tag="guoten"/>
      <lemma tag="guot"/>
      <lemma_gen tag="guot"/>
      <lemma_idmwb tag="66528000"/>
      <pos tag="ADJA"/>
      <pos_gen tag="ADJ"/>
      <infl tag="Pos.Masc.Gen.Sg.wk"/>
      <inflClass tag="--"/>
      <inflClass_gen tag="--"/>
    </tok_anno>
  </token>
  <token id="t49" trans="$andi" type="token">
    <tok_dipl id="t49_d1" trans="$andi" utf="ſandi"/>
    <tok_anno ascii="sandi" id="t49_m1" trans="$andi" utf="ſandi">
      <norm tag="sante"/>
      <lemma tag="sancte"/>
      <lemma_gen tag="sancte"/>
      <lemma_idmwb tag="140055000"/>
      <pos tag="ADJA"/>
      <pos_gen tag="ADJ"/>
      <infl tag="Pos.Masc.Gen.Sg.0"/>
      <inflClass tag="--"/>
      <inflClass_gen tag="--"/>
    </tok_anno>
  </token>
  <token id="t50" trans="ulrichi$" type="token">
    <tok_dipl id="t50_d1" trans="ulrichi$" utf="ulrichiſ"/>
    <tok_anno ascii="ulrichis" id="t50_m1" trans="ulrichi$" utf="ulrichiſ">
      <norm tag="Ulriches"/>
      <lemma tag="Ulrich"/>
      <lemma_gen tag="Ulrich"/>
      <lemma_idmwb tag="--"/>
      <pos tag="NE"/>
      <pos_gen tag="NE"/>
      <infl tag="Gen.Sg"/>
      <inflClass tag="--"/>
      <inflClass_gen tag="--"/>
    </tok_anno>
  </token>
  <token id="t51" trans="$egen" type="token">
    <tok_dipl id="t51_d1" trans="$egen" utf="ſegen"/>
    <tok_anno ascii="segen" id="t51_m1" trans="$egen" utf="ſegen">
      <norm tag="segen"/>
      <lemma tag="sëgen"/>
      <lemma_gen tag="sëgen"/>
      <lemma_idmwb tag="147093000"/>
      <pos tag="NA"/>
      <pos_gen tag="NA"/>
      <infl tag="Nom.Sg"/>
      <inflClass tag="st.Masc"/>
      <inflClass_gen tag="st.Masc"/>
    </tok_anno>
  </token>
  <token id="t52" trans="$i" type="token">
    <tok_dipl id="t52_d1" trans="$i" utf="ſi"/>
    <tok_anno ascii="si" id="t52_m1" trans="$i" utf="ſi">
      <norm tag="sî"/>
      <lemma tag="sîn"/>
      <lemma_gen tag="sîn"/>
      <lemma_idmwb tag="150147000"/>
      <pos tag="VAFIN"/>
      <pos_gen tag="VA"/>
      <infl tag="Subj.Pres.Sg.3"/>
      <inflClass tag="irr"/>
      <inflClass_gen tag="irr"/>
    </tok_anno>
  </token>
  <token id="t53" trans="voR||dir" type="token">
    <tok_dipl id="t53_d1" trans="voRdir" utf="voRdir"/>
    <tok_anno ascii="voR" id="t53_m1" trans="voR|" utf="voR">
      <norm tag="vore"/>
      <token_type tag="MS1"/>
      <lemma tag="vor(e)"/>
      <lemma_gen tag="vor(e)"/>
      <lemma_idmwb tag="213246000"/>
      <pos tag="AVD"/>
      <pos_gen tag="AVD"/>
      <infl tag="--"/>
      <inflClass tag="--"/>
      <inflClass_gen tag="--"/>
    </tok_anno>
    <tok_anno ascii="dir" id="t53_m2" trans="|dir" utf="dir">
      <norm tag="dir"/>
      <token_type tag="MS2"/>
      <lemma tag="dû"/>
      <lemma_gen tag="dû"/>
      <lemma_idmwb tag="32607000"/>
      <pos tag="PPER"/>
      <pos_gen tag="PPER"/>
      <infl tag="Dat.Sg.2"/>
      <inflClass tag="--"/>
      <inflClass_gen tag="--"/>
    </tok_anno>
  </token>
  <token id="t54" trans="vndi" type="token">
    <tok_dipl id="t54_d1" trans="vndi" utf="vndi"/>
    <tok_anno ascii="vndi" id="t54_m1" trans="vndi" utf="vndi">
      <norm tag="unde"/>
      <lemma tag="unte"/>
      <lemma_gen tag="unte"/>
      <lemma_idmwb tag="183108000"/>
      <pos tag="KON"/>
      <pos_gen tag="KO"/>
      <infl tag="--"/>
      <inflClass tag="--"/>
      <inflClass_gen tag="--"/>
    </tok_anno>
  </token>
  <token id="t55" trans="hindir" type="token">
    <tok_dipl id="t55_d1" trans="hindir" utf="hindir"/>
    <tok_anno ascii="hindir" id="t55_m1" trans="hindir" utf="hindir">
      <norm tag="hinder"/>
      <lemma tag="hinter"/>
      <lemma_gen tag="hinter"/>
      <lemma_idmwb tag="74799000"/>
      <pos tag="APPR"/>
      <pos_gen tag="AP"/>
      <infl tag="c.D"/>
      <inflClass tag="--"/>
      <inflClass_gen tag="--"/>
    </tok_anno>
  </token>
  <token id="t56" trans="dir" type="token">
    <tok_dipl id="t56_d1" trans="dir" utf="dir"/>
    <tok_anno ascii="dir" id="t56_m1" trans="dir" utf="dir">
      <norm tag="dir"/>
      <lemma tag="dû"/>
      <lemma_gen tag="dû"/>
      <lemma_idmwb tag="32607000"/>
      <pos tag="PPER"/>
      <pos_gen tag="PPER"/>
      <infl tag="Dat.Sg.2"/>
      <inflClass tag="--"/>
      <inflClass_gen tag="--"/>
    </tok_anno>
  </token>
  <token id="t57" trans="vndi" type="token">
    <tok_dipl id="t57_d1" trans="vndi" utf="vndi"/>
    <tok_anno ascii="vndi" id="t57_m1" trans="vndi" utf="vndi">
      <norm tag="unde"/>
      <lemma tag="unte"/>
      <lemma_gen tag="unte"/>
      <lemma_idmwb tag="183108000"/>
      <pos tag="KON"/>
      <pos_gen tag="KO"/>
      <infl tag="--"/>
      <inflClass tag="--"/>
      <inflClass_gen tag="--"/>
    </tok_anno>
  </token>
  <token id="t58" trans="hobi||dir" type="token">
    <tok_dipl id="t58_d1" trans="hobidir" utf="hobidir"/>
    <tok_anno ascii="hobi" id="t58_m1" trans="hobi|" utf="hobi">
      <norm tag="obe"/>
      <token_type tag="MS1"/>
      <lemma tag="obe"/>
      <lemma_gen tag="obe"/>
      <lemma_idmwb tag="???"/>
      <pos tag="APPR"/>
      <pos_gen tag="AP"/>
      <infl tag="c.D"/>
      <inflClass tag="--"/>
      <inflClass_gen tag="--"/>
    </tok_anno>
    <tok_anno ascii="dir" id="t58_m2" trans="|dir" utf="dir">
      <norm tag="dir"/>
      <token_type tag="MS2"/>
      <lemma tag="dû"/>
      <lemma_gen tag="dû"/>
      <lemma_idmwb tag="32607000"/>
      <pos tag="PPER"/>
      <pos_gen tag="PPER"/>
      <infl tag="Dat.Sg.2"/>
      <inflClass tag="--"/>
      <inflClass_gen tag="--"/>
    </tok_anno>
  </token>
  <token id="t59" trans="vndi" type="token">
    <tok_dipl id="t59_d1" trans="vndi" utf="vndi"/>
    <tok_anno ascii="vndi" id="t59_m1" trans="vndi" utf="vndi">
      <norm tag="unde"/>
      <lemma tag="unte"/>
      <lemma_gen tag="unte"/>
      <lemma_idmwb tag="183108000"/>
      <pos tag="KON"/>
      <pos_gen tag="KO"/>
      <infl tag="--"/>
      <inflClass tag="--"/>
      <inflClass_gen tag="--"/>
    </tok_anno>
  </token>
  <token id="t60" trans="nebin||dir" type="token">
    <tok_dipl id="t60_d1" trans="nebindir" utf="nebindir"/>
    <tok_anno ascii="nebin" id="t60_m1" trans="nebin|" utf="nebin">
      <norm tag="neben"/>
      <token_type tag="MS1"/>
      <lemma tag="nëben"/>
      <lemma_gen tag="nëben"/>
      <lemma_idmwb tag="119907000"/>
      <pos tag="APPR"/>
      <pos_gen tag="AP"/>
      <infl tag="c.D"/>
      <inflClass tag="--"/>
      <inflClass_gen tag="--"/>
    </tok_anno>
    <tok_anno ascii="dir" id="t60_m2" trans="|dir" utf="dir">
      <norm tag="dir"/>
      <token_type tag="MS2"/>
      <lemma tag="dû"/>
      <lemma_gen tag="dû"/>
      <lemma_idmwb tag="32607000"/>
      <pos tag="PPER"/>
      <pos_gen tag="PPER"/>
      <infl tag="Dat.Sg.2"/>
      <inflClass tag="--"/>
      <inflClass_gen tag="--"/>
    </tok_anno>
  </token>
  <token id="t61" trans="gidan,," type="token">
    <tok_dipl id="t61_d1" trans="gidan" utf="gidan"/>
    <tok_anno ascii="gidan" id="t61_m1" trans="gidan" utf="gidan">
      <norm tag="getân"/>
      <lemma tag="tuon"/>
      <lemma_gen tag="tuon"/>
      <lemma_idmwb tag="173655000"/>
      <pos tag="VVPP"/>
      <pos_gen tag="VV"/>
      <infl tag="--"/>
      <inflClass tag="irr"/>
      <inflClass_gen tag="irr"/>
      <punc tag="S*"/>
    </tok_anno>
  </token>
  <token id="t62" trans="$wa||du" type="token">
    <tok_dipl id="t62_d1" trans="$wadu" utf="ſwadu"/>
    <tok_anno ascii="swa" id="t62_m1" trans="$wa|" utf="ſwa">
      <norm tag="swâ"/>
      <token_type tag="MS1"/>
      <lemma tag="swâr"/>
      <lemma_gen tag="swâr"/>
      <lemma_idmwb tag="164436000"/>
      <pos tag="AVG"/>
      <pos_gen tag="AVG"/>
      <infl tag="--"/>
      <inflClass tag="--"/>
      <inflClass_gen tag="--"/>
    </tok_anno>
    <tok_anno ascii="du" id="t62_m2" trans="|du" utf="du">
      <norm tag="dû"/>
      <token_type tag="MS2"/>
      <lemma tag="dû"/>
      <lemma_gen tag="dû"/>
      <lemma_idmwb tag="32607000"/>
      <pos tag="PPER"/>
      <pos_gen tag="PPER"/>
      <infl tag="Nom.Sg.2"/>
      <inflClass tag="--"/>
      <inflClass_gen tag="--"/>
    </tok_anno>
  </token>
  <token id="t63" trans="wonis" type="token">
    <tok_dipl id="t63_d1" trans="wonis" utf="wonis"/>
    <tok_anno ascii="wonis" id="t63_m1" trans="wonis" utf="wonis">
      <norm tag="wones"/>
      <lemma tag="wonen"/>
      <lemma_gen tag="wonen"/>
      <lemma_idmwb tag="233523000"/>
      <pos tag="VVFIN"/>
      <pos_gen tag="VV"/>
      <infl tag="Subj.Pres.Sg.2"/>
      <inflClass tag="wk"/>
      <inflClass_gen tag="wk"/>
    </tok_anno>
  </token>
  <token id="t64" trans="vndi" type="token">
    <tok_dipl id="t64_d1" trans="vndi" utf="vndi"/>
    <tok_anno ascii="vndi" id="t64_m1" trans="vndi" utf="vndi">
      <norm tag="unde"/>
      <lemma tag="unte"/>
      <lemma_gen tag="unte"/>
      <lemma_idmwb tag="183108000"/>
      <pos tag="KON"/>
      <pos_gen tag="KO"/>
      <infl tag="--"/>
      <inflClass tag="--"/>
      <inflClass_gen tag="--"/>
    </tok_anno>
  </token>
  <token id="t65" trans="$wa||du" type="token">
    <tok_dipl id="t65_d1" trans="$wadu" utf="ſwadu"/>
    <tok_anno ascii="swa" id="t65_m1" trans="$wa|" utf="ſwa">
      <norm tag="swâ"/>
      <token_type tag="MS1"/>
      <lemma tag="swâr"/>
      <lemma_gen tag="swâr"/>
      <lemma_idmwb tag="164436000"/>
      <pos tag="AVG"/>
      <pos_gen tag="AVG"/>
      <infl tag="--"/>
      <inflClass tag="--"/>
      <inflClass_gen tag="--"/>
    </tok_anno>
    <tok_anno ascii="du" id="t65_m2" trans="|du" utf="du">
      <norm tag="dû"/>
      <token_type tag="MS2"/>
      <lemma tag="dû"/>
      <lemma_gen tag="dû"/>
      <lemma_idmwb tag="32607000"/>
      <pos tag="PPER"/>
      <pos_gen tag="PPER"/>
      <infl tag="Nom.Sg.2"/>
      <inflClass tag="--"/>
      <inflClass_gen tag="--"/>
    </tok_anno>
  </token>
  <token id="t66" trans="$is,," type="token">
    <tok_dipl id="t66_d1" trans="$is" utf="ſis"/>
    <tok_anno ascii="sis" id="t66_m1" trans="$is" utf="ſis">
      <norm tag="sîs"/>
      <lemma tag="sîn"/>
      <lemma_gen tag="sîn"/>
      <lemma_idmwb tag="150147000"/>
      <pos tag="VAFIN"/>
      <pos_gen tag="VA"/>
      <infl tag="Subj.Pres.Sg.2"/>
      <inflClass tag="irr"/>
      <inflClass_gen tag="irr"/>
      <punc tag="S*"/>
    </tok_anno>
  </token>
  <token id="t67" trans="daz" type="token">
    <tok_dipl id="t67_d1" trans="daz" utf="daz"/>
    <tok_anno ascii="daz" id="t67_m1" trans="daz" utf="daz">
      <norm tag="daz"/>
      <lemma tag="dazz"/>
      <lemma_gen tag="dazz"/>
      <lemma_idmwb tag="29484000"/>
      <pos tag="KOUS"/>
      <pos_gen tag="KO"/>
      <infl tag="--"/>
      <inflClass tag="--"/>
      <inflClass_gen tag="--"/>
    </tok_anno>
  </token>
  <token id="t68" trans="da" type="token">
    <tok_dipl id="t68_d1" trans="da" utf="da"/>
    <tok_anno ascii="da" id="t68_m1" trans="da" utf="da">
      <norm tag="dâ"/>
      <lemma tag="dâr"/>
      <lemma_gen tag="dâr"/>
      <lemma_idmwb tag="28932000"/>
      <pos tag="AVD"/>
      <pos_gen tag="AVD"/>
      <infl tag="--"/>
      <inflClass tag="--"/>
      <inflClass_gen tag="--"/>
    </tok_anno>
  </token>
  <token id="t69" trans="al$i" type="token">
    <tok_dipl id="t69_d1" trans="al$i" utf="alſi"/>
    <tok_anno ascii="alsi" id="t69_m1" trans="al$i" utf="alſi">
      <norm tag="alse"/>
      <lemma tag="all-sô"/>
      <lemma_gen tag="all-sô"/>
      <lemma_idmwb tag="4629000"/>
      <pos tag="AVD"/>
      <pos_gen tag="AVD-KO"/>
      <infl tag="--"/>
      <inflClass tag="--"/>
      <inflClass_gen tag="--"/>
    </tok_anno>
  </token>
  <comment type="K">/K[alſi: {l} scheint aus {s}-Ansatz korr.]</comment>
  <token id="t70" trans="gut" type="token">
    <tok_dipl id="t70_d1" trans="gut" utf="gut"/>
    <tok_anno ascii="gut" id="t70_m1" trans="gut" utf="gut">
      <norm tag="guot"/>
      <lemma tag="guot"/>
      <lemma_gen tag="guot"/>
      <lemma_idmwb tag="66528000"/>
      <pos tag="ADJA"/>
      <pos_gen tag="ADJ"/>
      <infl tag="Pos.Masc.Nom.Sg.0"/>
      <inflClass tag="--"/>
      <inflClass_gen tag="--"/>
    </tok_anno>
  </token>
  <token id="t71" trans="fridi||$i,," type="token">
    <tok_dipl id="t71_d1" trans="fridi$i" utf="fridiſi"/>
    <tok_anno ascii="fridi" id="t71_m1" trans="fridi|" utf="fridi">
      <norm tag="vride"/>
      <token_type tag="MS1"/>
      <lemma tag="vride"/>
      <lemma_gen tag="vride"/>
      <lemma_idmwb tag="215664000"/>
      <pos tag="NA"/>
      <pos_gen tag="NA"/>
      <infl tag="Nom.Sg"/>
      <inflClass tag="*.Masc"/>
      <inflClass_gen tag="*.Masc"/>
    </tok_anno>
    <tok_anno ascii="si" id="t71_m2" trans="|$i" utf="ſi">
      <norm tag="sî"/>
      <token_type tag="MS2"/>
      <lemma tag="sîn"/>
      <lemma_gen tag="sîn"/>
      <lemma_idmwb tag="150147000"/>
      <pos tag="VAFIN"/>
      <pos_gen tag="VA"/>
      <infl tag="Subj.Pres.Sg.3"/>
      <inflClass tag="irr"/>
      <inflClass_gen tag="irr"/>
      <punc tag="S*"/>
    </tok_anno>
  </token>
  <token id="t72" trans="al$i" type="token">
    <tok_dipl id="t72_d1" trans="al$i" utf="alſi"/>
    <tok_anno ascii="alsi" id="t72_m1" trans="al$i" utf="alſi">
      <norm tag="alse"/>
      <lemma tag="all-sô"/>
      <lemma_gen tag="all-sô"/>
      <lemma_idmwb tag="4629000"/>
      <pos tag="KO*"/>
      <pos_gen tag="KO"/>
      <infl tag="--"/>
      <inflClass tag="--"/>
      <inflClass_gen tag="--"/>
    </tok_anno>
  </token>
  <comment type="K">/K[alſi: {l} scheint aus {s}-Ansatz korr.]</comment>
  <token id="t73" trans="da" type="token">
    <tok_dipl id="t73_d1" trans="da" utf="da"/>
    <tok_anno ascii="da" id="t73_m1" trans="da" utf="da">
      <norm tag="dâ"/>
      <lemma tag="dâr"/>
      <lemma_gen tag="dâr"/>
      <lemma_idmwb tag="28932000"/>
      <pos tag="AVD"/>
      <pos_gen tag="AVD"/>
      <infl tag="--"/>
      <inflClass tag="--"/>
      <inflClass_gen tag="--"/>
    </tok_anno>
  </token>
  <token id="t74" trans="weri,,||da" type="token">
    <tok_dipl id="t74_d1" trans="werida" utf="werida"/>
    <tok_anno ascii="weri" id="t74_m1" trans="weri|" utf="weri">
      <norm tag="wære"/>
      <token_type tag="MS1"/>
      <lemma tag="wësen"/>
      <lemma_gen tag="wësen"/>
      <lemma_idmwb tag="225783000"/>
      <pos tag="VAFIN"/>
      <pos_gen tag="VA"/>
      <infl tag="Subj.Past.Sg.3"/>
      <inflClass tag="st5"/>
      <inflClass_gen tag="st5"/>
      <punc tag="S*"/>
    </tok_anno>
    <tok_anno ascii="da" id="t74_m2" trans="|da" utf="da">
      <norm tag="dâ"/>
      <token_type tag="MS2"/>
      <lemma tag="dâr"/>
      <lemma_gen tag="dâr"/>
      <lemma_idmwb tag="28932000"/>
      <pos tag="AVD"/>
      <pos_gen tag="AVD"/>
      <infl tag="--"/>
      <inflClass tag="--"/>
      <inflClass_gen tag="--"/>
    </tok_anno>
  </token>
  <comment type="K">/K[weri,,||da: üdZ mit Einschaltezeichen untdZ]</comment>
  <token id="t75" trans="min" type="token">
    <tok_dipl id="t75_d1" trans="min" utf="min"/>
    <tok_anno ascii="min" id="t75_m1" trans="min" utf="min">
      <norm tag="mîn"/>
      <lemma tag="mîn"/>
      <lemma_gen tag="mîn"/>
      <lemma_idmwb tag="112026000"/>
      <pos tag="DPOSA"/>
      <pos_gen tag="DPOS"/>
      <infl tag="Fem.Nom.Sg.0"/>
      <inflClass tag="--"/>
      <inflClass_gen tag="--"/>
    </tok_anno>
  </token>
  <token id="t76" trans="fravwi" type="token">
    <tok_dipl id="t76_d1" trans="fravwi" utf="fravwi"/>
    <tok_anno ascii="fravwi" id="t76_m1" trans="fravwi" utf="fravwi">
      <norm tag="vrouwe"/>
      <lemma tag="vrouwe"/>
      <lemma_gen tag="vrouwe"/>
      <lemma_idmwb tag="217017000"/>
      <pos tag="NA"/>
      <pos_gen tag="NA"/>
      <infl tag="Nom.Sg"/>
      <inflClass tag="*.Fem"/>
      <inflClass_gen tag="*.Fem"/>
    </tok_anno>
  </token>
  <token id="t77" trans="$andi" type="token">
    <tok_dipl id="t77_d1" trans="$andi" utf="ſandi"/>
    <tok_anno ascii="sandi" id="t77_m1" trans="$andi" utf="ſandi">
      <norm tag="sante"/>
      <lemma tag="sancte"/>
      <lemma_gen tag="sancte"/>
      <lemma_idmwb tag="140055000"/>
      <pos tag="ADJA"/>
      <pos_gen tag="ADJ"/>
      <infl tag="Pos.Fem.Nom.Sg.0"/>
      <inflClass tag="--"/>
      <inflClass_gen tag="--"/>
    </tok_anno>
  </token>
  <token id="t78" trans="marie" type="token">
    <tok_dipl id="t78_d1" trans="marie" utf="marie"/>
    <tok_anno ascii="marie" id="t78_m1" trans="marie" utf="marie">
      <norm tag="Marie"/>
      <lemma tag="Maria"/>
      <lemma_gen tag="Maria"/>
      <lemma_idmwb tag="--"/>
      <pos tag="NE"/>
      <pos_gen tag="NE"/>
      <infl tag="Nom.Sg"/>
      <inflClass tag="--"/>
      <inflClass_gen tag="--"/>
    </tok_anno>
  </token>
  <token id="t79" trans="de$" type="token">
    <tok_dipl id="t79_d1" trans="de$" utf="deſ"/>
    <tok_anno ascii="des" id="t79_m1" trans="de$" utf="deſ">
      <norm tag="des"/>
      <lemma tag="dër"/>
      <lemma_gen tag="dër"/>
      <lemma_idmwb tag="29817000"/>
      <pos tag="DDART"/>
      <pos_gen tag="DD"/>
      <infl tag="Masc.Gen.Sg"/>
      <inflClass tag="--"/>
      <inflClass_gen tag="--"/>
    </tok_anno>
  </token>
  <token id="t80" trans="heiligin" type="token">
    <tok_dipl id="t80_d1" trans="heiligin" utf="heiligin"/>
    <tok_anno ascii="heiligin" id="t80_m1" trans="heiligin" utf="heiligin">
      <norm tag="heiligen"/>
      <lemma tag="hèilig"/>
      <lemma_gen tag="hèilig"/>
      <lemma_idmwb tag="70113000"/>
      <pos tag="ADJA"/>
      <pos_gen tag="ADJ"/>
      <infl tag="Pos.Masc.Gen.Sg.wk"/>
      <inflClass tag="--"/>
      <inflClass_gen tag="--"/>
    </tok_anno>
  </token>
  <token id="t81" trans="cri$ti$" type="token">
    <tok_dipl id="t81_d1" trans="cri$ti$" utf="criſtiſ"/>
    <tok_anno ascii="cristis" id="t81_m1" trans="cri$ti$" utf="criſtiſ">
      <norm tag="Kristes"/>
      <lemma tag="Krist"/>
      <lemma_gen tag="Krist"/>
      <lemma_idmwb tag="95598000"/>
      <pos tag="NE"/>
      <pos_gen tag="NE"/>
      <infl tag="Gen.Sg"/>
      <inflClass tag="--"/>
      <inflClass_gen tag="--"/>
    </tok_anno>
  </token>
  <token id="t82" trans="gina$(.)" type="token">
    <tok_dipl id="t82_d1" trans="gina$" utf="ginaſ"/>
    <tok_anno ascii="ginas" id="t82_m1" trans="gina$" utf="ginaſ">
      <norm tag="genas"/>
      <lemma tag="ge-nësen"/>
      <lemma_gen tag="ge-nësen"/>
      <lemma_idmwb tag="53763000"/>
      <pos tag="VVFIN"/>
      <pos_gen tag="VV"/>
      <infl tag="Ind.Past.Sg.3"/>
      <inflClass tag="st5"/>
      <inflClass_gen tag="st5"/>
      <punc tag="DE"/>
    </tok_anno>
  </token>
</text>
