<?xml version='1.0' encoding='UTF-8'?>
<!DOCTYPE text SYSTEM "cora-xml.dtd">
<text id="M202">
  <header>
    <text>Codex Falkensteinensis: Rezept gegen den Stein</text>
    <abbr_ddd>RezStein</abbr_ddd>
    <abbr_mwb>-</abbr_mwb>
    <topic>Wissen(-schaft)</topic>
    <text-type>Rezept</text-type>
    <genre>P</genre>
    <reference>Hs.: Blatt (r/v), Zeile</reference>
    <reference-secondary>Wilhelm: Nummer, Zeile</reference-secondary>
    <library>München, Hauptstaatsarchiv</library>
    <library-shelfmark>Klosterliteralien Weyarn 1</library-shelfmark>
    <online>http://www.handschriftencensus.de/15472</online>
    <medium>Handschrift</medium>
    <extent>40v</extent>
    <extract>-</extract>
    <language>mhd</language>
    <language-type>oberdeutsch</language-type>
    <language-region>ostoberdeutsch</language-region>
    <language-area>südbairisch</language-area>
    <place>-</place>
    <time>12,2</time>
    <notes-manuscript>_</notes-manuscript>
    <date>-</date>
    <text-place>-</text-place>
    <text-author>-</text-author>
    <text-language>-</text-language>
    <text-source>-</text-source>
    <edition>Friedrich Wilhelm (Hg.), Denkmäler deutscher Prosa des 11. und 12. Jahrhunderts, Abteilung A: Text; Abteilung B: Kommentar (Münchener Texte 8), München 1914/16 (Nachdruck in einem Band München 1960 [Germanistische Bücherei 3]), Nr. 24, A: S. 53, B: S. 135-137; Nr. 39, A: S. 111, B: S. 203-209.</edition>
    <corpus>ReM I</corpus>
    <notes-transcription>-</notes-transcription>
    <notes-annotation>-</notes-annotation>
    <digitization_by>Bonn</digitization_by>
    <collation_by>Bochum</collation_by>
    <pre_editing_by>Bochum</pre_editing_by>
    <annotation_by>Bochum</annotation_by>
    <proofreading_by>Bochum</proofreading_by>
  </header>
  <layoutinfo>
    <page id="p1" no="40" range="c1" side="v"/>
    <column id="c1" range="l1..l9"/>
    <line id="l1" name="1" range="t1_d1..t15_d1" loc="40va,1"/>
    <line id="l2" name="2" range="t16_d1..t27_d2" loc="40va,2"/>
    <line id="l3" name="3" range="t28_d1..t40_d1" loc="40va,3"/>
    <line id="l4" name="4" range="t41_d1..t55_d1" loc="40va,4"/>
    <line id="l5" name="5" range="t56_d1..t65_d1" loc="40va,5"/>
    <line id="l6" name="6" range="t66_d1..t76_d1" loc="40va,6"/>
    <line id="l7" name="7" range="t77_d1..t88_d2" loc="40va,7"/>
    <line id="l8" name="8" range="t89_d1..t103_d1" loc="40va,8"/>
    <line id="l9" name="9" range="t104_d1..t116_d1" loc="40va,9"/>
  </layoutinfo>
  <shifttags/>
  <token id="t1" trans="Wir" type="token">
    <tok_dipl id="t1_d1" trans="Wir" utf="Wir"/>
    <tok_anno ascii="Wir" id="t1_m1" trans="Wir" utf="Wir">
      <norm tag="wir"/>
      <lemma tag="wir"/>
      <lemma_gen tag="wir"/>
      <lemma_idmwb tag="231441000"/>
      <pos tag="PPER"/>
      <pos_gen tag="PPER"/>
      <infl tag="Nom.Pl.1"/>
      <inflClass tag="--"/>
      <inflClass_gen tag="--"/>
    </tok_anno>
  </token>
  <token id="t2" trans="tun" type="token">
    <tok_dipl id="t2_d1" trans="tun" utf="tun"/>
    <tok_anno ascii="tun" id="t2_m1" trans="tun" utf="tun">
      <norm tag="tuon"/>
      <lemma tag="tuon"/>
      <lemma_gen tag="tuon"/>
      <lemma_idmwb tag="173655000"/>
      <pos tag="VVFIN"/>
      <pos_gen tag="VV"/>
      <infl tag="Ind.Pres.Pl.1"/>
      <inflClass tag="irr"/>
      <inflClass_gen tag="irr"/>
    </tok_anno>
  </token>
  <comment type="K">/K[Wir tun: Vuirtun nach Wilhelm von anderer Hand übergeschr.]/K[Wir tun: Vuirtun nach Wilhelm von anderer Hand übergeschr.]</comment>
  <token id="t3" trans="iv" type="token">
    <tok_dipl id="t3_d1" trans="iv" utf="iv"/>
    <tok_anno ascii="iv" id="t3_m1" trans="iv" utf="iv">
      <norm tag="iu"/>
      <lemma tag="ir"/>
      <lemma_gen tag="ir"/>
      <lemma_idmwb tag="83979000"/>
      <pos tag="PPER"/>
      <pos_gen tag="PPER"/>
      <infl tag="Dat.Pl.2"/>
      <inflClass tag="--"/>
      <inflClass_gen tag="--"/>
    </tok_anno>
  </token>
  <token id="t4" trans="chunt,," type="token">
    <tok_dipl id="t4_d1" trans="chunt" utf="chunt"/>
    <tok_anno ascii="chunt" id="t4_m1" trans="chunt" utf="chunt">
      <norm tag="kunt"/>
      <lemma tag="kund"/>
      <lemma_gen tag="kund"/>
      <lemma_idmwb tag="97482000"/>
      <pos tag="ADJD"/>
      <pos_gen tag="ADJ"/>
      <infl tag="Pos....0"/>
      <inflClass tag="--"/>
      <inflClass_gen tag="--"/>
      <punc tag="S*"/>
    </tok_anno>
  </token>
  <token id="t5" trans="waz" type="token">
    <tok_dipl id="t5_d1" trans="waz" utf="waz"/>
    <tok_anno ascii="waz" id="t5_m1" trans="waz" utf="waz">
      <norm tag="waz"/>
      <lemma tag="wër"/>
      <lemma_gen tag="wër"/>
      <lemma_idmwb tag="224919000"/>
      <pos tag="PW"/>
      <pos_gen tag="PW"/>
      <infl tag="Neut.Nom.Sg.st"/>
      <inflClass tag="--"/>
      <inflClass_gen tag="--"/>
    </tok_anno>
  </token>
  <token id="t6" trans="uu\or" type="token">
    <tok_dipl id="t6_d1" trans="uu\or" utf="uuͦr"/>
    <tok_anno ascii="uuor" id="t6_m1" trans="uu\or" utf="uuͦr">
      <norm tag="vüre"/>
      <lemma tag="vür(e)"/>
      <lemma_gen tag="vür(e)"/>
      <lemma_idmwb tag="218466000"/>
      <pos tag="APPR"/>
      <pos_gen tag="AP"/>
      <infl tag="--"/>
      <inflClass tag="--"/>
      <inflClass_gen tag="--"/>
    </tok_anno>
  </token>
  <token id="t7" trans="den" type="token">
    <tok_dipl id="t7_d1" trans="den" utf="den"/>
    <tok_anno ascii="den" id="t7_m1" trans="den" utf="den">
      <norm tag="den"/>
      <lemma tag="dër"/>
      <lemma_gen tag="dër"/>
      <lemma_idmwb tag="29817000"/>
      <pos tag="DDART"/>
      <pos_gen tag="DD"/>
      <infl tag="Masc.Akk.Sg"/>
      <inflClass tag="--"/>
      <inflClass_gen tag="--"/>
    </tok_anno>
  </token>
  <token id="t8" trans="$tain" type="token">
    <tok_dipl id="t8_d1" trans="$tain" utf="ſtain"/>
    <tok_anno ascii="stain" id="t8_m1" trans="$tain" utf="ſtain">
      <norm tag="stein"/>
      <lemma tag="stèin"/>
      <lemma_gen tag="stèin"/>
      <lemma_idmwb tag="158148000"/>
      <pos tag="NA"/>
      <pos_gen tag="NA"/>
      <infl tag="Akk.Sg"/>
      <inflClass tag="st.Masc"/>
      <inflClass_gen tag="st.Masc"/>
    </tok_anno>
  </token>
  <token id="t9" trans="gut" type="token">
    <tok_dipl id="t9_d1" trans="gut" utf="gut"/>
    <tok_anno ascii="gut" id="t9_m1" trans="gut" utf="gut">
      <norm tag="guot"/>
      <lemma tag="guot"/>
      <lemma_gen tag="guot"/>
      <lemma_idmwb tag="66528000"/>
      <pos tag="ADJD"/>
      <pos_gen tag="ADJ"/>
      <infl tag="Pos....0"/>
      <inflClass tag="--"/>
      <inflClass_gen tag="--"/>
    </tok_anno>
  </token>
  <token id="t10" trans="i$t(.)" type="token">
    <tok_dipl id="t10_d1" trans="i$t" utf="iſt"/>
    <tok_anno ascii="ist" id="t10_m1" trans="i$t" utf="iſt">
      <norm tag="ist"/>
      <lemma tag="sîn"/>
      <lemma_gen tag="sîn"/>
      <lemma_idmwb tag="150147000"/>
      <pos tag="VAFIN"/>
      <pos_gen tag="VA"/>
      <infl tag="Ind.Pres.Sg.3"/>
      <inflClass tag="irr"/>
      <inflClass_gen tag="irr"/>
      <punc tag="DE"/>
    </tok_anno>
  </token>
  <token id="t11" trans="wan" type="token">
    <tok_dipl id="t11_d1" trans="wan" utf="wan"/>
    <tok_anno ascii="wan" id="t11_m1" trans="wan" utf="wan">
      <norm tag="manen"/>
      <lemma tag="man"/>
      <lemma_gen tag="man"/>
      <lemma_idmwb tag="107376000"/>
      <pos tag="PI"/>
      <pos_gen tag="NA"/>
      <infl tag="*..st"/>
      <inflClass tag="--"/>
      <inflClass_gen tag="--"/>
    </tok_anno>
  </token>
  <token id="t12" trans="$ol" type="token">
    <tok_dipl id="t12_d1" trans="$ol" utf="ſol"/>
    <tok_anno ascii="sol" id="t12_m1" trans="$ol" utf="ſol">
      <norm tag="sol"/>
      <lemma tag="sol(e)n"/>
      <lemma_gen tag="sol(e)n"/>
      <lemma_idmwb tag="154377000"/>
      <pos tag="VMFIN"/>
      <pos_gen tag="VM"/>
      <infl tag="Ind.Pres.Sg.3"/>
      <inflClass tag="prpr"/>
      <inflClass_gen tag="prpr"/>
    </tok_anno>
  </token>
  <token id="t13" trans="nemen" type="token">
    <tok_dipl id="t13_d1" trans="nemen" utf="nemen"/>
    <tok_anno ascii="nemen" id="t13_m1" trans="nemen" utf="nemen">
      <norm tag="nemen"/>
      <lemma tag="nëmen"/>
      <lemma_gen tag="nëmen"/>
      <lemma_idmwb tag="120132000"/>
      <pos tag="VVINF"/>
      <pos_gen tag="VV"/>
      <infl tag="--"/>
      <inflClass tag="st4"/>
      <inflClass_gen tag="st4"/>
    </tok_anno>
  </token>
  <token id="t14" trans="di" type="token">
    <tok_dipl id="t14_d1" trans="di" utf="di"/>
    <tok_anno ascii="di" id="t14_m1" trans="di" utf="di">
      <norm tag="di"/>
      <lemma tag="dër"/>
      <lemma_gen tag="dër"/>
      <lemma_idmwb tag="29817000"/>
      <pos tag="DDART"/>
      <pos_gen tag="DD"/>
      <infl tag="*.Akk.Pl"/>
      <inflClass tag="--"/>
      <inflClass_gen tag="--"/>
    </tok_anno>
  </token>
  <token id="t15" trans="wurzen" type="token">
    <tok_dipl id="t15_d1" trans="wurzen" utf="wurzen"/>
    <tok_anno ascii="wurzen" id="t15_m1" trans="wurzen" utf="wurzen">
      <norm tag="wurzen"/>
      <lemma tag="wurz(e)"/>
      <lemma_gen tag="wurz(e)"/>
      <lemma_idmwb tag="234996000"/>
      <pos tag="NA"/>
      <pos_gen tag="NA"/>
      <infl tag="Akk.Pl"/>
      <inflClass tag="st(u).Fem"/>
      <inflClass_gen tag="st(u).Fem"/>
    </tok_anno>
  </token>
  <token id="t16" trans="d_e$" type="token">
    <tok_dipl id="t16_d1" trans="d_e$" utf="dᵉſ"/>
    <tok_anno ascii="des" id="t16_m1" trans="d_e$" utf="dᵉſ">
      <norm tag="des"/>
      <lemma tag="dër"/>
      <lemma_gen tag="dër"/>
      <lemma_idmwb tag="29817000"/>
      <pos tag="DDART"/>
      <pos_gen tag="DD"/>
      <infl tag="Masc.Gen.Sg"/>
      <inflClass tag="--"/>
      <inflClass_gen tag="--"/>
    </tok_anno>
  </token>
  <token id="t17" trans="te$tralac" type="token">
    <tok_dipl id="t17_d1" trans="te$tralac" utf="teſtralac"/>
    <tok_anno ascii="testralac" id="t17_m1" trans="te$tralac" utf="teſtralac">
      <norm tag="testralaches"/>
      <lemma tag="tëstralach"/>
      <lemma_gen tag="tëstralach"/>
      <lemma_idmwb tag="???"/>
      <pos tag="NA"/>
      <pos_gen tag="NA"/>
      <infl tag="Gen.Sg"/>
      <inflClass tag="st.Masc"/>
      <inflClass_gen tag="st.Masc"/>
    </tok_anno>
  </token>
  <comment type="K">/`[n!]/%.[n!]</comment>
  <token id="t18" trans="und_e" type="token">
    <tok_dipl id="t18_d1" trans="und_e" utf="undᵉ"/>
    <tok_anno ascii="unde" id="t18_m1" trans="und_e" utf="undᵉ">
      <norm tag="unde"/>
      <lemma tag="unte"/>
      <lemma_gen tag="unte"/>
      <lemma_idmwb tag="183108000"/>
      <pos tag="KON"/>
      <pos_gen tag="KO"/>
      <infl tag="--"/>
      <inflClass tag="--"/>
      <inflClass_gen tag="--"/>
    </tok_anno>
  </token>
  <token id="t19" trans="di" type="token">
    <tok_dipl id="t19_d1" trans="di" utf="di"/>
    <tok_anno ascii="di" id="t19_m1" trans="di" utf="di">
      <norm tag="di"/>
      <lemma tag="dër"/>
      <lemma_gen tag="dër"/>
      <lemma_idmwb tag="29817000"/>
      <pos tag="DDART"/>
      <pos_gen tag="DD"/>
      <infl tag="*.Akk.Pl"/>
      <inflClass tag="--"/>
      <inflClass_gen tag="--"/>
    </tok_anno>
  </token>
  <token id="t20" trans="wurzen" type="token">
    <tok_dipl id="t20_d1" trans="wurzen" utf="wurzen"/>
    <tok_anno ascii="wurzen" id="t20_m1" trans="wurzen" utf="wurzen">
      <norm tag="wurzen"/>
      <lemma tag="wurz(e)"/>
      <lemma_gen tag="wurz(e)"/>
      <lemma_idmwb tag="234996000"/>
      <pos tag="NA"/>
      <pos_gen tag="NA"/>
      <infl tag="Akk.Pl"/>
      <inflClass tag="st(u).Fem"/>
      <inflClass_gen tag="st(u).Fem"/>
    </tok_anno>
  </token>
  <token id="t21" trans="de$" type="token">
    <tok_dipl id="t21_d1" trans="de$" utf="deſ"/>
    <tok_anno ascii="des" id="t21_m1" trans="de$" utf="deſ">
      <norm tag="des"/>
      <lemma tag="dër"/>
      <lemma_gen tag="dër"/>
      <lemma_idmwb tag="29817000"/>
      <pos tag="DDART"/>
      <pos_gen tag="DD"/>
      <infl tag="Masc.Gen.Sg"/>
      <inflClass tag="--"/>
      <inflClass_gen tag="--"/>
    </tok_anno>
  </token>
  <token id="t22" trans="$wertellac,," type="token">
    <tok_dipl id="t22_d1" trans="$wertellac" utf="ſwertellac"/>
    <tok_anno ascii="swertellac" id="t22_m1" trans="$wertellac" utf="ſwertellac">
      <norm tag="swertelaches"/>
      <lemma tag="swërtelach"/>
      <lemma_gen tag="swërtelach"/>
      <lemma_idmwb tag="???"/>
      <pos tag="NA"/>
      <pos_gen tag="NA"/>
      <infl tag="Gen.Sg"/>
      <inflClass tag="st.Masc"/>
      <inflClass_gen tag="st.Masc"/>
      <punc tag="S*"/>
    </tok_anno>
  </token>
  <comment type="K">/`[n!]/%.[n!]</comment>
  <token id="t23" trans="und_e" type="token">
    <tok_dipl id="t23_d1" trans="und_e" utf="undᵉ"/>
    <tok_anno ascii="unde" id="t23_m1" trans="und_e" utf="undᵉ">
      <norm tag="unde"/>
      <lemma tag="unte"/>
      <lemma_gen tag="unte"/>
      <lemma_idmwb tag="183108000"/>
      <pos tag="KON"/>
      <pos_gen tag="KO"/>
      <infl tag="--"/>
      <inflClass tag="--"/>
      <inflClass_gen tag="--"/>
    </tok_anno>
  </token>
  <token id="t24" trans="$ol" type="token">
    <tok_dipl id="t24_d1" trans="$ol" utf="ſol"/>
    <tok_anno ascii="sol" id="t24_m1" trans="$ol" utf="ſol">
      <norm tag="sol"/>
      <lemma tag="sol(e)n"/>
      <lemma_gen tag="sol(e)n"/>
      <lemma_idmwb tag="154377000"/>
      <pos tag="VMFIN"/>
      <pos_gen tag="VM"/>
      <infl tag="Ind.Pres.Sg.3"/>
      <inflClass tag="prpr"/>
      <inflClass_gen tag="prpr"/>
    </tok_anno>
  </token>
  <token id="t25" trans="daz" type="token">
    <tok_dipl id="t25_d1" trans="daz" utf="daz"/>
    <tok_anno ascii="daz" id="t25_m1" trans="daz" utf="daz">
      <norm tag="daz"/>
      <lemma tag="dër"/>
      <lemma_gen tag="dër"/>
      <lemma_idmwb tag="29823000"/>
      <pos tag="DDS"/>
      <pos_gen tag="DD"/>
      <infl tag="Neut.Nom.Sg"/>
      <inflClass tag="--"/>
      <inflClass_gen tag="--"/>
    </tok_anno>
  </token>
  <token id="t26" trans="mit" type="token">
    <tok_dipl id="t26_d1" trans="mit" utf="mit"/>
    <tok_anno ascii="mit" id="t26_m1" trans="mit" utf="mit">
      <norm tag="mit"/>
      <lemma tag="mit"/>
      <lemma_gen tag="mit"/>
      <lemma_idmwb tag="113898000"/>
      <pos tag="APPR"/>
      <pos_gen tag="AP"/>
      <infl tag="--"/>
      <inflClass tag="--"/>
      <inflClass_gen tag="--"/>
    </tok_anno>
  </token>
  <token id="t27" trans="ein#ander" type="token">
    <tok_dipl id="t27_d1" trans="ein" utf="ein"/>
    <tok_dipl id="t27_d2" trans="ander" utf="ander"/>
    <tok_anno ascii="einander" id="t27_m1" trans="ein#ander" utf="einander">
      <norm tag="einander"/>
      <token_type tag="US"/>
      <lemma tag="èin-ander"/>
      <lemma_gen tag="èin-ander"/>
      <lemma_idmwb tag="35931000"/>
      <pos tag="DIA"/>
      <pos_gen tag="DI"/>
      <infl tag="*.Dat.Sg.0"/>
      <inflClass tag="--"/>
      <inflClass_gen tag="--"/>
    </tok_anno>
  </token>
  <token id="t28" trans="in" type="token">
    <tok_dipl id="t28_d1" trans="in" utf="in"/>
    <tok_anno ascii="in" id="t28_m1" trans="in" utf="in">
      <norm tag="in"/>
      <lemma tag="in"/>
      <lemma_gen tag="in"/>
      <lemma_idmwb tag="81741000"/>
      <pos tag="APPR"/>
      <pos_gen tag="AP"/>
      <infl tag="--"/>
      <inflClass tag="--"/>
      <inflClass_gen tag="--"/>
    </tok_anno>
  </token>
  <token id="t29" trans="einem" type="token">
    <tok_dipl id="t29_d1" trans="einem" utf="einem"/>
    <tok_anno ascii="einem" id="t29_m1" trans="einem" utf="einem">
      <norm tag="einem"/>
      <lemma tag="èin"/>
      <lemma_gen tag="èin"/>
      <lemma_idmwb tag="35925000"/>
      <pos tag="DIART"/>
      <pos_gen tag="DD"/>
      <infl tag="Masc.Dat.Sg.st"/>
      <inflClass tag="--"/>
      <inflClass_gen tag="--"/>
    </tok_anno>
  </token>
  <token id="t30" trans="wine" type="token">
    <tok_dipl id="t30_d1" trans="wine" utf="wine"/>
    <tok_anno ascii="wine" id="t30_m1" trans="wine" utf="wine">
      <norm tag="wîne"/>
      <lemma tag="wîn"/>
      <lemma_gen tag="wîn"/>
      <lemma_idmwb tag="229956000"/>
      <pos tag="NA"/>
      <pos_gen tag="NA"/>
      <infl tag="Dat.Sg"/>
      <inflClass tag="st.Masc"/>
      <inflClass_gen tag="st.Masc"/>
    </tok_anno>
  </token>
  <token id="t31" trans="$iden,," type="token">
    <tok_dipl id="t31_d1" trans="$iden" utf="ſiden"/>
    <tok_anno ascii="siden" id="t31_m1" trans="$iden" utf="ſiden">
      <norm tag="sieden"/>
      <lemma tag="sièden"/>
      <lemma_gen tag="sièden"/>
      <lemma_idmwb tag="149544000"/>
      <pos tag="VVINF"/>
      <pos_gen tag="VV"/>
      <infl tag="--"/>
      <inflClass tag="st2b"/>
      <inflClass_gen tag="st2b"/>
      <punc tag="S*"/>
    </tok_anno>
  </token>
  <token id="t32" trans="und_e" type="token">
    <tok_dipl id="t32_d1" trans="und_e" utf="undᵉ"/>
    <tok_anno ascii="unde" id="t32_m1" trans="und_e" utf="undᵉ">
      <norm tag="unde"/>
      <lemma tag="unte"/>
      <lemma_gen tag="unte"/>
      <lemma_idmwb tag="183108000"/>
      <pos tag="KON"/>
      <pos_gen tag="KO"/>
      <infl tag="--"/>
      <inflClass tag="--"/>
      <inflClass_gen tag="--"/>
    </tok_anno>
  </token>
  <token id="t33" trans="$ol" type="token">
    <tok_dipl id="t33_d1" trans="$ol" utf="ſol"/>
    <tok_anno ascii="sol" id="t33_m1" trans="$ol" utf="ſol">
      <norm tag="sol"/>
      <lemma tag="sol(e)n"/>
      <lemma_gen tag="sol(e)n"/>
      <lemma_idmwb tag="154377000"/>
      <pos tag="VMFIN"/>
      <pos_gen tag="VM"/>
      <infl tag="Ind.Pres.Sg.3"/>
      <inflClass tag="prpr"/>
      <inflClass_gen tag="prpr"/>
    </tok_anno>
  </token>
  <token id="t34" trans="daz" type="token">
    <tok_dipl id="t34_d1" trans="daz" utf="daz"/>
    <tok_anno ascii="daz" id="t34_m1" trans="daz" utf="daz">
      <norm tag="daz"/>
      <lemma tag="dër"/>
      <lemma_gen tag="dër"/>
      <lemma_idmwb tag="29823000"/>
      <pos tag="DDS"/>
      <pos_gen tag="DD"/>
      <infl tag="Neut.Nom.Sg"/>
      <inflClass tag="--"/>
      <inflClass_gen tag="--"/>
    </tok_anno>
  </token>
  <token id="t35" trans="trinchen(.)" type="token">
    <tok_dipl id="t35_d1" trans="trinchen" utf="trinchen"/>
    <tok_anno ascii="trinchen" id="t35_m1" trans="trinchen" utf="trinchen">
      <norm tag="trinken"/>
      <lemma tag="trinken"/>
      <lemma_gen tag="trinken"/>
      <lemma_idmwb tag="171357000"/>
      <pos tag="VVINF"/>
      <pos_gen tag="VV"/>
      <infl tag="--"/>
      <inflClass tag="st3a"/>
      <inflClass_gen tag="st3a"/>
      <punc tag="DE"/>
    </tok_anno>
  </token>
  <token id="t36" trans="und_e" type="token">
    <tok_dipl id="t36_d1" trans="und_e" utf="undᵉ"/>
    <tok_anno ascii="unde" id="t36_m1" trans="und_e" utf="undᵉ">
      <norm tag="unde"/>
      <lemma tag="unte"/>
      <lemma_gen tag="unte"/>
      <lemma_idmwb tag="183108000"/>
      <pos tag="KON"/>
      <pos_gen tag="KO"/>
      <infl tag="--"/>
      <inflClass tag="--"/>
      <inflClass_gen tag="--"/>
    </tok_anno>
  </token>
  <token id="t37" trans="nim" type="token">
    <tok_dipl id="t37_d1" trans="nim" utf="nim"/>
    <tok_anno ascii="nim" id="t37_m1" trans="nim" utf="nim">
      <norm tag="nim"/>
      <lemma tag="nëmen"/>
      <lemma_gen tag="nëmen"/>
      <lemma_idmwb tag="120132000"/>
      <pos tag="VVIMP"/>
      <pos_gen tag="VV"/>
      <infl tag="Sg.2"/>
      <inflClass tag="st4"/>
      <inflClass_gen tag="st4"/>
    </tok_anno>
  </token>
  <token id="t38" trans="$aluai" type="token">
    <tok_dipl id="t38_d1" trans="$aluai" utf="ſaluai"/>
    <tok_anno ascii="saluai" id="t38_m1" trans="$aluai" utf="ſaluai">
      <norm tag="salvei"/>
      <lemma tag="salvèi(e)"/>
      <lemma_gen tag="salvèi(e)"/>
      <lemma_idmwb tag="139491000"/>
      <pos tag="NA"/>
      <pos_gen tag="NA"/>
      <infl tag="Akk.Sg"/>
      <inflClass tag="*.Masc,Fem"/>
      <inflClass_gen tag="*.Masc,Fem"/>
    </tok_anno>
  </token>
  <token id="t39" trans="und_e" type="token">
    <tok_dipl id="t39_d1" trans="und_e" utf="undᵉ"/>
    <tok_anno ascii="unde" id="t39_m1" trans="und_e" utf="undᵉ">
      <norm tag="unde"/>
      <lemma tag="unte"/>
      <lemma_gen tag="unte"/>
      <lemma_idmwb tag="183108000"/>
      <pos tag="KON"/>
      <pos_gen tag="KO"/>
      <infl tag="--"/>
      <inflClass tag="--"/>
      <inflClass_gen tag="--"/>
    </tok_anno>
  </token>
  <token id="t40" trans="pher$ic(=)chernen" type="token">
    <tok_dipl id="t40_d1" trans="pher$icchernen" utf="pherſicchernen"/>
    <tok_anno ascii="phersicchernen" id="t40_m1" trans="pher$ic(=)chernen" utf="pherſicchernen">
      <norm tag="pfersichkerne"/>
      <token_type tag="UL"/>
      <lemma tag="pfërsich-kërn"/>
      <lemma_gen tag="pfërsich-kërn"/>
      <lemma_idmwb tag="127683000"/>
      <pos tag="NA"/>
      <pos_gen tag="NA"/>
      <infl tag="Akk.Pl"/>
      <inflClass tag="st.Masc"/>
      <inflClass_gen tag="st.Masc"/>
    </tok_anno>
  </token>
  <token id="t41" trans="und_e" type="token">
    <tok_dipl id="t41_d1" trans="und_e" utf="undᵉ"/>
    <tok_anno ascii="unde" id="t41_m1" trans="und_e" utf="undᵉ">
      <norm tag="unde"/>
      <lemma tag="unte"/>
      <lemma_gen tag="unte"/>
      <lemma_idmwb tag="183108000"/>
      <pos tag="KON"/>
      <pos_gen tag="KO"/>
      <infl tag="--"/>
      <inflClass tag="--"/>
      <inflClass_gen tag="--"/>
    </tok_anno>
  </token>
  <token id="t42" trans="iz" type="token">
    <tok_dipl id="t42_d1" trans="iz" utf="iz"/>
    <tok_anno ascii="iz" id="t42_m1" trans="iz" utf="iz">
      <norm tag="iz"/>
      <lemma tag="ëzzen"/>
      <lemma_gen tag="ëzzen"/>
      <lemma_idmwb tag="46014000"/>
      <pos tag="VVIMP"/>
      <pos_gen tag="VV"/>
      <infl tag="Sg.2"/>
      <inflClass tag="st5"/>
      <inflClass_gen tag="st5"/>
    </tok_anno>
  </token>
  <token id="t43" trans="div" type="token">
    <tok_dipl id="t43_d1" trans="div" utf="div"/>
    <tok_anno ascii="div" id="t43_m1" trans="div" utf="div">
      <norm tag="diu"/>
      <lemma tag="dër"/>
      <lemma_gen tag="dër"/>
      <lemma_idmwb tag="29817000"/>
      <pos tag="DDART"/>
      <pos_gen tag="DD"/>
      <infl tag="Neut.Akk.Pl"/>
      <inflClass tag="--"/>
      <inflClass_gen tag="--"/>
    </tok_anno>
  </token>
  <token id="t44" trans="beidu,," type="token">
    <tok_dipl id="t44_d1" trans="beidu" utf="beidu"/>
    <tok_anno ascii="beidu" id="t44_m1" trans="beidu" utf="beidu">
      <norm tag="beidiu"/>
      <lemma tag="bèide"/>
      <lemma_gen tag="bèide"/>
      <lemma_idmwb tag="13638000"/>
      <pos tag="DIS"/>
      <pos_gen tag="DI"/>
      <infl tag="Neut.Akk.Pl.st"/>
      <inflClass tag="--"/>
      <inflClass_gen tag="--"/>
      <punc tag="S*"/>
    </tok_anno>
  </token>
  <token id="t45" trans="div" type="token">
    <tok_dipl id="t45_d1" trans="div" utf="div"/>
    <tok_anno ascii="div" id="t45_m1" trans="div" utf="div">
      <norm tag="diu"/>
      <lemma tag="dër"/>
      <lemma_gen tag="dër"/>
      <lemma_idmwb tag="29823000"/>
      <pos tag="DDS"/>
      <pos_gen tag="DD"/>
      <infl tag="Neut.Akk.Pl"/>
      <inflClass tag="--"/>
      <inflClass_gen tag="--"/>
    </tok_anno>
  </token>
  <token id="t46" trans="$int" type="token">
    <tok_dipl id="t46_d1" trans="$int" utf="ſint"/>
    <tok_anno ascii="sint" id="t46_m1" trans="$int" utf="ſint">
      <norm tag="sint"/>
      <lemma tag="sîn"/>
      <lemma_gen tag="sîn"/>
      <lemma_idmwb tag="150147000"/>
      <pos tag="VAFIN"/>
      <pos_gen tag="VA"/>
      <infl tag="Ind.Pres.Pl.3"/>
      <inflClass tag="irr"/>
      <inflClass_gen tag="irr"/>
    </tok_anno>
  </token>
  <token id="t47" trans="gvt" type="token">
    <tok_dipl id="t47_d1" trans="gvt" utf="gvt"/>
    <tok_anno ascii="gvt" id="t47_m1" trans="gvt" utf="gvt">
      <norm tag="guot"/>
      <lemma tag="guote"/>
      <lemma_gen tag="guote"/>
      <lemma_idmwb tag="66546000"/>
      <pos tag="AVD"/>
      <pos_gen tag="AVD"/>
      <infl tag="--"/>
      <inflClass tag="--"/>
      <inflClass_gen tag="--"/>
    </tok_anno>
  </token>
  <token id="t48" trans="gaz(.)" type="token">
    <tok_dipl id="t48_d1" trans="gaz" utf="gaz"/>
    <tok_anno ascii="gaz" id="t48_m1" trans="gaz" utf="gaz">
      <norm tag="gâz"/>
      <lemma tag="gâz"/>
      <lemma_gen tag="gâz"/>
      <lemma_idmwb tag="47424000"/>
      <pos tag="ADJD"/>
      <pos_gen tag="ADJ"/>
      <infl tag="Pos....0"/>
      <inflClass tag="--"/>
      <inflClass_gen tag="--"/>
      <punc tag="DE"/>
    </tok_anno>
  </token>
  <token id="t49" trans="und_e" type="token">
    <tok_dipl id="t49_d1" trans="und_e" utf="undᵉ"/>
    <tok_anno ascii="unde" id="t49_m1" trans="und_e" utf="undᵉ">
      <norm tag="unde"/>
      <lemma tag="unte"/>
      <lemma_gen tag="unte"/>
      <lemma_idmwb tag="183108000"/>
      <pos tag="KON"/>
      <pos_gen tag="KO"/>
      <infl tag="--"/>
      <inflClass tag="--"/>
      <inflClass_gen tag="--"/>
    </tok_anno>
  </token>
  <token id="t50" trans="di" type="token">
    <tok_dipl id="t50_d1" trans="di" utf="di"/>
    <tok_anno ascii="di" id="t50_m1" trans="di" utf="di">
      <norm tag="di"/>
      <lemma tag="dër"/>
      <lemma_gen tag="dër"/>
      <lemma_idmwb tag="29817000"/>
      <pos tag="DDART"/>
      <pos_gen tag="DD"/>
      <infl tag="*.Nom.Pl"/>
      <inflClass tag="--"/>
      <inflClass_gen tag="--"/>
    </tok_anno>
  </token>
  <token id="t51" trans="wurzen,," type="token">
    <tok_dipl id="t51_d1" trans="wurzen" utf="wurzen"/>
    <tok_anno ascii="wurzen" id="t51_m1" trans="wurzen" utf="wurzen">
      <norm tag="wurzen"/>
      <lemma tag="wurz(e)"/>
      <lemma_gen tag="wurz(e)"/>
      <lemma_idmwb tag="234996000"/>
      <pos tag="NA"/>
      <pos_gen tag="NA"/>
      <infl tag="Nom.Pl"/>
      <inflClass tag="st(u).Fem"/>
      <inflClass_gen tag="st(u).Fem"/>
      <punc tag="S*"/>
    </tok_anno>
  </token>
  <token id="t52" trans="der" type="token">
    <tok_dipl id="t52_d1" trans="der" utf="der"/>
    <tok_anno ascii="der" id="t52_m1" trans="der" utf="der">
      <norm tag="der"/>
      <lemma tag="dër"/>
      <lemma_gen tag="dër"/>
      <lemma_idmwb tag="29823000"/>
      <pos tag="DRELS"/>
      <pos_gen tag="DD"/>
      <infl tag="*.Gen.Pl"/>
      <inflClass tag="--"/>
      <inflClass_gen tag="--"/>
    </tok_anno>
  </token>
  <token id="t53" trans="vil" type="token">
    <tok_dipl id="t53_d1" trans="vil" utf="vil"/>
    <tok_anno ascii="vil" id="t53_m1" trans="vil" utf="vil">
      <norm tag="vile"/>
      <lemma tag="vil(e)"/>
      <lemma_gen tag="vil(e)"/>
      <lemma_idmwb tag="208917000"/>
      <pos tag="AVD"/>
      <pos_gen tag="AVD"/>
      <infl tag="--"/>
      <inflClass tag="--"/>
      <inflClass_gen tag="--"/>
    </tok_anno>
  </token>
  <token id="t54" trans="an" type="token">
    <tok_dipl id="t54_d1" trans="an" utf="an"/>
    <tok_anno ascii="an" id="t54_m1" trans="an" utf="an">
      <norm tag="an"/>
      <lemma tag="ane"/>
      <lemma_gen tag="ane"/>
      <lemma_idmwb tag="5691000"/>
      <pos tag="APPR"/>
      <pos_gen tag="AP"/>
      <infl tag="--"/>
      <inflClass tag="--"/>
      <inflClass_gen tag="--"/>
    </tok_anno>
  </token>
  <token id="t55" trans="ein(=)and_er" type="token">
    <tok_dipl id="t55_d1" trans="einand_er" utf="einandᵉr"/>
    <tok_anno ascii="einander" id="t55_m1" trans="ein(=)and_er" utf="einandᵉr">
      <norm tag="einander"/>
      <token_type tag="UL"/>
      <lemma tag="èin-ander"/>
      <lemma_gen tag="èin-ander"/>
      <lemma_idmwb tag="35931000"/>
      <pos tag="DIA"/>
      <pos_gen tag="DI"/>
      <infl tag="*.Dat.Sg.0"/>
      <inflClass tag="--"/>
      <inflClass_gen tag="--"/>
    </tok_anno>
  </token>
  <token id="t56" trans="hanget" type="token">
    <tok_dipl id="t56_d1" trans="hanget" utf="hanget"/>
    <tok_anno ascii="hanget" id="t56_m1" trans="hanget" utf="hanget">
      <norm tag="hanget"/>
      <lemma tag="hangen"/>
      <lemma_gen tag="hangen"/>
      <lemma_idmwb tag="68217000"/>
      <pos tag="VVFIN"/>
      <pos_gen tag="VV"/>
      <infl tag="Ind.Pres.Sg.3"/>
      <inflClass tag="wk"/>
      <inflClass_gen tag="wk"/>
    </tok_anno>
  </token>
  <token id="t57" trans="und_e" type="token">
    <tok_dipl id="t57_d1" trans="und_e" utf="undᵉ"/>
    <tok_anno ascii="unde" id="t57_m1" trans="und_e" utf="undᵉ">
      <norm tag="unde"/>
      <lemma tag="unte"/>
      <lemma_gen tag="unte"/>
      <lemma_idmwb tag="183108000"/>
      <pos tag="KON"/>
      <pos_gen tag="KO"/>
      <infl tag="--"/>
      <inflClass tag="--"/>
      <inflClass_gen tag="--"/>
    </tok_anno>
  </token>
  <token id="t58" trans="$int" type="token">
    <tok_dipl id="t58_d1" trans="$int" utf="ſint"/>
    <tok_anno ascii="sint" id="t58_m1" trans="$int" utf="ſint">
      <norm tag="sint"/>
      <lemma tag="sîn"/>
      <lemma_gen tag="sîn"/>
      <lemma_idmwb tag="150147000"/>
      <pos tag="VAFIN"/>
      <pos_gen tag="VA"/>
      <infl tag="Ind.Pres.Pl.3"/>
      <inflClass tag="irr"/>
      <inflClass_gen tag="irr"/>
    </tok_anno>
  </token>
  <token id="t59" trans="alle" type="token">
    <tok_dipl id="t59_d1" trans="alle" utf="alle"/>
    <tok_anno ascii="alle" id="t59_m1" trans="alle" utf="alle">
      <norm tag="alle"/>
      <lemma tag="all"/>
      <lemma_gen tag="all"/>
      <lemma_idmwb tag="3531000"/>
      <pos tag="DIA"/>
      <pos_gen tag="DI"/>
      <infl tag="*.Nom.Pl.st"/>
      <inflClass tag="--"/>
      <inflClass_gen tag="--"/>
    </tok_anno>
  </token>
  <token id="t60" trans="en||hopelot(.)" type="token">
    <tok_dipl id="t60_d1" trans="enhopelot" utf="enhopelot"/>
    <tok_anno ascii="en" id="t60_m1" trans="en|" utf="en">
      <norm tag="en"/>
      <token_type tag="MS1"/>
      <lemma tag="ne"/>
      <lemma_gen tag="ne"/>
      <lemma_idmwb tag="119841000"/>
      <pos tag="PTKNEG"/>
      <pos_gen tag="PTK"/>
      <infl tag="--"/>
      <inflClass tag="--"/>
      <inflClass_gen tag="--"/>
    </tok_anno>
    <tok_anno ascii="hopelot" id="t60_m2" trans="|hopelot" utf="hopelot">
      <norm tag="gehoppelet"/>
      <token_type tag="MS2"/>
      <lemma tag="hoppel(e)n"/>
      <lemma_gen tag="hoppel(e)n"/>
      <lemma_idmwb tag="77754000"/>
      <pos tag="VVPP"/>
      <pos_gen tag="VV"/>
      <infl tag="--"/>
      <inflClass tag="wk"/>
      <inflClass_gen tag="wk"/>
      <punc tag="DE"/>
    </tok_anno>
  </token>
  <token id="t61" trans="nim" type="token">
    <tok_dipl id="t61_d1" trans="nim" utf="nim"/>
    <tok_anno ascii="nim" id="t61_m1" trans="nim" utf="nim">
      <norm tag="nim"/>
      <lemma tag="nëmen"/>
      <lemma_gen tag="nëmen"/>
      <lemma_idmwb tag="120132000"/>
      <pos tag="VVIMP"/>
      <pos_gen tag="VV"/>
      <infl tag="Sg.2"/>
      <inflClass tag="st4"/>
      <inflClass_gen tag="st4"/>
    </tok_anno>
  </token>
  <token id="t62" trans="wegeric#samen" type="token">
    <tok_dipl id="t62_d1" trans="wegeric" utf="wegeric"/>
    <tok_dipl id="t62_d2" trans="samen" utf="samen"/>
    <tok_anno ascii="wegericsamen" id="t62_m1" trans="wegeric#samen" utf="wegericsamen">
      <norm tag="wegerîchsâmen"/>
      <token_type tag="US"/>
      <lemma tag="wëge-rîch-sâme"/>
      <lemma_gen tag="wëge-rîch-sâme"/>
      <lemma_idmwb tag="???"/>
      <pos tag="NA"/>
      <pos_gen tag="NA"/>
      <infl tag="Akk.Pl"/>
      <inflClass tag="wk.Masc"/>
      <inflClass_gen tag="wk.Masc"/>
    </tok_anno>
  </token>
  <comment type="K">/`[n!]/%.[n!]</comment>
  <token id="t63" trans="in" type="token">
    <tok_dipl id="t63_d1" trans="in" utf="in"/>
    <tok_anno ascii="in" id="t63_m1" trans="in" utf="in">
      <norm tag="in"/>
      <lemma tag="in"/>
      <lemma_gen tag="in"/>
      <lemma_idmwb tag="81741000"/>
      <pos tag="APPR"/>
      <pos_gen tag="AP"/>
      <infl tag="--"/>
      <inflClass tag="--"/>
      <inflClass_gen tag="--"/>
    </tok_anno>
  </token>
  <token id="t64" trans="deme" type="token">
    <tok_dipl id="t64_d1" trans="deme" utf="deme"/>
    <tok_anno ascii="deme" id="t64_m1" trans="deme" utf="deme">
      <norm tag="deme"/>
      <lemma tag="dër"/>
      <lemma_gen tag="dër"/>
      <lemma_idmwb tag="29817000"/>
      <pos tag="DDART"/>
      <pos_gen tag="DD"/>
      <infl tag="Masc.Dat.Sg"/>
      <inflClass tag="--"/>
      <inflClass_gen tag="--"/>
    </tok_anno>
  </token>
  <token id="t65" trans="haber(=)$nite" type="token">
    <tok_dipl id="t65_d1" trans="haber$nite" utf="haberſnite"/>
    <tok_anno ascii="habersnite" id="t65_m1" trans="haber(=)$nite" utf="haberſnite">
      <norm tag="habersnite"/>
      <token_type tag="UL"/>
      <lemma tag="haber(e)-snit"/>
      <lemma_gen tag="haber(e)-snit"/>
      <lemma_idmwb tag="66996000"/>
      <pos tag="NA"/>
      <pos_gen tag="NA"/>
      <infl tag="Dat.Sg"/>
      <inflClass tag="st.Masc"/>
      <inflClass_gen tag="st.Masc"/>
    </tok_anno>
  </token>
  <token id="t66" trans="und_e" type="token">
    <tok_dipl id="t66_d1" trans="und_e" utf="undᵉ"/>
    <tok_anno ascii="unde" id="t66_m1" trans="und_e" utf="undᵉ">
      <norm tag="unde"/>
      <lemma tag="unte"/>
      <lemma_gen tag="unte"/>
      <lemma_idmwb tag="183108000"/>
      <pos tag="KON"/>
      <pos_gen tag="KO"/>
      <infl tag="--"/>
      <inflClass tag="--"/>
      <inflClass_gen tag="--"/>
    </tok_anno>
  </token>
  <token id="t67" trans="SagSifervm,," type="token">
    <tok_dipl id="t67_d1" trans="SagSifervm" utf="SagSifervm"/>
    <tok_anno ascii="SagSifervm" id="t67_m1" trans="SagSifervm" utf="SagSifervm">
      <norm tag="saxifragam"/>
      <lemma tag="saxifraga"/>
      <lemma_gen tag="saxifraga"/>
      <lemma_idmwb tag="--"/>
      <pos tag="NA"/>
      <pos_gen tag="FM"/>
      <infl tag="Akk.Sg"/>
      <inflClass tag="Fem"/>
      <inflClass_gen tag="Fem"/>
      <punc tag="S*"/>
    </tok_anno>
  </token>
  <comment type="K">/%.[!]</comment>
  <token id="t68" trans="div" type="token">
    <tok_dipl id="t68_d1" trans="div" utf="div"/>
    <tok_anno ascii="div" id="t68_m1" trans="div" utf="div">
      <norm tag="diu"/>
      <lemma tag="dër"/>
      <lemma_gen tag="dër"/>
      <lemma_idmwb tag="29823000"/>
      <pos tag="DDS"/>
      <pos_gen tag="DD"/>
      <infl tag="Neut.Akk.Pl"/>
      <inflClass tag="--"/>
      <inflClass_gen tag="--"/>
    </tok_anno>
  </token>
  <token id="t69" trans="nim" type="token">
    <tok_dipl id="t69_d1" trans="nim" utf="nim"/>
    <tok_anno ascii="nim" id="t69_m1" trans="nim" utf="nim">
      <norm tag="nim"/>
      <lemma tag="nëmen"/>
      <lemma_gen tag="nëmen"/>
      <lemma_idmwb tag="120132000"/>
      <pos tag="VVIMP"/>
      <pos_gen tag="VV"/>
      <infl tag="Sg.2"/>
      <inflClass tag="st4"/>
      <inflClass_gen tag="st4"/>
    </tok_anno>
  </token>
  <token id="t70" trans="beidiv" type="token">
    <tok_dipl id="t70_d1" trans="beidiv" utf="beidiv"/>
    <tok_anno ascii="beidiv" id="t70_m1" trans="beidiv" utf="beidiv">
      <norm tag="beidiu"/>
      <lemma tag="bèide"/>
      <lemma_gen tag="bèide"/>
      <lemma_idmwb tag="13638000"/>
      <pos tag="DIS"/>
      <pos_gen tag="DI"/>
      <infl tag="Neut.Nom.Pl.st"/>
      <inflClass tag="--"/>
      <inflClass_gen tag="--"/>
    </tok_anno>
  </token>
  <token id="t71" trans="und_e" type="token">
    <tok_dipl id="t71_d1" trans="und_e" utf="undᵉ"/>
    <tok_anno ascii="unde" id="t71_m1" trans="und_e" utf="undᵉ">
      <norm tag="unde"/>
      <lemma tag="unte"/>
      <lemma_gen tag="unte"/>
      <lemma_idmwb tag="183108000"/>
      <pos tag="KON"/>
      <pos_gen tag="KO"/>
      <infl tag="--"/>
      <inflClass tag="--"/>
      <inflClass_gen tag="--"/>
    </tok_anno>
  </token>
  <token id="t72" trans="menge" type="token">
    <tok_dipl id="t72_d1" trans="menge" utf="menge"/>
    <tok_anno ascii="menge" id="t72_m1" trans="menge" utf="menge">
      <norm tag="menge"/>
      <lemma tag="mèngen"/>
      <lemma_gen tag="mèngen"/>
      <lemma_idmwb tag="110274000"/>
      <pos tag="VVIMP"/>
      <pos_gen tag="VV"/>
      <infl tag="Sg.2"/>
      <inflClass tag="wk"/>
      <inflClass_gen tag="wk"/>
    </tok_anno>
  </token>
  <token id="t73" trans="$i" type="token">
    <tok_dipl id="t73_d1" trans="$i" utf="ſi"/>
    <tok_anno ascii="si" id="t73_m1" trans="$i" utf="ſi">
      <norm tag="si"/>
      <lemma tag="ër"/>
      <lemma_gen tag="ër"/>
      <lemma_idmwb tag="40380000"/>
      <pos tag="PPER"/>
      <pos_gen tag="PPER"/>
      <infl tag="*.Akk.Pl.3"/>
      <inflClass tag="--"/>
      <inflClass_gen tag="--"/>
    </tok_anno>
  </token>
  <token id="t74" trans="beidiv" type="token">
    <tok_dipl id="t74_d1" trans="beidiv" utf="beidiv"/>
    <tok_anno ascii="beidiv" id="t74_m1" trans="beidiv" utf="beidiv">
      <norm tag="beidiu"/>
      <lemma tag="bèide"/>
      <lemma_gen tag="bèide"/>
      <lemma_idmwb tag="13638000"/>
      <pos tag="DIS"/>
      <pos_gen tag="DI"/>
      <infl tag="Neut.Akk.Pl.st"/>
      <inflClass tag="--"/>
      <inflClass_gen tag="--"/>
    </tok_anno>
  </token>
  <token id="t75" trans="mit" type="token">
    <tok_dipl id="t75_d1" trans="mit" utf="mit"/>
    <tok_anno ascii="mit" id="t75_m1" trans="mit" utf="mit">
      <norm tag="mit"/>
      <lemma tag="mit"/>
      <lemma_gen tag="mit"/>
      <lemma_idmwb tag="113898000"/>
      <pos tag="APPR"/>
      <pos_gen tag="AP"/>
      <infl tag="--"/>
      <inflClass tag="--"/>
      <inflClass_gen tag="--"/>
    </tok_anno>
  </token>
  <token id="t76" trans="ein(=)and_er,," type="token">
    <tok_dipl id="t76_d1" trans="einand_er" utf="einandᵉr"/>
    <tok_anno ascii="einander" id="t76_m1" trans="ein(=)and_er" utf="einandᵉr">
      <norm tag="einander"/>
      <token_type tag="UL"/>
      <lemma tag="èin-ander"/>
      <lemma_gen tag="èin-ander"/>
      <lemma_idmwb tag="35931000"/>
      <pos tag="DIA"/>
      <pos_gen tag="DI"/>
      <infl tag="*.Dat.Sg.0"/>
      <inflClass tag="--"/>
      <inflClass_gen tag="--"/>
      <punc tag="S*"/>
    </tok_anno>
  </token>
  <token id="t77" trans="und_e" type="token">
    <tok_dipl id="t77_d1" trans="und_e" utf="undᵉ"/>
    <tok_anno ascii="unde" id="t77_m1" trans="und_e" utf="undᵉ">
      <norm tag="unde"/>
      <lemma tag="unte"/>
      <lemma_gen tag="unte"/>
      <lemma_idmwb tag="183108000"/>
      <pos tag="KON"/>
      <pos_gen tag="KO"/>
      <infl tag="--"/>
      <inflClass tag="--"/>
      <inflClass_gen tag="--"/>
    </tok_anno>
  </token>
  <token id="t78" trans="mache" type="token">
    <tok_dipl id="t78_d1" trans="mache" utf="mache"/>
    <tok_anno ascii="mache" id="t78_m1" trans="mache" utf="mache">
      <norm tag="mache"/>
      <lemma tag="machen"/>
      <lemma_gen tag="machen"/>
      <lemma_idmwb tag="106683000"/>
      <pos tag="VVIMP"/>
      <pos_gen tag="VV"/>
      <infl tag="Sg.2"/>
      <inflClass tag="wk"/>
      <inflClass_gen tag="wk"/>
    </tok_anno>
  </token>
  <token id="t79" trans="Si" type="token">
    <tok_dipl id="t79_d1" trans="Si" utf="Si"/>
    <tok_anno ascii="Si" id="t79_m1" trans="Si" utf="Si">
      <norm tag="si"/>
      <lemma tag="ër"/>
      <lemma_gen tag="ër"/>
      <lemma_idmwb tag="40380000"/>
      <pos tag="PPER"/>
      <pos_gen tag="PPER"/>
      <infl tag="*.Akk.Pl.3"/>
      <inflClass tag="--"/>
      <inflClass_gen tag="--"/>
    </tok_anno>
  </token>
  <token id="t80" trans="heiz,," type="token">
    <tok_dipl id="t80_d1" trans="heiz" utf="heiz"/>
    <tok_anno ascii="heiz" id="t80_m1" trans="heiz" utf="heiz">
      <norm tag="heiz"/>
      <lemma tag="hèiz"/>
      <lemma_gen tag="hèiz"/>
      <lemma_idmwb tag="70728000"/>
      <pos tag="ADJD"/>
      <pos_gen tag="ADJ"/>
      <infl tag="Pos....0"/>
      <inflClass tag="--"/>
      <inflClass_gen tag="--"/>
      <punc tag="S*"/>
    </tok_anno>
  </token>
  <token id="t81" trans="und_e" type="token">
    <tok_dipl id="t81_d1" trans="und_e" utf="undᵉ"/>
    <tok_anno ascii="unde" id="t81_m1" trans="und_e" utf="undᵉ">
      <norm tag="unde"/>
      <lemma tag="unte"/>
      <lemma_gen tag="unte"/>
      <lemma_idmwb tag="183108000"/>
      <pos tag="KON"/>
      <pos_gen tag="KO"/>
      <infl tag="--"/>
      <inflClass tag="--"/>
      <inflClass_gen tag="--"/>
    </tok_anno>
  </token>
  <token id="t82" trans="trinc" type="token">
    <tok_dipl id="t82_d1" trans="trinc" utf="trinc"/>
    <tok_anno ascii="trinc" id="t82_m1" trans="trinc" utf="trinc">
      <norm tag="trinc"/>
      <lemma tag="trinken"/>
      <lemma_gen tag="trinken"/>
      <lemma_idmwb tag="171357000"/>
      <pos tag="VVIMP"/>
      <pos_gen tag="VV"/>
      <infl tag="Sg.2"/>
      <inflClass tag="st3a"/>
      <inflClass_gen tag="st3a"/>
    </tok_anno>
  </token>
  <token id="t83" trans="$i" type="token">
    <tok_dipl id="t83_d1" trans="$i" utf="ſi"/>
    <tok_anno ascii="si" id="t83_m1" trans="$i" utf="ſi">
      <norm tag="si"/>
      <lemma tag="ër"/>
      <lemma_gen tag="ër"/>
      <lemma_idmwb tag="40380000"/>
      <pos tag="PPER"/>
      <pos_gen tag="PPER"/>
      <infl tag="*.Akk.Pl.3"/>
      <inflClass tag="--"/>
      <inflClass_gen tag="--"/>
    </tok_anno>
  </token>
  <token id="t84" trans="vil" type="token">
    <tok_dipl id="t84_d1" trans="vil" utf="vil"/>
    <tok_anno ascii="vil" id="t84_m1" trans="vil" utf="vil">
      <norm tag="vile"/>
      <lemma tag="vil(e)"/>
      <lemma_gen tag="vil(e)"/>
      <lemma_idmwb tag="208917000"/>
      <pos tag="AVD"/>
      <pos_gen tag="AVD"/>
      <infl tag="--"/>
      <inflClass tag="--"/>
      <inflClass_gen tag="--"/>
    </tok_anno>
  </token>
  <token id="t85" trans="ofte(.)" type="token">
    <tok_dipl id="t85_d1" trans="ofte" utf="ofte"/>
    <tok_anno ascii="ofte" id="t85_m1" trans="ofte" utf="ofte">
      <norm tag="ofte"/>
      <lemma tag="ofte"/>
      <lemma_gen tag="ofte"/>
      <lemma_idmwb tag="123702000"/>
      <pos tag="AVD"/>
      <pos_gen tag="AVD"/>
      <infl tag="--"/>
      <inflClass tag="--"/>
      <inflClass_gen tag="--"/>
      <punc tag="DE"/>
    </tok_anno>
  </token>
  <token id="t86" trans="und_e" type="token">
    <tok_dipl id="t86_d1" trans="und_e" utf="undᵉ"/>
    <tok_anno ascii="unde" id="t86_m1" trans="und_e" utf="undᵉ">
      <norm tag="unde"/>
      <lemma tag="unte"/>
      <lemma_gen tag="unte"/>
      <lemma_idmwb tag="183108000"/>
      <pos tag="KON"/>
      <pos_gen tag="KO"/>
      <infl tag="--"/>
      <inflClass tag="--"/>
      <inflClass_gen tag="--"/>
    </tok_anno>
  </token>
  <token id="t87" trans="nim" type="token">
    <tok_dipl id="t87_d1" trans="nim" utf="nim"/>
    <tok_anno ascii="nim" id="t87_m1" trans="nim" utf="nim">
      <norm tag="nim"/>
      <lemma tag="nëmen"/>
      <lemma_gen tag="nëmen"/>
      <lemma_idmwb tag="120132000"/>
      <pos tag="VVIMP"/>
      <pos_gen tag="VV"/>
      <infl tag="Sg.2"/>
      <inflClass tag="st4"/>
      <inflClass_gen tag="st4"/>
    </tok_anno>
  </token>
  <token id="t88" trans="wehe#dorn(=)Samen,," type="token">
    <tok_dipl id="t88_d1" trans="wehe" utf="wehe"/>
    <tok_dipl id="t88_d2" trans="dornSamen" utf="dornSamen"/>
    <tok_anno ascii="wehedornSamen" id="t88_m1" trans="wehe#dorn(=)Samen" utf="wehedornSamen">
      <norm tag="wehedornsamene"/>
      <token_type tag="US UL"/>
      <lemma tag="wèhedorn-samen"/>
      <lemma_gen tag="wèhedorn-samen"/>
      <lemma_idmwb tag="???"/>
      <pos tag="NA"/>
      <pos_gen tag="NA"/>
      <infl tag="Akk.Pl"/>
      <inflClass tag="st.Masc"/>
      <inflClass_gen tag="st.Masc"/>
      <punc tag="S*"/>
    </tok_anno>
  </token>
  <token id="t89" trans="und_e" type="token">
    <tok_dipl id="t89_d1" trans="und_e" utf="undᵉ"/>
    <tok_anno ascii="unde" id="t89_m1" trans="und_e" utf="undᵉ">
      <norm tag="unde"/>
      <lemma tag="unte"/>
      <lemma_gen tag="unte"/>
      <lemma_idmwb tag="183108000"/>
      <pos tag="KON"/>
      <pos_gen tag="KO"/>
      <infl tag="--"/>
      <inflClass tag="--"/>
      <inflClass_gen tag="--"/>
    </tok_anno>
  </token>
  <token id="t90" trans="mal" type="token">
    <tok_dipl id="t90_d1" trans="mal" utf="mal"/>
    <tok_anno ascii="mal" id="t90_m1" trans="mal" utf="mal">
      <norm tag="mal"/>
      <lemma tag="mal(e)n"/>
      <lemma_gen tag="mal(e)n"/>
      <lemma_idmwb tag="107247000"/>
      <pos tag="VVIMP"/>
      <pos_gen tag="VV"/>
      <infl tag="Sg.2"/>
      <inflClass tag="st6"/>
      <inflClass_gen tag="st6"/>
    </tok_anno>
  </token>
  <token id="t91" trans="den,," type="token">
    <tok_dipl id="t91_d1" trans="den" utf="den"/>
    <tok_anno ascii="den" id="t91_m1" trans="den" utf="den">
      <norm tag="den"/>
      <lemma tag="dër"/>
      <lemma_gen tag="dër"/>
      <lemma_idmwb tag="29823000"/>
      <pos tag="DDS"/>
      <pos_gen tag="DD"/>
      <infl tag="Masc.Akk.Sg"/>
      <inflClass tag="--"/>
      <inflClass_gen tag="--"/>
      <punc tag="S*"/>
    </tok_anno>
  </token>
  <token id="t92" trans="und_e" type="token">
    <tok_dipl id="t92_d1" trans="und_e" utf="undᵉ"/>
    <tok_anno ascii="unde" id="t92_m1" trans="und_e" utf="undᵉ">
      <norm tag="unde"/>
      <lemma tag="unte"/>
      <lemma_gen tag="unte"/>
      <lemma_idmwb tag="183108000"/>
      <pos tag="KON"/>
      <pos_gen tag="KO"/>
      <infl tag="--"/>
      <inflClass tag="--"/>
      <inflClass_gen tag="--"/>
    </tok_anno>
  </token>
  <token id="t93" trans="nivz" type="token">
    <tok_dipl id="t93_d1" trans="nivz" utf="nivz"/>
    <tok_anno ascii="nivz" id="t93_m1" trans="nivz" utf="nivz">
      <norm tag="niuz"/>
      <lemma tag="nièzen"/>
      <lemma_gen tag="nièzen"/>
      <lemma_idmwb tag="121395000"/>
      <pos tag="VVIMP"/>
      <pos_gen tag="VV"/>
      <infl tag="Sg.2"/>
      <inflClass tag="st2b"/>
      <inflClass_gen tag="st2b"/>
    </tok_anno>
  </token>
  <token id="t94" trans="den" type="token">
    <tok_dipl id="t94_d1" trans="den" utf="den"/>
    <tok_anno ascii="den" id="t94_m1" trans="den" utf="den">
      <norm tag="den"/>
      <lemma tag="dër"/>
      <lemma_gen tag="dër"/>
      <lemma_idmwb tag="29823000"/>
      <pos tag="DDS"/>
      <pos_gen tag="DD"/>
      <infl tag="Masc.Akk.Sg"/>
      <inflClass tag="--"/>
      <inflClass_gen tag="--"/>
    </tok_anno>
  </token>
  <token id="t95" trans="alle" type="token">
    <tok_dipl id="t95_d1" trans="alle" utf="alle"/>
    <tok_anno ascii="alle" id="t95_m1" trans="alle" utf="alle">
      <norm tag="alle"/>
      <lemma tag="all"/>
      <lemma_gen tag="all"/>
      <lemma_idmwb tag="3531000"/>
      <pos tag="DIA"/>
      <pos_gen tag="DI"/>
      <infl tag="*.Nom.Pl.st"/>
      <inflClass tag="--"/>
      <inflClass_gen tag="--"/>
    </tok_anno>
  </token>
  <token id="t96" trans="tage(.)" type="token">
    <tok_dipl id="t96_d1" trans="tage" utf="tage"/>
    <tok_anno ascii="tage" id="t96_m1" trans="tage" utf="tage">
      <norm tag="tage"/>
      <lemma tag="tag"/>
      <lemma_gen tag="tag"/>
      <lemma_idmwb tag="166296000"/>
      <pos tag="NA"/>
      <pos_gen tag="NA"/>
      <infl tag="Nom.Pl"/>
      <inflClass tag="st.Masc"/>
      <inflClass_gen tag="st.Masc"/>
      <punc tag="DE"/>
    </tok_anno>
  </token>
  <token id="t97" trans="daz" type="token">
    <tok_dipl id="t97_d1" trans="daz" utf="daz"/>
    <tok_anno ascii="daz" id="t97_m1" trans="daz" utf="daz">
      <norm tag="daz"/>
      <lemma tag="dër"/>
      <lemma_gen tag="dër"/>
      <lemma_idmwb tag="29823000"/>
      <pos tag="DDS"/>
      <pos_gen tag="DD"/>
      <infl tag="Neut.Nom.Sg"/>
      <inflClass tag="--"/>
      <inflClass_gen tag="--"/>
    </tok_anno>
  </token>
  <token id="t98" trans="i$t" type="token">
    <tok_dipl id="t98_d1" trans="i$t" utf="iſt"/>
    <tok_anno ascii="ist" id="t98_m1" trans="i$t" utf="iſt">
      <norm tag="ist"/>
      <lemma tag="sîn"/>
      <lemma_gen tag="sîn"/>
      <lemma_idmwb tag="150147000"/>
      <pos tag="VAFIN"/>
      <pos_gen tag="VA"/>
      <infl tag="Ind.Pres.Sg.3"/>
      <inflClass tag="irr"/>
      <inflClass_gen tag="irr"/>
    </tok_anno>
  </token>
  <token id="t99" trans="gut(.)" type="token">
    <tok_dipl id="t99_d1" trans="gut" utf="gut"/>
    <tok_anno ascii="gut" id="t99_m1" trans="gut" utf="gut">
      <norm tag="guot"/>
      <lemma tag="guot"/>
      <lemma_gen tag="guot"/>
      <lemma_idmwb tag="66528000"/>
      <pos tag="ADJD"/>
      <pos_gen tag="ADJ"/>
      <infl tag="Pos....0"/>
      <inflClass tag="--"/>
      <inflClass_gen tag="--"/>
      <punc tag="DE"/>
    </tok_anno>
  </token>
  <token id="t100" trans="und_e" type="token">
    <tok_dipl id="t100_d1" trans="und_e" utf="undᵉ"/>
    <tok_anno ascii="unde" id="t100_m1" trans="und_e" utf="undᵉ">
      <norm tag="unde"/>
      <lemma tag="unte"/>
      <lemma_gen tag="unte"/>
      <lemma_idmwb tag="183108000"/>
      <pos tag="KON"/>
      <pos_gen tag="KO"/>
      <infl tag="--"/>
      <inflClass tag="--"/>
      <inflClass_gen tag="--"/>
    </tok_anno>
  </token>
  <token id="t101" trans="nim" type="token">
    <tok_dipl id="t101_d1" trans="nim" utf="nim"/>
    <tok_anno ascii="nim" id="t101_m1" trans="nim" utf="nim">
      <norm tag="nim"/>
      <lemma tag="nëmen"/>
      <lemma_gen tag="nëmen"/>
      <lemma_idmwb tag="120132000"/>
      <pos tag="VVIMP"/>
      <pos_gen tag="VV"/>
      <infl tag="Sg.2"/>
      <inflClass tag="st4"/>
      <inflClass_gen tag="st4"/>
    </tok_anno>
  </token>
  <token id="t102" trans="eim(=)crut,," type="token">
    <tok_dipl id="t102_d1" trans="eimcrut" utf="eimcrut"/>
    <tok_anno ascii="eimcrut" id="t102_m1" trans="eim(=)crut" utf="eimcrut">
      <norm tag="eimkrût"/>
      <token_type tag="UL"/>
      <lemma tag="èim-krût"/>
      <lemma_gen tag="eim-krût"/>
      <lemma_idmwb tag="???"/>
      <pos tag="NA"/>
      <pos_gen tag="NA"/>
      <infl tag="Akk.Sg"/>
      <inflClass tag="st.Neut"/>
      <inflClass_gen tag="st.Neut"/>
      <punc tag="S*"/>
    </tok_anno>
  </token>
  <comment type="K">/`[n!]/%.[n!]</comment>
  <token id="t103" trans="." type="punc">
    <tok_dipl id="t103_d1" trans="." utf="."/>
    <tok_anno ascii="." id="t103_m1" trans="." utf=".">
      <pos tag="$_"/>
      <pos_gen tag="$_"/>
    </tok_anno>
  </token>
  <token id="t104" trans="daz" type="token">
    <tok_dipl id="t104_d1" trans="daz" utf="daz"/>
    <tok_anno ascii="daz" id="t104_m1" trans="daz" utf="daz">
      <norm tag="daz"/>
      <lemma tag="dër"/>
      <lemma_gen tag="dër"/>
      <lemma_idmwb tag="29823000"/>
      <pos tag="DRELS"/>
      <pos_gen tag="DD"/>
      <infl tag="Neut.Nom.Sg"/>
      <inflClass tag="--"/>
      <inflClass_gen tag="--"/>
    </tok_anno>
  </token>
  <token id="t105" trans="$tet" type="token">
    <tok_dipl id="t105_d1" trans="$tet" utf="ſtet"/>
    <tok_anno ascii="stet" id="t105_m1" trans="$tet" utf="ſtet">
      <norm tag="stêt"/>
      <lemma tag="stân"/>
      <lemma_gen tag="stân"/>
      <lemma_idmwb tag="157380000"/>
      <pos tag="VVFIN"/>
      <pos_gen tag="VV"/>
      <infl tag="Ind.Pres.Sg.3"/>
      <inflClass tag="irr"/>
      <inflClass_gen tag="irr"/>
    </tok_anno>
  </token>
  <token id="t106" trans="în" type="token">
    <tok_dipl id="t106_d1" trans="în" utf="în"/>
    <tok_anno ascii="in" id="t106_m1" trans="în" utf="în">
      <norm tag="in"/>
      <lemma tag="in"/>
      <lemma_gen tag="in"/>
      <lemma_idmwb tag="81741000"/>
      <pos tag="APPR"/>
      <pos_gen tag="AP"/>
      <infl tag="--"/>
      <inflClass tag="--"/>
      <inflClass_gen tag="--"/>
    </tok_anno>
  </token>
  <comment type="K">/K[în: î, Zirkumflex über dem i könnte auch Zeichen einer Korrektur sein]/K[în: î, Zirkumflex über dem i könnte auch Zeichen einer Korrektur sein]</comment>
  <token id="t107" trans="deme" type="token">
    <tok_dipl id="t107_d1" trans="deme" utf="deme"/>
    <tok_anno ascii="deme" id="t107_m1" trans="deme" utf="deme">
      <norm tag="deme"/>
      <lemma tag="dër"/>
      <lemma_gen tag="dër"/>
      <lemma_idmwb tag="29817000"/>
      <pos tag="DDART"/>
      <pos_gen tag="DD"/>
      <infl tag="Masc.Dat.Sg"/>
      <inflClass tag="--"/>
      <inflClass_gen tag="--"/>
    </tok_anno>
  </token>
  <token id="t108" trans="." type="punc">
    <tok_dipl id="t108_d1" trans="." utf="."/>
    <tok_anno ascii="." id="t108_m1" trans="." utf=".">
      <pos tag="$_"/>
      <pos_gen tag="$_"/>
    </tok_anno>
  </token>
  <token id="t109" trans="wege,," type="token">
    <tok_dipl id="t109_d1" trans="wege" utf="wege"/>
    <tok_anno ascii="wege" id="t109_m1" trans="wege" utf="wege">
      <norm tag="wege"/>
      <lemma tag="wëg"/>
      <lemma_gen tag="wëg"/>
      <lemma_idmwb tag="223380000"/>
      <pos tag="NA"/>
      <pos_gen tag="NA"/>
      <infl tag="Dat.Sg"/>
      <inflClass tag="st.Masc"/>
      <inflClass_gen tag="st.Masc"/>
      <punc tag="S*"/>
    </tok_anno>
  </token>
  <token id="t110" trans="und_e" type="token">
    <tok_dipl id="t110_d1" trans="und_e" utf="undᵉ"/>
    <tok_anno ascii="unde" id="t110_m1" trans="und_e" utf="undᵉ">
      <norm tag="unde"/>
      <lemma tag="unte"/>
      <lemma_gen tag="unte"/>
      <lemma_idmwb tag="183108000"/>
      <pos tag="KON"/>
      <pos_gen tag="KO"/>
      <infl tag="--"/>
      <inflClass tag="--"/>
      <inflClass_gen tag="--"/>
    </tok_anno>
  </token>
  <token id="t111" trans="hat" type="token">
    <tok_dipl id="t111_d1" trans="hat" utf="hat"/>
    <tok_anno ascii="hat" id="t111_m1" trans="hat" utf="hat">
      <norm tag="hât"/>
      <lemma tag="haben"/>
      <lemma_gen tag="haben"/>
      <lemma_idmwb tag="66885000"/>
      <pos tag="VAFIN"/>
      <pos_gen tag="VA"/>
      <infl tag="Ind.Pres.Sg.3"/>
      <inflClass tag="wk"/>
      <inflClass_gen tag="wk"/>
    </tok_anno>
  </token>
  <token id="t112" trans="lange" type="token">
    <tok_dipl id="t112_d1" trans="lange" utf="lange"/>
    <tok_anno ascii="lange" id="t112_m1" trans="lange" utf="lange">
      <norm tag="lange"/>
      <lemma tag="lange"/>
      <lemma_gen tag="lange"/>
      <lemma_idmwb tag="99030000"/>
      <pos tag="AVD"/>
      <pos_gen tag="AVD"/>
      <infl tag="--"/>
      <inflClass tag="--"/>
      <inflClass_gen tag="--"/>
    </tok_anno>
  </token>
  <token id="t113" trans="$tile,," type="token">
    <tok_dipl id="t113_d1" trans="$tile" utf="ſtile"/>
    <tok_anno ascii="stile" id="t113_m1" trans="$tile" utf="ſtile">
      <norm tag="stile"/>
      <lemma tag="stil"/>
      <lemma_gen tag="stil"/>
      <lemma_idmwb tag="159402000"/>
      <pos tag="NA"/>
      <pos_gen tag="NA"/>
      <infl tag="Akk.Pl"/>
      <inflClass tag="st.Masc"/>
      <inflClass_gen tag="st.Masc"/>
      <punc tag="S*"/>
    </tok_anno>
  </token>
  <token id="t114" trans="daz" type="token">
    <tok_dipl id="t114_d1" trans="daz" utf="daz"/>
    <tok_anno ascii="daz" id="t114_m1" trans="daz" utf="daz">
      <norm tag="daz"/>
      <lemma tag="dër"/>
      <lemma_gen tag="dër"/>
      <lemma_idmwb tag="29823000"/>
      <pos tag="DDS"/>
      <pos_gen tag="DD"/>
      <infl tag="Neut.Nom.Sg"/>
      <inflClass tag="--"/>
      <inflClass_gen tag="--"/>
    </tok_anno>
  </token>
  <token id="t115" trans="Solt||u" type="token">
    <tok_dipl id="t115_d1" trans="Soltu" utf="Soltu"/>
    <tok_anno ascii="Solt" id="t115_m1" trans="Solt|" utf="Solt">
      <norm tag="sole"/>
      <token_type tag="MS1"/>
      <lemma tag="sol(e)n"/>
      <lemma_gen tag="sol(e)n"/>
      <lemma_idmwb tag="154377000"/>
      <pos tag="VMIMP"/>
      <pos_gen tag="VM"/>
      <infl tag="Sg.2"/>
      <inflClass tag="prpr"/>
      <inflClass_gen tag="prpr"/>
    </tok_anno>
    <tok_anno ascii="u" id="t115_m2" trans="|u" utf="u">
      <norm tag="dû"/>
      <token_type tag="MS2"/>
      <lemma tag="dû"/>
      <lemma_gen tag="dû"/>
      <lemma_idmwb tag="32607000"/>
      <pos tag="PPER"/>
      <pos_gen tag="PPER"/>
      <infl tag="Nom.Sg.2"/>
      <inflClass tag="--"/>
      <inflClass_gen tag="--"/>
    </tok_anno>
  </token>
  <token id="t116" trans="ezzen(.)" type="token">
    <tok_dipl id="t116_d1" trans="ezzen" utf="ezzen"/>
    <tok_anno ascii="ezzen" id="t116_m1" trans="ezzen" utf="ezzen">
      <norm tag="ezzen"/>
      <lemma tag="ëzzen"/>
      <lemma_gen tag="ëzzen"/>
      <lemma_idmwb tag="46014000"/>
      <pos tag="VVINF"/>
      <pos_gen tag="VV"/>
      <infl tag="--"/>
      <inflClass tag="st5"/>
      <inflClass_gen tag="st5"/>
      <punc tag="DE"/>
    </tok_anno>
  </token>
</text>
