<?xml version='1.0' encoding='UTF-8'?>
<!DOCTYPE text SYSTEM "cora-xml.dtd">
<text id="M203">
  <header>
    <text>Rezept gegen Lähmung  'Contra paralisin id est vergiht'</text>
    <abbr_ddd>RezLähm</abbr_ddd>
    <abbr_mwb>-</abbr_mwb>
    <topic>Wissen(-schaft)</topic>
    <text-type>Rezept</text-type>
    <genre>P</genre>
    <reference>Handschrift</reference>
    <reference-secondary>Edition [Textnummer+Seite+Zeile]</reference-secondary>
    <library>München, Staatsbibl.</library>
    <library-shelfmark>Clm 23479</library-shelfmark>
    <online>http://www.handschriftencensus.de/15431</online>
    <medium>Handschrift</medium>
    <extent>1v</extent>
    <extract>-</extract>
    <language>mhd</language>
    <language-type>oberdeutsch</language-type>
    <language-region>-</language-region>
    <language-area>-</language-area>
    <place>-</place>
    <time>-</time>
    <notes-manuscript>-</notes-manuscript>
    <date>11</date>
    <text-place>-</text-place>
    <text-author>-</text-author>
    <text-language>-</text-language>
    <text-source>-</text-source>
    <edition>Friedrich Wilhelm (Hg.), Denkmäler deutscher Prosa des 11. und 12. Jahrhunderts,  München 1914/16, Nr. 6, Elias von Steinmeyer (Hg.), Die kleineren althochdeutschen Sprachdenkmäler, Berlin 1916, Nr. 72.2</edition>
    <corpus>ReM I</corpus>
    <notes-transcription>-</notes-transcription>
    <notes-annotation>-</notes-annotation>
    <digitization_by>Thomas Klein (Bonn)</digitization_by>
    <collation_by>Elke Weber (Bonn)</collation_by>
    <pre_editing_by>Thomas Klein (Bonn)</pre_editing_by>
    <annotation_by>Thomas Klein (Bonn) [u.B.v. R-M.S.Heffner, A Word-Index to the Texts of Steinmeyer ... 1961]</annotation_by>
    <proofreading_by>Elke Weber (Bonn)</proofreading_by>
  </header>
  <layoutinfo>
    <page id="p1" no="1" range="c1" side="v"/>
    <column id="c1" range="l1..l15"/>
    <line id="l1" name="1" range="t1_d1..t6_d1" loc="1va,1"/>
    <line id="l2" name="2" range="t7_d1..t13_d1" loc="1va,2"/>
    <line id="l3" name="3" range="t14_d1..t20_d1" loc="1va,3"/>
    <line id="l4" name="4" range="t21_d1..t30_d1" loc="1va,4"/>
    <line id="l5" name="5" range="t31_d1..t42_d1" loc="1va,5"/>
    <line id="l6" name="6" range="t43_d1..t50_d1" loc="1va,6"/>
    <line id="l7" name="7" range="t51_d1..t59_d1" loc="1va,7"/>
    <line id="l8" name="8" range="t60_d1..t67_d1" loc="1va,8"/>
    <line id="l9" name="9" range="t68_d1..t78_d1" loc="1va,9"/>
    <line id="l10" name="10" range="t79_d1..t89_d1" loc="1va,10"/>
    <line id="l11" name="11" range="t90_d1..t101_d1" loc="1va,11"/>
    <line id="l12" name="12" range="t102_d1..t109_d1" loc="1va,12"/>
    <line id="l13" name="13" range="t110_d1..t122_d1" loc="1va,13"/>
    <line id="l14" name="14" range="t123_d1..t132_d1" loc="1va,14"/>
    <line id="l15" name="15" range="t133_d1..t138_d1" loc="1va,15"/>
  </layoutinfo>
  <shifttags/>
  <token id="t1" trans="Contra" type="token">
    <tok_dipl id="t1_d1" trans="Contra" utf="Contra"/>
    <tok_anno ascii="Contra" id="t1_m1" trans="Contra" utf="Contra">
      <norm tag="--"/>
      <lemma tag="contra"/>
      <lemma_gen tag="contra"/>
      <lemma_idmwb tag="--"/>
      <pos tag="FM"/>
      <pos_gen tag="FM"/>
      <infl tag="--"/>
      <inflClass tag="--"/>
      <inflClass_gen tag="--"/>
    </tok_anno>
  </token>
  <comment type="K">/R[+]/L[+]</comment>
  <token id="t2" trans="parali$in(.)" type="token">
    <tok_dipl id="t2_d1" trans="parali$in" utf="paraliſin"/>
    <tok_anno ascii="paralisin" id="t2_m1" trans="parali$in" utf="paraliſin">
      <norm tag="--"/>
      <lemma tag="paralisin"/>
      <lemma_gen tag="paralisin"/>
      <lemma_idmwb tag="--"/>
      <pos tag="FM"/>
      <pos_gen tag="FM"/>
      <infl tag="--"/>
      <inflClass tag="--"/>
      <inflClass_gen tag="--"/>
      <punc tag="DE"/>
    </tok_anno>
  </token>
  <token id="t3" trans="id\-" type="token">
    <tok_dipl id="t3_d1" trans="id\-" utf="id̄"/>
    <tok_anno ascii="iden" id="t3_m1" trans="id\-" utf="id̄">
      <norm tag="--"/>
      <lemma tag="id\-"/>
      <lemma_gen tag="id\-"/>
      <lemma_idmwb tag="--"/>
      <pos tag="FM"/>
      <pos_gen tag="FM"/>
      <infl tag="--"/>
      <inflClass tag="--"/>
      <inflClass_gen tag="--"/>
    </tok_anno>
  </token>
  <comment type="K">/R[@]/L[@]</comment>
  <token id="t4" trans="vergiHt(.)" type="token">
    <tok_dipl id="t4_d1" trans="vergiHt" utf="vergiHt"/>
    <tok_anno ascii="vergiHt" id="t4_m1" trans="vergiHt" utf="vergiHt">
      <norm tag="vergiht"/>
      <lemma tag="ver-giht"/>
      <lemma_gen tag="ver-giht"/>
      <lemma_idmwb tag="201699000"/>
      <pos tag="NA"/>
      <pos_gen tag="NA"/>
      <infl tag="Nom.Sg"/>
      <inflClass tag="st.Fem"/>
      <inflClass_gen tag="st.Fem"/>
      <punc tag="DE"/>
    </tok_anno>
  </token>
  <token id="t5" trans="Si||q%i$" type="token">
    <tok_dipl id="t5_d1" trans="Siq%i$" utf="Siqͥſ"/>
    <tok_anno ascii="Si" id="t5_m1" trans="Si|" utf="Si">
      <norm tag="--"/>
      <token_type tag="MS1"/>
      <lemma tag="si"/>
      <lemma_gen tag="si"/>
      <lemma_idmwb tag="--"/>
      <pos tag="KO*"/>
      <pos_gen tag="FM"/>
      <infl tag="--"/>
      <inflClass tag="--"/>
      <inflClass_gen tag="--"/>
    </tok_anno>
    <tok_anno ascii="qis" id="t5_m2" trans="|q%i$" utf="qͥſ">
      <norm tag="--"/>
      <token_type tag="MS2"/>
      <lemma tag="quis"/>
      <lemma_gen tag="quis"/>
      <lemma_idmwb tag="--"/>
      <pos tag="DIA"/>
      <pos_gen tag="FM"/>
      <infl tag="Masc.Nom.Sg"/>
      <inflClass tag="--"/>
      <inflClass_gen tag="--"/>
    </tok_anno>
  </token>
  <comment type="K">/L[+]</comment>
  <token id="t6" trans="parali$in" type="token">
    <tok_dipl id="t6_d1" trans="parali$in" utf="paraliſin"/>
    <tok_anno ascii="paralisin" id="t6_m1" trans="parali$in" utf="paraliſin">
      <norm tag="paralysin"/>
      <lemma tag="paralysis"/>
      <lemma_gen tag="paralysis"/>
      <lemma_idmwb tag="--"/>
      <pos tag="NA"/>
      <pos_gen tag="FM"/>
      <infl tag="Akk.Sg"/>
      <inflClass tag="Fem"/>
      <inflClass_gen tag="Fem"/>
    </tok_anno>
  </token>
  <token id="t7" trans="patiatur,," type="token">
    <tok_dipl id="t7_d1" trans="patiatur" utf="patiatur"/>
    <tok_anno ascii="patiatur" id="t7_m1" trans="patiatur" utf="patiatur">
      <norm tag="--"/>
      <lemma tag="pati"/>
      <lemma_gen tag="pati"/>
      <lemma_idmwb tag="--"/>
      <pos tag="VVFIN"/>
      <pos_gen tag="FM"/>
      <infl tag="Subj.Pres.Sg.3"/>
      <inflClass tag="v"/>
      <inflClass_gen tag="v"/>
      <punc tag="S*"/>
    </tok_anno>
  </token>
  <token id="t8" trans="id||e$t" type="token">
    <tok_dipl id="t8_d1" trans="ide$t" utf="ideſt"/>
    <tok_anno ascii="id" id="t8_m1" trans="id|" utf="id">
      <norm tag="--"/>
      <token_type tag="MS1"/>
      <lemma tag="is"/>
      <lemma_gen tag="is"/>
      <lemma_idmwb tag="--"/>
      <pos tag="DIA"/>
      <pos_gen tag="FM"/>
      <infl tag="Neut.Nom.Sg"/>
      <inflClass tag="--"/>
      <inflClass_gen tag="--"/>
    </tok_anno>
    <tok_anno ascii="est" id="t8_m2" trans="|e$t" utf="eſt">
      <norm tag="--"/>
      <token_type tag="MS2"/>
      <lemma tag="esse"/>
      <lemma_gen tag="esse"/>
      <lemma_idmwb tag="--"/>
      <pos tag="VVFIN"/>
      <pos_gen tag="FM"/>
      <infl tag="Ind.Pres.Sg.3"/>
      <inflClass tag="v"/>
      <inflClass_gen tag="v"/>
    </tok_anno>
  </token>
  <comment type="K">/L[@]</comment>
  <token id="t9" trans="uirgihtdigot||w#erde" type="token">
    <tok_dipl id="t9_d1" trans="uirgihtdigotw" utf="uirgihtdigotw"/>
    <tok_dipl id="t9_d2" trans="erde" utf="erde"/>
    <tok_anno ascii="uirgihtdigot" id="t9_m1" trans="uirgihtdigot|" utf="uirgihtdigot">
      <norm tag="vergihtiget"/>
      <token_type tag="MS1"/>
      <lemma tag="ver-gihtigen"/>
      <lemma_gen tag="ver-gihtigen"/>
      <lemma_idmwb tag="201726000"/>
      <pos tag="VVPP"/>
      <pos_gen tag="VV"/>
      <infl tag="--"/>
      <inflClass tag="wk"/>
      <inflClass_gen tag="wk"/>
    </tok_anno>
    <tok_anno ascii="werde" id="t9_m2" trans="|w#erde" utf="werde">
      <norm tag="werde"/>
      <token_type tag="MS2 US"/>
      <lemma tag="wërden"/>
      <lemma_gen tag="wërden"/>
      <lemma_idmwb tag="225138000"/>
      <pos tag="VAFIN"/>
      <pos_gen tag="VA"/>
      <infl tag="Subj.Pres.Sg.3"/>
      <inflClass tag="st3b"/>
      <inflClass_gen tag="st3b"/>
    </tok_anno>
  </token>
  <token id="t10" trans="in||dextera" type="token">
    <tok_dipl id="t10_d1" trans="indextera" utf="indextera"/>
    <tok_anno ascii="in" id="t10_m1" trans="in|" utf="in">
      <norm tag="--"/>
      <token_type tag="MS1"/>
      <lemma tag="in"/>
      <lemma_gen tag="in"/>
      <lemma_idmwb tag="--"/>
      <pos tag="APPR"/>
      <pos_gen tag="FM"/>
      <infl tag="--"/>
      <inflClass tag="--"/>
      <inflClass_gen tag="--"/>
    </tok_anno>
    <tok_anno ascii="dextera" id="t10_m2" trans="|dextera" utf="dextera">
      <norm tag="--"/>
      <token_type tag="MS2"/>
      <lemma tag="dexter"/>
      <lemma_gen tag="dexter"/>
      <lemma_idmwb tag="--"/>
      <pos tag="ADJA"/>
      <pos_gen tag="FM"/>
      <infl tag="Pos.Fem.Abl.Sg"/>
      <inflClass tag="--"/>
      <inflClass_gen tag="--"/>
    </tok_anno>
  </token>
  <comment type="K">/L[+]</comment>
  <token id="t11" trans="parte,," type="token">
    <tok_dipl id="t11_d1" trans="parte" utf="parte"/>
    <tok_anno ascii="parte" id="t11_m1" trans="parte" utf="parte">
      <norm tag="--"/>
      <lemma tag="pars"/>
      <lemma_gen tag="pars"/>
      <lemma_idmwb tag="--"/>
      <pos tag="NA"/>
      <pos_gen tag="FM"/>
      <infl tag="Abl.Sg"/>
      <inflClass tag="Fem"/>
      <inflClass_gen tag="Fem"/>
      <punc tag="S*"/>
    </tok_anno>
  </token>
  <token id="t12" trans="." type="punc">
    <tok_dipl id="t12_d1" trans="." utf="."/>
    <tok_anno ascii="." id="t12_m1" trans="." utf=".">
      <pos tag="$_"/>
      <pos_gen tag="$_"/>
    </tok_anno>
  </token>
  <token id="t13" trans="minua(=)tur" type="token">
    <tok_dipl id="t13_d1" trans="minuatur" utf="minuatur"/>
    <tok_anno ascii="minuatur" id="t13_m1" trans="minua(=)tur" utf="minuatur">
      <norm tag="--"/>
      <token_type tag="UL"/>
      <lemma tag="minuere"/>
      <lemma_gen tag="minuere"/>
      <lemma_idmwb tag="--"/>
      <pos tag="ADJA"/>
      <pos_gen tag="FM"/>
      <infl tag="Pos.*."/>
      <inflClass tag="v"/>
      <inflClass_gen tag="v"/>
    </tok_anno>
  </token>
  <token id="t14" trans="ei" type="token">
    <tok_dipl id="t14_d1" trans="ei" utf="ei"/>
    <tok_anno ascii="ei" id="t14_m1" trans="ei" utf="ei">
      <norm tag="--"/>
      <lemma tag="ei"/>
      <lemma_gen tag="ei"/>
      <lemma_idmwb tag="--"/>
      <pos tag="FM"/>
      <pos_gen tag="FM"/>
      <infl tag="--"/>
      <inflClass tag="--"/>
      <inflClass_gen tag="--"/>
    </tok_anno>
  </token>
  <token id="t15" trans="$angui$" type="token">
    <tok_dipl id="t15_d1" trans="$angui$" utf="ſanguiſ"/>
    <tok_anno ascii="sanguis" id="t15_m1" trans="$angui$" utf="ſanguiſ">
      <norm tag="--"/>
      <lemma tag="sanguis"/>
      <lemma_gen tag="sanguis"/>
      <lemma_idmwb tag="--"/>
      <pos tag="FM"/>
      <pos_gen tag="FM"/>
      <infl tag="--"/>
      <inflClass tag="--"/>
      <inflClass_gen tag="--"/>
    </tok_anno>
  </token>
  <token id="t16" trans="in||p%9tremitate,," type="token">
    <tok_dipl id="t16_d1" trans="inp%9tremitate" utf="inpꝰtremitate"/>
    <tok_anno ascii="in" id="t16_m1" trans="in|" utf="in">
      <norm tag="--"/>
      <token_type tag="MS1"/>
      <lemma tag="in"/>
      <lemma_gen tag="in"/>
      <lemma_idmwb tag="--"/>
      <pos tag="FM"/>
      <pos_gen tag="FM"/>
      <infl tag="--"/>
      <inflClass tag="--"/>
      <inflClass_gen tag="--"/>
    </tok_anno>
    <tok_anno ascii="pustremitate" id="t16_m2" trans="|p%9tremitate" utf="pꝰtremitate">
      <norm tag="--"/>
      <token_type tag="MS2"/>
      <lemma tag="postremitas"/>
      <lemma_gen tag="postremitas"/>
      <lemma_idmwb tag="--"/>
      <pos tag="FM"/>
      <pos_gen tag="FM"/>
      <infl tag="--"/>
      <inflClass tag="--"/>
      <inflClass_gen tag="--"/>
      <punc tag="S*"/>
    </tok_anno>
  </token>
  <token id="t17" trans="id||e$t" type="token">
    <tok_dipl id="t17_d1" trans="ide$t" utf="ideſt"/>
    <tok_anno ascii="id" id="t17_m1" trans="id|" utf="id">
      <norm tag="--"/>
      <token_type tag="MS1"/>
      <lemma tag="id"/>
      <lemma_gen tag="id"/>
      <lemma_idmwb tag="--"/>
      <pos tag="FM"/>
      <pos_gen tag="FM"/>
      <infl tag="--"/>
      <inflClass tag="--"/>
      <inflClass_gen tag="--"/>
    </tok_anno>
    <tok_anno ascii="est" id="t17_m2" trans="|e$t" utf="eſt">
      <norm tag="--"/>
      <token_type tag="MS2"/>
      <lemma tag="est"/>
      <lemma_gen tag="est"/>
      <lemma_idmwb tag="--"/>
      <pos tag="FM"/>
      <pos_gen tag="FM"/>
      <infl tag="--"/>
      <inflClass tag="--"/>
      <inflClass_gen tag="--"/>
    </tok_anno>
  </token>
  <comment type="K">/L[@]</comment>
  <token id="t18" trans="in||demo" type="token">
    <tok_dipl id="t18_d1" trans="indemo" utf="indemo"/>
    <tok_anno ascii="in" id="t18_m1" trans="in|" utf="in">
      <norm tag="in"/>
      <token_type tag="MS1"/>
      <lemma tag="in"/>
      <lemma_gen tag="in"/>
      <lemma_idmwb tag="81741000"/>
      <pos tag="APPR"/>
      <pos_gen tag="AP"/>
      <infl tag="c.D"/>
      <inflClass tag="--"/>
      <inflClass_gen tag="--"/>
    </tok_anno>
    <tok_anno ascii="demo" id="t18_m2" trans="|demo" utf="demo">
      <norm tag="deme"/>
      <token_type tag="MS2"/>
      <lemma tag="dër"/>
      <lemma_gen tag="dër"/>
      <lemma_idmwb tag="29817000"/>
      <pos tag="DDART"/>
      <pos_gen tag="DD"/>
      <infl tag="Masc.Dat.Sg"/>
      <inflClass tag="--"/>
      <inflClass_gen tag="--"/>
    </tok_anno>
  </token>
  <token id="t19" trans="ballen" type="token">
    <tok_dipl id="t19_d1" trans="ballen" utf="ballen"/>
    <tok_anno ascii="ballen" id="t19_m1" trans="ballen" utf="ballen">
      <norm tag="ballen"/>
      <lemma tag="ball(e)"/>
      <lemma_gen tag="ball(e)"/>
      <lemma_idmwb tag="10785000"/>
      <pos tag="NA"/>
      <pos_gen tag="NA"/>
      <infl tag="Dat.Sg"/>
      <inflClass tag="*.Masc"/>
      <inflClass_gen tag="*.Masc"/>
    </tok_anno>
  </token>
  <token id="t20" trans="minimi||di(=)giti" type="token">
    <tok_dipl id="t20_d1" trans="minimidigiti" utf="minimidigiti"/>
    <tok_anno ascii="minimi" id="t20_m1" trans="minimi|" utf="minimi">
      <norm tag="--"/>
      <token_type tag="MS1"/>
      <lemma tag="minimi"/>
      <lemma_gen tag="minimi"/>
      <lemma_idmwb tag="--"/>
      <pos tag="FM"/>
      <pos_gen tag="FM"/>
      <infl tag="--"/>
      <inflClass tag="--"/>
      <inflClass_gen tag="--"/>
    </tok_anno>
    <tok_anno ascii="digiti" id="t20_m2" trans="|di(=)giti" utf="digiti">
      <norm tag="--"/>
      <token_type tag="MS2 UL"/>
      <lemma tag="digiti"/>
      <lemma_gen tag="digiti"/>
      <lemma_idmwb tag="--"/>
      <pos tag="FM"/>
      <pos_gen tag="FM"/>
      <infl tag="--"/>
      <inflClass tag="--"/>
      <inflClass_gen tag="--"/>
    </tok_anno>
  </token>
  <comment type="K">/L[+]</comment>
  <token id="t21" trans="$ini$tre\," type="token">
    <tok_dipl id="t21_d1" trans="$ini$tre\," utf="ſiniſtrę"/>
    <tok_anno ascii="sinistre" id="t21_m1" trans="$ini$tre\," utf="ſiniſtrę">
      <norm tag="--"/>
      <lemma tag="sinistre"/>
      <lemma_gen tag="sinistre"/>
      <lemma_idmwb tag="--"/>
      <pos tag="FM"/>
      <pos_gen tag="FM"/>
      <infl tag="--"/>
      <inflClass tag="--"/>
      <inflClass_gen tag="--"/>
    </tok_anno>
  </token>
  <token id="t22" trans="man%9" type="token">
    <tok_dipl id="t22_d1" trans="man%9" utf="manꝰ"/>
    <tok_anno ascii="manus" id="t22_m1" trans="man%9" utf="manꝰ">
      <norm tag="--"/>
      <lemma tag="manus"/>
      <lemma_gen tag="manus"/>
      <lemma_idmwb tag="--"/>
      <pos tag="FM"/>
      <pos_gen tag="FM"/>
      <infl tag="--"/>
      <inflClass tag="--"/>
      <inflClass_gen tag="--"/>
    </tok_anno>
  </token>
  <token id="t23" trans="." type="punc">
    <tok_dipl id="t23_d1" trans="." utf="."/>
    <tok_anno ascii="." id="t23_m1" trans="." utf=".">
      <pos tag="$_"/>
      <pos_gen tag="$_"/>
    </tok_anno>
  </token>
  <token id="t24" trans="7" type="token">
    <tok_dipl id="t24_d1" trans="7" utf=""/>
    <tok_anno ascii="et" id="t24_m1" trans="7" utf="">
      <norm tag="--"/>
      <lemma tag="et"/>
      <lemma_gen tag="et"/>
      <lemma_idmwb tag="--"/>
      <pos tag="FM"/>
      <pos_gen tag="FM"/>
      <infl tag="--"/>
      <inflClass tag="--"/>
      <inflClass_gen tag="--"/>
    </tok_anno>
  </token>
  <token id="t25" trans="in" type="token">
    <tok_dipl id="t25_d1" trans="in" utf="in"/>
    <tok_anno ascii="in" id="t25_m1" trans="in" utf="in">
      <norm tag="--"/>
      <lemma tag="in"/>
      <lemma_gen tag="in"/>
      <lemma_idmwb tag="--"/>
      <pos tag="FM"/>
      <pos_gen tag="FM"/>
      <infl tag="--"/>
      <inflClass tag="--"/>
      <inflClass_gen tag="--"/>
    </tok_anno>
  </token>
  <token id="t26" trans="sumitate,," type="token">
    <tok_dipl id="t26_d1" trans="sumitate" utf="sumitate"/>
    <tok_anno ascii="sumitate" id="t26_m1" trans="sumitate" utf="sumitate">
      <norm tag="--"/>
      <lemma tag="summitate"/>
      <lemma_gen tag="summitate"/>
      <lemma_idmwb tag="--"/>
      <pos tag="FM"/>
      <pos_gen tag="FM"/>
      <infl tag="--"/>
      <inflClass tag="--"/>
      <inflClass_gen tag="--"/>
      <punc tag="S*"/>
    </tok_anno>
  </token>
  <token id="t27" trans="id||est" type="token">
    <tok_dipl id="t27_d1" trans="idest" utf="idest"/>
    <tok_anno ascii="id" id="t27_m1" trans="id|" utf="id">
      <norm tag="--"/>
      <token_type tag="MS1"/>
      <lemma tag="id"/>
      <lemma_gen tag="id"/>
      <lemma_idmwb tag="--"/>
      <pos tag="FM"/>
      <pos_gen tag="FM"/>
      <infl tag="--"/>
      <inflClass tag="--"/>
      <inflClass_gen tag="--"/>
    </tok_anno>
    <tok_anno ascii="est" id="t27_m2" trans="|est" utf="est">
      <norm tag="--"/>
      <token_type tag="MS2"/>
      <lemma tag="est"/>
      <lemma_gen tag="est"/>
      <lemma_idmwb tag="--"/>
      <pos tag="FM"/>
      <pos_gen tag="FM"/>
      <infl tag="--"/>
      <inflClass tag="--"/>
      <inflClass_gen tag="--"/>
    </tok_anno>
  </token>
  <comment type="K">/L[@]</comment>
  <token id="t28" trans="in||demo" type="token">
    <tok_dipl id="t28_d1" trans="indemo" utf="indemo"/>
    <tok_anno ascii="in" id="t28_m1" trans="in|" utf="in">
      <norm tag="in"/>
      <token_type tag="MS1"/>
      <lemma tag="in"/>
      <lemma_gen tag="in"/>
      <lemma_idmwb tag="81741000"/>
      <pos tag="APPR"/>
      <pos_gen tag="AP"/>
      <infl tag="c.D"/>
      <inflClass tag="--"/>
      <inflClass_gen tag="--"/>
    </tok_anno>
    <tok_anno ascii="demo" id="t28_m2" trans="|demo" utf="demo">
      <norm tag="deme"/>
      <token_type tag="MS2"/>
      <lemma tag="dër"/>
      <lemma_gen tag="dër"/>
      <lemma_idmwb tag="29817000"/>
      <pos tag="DDART"/>
      <pos_gen tag="DD"/>
      <infl tag="Masc.Dat.Sg"/>
      <inflClass tag="--"/>
      <inflClass_gen tag="--"/>
    </tok_anno>
  </token>
  <token id="t29" trans="ballen" type="token">
    <tok_dipl id="t29_d1" trans="ballen" utf="ballen"/>
    <tok_anno ascii="ballen" id="t29_m1" trans="ballen" utf="ballen">
      <norm tag="ballen"/>
      <lemma tag="ball(e)"/>
      <lemma_gen tag="ball(e)"/>
      <lemma_idmwb tag="10785000"/>
      <pos tag="NA"/>
      <pos_gen tag="NA"/>
      <infl tag="Dat.Sg"/>
      <inflClass tag="*.Masc"/>
      <inflClass_gen tag="*.Masc"/>
    </tok_anno>
  </token>
  <token id="t30" trans="mini(=)mi" type="token">
    <tok_dipl id="t30_d1" trans="minimi" utf="minimi"/>
    <tok_anno ascii="minimi" id="t30_m1" trans="mini(=)mi" utf="minimi">
      <norm tag="--"/>
      <token_type tag="UL"/>
      <lemma tag="minimi"/>
      <lemma_gen tag="minimi"/>
      <lemma_idmwb tag="--"/>
      <pos tag="FM"/>
      <pos_gen tag="FM"/>
      <infl tag="--"/>
      <inflClass tag="--"/>
      <inflClass_gen tag="--"/>
    </tok_anno>
  </token>
  <comment type="K">/L[+]</comment>
  <token id="t31" trans="digiti,," type="token">
    <tok_dipl id="t31_d1" trans="digiti" utf="digiti"/>
    <tok_anno ascii="digiti" id="t31_m1" trans="digiti" utf="digiti">
      <norm tag="--"/>
      <lemma tag="digiti"/>
      <lemma_gen tag="digiti"/>
      <lemma_idmwb tag="--"/>
      <pos tag="FM"/>
      <pos_gen tag="FM"/>
      <infl tag="--"/>
      <inflClass tag="--"/>
      <inflClass_gen tag="--"/>
      <punc tag="S*"/>
    </tok_anno>
  </token>
  <token id="t32" trans="." type="punc">
    <tok_dipl id="t32_d1" trans="." utf="."/>
    <tok_anno ascii="." id="t32_m1" trans="." utf=".">
      <pos tag="$_"/>
      <pos_gen tag="$_"/>
    </tok_anno>
  </token>
  <token id="t33" trans="id||e$t" type="token">
    <tok_dipl id="t33_d1" trans="ide$t" utf="ideſt"/>
    <tok_anno ascii="id" id="t33_m1" trans="id|" utf="id">
      <norm tag="--"/>
      <token_type tag="MS1"/>
      <lemma tag="id"/>
      <lemma_gen tag="id"/>
      <lemma_idmwb tag="--"/>
      <pos tag="FM"/>
      <pos_gen tag="FM"/>
      <infl tag="--"/>
      <inflClass tag="--"/>
      <inflClass_gen tag="--"/>
    </tok_anno>
    <tok_anno ascii="est" id="t33_m2" trans="|e$t" utf="eſt">
      <norm tag="--"/>
      <token_type tag="MS2"/>
      <lemma tag="est"/>
      <lemma_gen tag="est"/>
      <lemma_idmwb tag="--"/>
      <pos tag="FM"/>
      <pos_gen tag="FM"/>
      <infl tag="--"/>
      <inflClass tag="--"/>
      <inflClass_gen tag="--"/>
    </tok_anno>
  </token>
  <comment type="K">/L[@]</comment>
  <token id="t34" trans="dero" type="token">
    <tok_dipl id="t34_d1" trans="dero" utf="dero"/>
    <tok_anno ascii="dero" id="t34_m1" trans="dero" utf="dero">
      <norm tag="dere"/>
      <lemma tag="dër"/>
      <lemma_gen tag="dër"/>
      <lemma_idmwb tag="29817000"/>
      <pos tag="DDART"/>
      <pos_gen tag="DD"/>
      <infl tag="Fem.Gen.Sg"/>
      <inflClass tag="--"/>
      <inflClass_gen tag="--"/>
    </tok_anno>
  </token>
  <token id="t35" trans="cehon" type="token">
    <tok_dipl id="t35_d1" trans="cehon" utf="cehon"/>
    <tok_anno ascii="cehon" id="t35_m1" trans="cehon" utf="cehon">
      <norm tag="zêhen"/>
      <lemma tag="zêhe"/>
      <lemma_gen tag="zêhe"/>
      <lemma_idmwb tag="235854000"/>
      <pos tag="NA"/>
      <pos_gen tag="NA"/>
      <infl tag="Gen.Sg"/>
      <inflClass tag="st.Fem"/>
      <inflClass_gen tag="*.Fem"/>
    </tok_anno>
  </token>
  <token id="t36" trans="dextri" type="token">
    <tok_dipl id="t36_d1" trans="dextri" utf="dextri"/>
    <tok_anno ascii="dextri" id="t36_m1" trans="dextri" utf="dextri">
      <norm tag="--"/>
      <lemma tag="dextri"/>
      <lemma_gen tag="dextri"/>
      <lemma_idmwb tag="--"/>
      <pos tag="FM"/>
      <pos_gen tag="FM"/>
      <infl tag="--"/>
      <inflClass tag="--"/>
      <inflClass_gen tag="--"/>
    </tok_anno>
  </token>
  <comment type="K">/L[+]</comment>
  <token id="t37" trans="pedi$(.)" type="token">
    <tok_dipl id="t37_d1" trans="pedi$" utf="pediſ"/>
    <tok_anno ascii="pedis" id="t37_m1" trans="pedi$" utf="pediſ">
      <norm tag="--"/>
      <lemma tag="pedis"/>
      <lemma_gen tag="pedis"/>
      <lemma_idmwb tag="--"/>
      <pos tag="FM"/>
      <pos_gen tag="FM"/>
      <infl tag="--"/>
      <inflClass tag="--"/>
      <inflClass_gen tag="--"/>
      <punc tag="DE"/>
    </tok_anno>
  </token>
  <token id="t38" trans="Si" type="token">
    <tok_dipl id="t38_d1" trans="Si" utf="Si"/>
    <tok_anno ascii="Si" id="t38_m1" trans="Si" utf="Si">
      <norm tag="--"/>
      <lemma tag="si"/>
      <lemma_gen tag="si"/>
      <lemma_idmwb tag="--"/>
      <pos tag="FM"/>
      <pos_gen tag="FM"/>
      <infl tag="--"/>
      <inflClass tag="--"/>
      <inflClass_gen tag="--"/>
    </tok_anno>
  </token>
  <token id="t39" trans="au\-" type="token">
    <tok_dipl id="t39_d1" trans="au\-" utf="aū"/>
    <tok_anno ascii="aun" id="t39_m1" trans="au\-" utf="aū">
      <norm tag="--"/>
      <lemma tag="autem"/>
      <lemma_gen tag="autem"/>
      <lemma_idmwb tag="--"/>
      <pos tag="FM"/>
      <pos_gen tag="FM"/>
      <infl tag="--"/>
      <inflClass tag="--"/>
      <inflClass_gen tag="--"/>
    </tok_anno>
  </token>
  <token id="t40" trans="ei" type="token">
    <tok_dipl id="t40_d1" trans="ei" utf="ei"/>
    <tok_anno ascii="ei" id="t40_m1" trans="ei" utf="ei">
      <norm tag="--"/>
      <lemma tag="ei"/>
      <lemma_gen tag="ei"/>
      <lemma_idmwb tag="--"/>
      <pos tag="FM"/>
      <pos_gen tag="FM"/>
      <infl tag="--"/>
      <inflClass tag="--"/>
      <inflClass_gen tag="--"/>
    </tok_anno>
  </token>
  <token id="t41" trans="c\-tingat" type="token">
    <tok_dipl id="t41_d1" trans="c\-tingat" utf="c̄tingat"/>
    <tok_anno ascii="centingat" id="t41_m1" trans="c\-tingat" utf="c̄tingat">
      <norm tag="--"/>
      <lemma tag="contingat"/>
      <lemma_gen tag="contingat"/>
      <lemma_idmwb tag="--"/>
      <pos tag="FM"/>
      <pos_gen tag="FM"/>
      <infl tag="--"/>
      <inflClass tag="--"/>
      <inflClass_gen tag="--"/>
    </tok_anno>
  </token>
  <token id="t42" trans="ip$a" type="token">
    <tok_dipl id="t42_d1" trans="ip$a" utf="ipſa"/>
    <tok_anno ascii="ipsa" id="t42_m1" trans="ip$a" utf="ipſa">
      <norm tag="--"/>
      <lemma tag="ipsa"/>
      <lemma_gen tag="ipsa"/>
      <lemma_idmwb tag="--"/>
      <pos tag="FM"/>
      <pos_gen tag="FM"/>
      <infl tag="--"/>
      <inflClass tag="--"/>
      <inflClass_gen tag="--"/>
    </tok_anno>
  </token>
  <comment type="K">/L[@]</comment>
  <token id="t43" trans="parali$i$" type="token">
    <tok_dipl id="t43_d1" trans="parali$i$" utf="paraliſiſ"/>
    <tok_anno ascii="paralisis" id="t43_m1" trans="parali$i$" utf="paraliſiſ">
      <norm tag="--"/>
      <lemma tag="paralisis"/>
      <lemma_gen tag="paralisis"/>
      <lemma_idmwb tag="--"/>
      <pos tag="FM"/>
      <pos_gen tag="FM"/>
      <infl tag="--"/>
      <inflClass tag="--"/>
      <inflClass_gen tag="--"/>
    </tok_anno>
  </token>
  <comment type="K">/L[+]</comment>
  <token id="t44" trans="in||$ini$tra" type="token">
    <tok_dipl id="t44_d1" trans="in$ini$tra" utf="inſiniſtra"/>
    <tok_anno ascii="in" id="t44_m1" trans="in|" utf="in">
      <norm tag="--"/>
      <token_type tag="MS1"/>
      <lemma tag="in"/>
      <lemma_gen tag="in"/>
      <lemma_idmwb tag="--"/>
      <pos tag="FM"/>
      <pos_gen tag="FM"/>
      <infl tag="--"/>
      <inflClass tag="--"/>
      <inflClass_gen tag="--"/>
    </tok_anno>
    <tok_anno ascii="sinistra" id="t44_m2" trans="|$ini$tra" utf="ſiniſtra">
      <norm tag="--"/>
      <token_type tag="MS2"/>
      <lemma tag="sinistra"/>
      <lemma_gen tag="sinistra"/>
      <lemma_idmwb tag="--"/>
      <pos tag="FM"/>
      <pos_gen tag="FM"/>
      <infl tag="--"/>
      <inflClass tag="--"/>
      <inflClass_gen tag="--"/>
    </tok_anno>
  </token>
  <token id="t45" trans="parte,," type="token">
    <tok_dipl id="t45_d1" trans="parte" utf="parte"/>
    <tok_anno ascii="parte" id="t45_m1" trans="parte" utf="parte">
      <norm tag="--"/>
      <lemma tag="parte"/>
      <lemma_gen tag="parte"/>
      <lemma_idmwb tag="--"/>
      <pos tag="FM"/>
      <pos_gen tag="FM"/>
      <infl tag="--"/>
      <inflClass tag="--"/>
      <inflClass_gen tag="--"/>
      <punc tag="S*"/>
    </tok_anno>
  </token>
  <token id="t46" trans="." type="punc">
    <tok_dipl id="t46_d1" trans="." utf="."/>
    <tok_anno ascii="." id="t46_m1" trans="." utf=".">
      <pos tag="$_"/>
      <pos_gen tag="$_"/>
    </tok_anno>
  </token>
  <token id="t47" trans="minuatur" type="token">
    <tok_dipl id="t47_d1" trans="minuatur" utf="minuatur"/>
    <tok_anno ascii="minuatur" id="t47_m1" trans="minuatur" utf="minuatur">
      <norm tag="--"/>
      <lemma tag="minuatur"/>
      <lemma_gen tag="minuatur"/>
      <lemma_idmwb tag="--"/>
      <pos tag="FM"/>
      <pos_gen tag="FM"/>
      <infl tag="--"/>
      <inflClass tag="--"/>
      <inflClass_gen tag="--"/>
    </tok_anno>
  </token>
  <token id="t48" trans="ei" type="token">
    <tok_dipl id="t48_d1" trans="ei" utf="ei"/>
    <tok_anno ascii="ei" id="t48_m1" trans="ei" utf="ei">
      <norm tag="--"/>
      <lemma tag="ei"/>
      <lemma_gen tag="ei"/>
      <lemma_idmwb tag="--"/>
      <pos tag="FM"/>
      <pos_gen tag="FM"/>
      <infl tag="--"/>
      <inflClass tag="--"/>
      <inflClass_gen tag="--"/>
    </tok_anno>
  </token>
  <token id="t49" trans="$angui$" type="token">
    <tok_dipl id="t49_d1" trans="$angui$" utf="ſanguiſ"/>
    <tok_anno ascii="sanguis" id="t49_m1" trans="$angui$" utf="ſanguiſ">
      <norm tag="--"/>
      <lemma tag="sanguis"/>
      <lemma_gen tag="sanguis"/>
      <lemma_idmwb tag="--"/>
      <pos tag="FM"/>
      <pos_gen tag="FM"/>
      <infl tag="--"/>
      <inflClass tag="--"/>
      <inflClass_gen tag="--"/>
    </tok_anno>
  </token>
  <token id="t50" trans="in||po$tremi(=)tate" type="token">
    <tok_dipl id="t50_d1" trans="inpo$tremitate" utf="inpoſtremitate"/>
    <tok_anno ascii="in" id="t50_m1" trans="in|" utf="in">
      <norm tag="--"/>
      <token_type tag="MS1"/>
      <lemma tag="in"/>
      <lemma_gen tag="in"/>
      <lemma_idmwb tag="--"/>
      <pos tag="FM"/>
      <pos_gen tag="FM"/>
      <infl tag="--"/>
      <inflClass tag="--"/>
      <inflClass_gen tag="--"/>
    </tok_anno>
    <tok_anno ascii="postremitate" id="t50_m2" trans="|po$tremi(=)tate" utf="poſtremitate">
      <norm tag="--"/>
      <token_type tag="MS2 UL"/>
      <lemma tag="postremitate"/>
      <lemma_gen tag="postremitate"/>
      <lemma_idmwb tag="--"/>
      <pos tag="FM"/>
      <pos_gen tag="FM"/>
      <infl tag="--"/>
      <inflClass tag="--"/>
      <inflClass_gen tag="--"/>
    </tok_anno>
  </token>
  <token id="t51" trans="minimi" type="token">
    <tok_dipl id="t51_d1" trans="minimi" utf="minimi"/>
    <tok_anno ascii="minimi" id="t51_m1" trans="minimi" utf="minimi">
      <norm tag="--"/>
      <lemma tag="minimi"/>
      <lemma_gen tag="minimi"/>
      <lemma_idmwb tag="--"/>
      <pos tag="FM"/>
      <pos_gen tag="FM"/>
      <infl tag="--"/>
      <inflClass tag="--"/>
      <inflClass_gen tag="--"/>
    </tok_anno>
  </token>
  <token id="t52" trans="digiti" type="token">
    <tok_dipl id="t52_d1" trans="digiti" utf="digiti"/>
    <tok_anno ascii="digiti" id="t52_m1" trans="digiti" utf="digiti">
      <norm tag="--"/>
      <lemma tag="digiti"/>
      <lemma_gen tag="digiti"/>
      <lemma_idmwb tag="--"/>
      <pos tag="FM"/>
      <pos_gen tag="FM"/>
      <infl tag="--"/>
      <inflClass tag="--"/>
      <inflClass_gen tag="--"/>
    </tok_anno>
  </token>
  <token id="t53" trans="dextere" type="token">
    <tok_dipl id="t53_d1" trans="dextere" utf="dextere"/>
    <tok_anno ascii="dextere" id="t53_m1" trans="dextere" utf="dextere">
      <norm tag="--"/>
      <lemma tag="dextere"/>
      <lemma_gen tag="dextere"/>
      <lemma_idmwb tag="--"/>
      <pos tag="FM"/>
      <pos_gen tag="FM"/>
      <infl tag="--"/>
      <inflClass tag="--"/>
      <inflClass_gen tag="--"/>
    </tok_anno>
  </token>
  <token id="t54" trans="man%9" type="token">
    <tok_dipl id="t54_d1" trans="man%9" utf="manꝰ"/>
    <tok_anno ascii="manus" id="t54_m1" trans="man%9" utf="manꝰ">
      <norm tag="--"/>
      <lemma tag="manus"/>
      <lemma_gen tag="manus"/>
      <lemma_idmwb tag="--"/>
      <pos tag="FM"/>
      <pos_gen tag="FM"/>
      <infl tag="--"/>
      <inflClass tag="--"/>
      <inflClass_gen tag="--"/>
    </tok_anno>
  </token>
  <token id="t55" trans="." type="punc">
    <tok_dipl id="t55_d1" trans="." utf="."/>
    <tok_anno ascii="." id="t55_m1" trans="." utf=".">
      <pos tag="$_"/>
      <pos_gen tag="$_"/>
    </tok_anno>
  </token>
  <token id="t56" trans="7" type="token">
    <tok_dipl id="t56_d1" trans="7" utf=""/>
    <tok_anno ascii="et" id="t56_m1" trans="7" utf="">
      <norm tag="--"/>
      <lemma tag="et"/>
      <lemma_gen tag="et"/>
      <lemma_idmwb tag="--"/>
      <pos tag="FM"/>
      <pos_gen tag="FM"/>
      <infl tag="--"/>
      <inflClass tag="--"/>
      <inflClass_gen tag="--"/>
    </tok_anno>
  </token>
  <token id="t57" trans="in" type="token">
    <tok_dipl id="t57_d1" trans="in" utf="in"/>
    <tok_anno ascii="in" id="t57_m1" trans="in" utf="in">
      <norm tag="--"/>
      <lemma tag="in"/>
      <lemma_gen tag="in"/>
      <lemma_idmwb tag="--"/>
      <pos tag="FM"/>
      <pos_gen tag="FM"/>
      <infl tag="--"/>
      <inflClass tag="--"/>
      <inflClass_gen tag="--"/>
    </tok_anno>
  </token>
  <token id="t58" trans="po$tremitate" type="token">
    <tok_dipl id="t58_d1" trans="po$tremitate" utf="poſtremitate"/>
    <tok_anno ascii="postremitate" id="t58_m1" trans="po$tremitate" utf="poſtremitate">
      <norm tag="--"/>
      <lemma tag="postremitate"/>
      <lemma_gen tag="postremitate"/>
      <lemma_idmwb tag="--"/>
      <pos tag="FM"/>
      <pos_gen tag="FM"/>
      <infl tag="--"/>
      <inflClass tag="--"/>
      <inflClass_gen tag="--"/>
    </tok_anno>
  </token>
  <token id="t59" trans="mini(=)mi" type="token">
    <tok_dipl id="t59_d1" trans="minimi" utf="minimi"/>
    <tok_anno ascii="minimi" id="t59_m1" trans="mini(=)mi" utf="minimi">
      <norm tag="--"/>
      <token_type tag="UL"/>
      <lemma tag="minimi"/>
      <lemma_gen tag="minimi"/>
      <lemma_idmwb tag="--"/>
      <pos tag="FM"/>
      <pos_gen tag="FM"/>
      <infl tag="--"/>
      <inflClass tag="--"/>
      <inflClass_gen tag="--"/>
    </tok_anno>
  </token>
  <token id="t60" trans="digiti" type="token">
    <tok_dipl id="t60_d1" trans="digiti" utf="digiti"/>
    <tok_anno ascii="digiti" id="t60_m1" trans="digiti" utf="digiti">
      <norm tag="--"/>
      <lemma tag="digiti"/>
      <lemma_gen tag="digiti"/>
      <lemma_idmwb tag="--"/>
      <pos tag="FM"/>
      <pos_gen tag="FM"/>
      <infl tag="--"/>
      <inflClass tag="--"/>
      <inflClass_gen tag="--"/>
    </tok_anno>
  </token>
  <token id="t61" trans="$ini$tri" type="token">
    <tok_dipl id="t61_d1" trans="$ini$tri" utf="ſiniſtri"/>
    <tok_anno ascii="sinistri" id="t61_m1" trans="$ini$tri" utf="ſiniſtri">
      <norm tag="--"/>
      <lemma tag="sinistri"/>
      <lemma_gen tag="sinistri"/>
      <lemma_idmwb tag="--"/>
      <pos tag="FM"/>
      <pos_gen tag="FM"/>
      <infl tag="--"/>
      <inflClass tag="--"/>
      <inflClass_gen tag="--"/>
    </tok_anno>
  </token>
  <token id="t62" trans="pedi$(.)" type="token">
    <tok_dipl id="t62_d1" trans="pedi$" utf="pediſ"/>
    <tok_anno ascii="pedis" id="t62_m1" trans="pedi$" utf="pediſ">
      <norm tag="--"/>
      <lemma tag="pedis"/>
      <lemma_gen tag="pedis"/>
      <lemma_idmwb tag="--"/>
      <pos tag="FM"/>
      <pos_gen tag="FM"/>
      <infl tag="--"/>
      <inflClass tag="--"/>
      <inflClass_gen tag="--"/>
      <punc tag="DE"/>
    </tok_anno>
  </token>
  <token id="t63" trans="Deinde" type="token">
    <tok_dipl id="t63_d1" trans="Deinde" utf="Deinde"/>
    <tok_anno ascii="Deinde" id="t63_m1" trans="Deinde" utf="Deinde">
      <norm tag="--"/>
      <lemma tag="deinde"/>
      <lemma_gen tag="deinde"/>
      <lemma_idmwb tag="--"/>
      <pos tag="FM"/>
      <pos_gen tag="FM"/>
      <infl tag="--"/>
      <inflClass tag="--"/>
      <inflClass_gen tag="--"/>
    </tok_anno>
  </token>
  <token id="t64" trans="tollatur" type="token">
    <tok_dipl id="t64_d1" trans="tollatur" utf="tollatur"/>
    <tok_anno ascii="tollatur" id="t64_m1" trans="tollatur" utf="tollatur">
      <norm tag="--"/>
      <lemma tag="tollatur"/>
      <lemma_gen tag="tollatur"/>
      <lemma_idmwb tag="--"/>
      <pos tag="FM"/>
      <pos_gen tag="FM"/>
      <infl tag="--"/>
      <inflClass tag="--"/>
      <inflClass_gen tag="--"/>
    </tok_anno>
  </token>
  <token id="t65" trans="auena" type="token">
    <tok_dipl id="t65_d1" trans="auena" utf="auena"/>
    <tok_anno ascii="auena" id="t65_m1" trans="auena" utf="auena">
      <norm tag="--"/>
      <lemma tag="auena"/>
      <lemma_gen tag="auena"/>
      <lemma_idmwb tag="--"/>
      <pos tag="FM"/>
      <pos_gen tag="FM"/>
      <infl tag="--"/>
      <inflClass tag="--"/>
      <inflClass_gen tag="--"/>
    </tok_anno>
  </token>
  <token id="t66" trans="trita" type="token">
    <tok_dipl id="t66_d1" trans="trita" utf="trita"/>
    <tok_anno ascii="trita" id="t66_m1" trans="trita" utf="trita">
      <norm tag="--"/>
      <lemma tag="trita"/>
      <lemma_gen tag="trita"/>
      <lemma_idmwb tag="--"/>
      <pos tag="FM"/>
      <pos_gen tag="FM"/>
      <infl tag="--"/>
      <inflClass tag="--"/>
      <inflClass_gen tag="--"/>
    </tok_anno>
  </token>
  <token id="t67" trans="et||non" type="token">
    <tok_dipl id="t67_d1" trans="etnon" utf="etnon"/>
    <tok_anno ascii="et" id="t67_m1" trans="et|" utf="et">
      <norm tag="--"/>
      <token_type tag="MS1"/>
      <lemma tag="et"/>
      <lemma_gen tag="et"/>
      <lemma_idmwb tag="--"/>
      <pos tag="FM"/>
      <pos_gen tag="FM"/>
      <infl tag="--"/>
      <inflClass tag="--"/>
      <inflClass_gen tag="--"/>
    </tok_anno>
    <tok_anno ascii="non" id="t67_m2" trans="|non" utf="non">
      <norm tag="--"/>
      <token_type tag="MS2"/>
      <lemma tag="non"/>
      <lemma_gen tag="non"/>
      <lemma_idmwb tag="--"/>
      <pos tag="FM"/>
      <pos_gen tag="FM"/>
      <infl tag="--"/>
      <inflClass tag="--"/>
      <inflClass_gen tag="--"/>
    </tok_anno>
  </token>
  <token id="t68" trans="trita,," type="token">
    <tok_dipl id="t68_d1" trans="trita" utf="trita"/>
    <tok_anno ascii="trita" id="t68_m1" trans="trita" utf="trita">
      <norm tag="--"/>
      <lemma tag="trita"/>
      <lemma_gen tag="trita"/>
      <lemma_idmwb tag="--"/>
      <pos tag="FM"/>
      <pos_gen tag="FM"/>
      <infl tag="--"/>
      <inflClass tag="--"/>
      <inflClass_gen tag="--"/>
      <punc tag="S*"/>
    </tok_anno>
  </token>
  <token id="t69" trans="." type="punc">
    <tok_dipl id="t69_d1" trans="." utf="."/>
    <tok_anno ascii="." id="t69_m1" trans="." utf=".">
      <pos tag="$_"/>
      <pos_gen tag="$_"/>
    </tok_anno>
  </token>
  <token id="t70" trans="id||e$t" type="token">
    <tok_dipl id="t70_d1" trans="ide$t" utf="ideſt"/>
    <tok_anno ascii="id" id="t70_m1" trans="id|" utf="id">
      <norm tag="--"/>
      <token_type tag="MS1"/>
      <lemma tag="id"/>
      <lemma_gen tag="id"/>
      <lemma_idmwb tag="--"/>
      <pos tag="FM"/>
      <pos_gen tag="FM"/>
      <infl tag="--"/>
      <inflClass tag="--"/>
      <inflClass_gen tag="--"/>
    </tok_anno>
    <tok_anno ascii="est" id="t70_m2" trans="|e$t" utf="eſt">
      <norm tag="--"/>
      <token_type tag="MS2"/>
      <lemma tag="est"/>
      <lemma_gen tag="est"/>
      <lemma_idmwb tag="--"/>
      <pos tag="FM"/>
      <pos_gen tag="FM"/>
      <infl tag="--"/>
      <inflClass tag="--"/>
      <inflClass_gen tag="--"/>
    </tok_anno>
  </token>
  <comment type="K">/L[@]</comment>
  <token id="t71" trans="gedro$chen" type="token">
    <tok_dipl id="t71_d1" trans="gedro$chen" utf="gedroſchen"/>
    <tok_anno ascii="gedroschen" id="t71_m1" trans="gedro$chen" utf="gedroſchen">
      <norm tag="gedroschen"/>
      <lemma tag="drëschen"/>
      <lemma_gen tag="drëschen"/>
      <lemma_idmwb tag="31980000"/>
      <pos tag="VVPP"/>
      <pos_gen tag="VV"/>
      <infl tag="--"/>
      <inflClass tag="st4"/>
      <inflClass_gen tag="st4"/>
    </tok_anno>
  </token>
  <token id="t72" trans="unde" type="token">
    <tok_dipl id="t72_d1" trans="unde" utf="unde"/>
    <tok_anno ascii="unde" id="t72_m1" trans="unde" utf="unde">
      <norm tag="unde"/>
      <lemma tag="unte"/>
      <lemma_gen tag="unte"/>
      <lemma_idmwb tag="183108000"/>
      <pos tag="KON"/>
      <pos_gen tag="KO"/>
      <infl tag="--"/>
      <inflClass tag="--"/>
      <inflClass_gen tag="--"/>
    </tok_anno>
  </token>
  <token id="t73" trans="ungedro$chen,," type="token">
    <tok_dipl id="t73_d1" trans="ungedro$chen" utf="ungedroſchen"/>
    <tok_anno ascii="ungedroschen" id="t73_m1" trans="ungedro$chen" utf="ungedroſchen">
      <norm tag="ungedroschen"/>
      <lemma tag="un-ge-droschen"/>
      <lemma_gen tag="un-ge-droschen"/>
      <lemma_idmwb tag="186027000"/>
      <pos tag="ADJD"/>
      <pos_gen tag="VVPP"/>
      <infl tag="Pos....0"/>
      <inflClass tag="--"/>
      <inflClass_gen tag="--"/>
      <punc tag="S*"/>
    </tok_anno>
  </token>
  <token id="t74" trans="." type="punc">
    <tok_dipl id="t74_d1" trans="." utf="."/>
    <tok_anno ascii="." id="t74_m1" trans="." utf=".">
      <pos tag="$_"/>
      <pos_gen tag="$_"/>
    </tok_anno>
  </token>
  <token id="t75" trans="atehc," type="token">
    <tok_dipl id="t75_d1" trans="atehc" utf="atehc"/>
    <tok_anno ascii="atehc" id="t75_m1" trans="atehc" utf="atehc">
      <norm tag="atich"/>
      <lemma tag="atich"/>
      <lemma_gen tag="atich"/>
      <lemma_idmwb tag="9915000"/>
      <pos tag="NA"/>
      <pos_gen tag="NA"/>
      <infl tag="Akk.Sg"/>
      <inflClass tag="st.Masc"/>
      <inflClass_gen tag="st.Masc"/>
      <punc tag="N*"/>
    </tok_anno>
  </token>
  <token id="t76" trans="." type="punc">
    <tok_dipl id="t76_d1" trans="." utf="."/>
    <tok_anno ascii="." id="t76_m1" trans="." utf=".">
      <pos tag="$_"/>
      <pos_gen tag="$_"/>
    </tok_anno>
  </token>
  <token id="t77" trans="farn," type="token">
    <tok_dipl id="t77_d1" trans="farn" utf="farn"/>
    <tok_anno ascii="farn" id="t77_m1" trans="farn" utf="farn">
      <norm tag="varn"/>
      <lemma tag="varn"/>
      <lemma_gen tag="varn"/>
      <lemma_idmwb tag="???"/>
      <pos tag="NA"/>
      <pos_gen tag="NA"/>
      <infl tag="Akk.Sg"/>
      <inflClass tag="st.Masc"/>
      <inflClass_gen tag="st.Masc"/>
      <punc tag="N*"/>
    </tok_anno>
  </token>
  <token id="t78" trans="." type="punc">
    <tok_dipl id="t78_d1" trans="." utf="."/>
    <tok_anno ascii="." id="t78_m1" trans="." utf=".">
      <pos tag="$_"/>
      <pos_gen tag="$_"/>
    </tok_anno>
  </token>
  <token id="t79" trans="ameizon," type="token">
    <tok_dipl id="t79_d1" trans="ameizon" utf="ameizon"/>
    <tok_anno ascii="ameizon" id="t79_m1" trans="ameizon" utf="ameizon">
      <norm tag="âmeizen"/>
      <lemma tag="âmèize"/>
      <lemma_gen tag="âmèize"/>
      <lemma_idmwb tag="5202000"/>
      <pos tag="NA"/>
      <pos_gen tag="NA"/>
      <infl tag="Akk.Pl"/>
      <inflClass tag="*.Masc,Fem"/>
      <inflClass_gen tag="*.Masc,Fem"/>
      <punc tag="N*"/>
    </tok_anno>
  </token>
  <token id="t80" trans="." type="punc">
    <tok_dipl id="t80_d1" trans="." utf="."/>
    <tok_anno ascii="." id="t80_m1" trans="." utf=".">
      <pos tag="$_"/>
      <pos_gen tag="$_"/>
    </tok_anno>
  </token>
  <token id="t81" trans="wermoten," type="token">
    <tok_dipl id="t81_d1" trans="wermoten" utf="wermoten"/>
    <tok_anno ascii="wermoten" id="t81_m1" trans="wermoten" utf="wermoten">
      <norm tag="wermuoten"/>
      <lemma tag="wërmuot(e)"/>
      <lemma_gen tag="wërmuot(e)"/>
      <lemma_idmwb tag="???"/>
      <pos tag="NA"/>
      <pos_gen tag="NA"/>
      <infl tag="Akk.Sg"/>
      <inflClass tag="st.Fem"/>
      <inflClass_gen tag="*.Fem"/>
      <punc tag="N*"/>
    </tok_anno>
  </token>
  <token id="t82" trans="." type="punc">
    <tok_dipl id="t82_d1" trans="." utf="."/>
    <tok_anno ascii="." id="t82_m1" trans="." utf=".">
      <pos tag="$_"/>
      <pos_gen tag="$_"/>
    </tok_anno>
  </token>
  <token id="t83" trans="heternezelon,," type="token">
    <tok_dipl id="t83_d1" trans="heternezelon" utf="heternezelon"/>
    <tok_anno ascii="heternezelon" id="t83_m1" trans="heternezelon" utf="heternezelon">
      <norm tag="eiternezzelen"/>
      <lemma tag="èiter-nèzzel(e)"/>
      <lemma_gen tag="èiter-nèzzel(e)"/>
      <lemma_idmwb tag="36720000"/>
      <pos tag="NA"/>
      <pos_gen tag="NA"/>
      <infl tag="Akk.Pl"/>
      <inflClass tag="st.Fem"/>
      <inflClass_gen tag="*.Fem"/>
      <punc tag="S*"/>
    </tok_anno>
  </token>
  <token id="t84" trans="." type="punc">
    <tok_dipl id="t84_d1" trans="." utf="."/>
    <tok_anno ascii="." id="t84_m1" trans="." utf=".">
      <pos tag="$_"/>
      <pos_gen tag="$_"/>
    </tok_anno>
  </token>
  <token id="t85" trans="et||paretur" type="token">
    <tok_dipl id="t85_d1" trans="etparetur" utf="etparetur"/>
    <tok_anno ascii="et" id="t85_m1" trans="et|" utf="et">
      <norm tag="--"/>
      <token_type tag="MS1"/>
      <lemma tag="et"/>
      <lemma_gen tag="et"/>
      <lemma_idmwb tag="--"/>
      <pos tag="FM"/>
      <pos_gen tag="FM"/>
      <infl tag="--"/>
      <inflClass tag="--"/>
      <inflClass_gen tag="--"/>
    </tok_anno>
    <tok_anno ascii="paretur" id="t85_m2" trans="|paretur" utf="paretur">
      <norm tag="--"/>
      <token_type tag="MS2"/>
      <lemma tag="paretur"/>
      <lemma_gen tag="paretur"/>
      <lemma_idmwb tag="--"/>
      <pos tag="FM"/>
      <pos_gen tag="FM"/>
      <infl tag="--"/>
      <inflClass tag="--"/>
      <inflClass_gen tag="--"/>
    </tok_anno>
  </token>
  <comment type="K">/L[+]</comment>
  <token id="t86" trans="ei" type="token">
    <tok_dipl id="t86_d1" trans="ei" utf="ei"/>
    <tok_anno ascii="ei" id="t86_m1" trans="ei" utf="ei">
      <norm tag="--"/>
      <lemma tag="ei"/>
      <lemma_gen tag="ei"/>
      <lemma_idmwb tag="--"/>
      <pos tag="FM"/>
      <pos_gen tag="FM"/>
      <infl tag="--"/>
      <inflClass tag="--"/>
      <inflClass_gen tag="--"/>
    </tok_anno>
  </token>
  <token id="t87" trans="balneum,," type="token">
    <tok_dipl id="t87_d1" trans="balneum" utf="balneum"/>
    <tok_anno ascii="balneum" id="t87_m1" trans="balneum" utf="balneum">
      <norm tag="--"/>
      <lemma tag="balneum"/>
      <lemma_gen tag="balneum"/>
      <lemma_idmwb tag="--"/>
      <pos tag="FM"/>
      <pos_gen tag="FM"/>
      <infl tag="--"/>
      <inflClass tag="--"/>
      <inflClass_gen tag="--"/>
      <punc tag="S*"/>
    </tok_anno>
  </token>
  <token id="t88" trans="." type="punc">
    <tok_dipl id="t88_d1" trans="." utf="."/>
    <tok_anno ascii="." id="t88_m1" trans="." utf=".">
      <pos tag="$_"/>
      <pos_gen tag="$_"/>
    </tok_anno>
  </token>
  <token id="t89" trans="in" type="token">
    <tok_dipl id="t89_d1" trans="in" utf="in"/>
    <tok_anno ascii="in" id="t89_m1" trans="in" utf="in">
      <norm tag="--"/>
      <lemma tag="in"/>
      <lemma_gen tag="in"/>
      <lemma_idmwb tag="--"/>
      <pos tag="FM"/>
      <pos_gen tag="FM"/>
      <infl tag="--"/>
      <inflClass tag="--"/>
      <inflClass_gen tag="--"/>
    </tok_anno>
  </token>
  <token id="t90" trans="quo" type="token">
    <tok_dipl id="t90_d1" trans="quo" utf="quo"/>
    <tok_anno ascii="quo" id="t90_m1" trans="quo" utf="quo">
      <norm tag="--"/>
      <lemma tag="quo"/>
      <lemma_gen tag="quo"/>
      <lemma_idmwb tag="--"/>
      <pos tag="FM"/>
      <pos_gen tag="FM"/>
      <infl tag="--"/>
      <inflClass tag="--"/>
      <inflClass_gen tag="--"/>
    </tok_anno>
  </token>
  <token id="t91" trans="lauet\~" type="token">
    <tok_dipl id="t91_d1" trans="lauet\~" utf="lauet\~"/>
    <tok_anno ascii="lauet\~" id="t91_m1" trans="lauet\~" utf="lauet\~">
      <norm tag="--"/>
      <lemma tag="lauetur"/>
      <lemma_gen tag="lauetur"/>
      <lemma_idmwb tag="--"/>
      <pos tag="FM"/>
      <pos_gen tag="FM"/>
      <infl tag="--"/>
      <inflClass tag="--"/>
      <inflClass_gen tag="--"/>
    </tok_anno>
  </token>
  <token id="t92" trans="ᵽ||triduu\-(.)" type="token">
    <tok_dipl id="t92_d1" trans="ᵽtriduu\-" utf="ᵽtriduū"/>
    <tok_anno ascii="ᵽ" id="t92_m1" trans="ᵽ|" utf="ᵽ">
      <norm tag="--"/>
      <token_type tag="MS1"/>
      <lemma tag="per"/>
      <lemma_gen tag="per"/>
      <lemma_idmwb tag="--"/>
      <pos tag="FM"/>
      <pos_gen tag="FM"/>
      <infl tag="--"/>
      <inflClass tag="--"/>
      <inflClass_gen tag="--"/>
    </tok_anno>
    <tok_anno ascii="triduun" id="t92_m2" trans="|triduu\-" utf="triduū">
      <norm tag="--"/>
      <token_type tag="MS2"/>
      <lemma tag="triduum"/>
      <lemma_gen tag="triduum"/>
      <lemma_idmwb tag="--"/>
      <pos tag="FM"/>
      <pos_gen tag="FM"/>
      <infl tag="--"/>
      <inflClass tag="--"/>
      <inflClass_gen tag="--"/>
      <punc tag="DE"/>
    </tok_anno>
  </token>
  <token id="t93" trans="." type="punc">
    <tok_dipl id="t93_d1" trans="." utf="."/>
    <tok_anno ascii="." id="t93_m1" trans="." utf=".">
      <pos tag="$_"/>
      <pos_gen tag="$_"/>
      <punc tag="$E"/>
    </tok_anno>
  </token>
  <token id="t94" trans="Deinde" type="token">
    <tok_dipl id="t94_d1" trans="Deinde" utf="Deinde"/>
    <tok_anno ascii="Deinde" id="t94_m1" trans="Deinde" utf="Deinde">
      <norm tag="--"/>
      <lemma tag="deinde"/>
      <lemma_gen tag="deinde"/>
      <lemma_idmwb tag="--"/>
      <pos tag="FM"/>
      <pos_gen tag="FM"/>
      <infl tag="--"/>
      <inflClass tag="--"/>
      <inflClass_gen tag="--"/>
    </tok_anno>
  </token>
  <token id="t95" trans="tollatur" type="token">
    <tok_dipl id="t95_d1" trans="tollatur" utf="tollatur"/>
    <tok_anno ascii="tollatur" id="t95_m1" trans="tollatur" utf="tollatur">
      <norm tag="--"/>
      <lemma tag="tollatur"/>
      <lemma_gen tag="tollatur"/>
      <lemma_idmwb tag="--"/>
      <pos tag="FM"/>
      <pos_gen tag="FM"/>
      <infl tag="--"/>
      <inflClass tag="--"/>
      <inflClass_gen tag="--"/>
    </tok_anno>
  </token>
  <token id="t96" trans="uinu\-" type="token">
    <tok_dipl id="t96_d1" trans="uinu\-" utf="uinū"/>
    <tok_anno ascii="uinun" id="t96_m1" trans="uinu\-" utf="uinū">
      <norm tag="--"/>
      <lemma tag="vinum"/>
      <lemma_gen tag="vinum"/>
      <lemma_idmwb tag="--"/>
      <pos tag="FM"/>
      <pos_gen tag="FM"/>
      <infl tag="--"/>
      <inflClass tag="--"/>
      <inflClass_gen tag="--"/>
    </tok_anno>
  </token>
  <token id="t97" trans="et" type="token">
    <tok_dipl id="t97_d1" trans="et" utf="et"/>
    <tok_anno ascii="et" id="t97_m1" trans="et" utf="et">
      <norm tag="--"/>
      <lemma tag="et"/>
      <lemma_gen tag="et"/>
      <lemma_idmwb tag="--"/>
      <pos tag="FM"/>
      <pos_gen tag="FM"/>
      <infl tag="--"/>
      <inflClass tag="--"/>
      <inflClass_gen tag="--"/>
    </tok_anno>
  </token>
  <token id="t98" trans="mel," type="token">
    <tok_dipl id="t98_d1" trans="mel" utf="mel"/>
    <tok_anno ascii="mel" id="t98_m1" trans="mel" utf="mel">
      <norm tag="--"/>
      <lemma tag="mel"/>
      <lemma_gen tag="mel"/>
      <lemma_idmwb tag="--"/>
      <pos tag="FM"/>
      <pos_gen tag="FM"/>
      <infl tag="--"/>
      <inflClass tag="--"/>
      <inflClass_gen tag="--"/>
      <punc tag="N*"/>
    </tok_anno>
  </token>
  <comment type="K">/L[@]</comment>
  <token id="t99" trans="." type="punc">
    <tok_dipl id="t99_d1" trans="." utf="."/>
    <tok_anno ascii="." id="t99_m1" trans="." utf=".">
      <pos tag="$_"/>
      <pos_gen tag="$_"/>
    </tok_anno>
  </token>
  <token id="t100" trans="ingibern," type="token">
    <tok_dipl id="t100_d1" trans="ingibern" utf="ingibern"/>
    <tok_anno ascii="ingibern" id="t100_m1" trans="ingibern" utf="ingibern">
      <norm tag="ingewern"/>
      <lemma tag="ingewër(e)"/>
      <lemma_gen tag="ingewër"/>
      <lemma_idmwb tag="82392000"/>
      <pos tag="NA"/>
      <pos_gen tag="NA"/>
      <infl tag="Akk.Sg"/>
      <inflClass tag="st.Masc"/>
      <inflClass_gen tag="st.Masc"/>
      <punc tag="N*"/>
    </tok_anno>
  </token>
  <comment type="K">/#[als swm. sonst mhd. nicht bezeugt]</comment>
  <token id="t101" trans="." type="punc">
    <tok_dipl id="t101_d1" trans="." utf="."/>
    <tok_anno ascii="." id="t101_m1" trans="." utf=".">
      <pos tag="$_"/>
      <pos_gen tag="$_"/>
    </tok_anno>
  </token>
  <token id="t102" trans="der||wizon||widon" type="token">
    <tok_dipl id="t102_d1" trans="derwizonwidon" utf="derwizonwidon"/>
    <tok_anno ascii="der" id="t102_m1" trans="der|" utf="der">
      <norm tag="der"/>
      <token_type tag="MS1"/>
      <lemma tag="dër"/>
      <lemma_gen tag="dër"/>
      <lemma_idmwb tag="29817000"/>
      <pos tag="DDART"/>
      <pos_gen tag="DD"/>
      <infl tag="Fem.Gen.Sg"/>
      <inflClass tag="--"/>
      <inflClass_gen tag="--"/>
    </tok_anno>
    <tok_anno ascii="wizon" id="t102_m2" trans="|wizon|" utf="wizon">
      <norm tag="wîzen"/>
      <token_type tag="MS2"/>
      <lemma tag="wîz"/>
      <lemma_gen tag="wîz"/>
      <lemma_idmwb tag="232389000"/>
      <pos tag="ADJA"/>
      <pos_gen tag="ADJ"/>
      <infl tag="Pos.Fem.Gen.Sg.wk"/>
      <inflClass tag="--"/>
      <inflClass_gen tag="--"/>
    </tok_anno>
    <tok_anno ascii="widon" id="t102_m3" trans="|widon" utf="widon">
      <norm tag="wîden"/>
      <token_type tag="MS3"/>
      <lemma tag="wîde"/>
      <lemma_gen tag="wîde"/>
      <lemma_idmwb tag="226560000"/>
      <pos tag="NA"/>
      <pos_gen tag="NA"/>
      <infl tag="Gen.Sg"/>
      <inflClass tag="st.Fem"/>
      <inflClass_gen tag="*.Fem"/>
    </tok_anno>
  </token>
  <token id="t103" trans="loub," type="token">
    <tok_dipl id="t103_d1" trans="loub" utf="loub"/>
    <tok_anno ascii="loub" id="t103_m1" trans="loub" utf="loub">
      <norm tag="loup"/>
      <lemma tag="loub"/>
      <lemma_gen tag="loub"/>
      <lemma_idmwb tag="105315000"/>
      <pos tag="NA"/>
      <pos_gen tag="NA"/>
      <infl tag="Akk.Sg"/>
      <inflClass tag="st.Neut"/>
      <inflClass_gen tag="st.Neut"/>
      <punc tag="N*"/>
    </tok_anno>
  </token>
  <token id="t104" trans="." type="punc">
    <tok_dipl id="t104_d1" trans="." utf="."/>
    <tok_anno ascii="." id="t104_m1" trans="." utf=".">
      <pos tag="$_"/>
      <pos_gen tag="$_"/>
    </tok_anno>
  </token>
  <token id="t105" trans="kir$ebo\vmin||loub," type="token">
    <tok_dipl id="t105_d1" trans="kir$ebo\vminloub" utf="kirſeboͮminloub"/>
    <tok_anno ascii="kirsebovmin" id="t105_m1" trans="kir$ebo\vmin|" utf="kirſeboͮmin">
      <norm tag="kerseboumîn"/>
      <token_type tag="MS1"/>
      <lemma tag="kërse-boumîn"/>
      <lemma_gen tag="kërse-boumîn"/>
      <lemma_idmwb tag="???"/>
      <pos tag="ADJA"/>
      <pos_gen tag="ADJ"/>
      <infl tag="Pos.Neut.Akk.Sg.0"/>
      <inflClass tag="--"/>
      <inflClass_gen tag="--"/>
    </tok_anno>
    <tok_anno ascii="loub" id="t105_m2" trans="|loub" utf="loub">
      <norm tag="loup"/>
      <token_type tag="MS2"/>
      <lemma tag="loub"/>
      <lemma_gen tag="loub"/>
      <lemma_idmwb tag="105315000"/>
      <pos tag="NA"/>
      <pos_gen tag="NA"/>
      <infl tag="Akk.Sg"/>
      <inflClass tag="st.Neut"/>
      <inflClass_gen tag="st.Neut"/>
      <punc tag="N*"/>
    </tok_anno>
  </token>
  <comment type="K">/%.[L-]</comment>
  <token id="t106" trans="." type="punc">
    <tok_dipl id="t106_d1" trans="." utf="."/>
    <tok_anno ascii="." id="t106_m1" trans="." utf=".">
      <pos tag="$_"/>
      <pos_gen tag="$_"/>
    </tok_anno>
  </token>
  <token id="t107" trans="phir$ihcbo\vimin" type="token">
    <tok_dipl id="t107_d1" trans="phir$ihcbo\vimin" utf="phirſihcboͮimin"/>
    <tok_anno ascii="phirsihcbovimin" id="t107_m1" trans="phir$ihcbo\vimin" utf="phirſihcboͮimin">
      <norm tag="pfersichboumn"/>
      <lemma tag="pfërsich-boumîn"/>
      <lemma_gen tag="pfërsich-boumîn"/>
      <lemma_idmwb tag="???"/>
      <pos tag="ADJA"/>
      <pos_gen tag="ADJ"/>
      <infl tag="Pos.Neut.Akk.Sg.0"/>
      <inflClass tag="--"/>
      <inflClass_gen tag="--"/>
    </tok_anno>
  </token>
  <comment type="K">/%.[L-]</comment>
  <token id="t108" trans="lo\vb," type="token">
    <tok_dipl id="t108_d1" trans="lo\vb" utf="loͮb"/>
    <tok_anno ascii="lovb" id="t108_m1" trans="lo\vb" utf="loͮb">
      <norm tag="loup"/>
      <lemma tag="loub"/>
      <lemma_gen tag="loub"/>
      <lemma_idmwb tag="105315000"/>
      <pos tag="NA"/>
      <pos_gen tag="NA"/>
      <infl tag="Akk.Sg"/>
      <inflClass tag="st.Neut"/>
      <inflClass_gen tag="st.Neut"/>
      <punc tag="N*"/>
    </tok_anno>
  </token>
  <token id="t109" trans="." type="punc">
    <tok_dipl id="t109_d1" trans="." utf="."/>
    <tok_anno ascii="." id="t109_m1" trans="." utf=".">
      <pos tag="$_"/>
      <pos_gen tag="$_"/>
    </tok_anno>
  </token>
  <token id="t110" trans="$albeia," type="token">
    <tok_dipl id="t110_d1" trans="$albeia" utf="ſalbeia"/>
    <tok_anno ascii="salbeia" id="t110_m1" trans="$albeia" utf="ſalbeia">
      <norm tag="salveie"/>
      <lemma tag="salvèi(e)"/>
      <lemma_gen tag="salvèi(e)"/>
      <lemma_idmwb tag="139491000"/>
      <pos tag="NA"/>
      <pos_gen tag="NA"/>
      <infl tag="Akk.Sg"/>
      <inflClass tag="*.Fem"/>
      <inflClass_gen tag="*.Masc,Fem"/>
      <punc tag="N*"/>
    </tok_anno>
  </token>
  <token id="t111" trans="." type="punc">
    <tok_dipl id="t111_d1" trans="." utf="."/>
    <tok_anno ascii="." id="t111_m1" trans="." utf=".">
      <pos tag="$_"/>
      <pos_gen tag="$_"/>
    </tok_anno>
  </token>
  <token id="t112" trans="ruta," type="token">
    <tok_dipl id="t112_d1" trans="ruta" utf="ruta"/>
    <tok_anno ascii="ruta" id="t112_m1" trans="ruta" utf="ruta">
      <norm tag="rûte"/>
      <lemma tag="rûte"/>
      <lemma_gen tag="rûte"/>
      <lemma_idmwb tag="138570000"/>
      <pos tag="NA"/>
      <pos_gen tag="NA"/>
      <infl tag="Akk.Sg"/>
      <inflClass tag="st.Fem"/>
      <inflClass_gen tag="*.Fem"/>
      <punc tag="N*"/>
    </tok_anno>
  </token>
  <token id="t113" trans="." type="punc">
    <tok_dipl id="t113_d1" trans="." utf="."/>
    <tok_anno ascii="." id="t113_m1" trans="." utf=".">
      <pos tag="$_"/>
      <pos_gen tag="$_"/>
    </tok_anno>
  </token>
  <token id="t114" trans="$torche$$nabel," type="token">
    <tok_dipl id="t114_d1" trans="$torche$$nabel" utf="ſtorcheſſnabel"/>
    <tok_anno ascii="storchessnabel" id="t114_m1" trans="$torche$$nabel" utf="ſtorcheſſnabel">
      <norm tag="storchessnabel"/>
      <lemma tag="storches-snabel"/>
      <lemma_gen tag="storches-snabel"/>
      <lemma_idmwb tag="???"/>
      <pos tag="NA"/>
      <pos_gen tag="NA"/>
      <infl tag="Akk.Sg"/>
      <inflClass tag="st.Masc"/>
      <inflClass_gen tag="st.Masc"/>
      <punc tag="N*"/>
    </tok_anno>
  </token>
  <token id="t115" trans="." type="punc">
    <tok_dipl id="t115_d1" trans="." utf="."/>
    <tok_anno ascii="." id="t115_m1" trans="." utf=".">
      <pos tag="$_"/>
      <pos_gen tag="$_"/>
    </tok_anno>
  </token>
  <token id="t116" trans="peratru\-,," type="token">
    <tok_dipl id="t116_d1" trans="peratru\-" utf="peratrū"/>
    <tok_anno ascii="peratrun" id="t116_m1" trans="peratru\-" utf="peratrū">
      <norm tag="--"/>
      <lemma tag="peratrum"/>
      <lemma_gen tag="peratrum"/>
      <lemma_idmwb tag="--"/>
      <pos tag="FM"/>
      <pos_gen tag="FM"/>
      <infl tag="--"/>
      <inflClass tag="--"/>
      <inflClass_gen tag="--"/>
      <punc tag="S*"/>
    </tok_anno>
  </token>
  <comment type="K">/L[+]</comment>
  <token id="t117" trans="." type="punc">
    <tok_dipl id="t117_d1" trans="." utf="."/>
    <tok_anno ascii="." id="t117_m1" trans="." utf=".">
      <pos tag="$_"/>
      <pos_gen tag="$_"/>
    </tok_anno>
  </token>
  <token id="t118" trans="et||ex" type="token">
    <tok_dipl id="t118_d1" trans="etex" utf="etex"/>
    <tok_anno ascii="et" id="t118_m1" trans="et|" utf="et">
      <norm tag="--"/>
      <token_type tag="MS1"/>
      <lemma tag="et"/>
      <lemma_gen tag="et"/>
      <lemma_idmwb tag="--"/>
      <pos tag="FM"/>
      <pos_gen tag="FM"/>
      <infl tag="--"/>
      <inflClass tag="--"/>
      <inflClass_gen tag="--"/>
    </tok_anno>
    <tok_anno ascii="ex" id="t118_m2" trans="|ex" utf="ex">
      <norm tag="--"/>
      <token_type tag="MS2"/>
      <lemma tag="ex"/>
      <lemma_gen tag="ex"/>
      <lemma_idmwb tag="--"/>
      <pos tag="FM"/>
      <pos_gen tag="FM"/>
      <infl tag="--"/>
      <inflClass tag="--"/>
      <inflClass_gen tag="--"/>
    </tok_anno>
  </token>
  <token id="t119" trans="hi$" type="token">
    <tok_dipl id="t119_d1" trans="hi$" utf="hiſ"/>
    <tok_anno ascii="his" id="t119_m1" trans="hi$" utf="hiſ">
      <norm tag="--"/>
      <lemma tag="his"/>
      <lemma_gen tag="his"/>
      <lemma_idmwb tag="--"/>
      <pos tag="FM"/>
      <pos_gen tag="FM"/>
      <infl tag="--"/>
      <inflClass tag="--"/>
      <inflClass_gen tag="--"/>
    </tok_anno>
  </token>
  <token id="t120" trans="conficiat%2" type="token">
    <tok_dipl id="t120_d1" trans="conficiat%2" utf="conficiat᷑"/>
    <tok_anno ascii="conficiatur" id="t120_m1" trans="conficiat%2" utf="conficiat᷑">
      <norm tag="--"/>
      <lemma tag="conficiatur"/>
      <lemma_gen tag="conficiatur"/>
      <lemma_idmwb tag="--"/>
      <pos tag="FM"/>
      <pos_gen tag="FM"/>
      <infl tag="--"/>
      <inflClass tag="--"/>
      <inflClass_gen tag="--"/>
    </tok_anno>
  </token>
  <token id="t121" trans="potu$,," type="token">
    <tok_dipl id="t121_d1" trans="potu$" utf="potuſ"/>
    <tok_anno ascii="potus" id="t121_m1" trans="potu$" utf="potuſ">
      <norm tag="--"/>
      <lemma tag="potus"/>
      <lemma_gen tag="potus"/>
      <lemma_idmwb tag="--"/>
      <pos tag="FM"/>
      <pos_gen tag="FM"/>
      <infl tag="--"/>
      <inflClass tag="--"/>
      <inflClass_gen tag="--"/>
      <punc tag="S*"/>
    </tok_anno>
  </token>
  <token id="t122" trans="." type="punc">
    <tok_dipl id="t122_d1" trans="." utf="."/>
    <tok_anno ascii="." id="t122_m1" trans="." utf=".">
      <pos tag="$_"/>
      <pos_gen tag="$_"/>
    </tok_anno>
  </token>
  <token id="t123" trans="de||q%o" type="token">
    <tok_dipl id="t123_d1" trans="deq%o" utf="deqͦ"/>
    <tok_anno ascii="de" id="t123_m1" trans="de|" utf="de">
      <norm tag="--"/>
      <token_type tag="MS1"/>
      <lemma tag="de"/>
      <lemma_gen tag="de"/>
      <lemma_idmwb tag="--"/>
      <pos tag="FM"/>
      <pos_gen tag="FM"/>
      <infl tag="--"/>
      <inflClass tag="--"/>
      <inflClass_gen tag="--"/>
    </tok_anno>
    <tok_anno ascii="qo" id="t123_m2" trans="|q%o" utf="qͦ">
      <norm tag="--"/>
      <token_type tag="MS2"/>
      <lemma tag="quo"/>
      <lemma_gen tag="quo"/>
      <lemma_idmwb tag="--"/>
      <pos tag="FM"/>
      <pos_gen tag="FM"/>
      <infl tag="--"/>
      <inflClass tag="--"/>
      <inflClass_gen tag="--"/>
    </tok_anno>
  </token>
  <token id="t124" trans="cottidie" type="token">
    <tok_dipl id="t124_d1" trans="cottidie" utf="cottidie"/>
    <tok_anno ascii="cottidie" id="t124_m1" trans="cottidie" utf="cottidie">
      <norm tag="--"/>
      <lemma tag="cottidie"/>
      <lemma_gen tag="cottidie"/>
      <lemma_idmwb tag="--"/>
      <pos tag="FM"/>
      <pos_gen tag="FM"/>
      <infl tag="--"/>
      <inflClass tag="--"/>
      <inflClass_gen tag="--"/>
    </tok_anno>
  </token>
  <token id="t125" trans="ᵽ||ip$u\-" type="token">
    <tok_dipl id="t125_d1" trans="ᵽip$u\-" utf="ᵽipſū"/>
    <tok_anno ascii="ᵽ" id="t125_m1" trans="ᵽ|" utf="ᵽ">
      <norm tag="--"/>
      <token_type tag="MS1"/>
      <lemma tag="per"/>
      <lemma_gen tag="per"/>
      <lemma_idmwb tag="--"/>
      <pos tag="FM"/>
      <pos_gen tag="FM"/>
      <infl tag="--"/>
      <inflClass tag="--"/>
      <inflClass_gen tag="--"/>
    </tok_anno>
    <tok_anno ascii="ipsun" id="t125_m2" trans="|ip$u\-" utf="ipſū">
      <norm tag="--"/>
      <token_type tag="MS2"/>
      <lemma tag="ipsum"/>
      <lemma_gen tag="ipsum"/>
      <lemma_idmwb tag="--"/>
      <pos tag="FM"/>
      <pos_gen tag="FM"/>
      <infl tag="--"/>
      <inflClass tag="--"/>
      <inflClass_gen tag="--"/>
    </tok_anno>
  </token>
  <token id="t126" trans="triduu\-" type="token">
    <tok_dipl id="t126_d1" trans="triduu\-" utf="triduū"/>
    <tok_anno ascii="triduun" id="t126_m1" trans="triduu\-" utf="triduū">
      <norm tag="--"/>
      <lemma tag="triduum"/>
      <lemma_gen tag="triduum"/>
      <lemma_idmwb tag="--"/>
      <pos tag="FM"/>
      <pos_gen tag="FM"/>
      <infl tag="--"/>
      <inflClass tag="--"/>
      <inflClass_gen tag="--"/>
    </tok_anno>
  </token>
  <token id="t127" trans="in" type="token">
    <tok_dipl id="t127_d1" trans="in" utf="in"/>
    <tok_anno ascii="in" id="t127_m1" trans="in" utf="in">
      <norm tag="--"/>
      <lemma tag="in"/>
      <lemma_gen tag="in"/>
      <lemma_idmwb tag="--"/>
      <pos tag="FM"/>
      <pos_gen tag="FM"/>
      <infl tag="--"/>
      <inflClass tag="--"/>
      <inflClass_gen tag="--"/>
    </tok_anno>
  </token>
  <token id="t128" trans="balneo" type="token">
    <tok_dipl id="t128_d1" trans="balneo" utf="balneo"/>
    <tok_anno ascii="balneo" id="t128_m1" trans="balneo" utf="balneo">
      <norm tag="--"/>
      <lemma tag="balneo"/>
      <lemma_gen tag="balneo"/>
      <lemma_idmwb tag="--"/>
      <pos tag="FM"/>
      <pos_gen tag="FM"/>
      <infl tag="--"/>
      <inflClass tag="--"/>
      <inflClass_gen tag="--"/>
    </tok_anno>
  </token>
  <token id="t129" trans="bibat,," type="token">
    <tok_dipl id="t129_d1" trans="bibat" utf="bibat"/>
    <tok_anno ascii="bibat" id="t129_m1" trans="bibat" utf="bibat">
      <norm tag="--"/>
      <lemma tag="bibat"/>
      <lemma_gen tag="bibat"/>
      <lemma_idmwb tag="--"/>
      <pos tag="FM"/>
      <pos_gen tag="FM"/>
      <infl tag="--"/>
      <inflClass tag="--"/>
      <inflClass_gen tag="--"/>
      <punc tag="S*"/>
    </tok_anno>
  </token>
  <token id="t130" trans="." type="punc">
    <tok_dipl id="t130_d1" trans="." utf="."/>
    <tok_anno ascii="." id="t130_m1" trans="." utf=".">
      <pos tag="$_"/>
      <pos_gen tag="$_"/>
    </tok_anno>
  </token>
  <token id="t131" trans="pondu$" type="token">
    <tok_dipl id="t131_d1" trans="pondu$" utf="ponduſ"/>
    <tok_anno ascii="pondus" id="t131_m1" trans="pondu$" utf="ponduſ">
      <norm tag="--"/>
      <lemma tag="pondus"/>
      <lemma_gen tag="pondus"/>
      <lemma_idmwb tag="--"/>
      <pos tag="FM"/>
      <pos_gen tag="FM"/>
      <infl tag="--"/>
      <inflClass tag="--"/>
      <inflClass_gen tag="--"/>
    </tok_anno>
  </token>
  <token id="t132" trans="uniu$" type="token">
    <tok_dipl id="t132_d1" trans="uniu$" utf="uniuſ"/>
    <tok_anno ascii="unius" id="t132_m1" trans="uniu$" utf="uniuſ">
      <norm tag="--"/>
      <lemma tag="unius"/>
      <lemma_gen tag="unius"/>
      <lemma_idmwb tag="--"/>
      <pos tag="FM"/>
      <pos_gen tag="FM"/>
      <infl tag="--"/>
      <inflClass tag="--"/>
      <inflClass_gen tag="--"/>
    </tok_anno>
  </token>
  <token id="t133" trans="uncie\,,," type="token">
    <tok_dipl id="t133_d1" trans="uncie\," utf="uncię"/>
    <tok_anno ascii="uncie" id="t133_m1" trans="uncie\," utf="uncię">
      <norm tag="--"/>
      <lemma tag="uncie"/>
      <lemma_gen tag="uncie"/>
      <lemma_idmwb tag="--"/>
      <pos tag="FM"/>
      <pos_gen tag="FM"/>
      <infl tag="--"/>
      <inflClass tag="--"/>
      <inflClass_gen tag="--"/>
      <punc tag="S*"/>
    </tok_anno>
  </token>
  <token id="t134" trans="." type="punc">
    <tok_dipl id="t134_d1" trans="." utf="."/>
    <tok_anno ascii="." id="t134_m1" trans="." utf=".">
      <pos tag="$_"/>
      <pos_gen tag="$_"/>
    </tok_anno>
  </token>
  <token id="t135" trans="et" type="token">
    <tok_dipl id="t135_d1" trans="et" utf="et"/>
    <tok_anno ascii="et" id="t135_m1" trans="et" utf="et">
      <norm tag="--"/>
      <lemma tag="et"/>
      <lemma_gen tag="et"/>
      <lemma_idmwb tag="--"/>
      <pos tag="FM"/>
      <pos_gen tag="FM"/>
      <infl tag="--"/>
      <inflClass tag="--"/>
      <inflClass_gen tag="--"/>
    </tok_anno>
  </token>
  <token id="t136" trans="$anu$" type="token">
    <tok_dipl id="t136_d1" trans="$anu$" utf="ſanuſ"/>
    <tok_anno ascii="sanus" id="t136_m1" trans="$anu$" utf="ſanuſ">
      <norm tag="--"/>
      <lemma tag="sanus"/>
      <lemma_gen tag="sanus"/>
      <lemma_idmwb tag="--"/>
      <pos tag="FM"/>
      <pos_gen tag="FM"/>
      <infl tag="--"/>
      <inflClass tag="--"/>
      <inflClass_gen tag="--"/>
    </tok_anno>
  </token>
  <token id="t137" trans="erit(.)" type="token">
    <tok_dipl id="t137_d1" trans="erit" utf="erit"/>
    <tok_anno ascii="erit" id="t137_m1" trans="erit" utf="erit">
      <norm tag="--"/>
      <lemma tag="erit"/>
      <lemma_gen tag="erit"/>
      <lemma_idmwb tag="--"/>
      <pos tag="FM"/>
      <pos_gen tag="FM"/>
      <infl tag="--"/>
      <inflClass tag="--"/>
      <inflClass_gen tag="--"/>
      <punc tag="DE"/>
    </tok_anno>
  </token>
  <comment type="K">/L[@]</comment>
  <token id="t138" trans="." type="punc">
    <tok_dipl id="t138_d1" trans="." utf="."/>
    <tok_anno ascii="." id="t138_m1" trans="." utf=".">
      <pos tag="$_"/>
      <pos_gen tag="$_"/>
      <punc tag="$E"/>
    </tok_anno>
  </token>
</text>
