<?xml version='1.0' encoding='UTF-8'?>
<!DOCTYPE text SYSTEM "cora-xml.dtd">
<text id="M205M">
  <header>
    <text>Pfaffe Konrad: 'Rolandslied' (M)</text>
    <abbr_ddd>Rol M</abbr_ddd>
    <abbr_mwb>Rol</abbr_mwb>
    <topic>Religion, Wissen(-schaft), Poesie</topic>
    <text-type>Legenden- und Geschichtsdichtung</text-type>
    <genre>V</genre>
    <reference>Edition</reference>
    <reference-secondary>Handschrift</reference-secondary>
    <library>Marburg, Staatsarchiv</library>
    <library-shelfmark>Best. 340 von Dörnberg, H 1 Nr. 2</library-shelfmark>
    <online>http://www.handschriftencensus.de/1005</online>
    <medium>Handschrift</medium>
    <extent>2 Stücke eines Blattes</extent>
    <extract>-</extract>
    <language>mhd</language>
    <language-type>mitteldeutsch, niederdeutsch</language-type>
    <language-region>-</language-region>
    <language-area>-</language-area>
    <place>-</place>
    <time>13,1</time>
    <notes-manuscript>-</notes-manuscript>
    <date>1172 (?)</date>
    <text-place>-</text-place>
    <text-author>Pfaffe Konrad</text-author>
    <text-language>bairisch</text-language>
    <text-source>französisch</text-source>
    <edition>Klaus Naß, Die Fragmentenfunde aus dem Nachlaß Martin Last, in: ZfdA 118 (1989), S. 286-318, hier S. 289-295; Carl Wesle (Hg.), Das Rolandslied des Pfaffen Konrad. Dritte, durchgesehene Auflage besorgt von Peter Wapnewski (Altdeutsche Textbibliothek 69), Tübingen 1985</edition>
    <corpus>ReM I</corpus>
    <notes-transcription>-</notes-transcription>
    <notes-annotation>-</notes-annotation>
    <digitization_by>Norman Schröder (Bonn)</digitization_by>
    <collation_by>Norman Schröder (Bonn)</collation_by>
    <pre_editing_by>Thomas Klein (Bonn)</pre_editing_by>
    <annotation_by>Thomas Klein (Bonn)</annotation_by>
    <proofreading_by>Thomas Klein (Bonn)</proofreading_by>
  </header>
  <layoutinfo>
    <page id="p1" no="0" range="c1"/>
    <column id="c1" range="l1..l30"/>
    <line id="l1" name="2221" range="t1_d1..t4_d1" loc="0a,2221"/>
    <line id="l2" name="2222" range="t5_d1..t10_d1" loc="0a,2222"/>
    <line id="l3" name="2223" range="t11_d1..t15_d1" loc="0a,2223"/>
    <line id="l4" name="2224" range="t16_d1..t21_d1" loc="0a,2224"/>
    <line id="l5" name="2225" range="t22_d1..t26_d1" loc="0a,2225"/>
    <line id="l6" name="2226" range="t27_d1..t31_d1" loc="0a,2226"/>
    <line id="l7" name="2227" range="t32_d1..t35_d1" loc="0a,2227"/>
    <line id="l8" name="2248" range="t36_d1..t41_d1" loc="0a,2248"/>
    <line id="l9" name="2249" range="t42_d1..t46_d1" loc="0a,2249"/>
    <line id="l10" name="2250" range="t47_d1..t52_d1" loc="0a,2250"/>
    <line id="l11" name="2251" range="t53_d1..t58_d1" loc="0a,2251"/>
    <line id="l12" name="2252" range="t59_d1..t65_d1" loc="0a,2252"/>
    <line id="l13" name="2253" range="t66_d1..t70_d1" loc="0a,2253"/>
    <line id="l14" name="2254" range="t71_d1..t75_d1" loc="0a,2254"/>
    <line id="l15" name="2276" range="t76_d1..t80_d1" loc="0a,2276"/>
    <line id="l16" name="2277" range="t81_d1..t84_d1" loc="0a,2277"/>
    <line id="l17" name="2278" range="t85_d1..t88_d1" loc="0a,2278"/>
    <line id="l18" name="2279" range="t89_d1..t93_d1" loc="0a,2279"/>
    <line id="l19" name="2280" range="t94_d1..t98_d1" loc="0a,2280"/>
    <line id="l20" name="2281" range="t99_d1..t103_d1" loc="0a,2281"/>
    <line id="l21" name="2282" range="t104_d1..t108_d1" loc="0a,2282"/>
    <line id="l22" name="2283" range="t109_d1" loc="0a,2283"/>
    <line id="l23" name="2305" range="t110_d1..t112_d2" loc="0a,2305"/>
    <line id="l24" name="2306" range="t113_d1..t115_d1" loc="0a,2306"/>
    <line id="l25" name="2307" range="t116_d1..t120_d1" loc="0a,2307"/>
    <line id="l26" name="2308" range="t121_d1..t126_d1" loc="0a,2308"/>
    <line id="l27" name="2309" range="t127_d1..t130_d1" loc="0a,2309"/>
    <line id="l28" name="2310" range="t131_d1..t134_d1" loc="0a,2310"/>
    <line id="l29" name="2311" range="t135_d1..t139_d1" loc="0a,2311"/>
    <line id="l30" name="2312" range="t140_d1" loc="0a,2312"/>
  </layoutinfo>
  <shifttags>
    <quote range="t76_m1..t80_m1"/>
    <paren range="t80_m1..t84_m1"/>
    <quote range="t85_m1..t109_m1"/>
    <quote range="t110_m1..t125_m1"/>
    <quote range="t131_m1..t140_m1"/>
  </shifttags>
  <token id="t1" trans="B#e||handen" type="token">
    <tok_dipl id="t1_d1" trans="B" utf="B"/>
    <tok_dipl id="t1_d2" trans="ehanden" utf="ehanden"/>
    <tok_anno ascii="Be" id="t1_m1" trans="B#e|" utf="Be">
      <norm tag="bî"/>
      <token_type tag="MS1 US"/>
      <lemma tag="bî"/>
      <lemma_gen tag="bî"/>
      <lemma_idmwb tag="19761000"/>
      <pos tag="APPR"/>
      <pos_gen tag="AP"/>
      <infl tag="--"/>
      <inflClass tag="--"/>
      <inflClass_gen tag="--"/>
    </tok_anno>
    <tok_anno ascii="handen" id="t1_m2" trans="|handen" utf="handen">
      <norm tag="handen"/>
      <token_type tag="MS2"/>
      <lemma tag="hant"/>
      <lemma_gen tag="hant"/>
      <lemma_idmwb tag="68277000"/>
      <pos tag="NA"/>
      <pos_gen tag="NA"/>
      <infl tag="Dat.Pl"/>
      <inflClass tag="st(u).Fem"/>
      <inflClass_gen tag="st(u).Fem"/>
    </tok_anno>
  </token>
  <token id="t2" trans="$i" type="token">
    <tok_dipl id="t2_d1" trans="$i" utf="ſi"/>
    <tok_anno ascii="si" id="t2_m1" trans="$i" utf="ſi">
      <norm tag="si"/>
      <lemma tag="ër"/>
      <lemma_gen tag="ër"/>
      <lemma_idmwb tag="40380000"/>
      <pos tag="PPER"/>
      <pos_gen tag="PPER"/>
      <infl tag="Masc.Nom.Pl.3"/>
      <inflClass tag="--"/>
      <inflClass_gen tag="--"/>
    </tok_anno>
  </token>
  <token id="t3" trans="$ih" type="token">
    <tok_dipl id="t3_d1" trans="$ih" utf="ſih"/>
    <tok_anno ascii="sih" id="t3_m1" trans="$ih" utf="ſih">
      <norm tag="sich"/>
      <lemma tag="sich"/>
      <lemma_gen tag="sich"/>
      <lemma_idmwb tag="149205000"/>
      <pos tag="PRF"/>
      <pos_gen tag="PRF"/>
      <infl tag="Akk"/>
      <inflClass tag="--"/>
      <inflClass_gen tag="--"/>
    </tok_anno>
  </token>
  <token id="t4" trans="uiengen(.)" type="token">
    <tok_dipl id="t4_d1" trans="uiengen" utf="uiengen"/>
    <tok_anno ascii="uiengen" id="t4_m1" trans="uiengen" utf="uiengen">
      <norm tag="viengen"/>
      <lemma tag="vâhen"/>
      <lemma_gen tag="vâhen"/>
      <lemma_idmwb tag="197742000"/>
      <pos tag="VVFIN"/>
      <pos_gen tag="VV"/>
      <infl tag="*.Past.Pl.3"/>
      <inflClass tag="st7"/>
      <inflClass_gen tag="st7"/>
      <punc tag="DE"/>
    </tok_anno>
  </token>
  <token id="t5" trans="d#v" type="token">
    <tok_dipl id="t5_d1" trans="d" utf="d"/>
    <tok_dipl id="t5_d2" trans="v" utf="v"/>
    <tok_anno ascii="dv" id="t5_m1" trans="d#v" utf="dv">
      <norm tag="diu"/>
      <token_type tag="US"/>
      <lemma tag="dër"/>
      <lemma_gen tag="dër"/>
      <lemma_idmwb tag="29817000"/>
      <pos tag="DDART"/>
      <pos_gen tag="DD"/>
      <infl tag="Fem.Nom.Sg"/>
      <inflClass tag="--"/>
      <inflClass_gen tag="--"/>
    </tok_anno>
  </token>
  <token id="t6" trans="$u\one" type="token">
    <tok_dipl id="t6_d1" trans="$u\one" utf="ſuͦne"/>
    <tok_anno ascii="suone" id="t6_m1" trans="$u\one" utf="ſuͦne">
      <norm tag="suone"/>
      <lemma tag="suone"/>
      <lemma_gen tag="suone"/>
      <lemma_idmwb tag="164106000"/>
      <pos tag="NA"/>
      <pos_gen tag="NA"/>
      <infl tag="Nom.Sg"/>
      <inflClass tag="*.Fem"/>
      <inflClass_gen tag="*.Fem"/>
    </tok_anno>
  </token>
  <token id="t7" trans="begund_e" type="token">
    <tok_dipl id="t7_d1" trans="begund_e" utf="begundᵉ"/>
    <tok_anno ascii="begunde" id="t7_m1" trans="begund_e" utf="begundᵉ">
      <norm tag="begunde"/>
      <lemma tag="be-ginnen"/>
      <lemma_gen tag="be-ginnen"/>
      <lemma_idmwb tag="12828000"/>
      <pos tag="VVFIN"/>
      <pos_gen tag="VV"/>
      <infl tag="*.Past.Sg.3"/>
      <inflClass tag="irr"/>
      <inflClass_gen tag="irr"/>
    </tok_anno>
  </token>
  <token id="t8" trans="in" type="token">
    <tok_dipl id="t8_d1" trans="in" utf="in"/>
    <tok_anno ascii="in" id="t8_m1" trans="in" utf="in">
      <norm tag="in"/>
      <lemma tag="ër"/>
      <lemma_gen tag="ër"/>
      <lemma_idmwb tag="40380000"/>
      <pos tag="PPER"/>
      <pos_gen tag="PPER"/>
      <infl tag="*.Dat.Pl.3"/>
      <inflClass tag="--"/>
      <inflClass_gen tag="--"/>
    </tok_anno>
  </token>
  <token id="t9" trans="beiden" type="token">
    <tok_dipl id="t9_d1" trans="beiden" utf="beiden"/>
    <tok_anno ascii="beiden" id="t9_m1" trans="beiden" utf="beiden">
      <norm tag="beiden"/>
      <lemma tag="bèide"/>
      <lemma_gen tag="bèide"/>
      <lemma_idmwb tag="13638000"/>
      <pos tag="DID"/>
      <pos_gen tag="DI"/>
      <infl tag="*.Dat.Pl..=.st"/>
      <inflClass tag="--"/>
      <inflClass_gen tag="--"/>
    </tok_anno>
  </token>
  <token id="t10" trans="lieuen(.)" type="token">
    <tok_dipl id="t10_d1" trans="lieuen" utf="lieuen"/>
    <tok_anno ascii="lieuen" id="t10_m1" trans="lieuen" utf="lieuen">
      <norm tag="lieben"/>
      <lemma tag="lièben"/>
      <lemma_gen tag="lièben"/>
      <lemma_idmwb tag="102579000"/>
      <pos tag="VVINF"/>
      <pos_gen tag="VV"/>
      <infl tag="--"/>
      <inflClass tag="wk"/>
      <inflClass_gen tag="wk"/>
      <punc tag="DE"/>
    </tok_anno>
  </token>
  <comment type="K">/K[lieuen: {uen} üdZ über {lie}]</comment>
  <token id="t11" trans="D#o" type="token">
    <tok_dipl id="t11_d1" trans="D" utf="D"/>
    <tok_dipl id="t11_d2" trans="o" utf="o"/>
    <tok_anno ascii="Do" id="t11_m1" trans="D#o" utf="Do">
      <norm tag="dô"/>
      <token_type tag="US"/>
      <lemma tag="dô"/>
      <lemma_gen tag="dô"/>
      <lemma_idmwb tag="31164000"/>
      <pos tag="AVD"/>
      <pos_gen tag="AVD-KO"/>
      <infl tag="--"/>
      <inflClass tag="--"/>
      <inflClass_gen tag="--"/>
    </tok_anno>
  </token>
  <token id="t12" trans="$prah" type="token">
    <tok_dipl id="t12_d1" trans="$prah" utf="ſprah"/>
    <tok_anno ascii="sprah" id="t12_m1" trans="$prah" utf="ſprah">
      <norm tag="sprach"/>
      <lemma tag="sprëchen"/>
      <lemma_gen tag="sprëchen"/>
      <lemma_idmwb tag="156540000"/>
      <pos tag="VVFIN"/>
      <pos_gen tag="VV"/>
      <infl tag="Ind.Past.Sg.3"/>
      <inflClass tag="st4"/>
      <inflClass_gen tag="st4"/>
    </tok_anno>
  </token>
  <token id="t13" trans="d'" type="token">
    <tok_dipl id="t13_d1" trans="d'" utf="dˢ"/>
    <tok_anno ascii="der" id="t13_m1" trans="d'" utf="dˢ">
      <norm tag="der"/>
      <lemma tag="dër"/>
      <lemma_gen tag="dër"/>
      <lemma_idmwb tag="29817000"/>
      <pos tag="DDART"/>
      <pos_gen tag="DD"/>
      <infl tag="Masc.Nom.Sg"/>
      <inflClass tag="--"/>
      <inflClass_gen tag="--"/>
    </tok_anno>
  </token>
  <token id="t14" trans="ku\onig" type="token">
    <tok_dipl id="t14_d1" trans="ku\onig" utf="kuͦnig"/>
    <tok_anno ascii="kuonig" id="t14_m1" trans="ku\onig" utf="kuͦnig">
      <norm tag="küninc"/>
      <lemma tag="küni(n)g"/>
      <lemma_gen tag="küni(n)g"/>
      <lemma_idmwb tag="97212000"/>
      <pos tag="NA"/>
      <pos_gen tag="NA"/>
      <infl tag="Nom.Sg"/>
      <inflClass tag="st.Masc"/>
      <inflClass_gen tag="st.Masc"/>
    </tok_anno>
  </token>
  <token id="t15" trans="mar$ilie(:)" type="token">
    <tok_dipl id="t15_d1" trans="mar$ilie" utf="marſilie"/>
    <tok_anno ascii="marsilie" id="t15_m1" trans="mar$ilie" utf="marſilie">
      <norm tag="Marsilie"/>
      <lemma tag="Marsilie"/>
      <lemma_gen tag="Marsilie"/>
      <lemma_idmwb tag="--"/>
      <pos tag="NE"/>
      <pos_gen tag="NE"/>
      <infl tag="Nom.Sg"/>
      <inflClass tag="--"/>
      <inflClass_gen tag="--"/>
      <punc tag="DE"/>
    </tok_anno>
  </token>
  <token id="t16" trans="&quot;G#enelun,," type="token">
    <tok_dipl id="t16_d1" trans="G" utf="G"/>
    <tok_dipl id="t16_d2" trans="enelun" utf="enelun"/>
    <tok_anno ascii="Genelun" id="t16_m1" trans="G#enelun" utf="Genelun">
      <norm tag="Genelun"/>
      <token_type tag="US"/>
      <lemma tag="Genelun"/>
      <lemma_gen tag="Genelun"/>
      <lemma_idmwb tag="--"/>
      <pos tag="NE"/>
      <pos_gen tag="NE"/>
      <infl tag="Nom.Sg"/>
      <inflClass tag="--"/>
      <inflClass_gen tag="--"/>
      <punc tag="S*"/>
    </tok_anno>
  </token>
  <token id="t17" trans="dv" type="token">
    <tok_dipl id="t17_d1" trans="dv" utf="dv"/>
    <tok_anno ascii="dv" id="t17_m1" trans="dv" utf="dv">
      <norm tag="dû"/>
      <lemma tag="dû"/>
      <lemma_gen tag="dû"/>
      <lemma_idmwb tag="32607000"/>
      <pos tag="PPER"/>
      <pos_gen tag="PPER"/>
      <infl tag="Nom.Sg.2"/>
      <inflClass tag="--"/>
      <inflClass_gen tag="--"/>
    </tok_anno>
  </token>
  <token id="t18" trans="bi$t" type="token">
    <tok_dipl id="t18_d1" trans="bi$t" utf="biſt"/>
    <tok_anno ascii="bist" id="t18_m1" trans="bi$t" utf="biſt">
      <norm tag="bist"/>
      <lemma tag="sîn"/>
      <lemma_gen tag="sîn"/>
      <lemma_idmwb tag="150147000"/>
      <pos tag="VAFIN"/>
      <pos_gen tag="VA"/>
      <infl tag="Ind.Pres.Sg.2"/>
      <inflClass tag="irr"/>
      <inflClass_gen tag="irr"/>
    </tok_anno>
  </token>
  <token id="t19" trans="$tete" type="token">
    <tok_dipl id="t19_d1" trans="$tete" utf="ſtete"/>
    <tok_anno ascii="stete" id="t19_m1" trans="$tete" utf="ſtete">
      <norm tag="stæte"/>
      <lemma tag="stæte"/>
      <lemma_gen tag="stæte"/>
      <lemma_idmwb tag="157620000"/>
      <pos tag="ADJD"/>
      <pos_gen tag="ADJ"/>
      <infl tag="Pos....0"/>
      <inflClass tag="--"/>
      <inflClass_gen tag="--"/>
    </tok_anno>
  </token>
  <token id="t20" trans="un\-" type="token">
    <tok_dipl id="t20_d1" trans="un\-" utf="un̄"/>
    <tok_anno ascii="un" id="t20_m1" trans="un\-" utf="un̄">
      <norm tag="unde"/>
      <lemma tag="unte"/>
      <lemma_gen tag="unte"/>
      <lemma_idmwb tag="183108000"/>
      <pos tag="KON"/>
      <pos_gen tag="KO"/>
      <infl tag="--"/>
      <inflClass tag="--"/>
      <inflClass_gen tag="--"/>
    </tok_anno>
  </token>
  <token id="t21" trans="biderue(.)" type="token">
    <tok_dipl id="t21_d1" trans="biderue" utf="biderue"/>
    <tok_anno ascii="biderue" id="t21_m1" trans="biderue" utf="biderue">
      <norm tag="biderbe"/>
      <lemma tag="bi-dèrbe"/>
      <lemma_gen tag="bi-dèrbe"/>
      <lemma_idmwb tag="19932000"/>
      <pos tag="ADJD"/>
      <pos_gen tag="ADJ"/>
      <infl tag="Pos....0"/>
      <inflClass tag="--"/>
      <inflClass_gen tag="--"/>
      <punc tag="DE"/>
    </tok_anno>
  </token>
  <comment type="K">/K[biderue: {ue} üdZ über {bider}]</comment>
  <token id="t22" trans="I#ch" type="token">
    <tok_dipl id="t22_d1" trans="I" utf="I"/>
    <tok_dipl id="t22_d2" trans="ch" utf="ch"/>
    <tok_anno ascii="Ich" id="t22_m1" trans="I#ch" utf="Ich">
      <norm tag="ich"/>
      <token_type tag="US"/>
      <lemma tag="ich"/>
      <lemma_gen tag="ich"/>
      <lemma_idmwb tag="81210000"/>
      <pos tag="PPER"/>
      <pos_gen tag="PPER"/>
      <infl tag="Nom.Sg.1"/>
      <inflClass tag="--"/>
      <inflClass_gen tag="--"/>
    </tok_anno>
  </token>
  <token id="t23" trans="wil" type="token">
    <tok_dipl id="t23_d1" trans="wil" utf="wil"/>
    <tok_anno ascii="wil" id="t23_m1" trans="wil" utf="wil">
      <norm tag="wile"/>
      <lemma tag="wèllen"/>
      <lemma_gen tag="wèllen"/>
      <lemma_idmwb tag="224625000"/>
      <pos tag="VMFIN"/>
      <pos_gen tag="VM"/>
      <infl tag="Ind.Pres.Sg.1"/>
      <inflClass tag="irr"/>
      <inflClass_gen tag="irr"/>
    </tok_anno>
  </token>
  <token id="t24" trans="an" type="token">
    <tok_dipl id="t24_d1" trans="an" utf="an"/>
    <tok_anno ascii="an" id="t24_m1" trans="an" utf="an">
      <norm tag="an"/>
      <lemma tag="ane"/>
      <lemma_gen tag="ane"/>
      <lemma_idmwb tag="5691000"/>
      <pos tag="APPR"/>
      <pos_gen tag="AP"/>
      <infl tag="--"/>
      <inflClass tag="--"/>
      <inflClass_gen tag="--"/>
    </tok_anno>
  </token>
  <token id="t25" trans="dich" type="token">
    <tok_dipl id="t25_d1" trans="dich" utf="dich"/>
    <tok_anno ascii="dich" id="t25_m1" trans="dich" utf="dich">
      <norm tag="dich"/>
      <lemma tag="dû"/>
      <lemma_gen tag="dû"/>
      <lemma_idmwb tag="32607000"/>
      <pos tag="PPER"/>
      <pos_gen tag="PPER"/>
      <infl tag="Akk.Sg.2"/>
      <inflClass tag="--"/>
      <inflClass_gen tag="--"/>
    </tok_anno>
  </token>
  <token id="t26" trans="dingen,," type="token">
    <tok_dipl id="t26_d1" trans="dingen" utf="dingen"/>
    <tok_anno ascii="dingen" id="t26_m1" trans="dingen" utf="dingen">
      <norm tag="dingen"/>
      <lemma tag="dingen"/>
      <lemma_gen tag="dingen"/>
      <lemma_idmwb tag="30780000"/>
      <pos tag="VVINF"/>
      <pos_gen tag="VV"/>
      <infl tag="--"/>
      <inflClass tag="wk"/>
      <inflClass_gen tag="wk"/>
      <punc tag="S*"/>
    </tok_anno>
  </token>
  <token id="t27" trans="d#az" type="token">
    <tok_dipl id="t27_d1" trans="d" utf="d"/>
    <tok_dipl id="t27_d2" trans="az" utf="az"/>
    <tok_anno ascii="daz" id="t27_m1" trans="d#az" utf="daz">
      <norm tag="daz"/>
      <token_type tag="US"/>
      <lemma tag="daz"/>
      <lemma_gen tag="dazz"/>
      <lemma_idmwb tag="29484000"/>
      <pos tag="KOUS"/>
      <pos_gen tag="KO"/>
      <infl tag="--"/>
      <inflClass tag="--"/>
      <inflClass_gen tag="--"/>
    </tok_anno>
  </token>
  <token id="t28" trans="ich" type="token">
    <tok_dipl id="t28_d1" trans="ich" utf="ich"/>
    <tok_anno ascii="ich" id="t28_m1" trans="ich" utf="ich">
      <norm tag="ich"/>
      <lemma tag="ich"/>
      <lemma_gen tag="ich"/>
      <lemma_idmwb tag="81210000"/>
      <pos tag="PPER"/>
      <pos_gen tag="PPER"/>
      <infl tag="Nom.Sg.1"/>
      <inflClass tag="--"/>
      <inflClass_gen tag="--"/>
    </tok_anno>
  </token>
  <token id="t29" trans="mit" type="token">
    <tok_dipl id="t29_d1" trans="mit" utf="mit"/>
    <tok_anno ascii="mit" id="t29_m1" trans="mit" utf="mit">
      <norm tag="mit"/>
      <lemma tag="mit"/>
      <lemma_gen tag="mit"/>
      <lemma_idmwb tag="113898000"/>
      <pos tag="APPR"/>
      <pos_gen tag="AP"/>
      <infl tag="--"/>
      <inflClass tag="--"/>
      <inflClass_gen tag="--"/>
    </tok_anno>
  </token>
  <token id="t30" trans="dínen" type="token">
    <tok_dipl id="t30_d1" trans="dínen" utf="dínen"/>
    <tok_anno ascii="dinen" id="t30_m1" trans="dínen" utf="dínen">
      <norm tag="dînen"/>
      <lemma tag="dîn"/>
      <lemma_gen tag="dîn"/>
      <lemma_idmwb tag="30567000"/>
      <pos tag="DPOSA"/>
      <pos_gen tag="DPOS"/>
      <infl tag="*.Dat.Pl.st"/>
      <inflClass tag="--"/>
      <inflClass_gen tag="--"/>
    </tok_anno>
  </token>
  <token id="t31" trans="mínnen" type="token">
    <tok_dipl id="t31_d1" trans="mínnen" utf="mínnen"/>
    <tok_anno ascii="minnen" id="t31_m1" trans="mínnen" utf="mínnen">
      <norm tag="minnen"/>
      <lemma tag="minne"/>
      <lemma_gen tag="minne"/>
      <lemma_idmwb tag="112086000"/>
      <pos tag="NA"/>
      <pos_gen tag="NA"/>
      <infl tag="Dat.Pl"/>
      <inflClass tag="*.Fem"/>
      <inflClass_gen tag="*.Fem"/>
    </tok_anno>
  </token>
  <token id="t32" trans="M#ínen" type="token">
    <tok_dipl id="t32_d1" trans="M" utf="M"/>
    <tok_dipl id="t32_d2" trans="ínen" utf="ínen"/>
    <tok_anno ascii="Minen" id="t32_m1" trans="M#ínen" utf="Mínen">
      <norm tag="mînen"/>
      <token_type tag="US"/>
      <lemma tag="mîn"/>
      <lemma_gen tag="mîn"/>
      <lemma_idmwb tag="112026000"/>
      <pos tag="DPOSA"/>
      <pos_gen tag="DPOS"/>
      <infl tag="Masc.Akk.Sg.st"/>
      <inflClass tag="--"/>
      <inflClass_gen tag="--"/>
    </tok_anno>
  </token>
  <token id="t33" trans="willen" type="token">
    <tok_dipl id="t33_d1" trans="willen" utf="willen"/>
    <tok_anno ascii="willen" id="t33_m1" trans="willen" utf="willen">
      <norm tag="willen"/>
      <lemma tag="wille"/>
      <lemma_gen tag="wille"/>
      <lemma_idmwb tag="229650000"/>
      <pos tag="NA"/>
      <pos_gen tag="NA"/>
      <infl tag="Akk.Sg"/>
      <inflClass tag="*.Masc"/>
      <inflClass_gen tag="*.Masc"/>
    </tok_anno>
  </token>
  <token id="t34" trans="mu\oze" type="token">
    <tok_dipl id="t34_d1" trans="mu\oze" utf="muͦze"/>
    <tok_anno ascii="muoze" id="t34_m1" trans="mu\oze" utf="muͦze">
      <norm tag="müeze"/>
      <lemma tag="müèzen"/>
      <lemma_gen tag="müèzen"/>
      <lemma_idmwb tag="116049000"/>
      <pos tag="VMFIN"/>
      <pos_gen tag="VM"/>
      <infl tag="Subj.Pres.Sg.1"/>
      <inflClass tag="prpr"/>
      <inflClass_gen tag="prpr"/>
    </tok_anno>
  </token>
  <token id="t35" trans="reden(.)" type="token">
    <tok_dipl id="t35_d1" trans="reden" utf="reden"/>
    <tok_anno ascii="reden" id="t35_m1" trans="reden" utf="reden">
      <norm tag="reden"/>
      <lemma tag="rèden"/>
      <lemma_gen tag="rèden"/>
      <lemma_idmwb tag="132639000"/>
      <pos tag="VVINF"/>
      <pos_gen tag="VV"/>
      <infl tag="--"/>
      <inflClass tag="wk"/>
      <inflClass_gen tag="wk"/>
      <punc tag="DE"/>
    </tok_anno>
  </token>
  <token id="t36" trans="d#i" type="token">
    <tok_dipl id="t36_d1" trans="d" utf="d"/>
    <tok_dipl id="t36_d2" trans="i" utf="i"/>
    <tok_anno ascii="di" id="t36_m1" trans="d#i" utf="di">
      <norm tag="di"/>
      <token_type tag="US"/>
      <lemma tag="dër"/>
      <lemma_gen tag="dër"/>
      <lemma_idmwb tag="29817000"/>
      <pos tag="DDART"/>
      <pos_gen tag="DD"/>
      <infl tag="Fem.Akk.Sg"/>
      <inflClass tag="--"/>
      <inflClass_gen tag="--"/>
    </tok_anno>
  </token>
  <token id="t37" trans="manigen" type="token">
    <tok_dipl id="t37_d1" trans="manigen" utf="manigen"/>
    <tok_anno ascii="manigen" id="t37_m1" trans="manigen" utf="manigen">
      <norm tag="manigen"/>
      <lemma tag="manig"/>
      <lemma_gen tag="manig"/>
      <lemma_idmwb tag="107511000"/>
      <pos tag="DIA"/>
      <pos_gen tag="DI"/>
      <infl tag="Fem.Akk.Sg.wk"/>
      <inflClass tag="--"/>
      <inflClass_gen tag="--"/>
    </tok_anno>
  </token>
  <token id="t38" trans="tugent" type="token">
    <tok_dipl id="t38_d1" trans="tugent" utf="tugent"/>
    <tok_anno ascii="tugent" id="t38_m1" trans="tugent" utf="tugent">
      <norm tag="tugent"/>
      <lemma tag="tugend(e)"/>
      <lemma_gen tag="tugend(e)"/>
      <lemma_idmwb tag="173043000"/>
      <pos tag="NA"/>
      <pos_gen tag="NA"/>
      <infl tag="Akk.Sg"/>
      <inflClass tag="st.Fem"/>
      <inflClass_gen tag="*.Fem"/>
    </tok_anno>
  </token>
  <token id="t39" trans="von" type="token">
    <tok_dipl id="t39_d1" trans="von" utf="von"/>
    <tok_anno ascii="von" id="t39_m1" trans="von" utf="von">
      <norm tag="von"/>
      <lemma tag="von"/>
      <lemma_gen tag="von"/>
      <lemma_idmwb tag="213186000"/>
      <pos tag="APPR"/>
      <pos_gen tag="AP"/>
      <infl tag="--"/>
      <inflClass tag="--"/>
      <inflClass_gen tag="--"/>
    </tok_anno>
  </token>
  <token id="t40" trans="$ineme" type="token">
    <tok_dipl id="t40_d1" trans="$ineme" utf="ſineme"/>
    <tok_anno ascii="sineme" id="t40_m1" trans="$ineme" utf="ſineme">
      <norm tag="sîneme"/>
      <lemma tag="sîn"/>
      <lemma_gen tag="sîn"/>
      <lemma_idmwb tag="150153000"/>
      <pos tag="DPOSA"/>
      <pos_gen tag="DPOS"/>
      <infl tag="Masc.Dat.Sg.st"/>
      <inflClass tag="--"/>
      <inflClass_gen tag="--"/>
    </tok_anno>
  </token>
  <token id="t41" trans="libe(.)" type="token">
    <tok_dipl id="t41_d1" trans="libe" utf="libe"/>
    <tok_anno ascii="libe" id="t41_m1" trans="libe" utf="libe">
      <norm tag="lîbe"/>
      <lemma tag="lîb"/>
      <lemma_gen tag="lîb"/>
      <lemma_idmwb tag="103638000"/>
      <pos tag="NA"/>
      <pos_gen tag="NA"/>
      <infl tag="Dat.Sg"/>
      <inflClass tag="st.Masc"/>
      <inflClass_gen tag="st.Masc,Neut"/>
      <punc tag="DE"/>
    </tok_anno>
  </token>
  <token id="t42" trans="E#r" type="token">
    <tok_dipl id="t42_d1" trans="E" utf="E"/>
    <tok_dipl id="t42_d2" trans="r" utf="r"/>
    <tok_anno ascii="Er" id="t42_m1" trans="E#r" utf="Er">
      <norm tag="er"/>
      <token_type tag="US"/>
      <lemma tag="ër"/>
      <lemma_gen tag="ër"/>
      <lemma_idmwb tag="40380000"/>
      <pos tag="PPER"/>
      <pos_gen tag="PPER"/>
      <infl tag="Masc.Nom.Sg.3"/>
      <inflClass tag="--"/>
      <inflClass_gen tag="--"/>
    </tok_anno>
  </token>
  <token id="t43" trans="i$t" type="token">
    <tok_dipl id="t43_d1" trans="i$t" utf="iſt"/>
    <tok_anno ascii="ist" id="t43_m1" trans="i$t" utf="iſt">
      <norm tag="ist"/>
      <lemma tag="sîn"/>
      <lemma_gen tag="sîn"/>
      <lemma_idmwb tag="150147000"/>
      <pos tag="VAFIN"/>
      <pos_gen tag="VA"/>
      <infl tag="Ind.Pres.Sg.3"/>
      <inflClass tag="irr"/>
      <inflClass_gen tag="irr"/>
    </tok_anno>
  </token>
  <token id="t44" trans="d'" type="token">
    <tok_dipl id="t44_d1" trans="d'" utf="dˢ"/>
    <tok_anno ascii="der" id="t44_m1" trans="d'" utf="dˢ">
      <norm tag="der"/>
      <lemma tag="dër"/>
      <lemma_gen tag="dër"/>
      <lemma_idmwb tag="29817000"/>
      <pos tag="DDART"/>
      <pos_gen tag="DD"/>
      <infl tag="Masc.Nom.Sg"/>
      <inflClass tag="--"/>
      <inflClass_gen tag="--"/>
    </tok_anno>
  </token>
  <token id="t45" trans="$elige$te" type="token">
    <tok_dipl id="t45_d1" trans="$elige$te" utf="ſeligeſte"/>
    <tok_anno ascii="seligeste" id="t45_m1" trans="$elige$te" utf="ſeligeſte">
      <norm tag="sæligeste"/>
      <lemma tag="sælig"/>
      <lemma_gen tag="sælig"/>
      <lemma_idmwb tag="139293000"/>
      <pos tag="ADJA"/>
      <pos_gen tag="ADJ"/>
      <infl tag="Pos.Masc.Nom.Sg.wk"/>
      <inflClass tag="--"/>
      <inflClass_gen tag="--"/>
    </tok_anno>
  </token>
  <token id="t46" trans="herre(.)" type="token">
    <tok_dipl id="t46_d1" trans="herre" utf="herre"/>
    <tok_anno ascii="herre" id="t46_m1" trans="herre" utf="herre">
      <norm tag="hêrre"/>
      <lemma tag="hêrre"/>
      <lemma_gen tag="hêrre"/>
      <lemma_idmwb tag="72543000"/>
      <pos tag="NA"/>
      <pos_gen tag="NA"/>
      <infl tag="Nom.Sg"/>
      <inflClass tag="*.Masc"/>
      <inflClass_gen tag="*.Masc"/>
      <punc tag="DE"/>
    </tok_anno>
  </token>
  <token id="t47" trans="d#vrh" type="token">
    <tok_dipl id="t47_d1" trans="d" utf="d"/>
    <tok_dipl id="t47_d2" trans="vrh" utf="vrh"/>
    <tok_anno ascii="dvrh" id="t47_m1" trans="d#vrh" utf="dvrh">
      <norm tag="durch"/>
      <token_type tag="US"/>
      <lemma tag="durch"/>
      <lemma_gen tag="durh"/>
      <lemma_idmwb tag="32826000"/>
      <pos tag="APPR"/>
      <pos_gen tag="AP"/>
      <infl tag="--"/>
      <inflClass tag="--"/>
      <inflClass_gen tag="--"/>
    </tok_anno>
  </token>
  <token id="t48" trans="got" type="token">
    <tok_dipl id="t48_d1" trans="got" utf="got"/>
    <tok_anno ascii="got" id="t48_m1" trans="got" utf="got">
      <norm tag="got"/>
      <lemma tag="got"/>
      <lemma_gen tag="got"/>
      <lemma_idmwb tag="63291000"/>
      <pos tag="NA"/>
      <pos_gen tag="NA"/>
      <infl tag="Akk.Sg"/>
      <inflClass tag="st.Masc"/>
      <inflClass_gen tag="st.Masc"/>
    </tok_anno>
  </token>
  <token id="t49" trans="$turue" type="token">
    <tok_dipl id="t49_d1" trans="$turue" utf="ſturue"/>
    <tok_anno ascii="sturue" id="t49_m1" trans="$turue" utf="ſturue">
      <norm tag="stürbe"/>
      <lemma tag="stërben"/>
      <lemma_gen tag="stërben"/>
      <lemma_idmwb tag="158832000"/>
      <pos tag="VVFIN"/>
      <pos_gen tag="VV"/>
      <infl tag="Subj.Past.Sg.3"/>
      <inflClass tag="st3b"/>
      <inflClass_gen tag="st3b"/>
    </tok_anno>
  </token>
  <token id="t50" trans="er" type="token">
    <tok_dipl id="t50_d1" trans="er" utf="er"/>
    <tok_anno ascii="er" id="t50_m1" trans="er" utf="er">
      <norm tag="er"/>
      <lemma tag="ër"/>
      <lemma_gen tag="ër"/>
      <lemma_idmwb tag="40380000"/>
      <pos tag="PPER"/>
      <pos_gen tag="PPER"/>
      <infl tag="Masc.Nom.Sg.3"/>
      <inflClass tag="--"/>
      <inflClass_gen tag="--"/>
    </tok_anno>
  </token>
  <token id="t51" trans="gerne(.)" type="token">
    <tok_dipl id="t51_d1" trans="gerne" utf="gerne"/>
    <tok_anno ascii="gerne" id="t51_m1" trans="gerne" utf="gerne">
      <norm tag="gerne"/>
      <lemma tag="gërne"/>
      <lemma_gen tag="gërne"/>
      <lemma_idmwb tag="55131000"/>
      <pos tag="AVD"/>
      <pos_gen tag="AVD"/>
      <infl tag="--"/>
      <inflClass tag="--"/>
      <inflClass_gen tag="--"/>
      <punc tag="DE"/>
    </tok_anno>
  </token>
  <token id="t52" trans="." type="punc">
    <tok_dipl id="t52_d1" trans="." utf="."/>
    <tok_anno ascii="." id="t52_m1" trans="." utf=".">
      <pos tag="$_"/>
      <pos_gen tag="$_"/>
      <punc tag="$E"/>
    </tok_anno>
  </token>
  <token id="t53" trans="E#r" type="token">
    <tok_dipl id="t53_d1" trans="E" utf="E"/>
    <tok_dipl id="t53_d2" trans="r" utf="r"/>
    <tok_anno ascii="Er" id="t53_m1" trans="E#r" utf="Er">
      <norm tag="er"/>
      <token_type tag="US"/>
      <lemma tag="ër"/>
      <lemma_gen tag="ër"/>
      <lemma_idmwb tag="40380000"/>
      <pos tag="PPER"/>
      <pos_gen tag="PPER"/>
      <infl tag="Masc.Nom.Sg.3"/>
      <inflClass tag="--"/>
      <inflClass_gen tag="--"/>
    </tok_anno>
  </token>
  <token id="t54" trans="ne" type="token">
    <tok_dipl id="t54_d1" trans="ne" utf="ne"/>
    <tok_anno ascii="ne" id="t54_m1" trans="ne" utf="ne">
      <norm tag="ne"/>
      <lemma tag="ne"/>
      <lemma_gen tag="ne"/>
      <lemma_idmwb tag="119841000"/>
      <pos tag="PTKNEG"/>
      <pos_gen tag="PTK"/>
      <infl tag="--"/>
      <inflClass tag="--"/>
      <inflClass_gen tag="--"/>
    </tok_anno>
  </token>
  <token id="t55" trans="hat" type="token">
    <tok_dipl id="t55_d1" trans="hat" utf="hat"/>
    <tok_anno ascii="hat" id="t55_m1" trans="hat" utf="hat">
      <norm tag="hât"/>
      <lemma tag="haben"/>
      <lemma_gen tag="haben"/>
      <lemma_idmwb tag="66885000"/>
      <pos tag="VAFIN"/>
      <pos_gen tag="VA"/>
      <infl tag="Ind.Pres.Sg.3"/>
      <inflClass tag="wk"/>
      <inflClass_gen tag="wk"/>
    </tok_anno>
  </token>
  <token id="t56" trans="$in" type="token">
    <tok_dipl id="t56_d1" trans="$in" utf="ſin"/>
    <tok_anno ascii="sin" id="t56_m1" trans="$in" utf="ſin">
      <norm tag="sîn"/>
      <lemma tag="ër"/>
      <lemma_gen tag="ër"/>
      <lemma_idmwb tag="40380000"/>
      <pos tag="PPER"/>
      <pos_gen tag="PPER"/>
      <infl tag="Neut.Gen.Sg.3"/>
      <inflClass tag="--"/>
      <inflClass_gen tag="--"/>
    </tok_anno>
  </token>
  <token id="t57" trans="neheinen" type="token">
    <tok_dipl id="t57_d1" trans="neheinen" utf="neheinen"/>
    <tok_anno ascii="neheinen" id="t57_m1" trans="neheinen" utf="neheinen">
      <norm tag="necheinen"/>
      <lemma tag="neh-èin"/>
      <lemma_gen tag="neh-èin"/>
      <lemma_idmwb tag="120018000"/>
      <pos tag="DIA"/>
      <pos_gen tag="DI"/>
      <infl tag="Masc.Akk.Sg.st"/>
      <inflClass tag="--"/>
      <inflClass_gen tag="--"/>
    </tok_anno>
  </token>
  <token id="t58" trans="rat,," type="token">
    <tok_dipl id="t58_d1" trans="rat" utf="rat"/>
    <tok_anno ascii="rat" id="t58_m1" trans="rat" utf="rat">
      <norm tag="rât"/>
      <lemma tag="rât"/>
      <lemma_gen tag="rât"/>
      <lemma_idmwb tag="131892000"/>
      <pos tag="NA"/>
      <pos_gen tag="NA"/>
      <infl tag="Akk.Sg"/>
      <inflClass tag="stu.Masc"/>
      <inflClass_gen tag="stu.Masc"/>
      <punc tag="S*"/>
    </tok_anno>
  </token>
  <token id="t59" trans="W#an" type="token">
    <tok_dipl id="t59_d1" trans="W" utf="W"/>
    <tok_dipl id="t59_d2" trans="an" utf="an"/>
    <tok_anno ascii="Wan" id="t59_m1" trans="W#an" utf="Wan">
      <norm tag="wan"/>
      <token_type tag="US"/>
      <lemma tag="wante"/>
      <lemma_gen tag="wante"/>
      <lemma_idmwb tag="221532000"/>
      <pos tag="KO*"/>
      <pos_gen tag="KO"/>
      <infl tag="--"/>
      <inflClass tag="--"/>
      <inflClass_gen tag="--"/>
    </tok_anno>
  </token>
  <token id="t60" trans="ime" type="token">
    <tok_dipl id="t60_d1" trans="ime" utf="ime"/>
    <tok_anno ascii="ime" id="t60_m1" trans="ime" utf="ime">
      <norm tag="ime"/>
      <lemma tag="ër"/>
      <lemma_gen tag="ër"/>
      <lemma_idmwb tag="40380000"/>
      <pos tag="PPER"/>
      <pos_gen tag="PPER"/>
      <infl tag="Masc.Dat.Sg.3"/>
      <inflClass tag="--"/>
      <inflClass_gen tag="--"/>
    </tok_anno>
  </token>
  <token id="t61" trans="iz" type="token">
    <tok_dipl id="t61_d1" trans="iz" utf="iz"/>
    <tok_anno ascii="iz" id="t61_m1" trans="iz" utf="iz">
      <norm tag="iz"/>
      <lemma tag="ër"/>
      <lemma_gen tag="ër"/>
      <lemma_idmwb tag="40380000"/>
      <pos tag="PPER"/>
      <pos_gen tag="PPER"/>
      <infl tag="Neut.Akk.Sg.3"/>
      <inflClass tag="--"/>
      <inflClass_gen tag="--"/>
    </tok_anno>
  </token>
  <token id="t62" trans="got" type="token">
    <tok_dipl id="t62_d1" trans="got" utf="got"/>
    <tok_anno ascii="got" id="t62_m1" trans="got" utf="got">
      <norm tag="got"/>
      <lemma tag="got"/>
      <lemma_gen tag="got"/>
      <lemma_idmwb tag="63291000"/>
      <pos tag="NA"/>
      <pos_gen tag="NA"/>
      <infl tag="Nom.Sg"/>
      <inflClass tag="st.Masc"/>
      <inflClass_gen tag="st.Masc"/>
    </tok_anno>
  </token>
  <token id="t63" trans="$elue" type="token">
    <tok_dipl id="t63_d1" trans="$elue" utf="ſelue"/>
    <tok_anno ascii="selue" id="t63_m1" trans="$elue" utf="ſelue">
      <norm tag="selbe"/>
      <lemma tag="sëlb"/>
      <lemma_gen tag="sëlb"/>
      <lemma_idmwb tag="147849000"/>
      <pos tag="DDN"/>
      <pos_gen tag="DD"/>
      <infl tag="Masc.Nom.Sg.wk"/>
      <inflClass tag="--"/>
      <inflClass_gen tag="--"/>
    </tok_anno>
  </token>
  <token id="t64" trans="geboten" type="token">
    <tok_dipl id="t64_d1" trans="geboten" utf="geboten"/>
    <tok_anno ascii="geboten" id="t64_m1" trans="geboten" utf="geboten">
      <norm tag="geboten"/>
      <lemma tag="ge-bièten"/>
      <lemma_gen tag="ge-bièten"/>
      <lemma_idmwb tag="47949000"/>
      <pos tag="VVPP"/>
      <pos_gen tag="VV"/>
      <infl tag="--"/>
      <inflClass tag="st2b"/>
      <inflClass_gen tag="st2b"/>
    </tok_anno>
  </token>
  <token id="t65" trans="hat,," type="token">
    <tok_dipl id="t65_d1" trans="hat" utf="hat"/>
    <tok_anno ascii="hat" id="t65_m1" trans="hat" utf="hat">
      <norm tag="hât"/>
      <lemma tag="haben"/>
      <lemma_gen tag="haben"/>
      <lemma_idmwb tag="66885000"/>
      <pos tag="VAFIN"/>
      <pos_gen tag="VA"/>
      <infl tag="Ind.Pres.Sg.3"/>
      <inflClass tag="wk"/>
      <inflClass_gen tag="wk"/>
      <punc tag="S*"/>
    </tok_anno>
  </token>
  <comment type="K">/K[hat: üdZ]</comment>
  <token id="t66" trans="d#az" type="token">
    <tok_dipl id="t66_d1" trans="d" utf="d"/>
    <tok_dipl id="t66_d2" trans="az" utf="az"/>
    <tok_anno ascii="daz" id="t66_m1" trans="d#az" utf="daz">
      <norm tag="daz"/>
      <token_type tag="US"/>
      <lemma tag="daz"/>
      <lemma_gen tag="dazz"/>
      <lemma_idmwb tag="29484000"/>
      <pos tag="KOUS"/>
      <pos_gen tag="KO"/>
      <infl tag="--"/>
      <inflClass tag="--"/>
      <inflClass_gen tag="--"/>
    </tok_anno>
  </token>
  <token id="t67" trans="er" type="token">
    <tok_dipl id="t67_d1" trans="er" utf="er"/>
    <tok_anno ascii="er" id="t67_m1" trans="er" utf="er">
      <norm tag="er"/>
      <lemma tag="ër"/>
      <lemma_gen tag="ër"/>
      <lemma_idmwb tag="40380000"/>
      <pos tag="PPER"/>
      <pos_gen tag="PPER"/>
      <infl tag="Masc.Nom.Sg.3"/>
      <inflClass tag="--"/>
      <inflClass_gen tag="--"/>
    </tok_anno>
  </token>
  <token id="t68" trans="die" type="token">
    <tok_dipl id="t68_d1" trans="die" utf="die"/>
    <tok_anno ascii="die" id="t68_m1" trans="die" utf="die">
      <norm tag="die"/>
      <lemma tag="dër"/>
      <lemma_gen tag="dër"/>
      <lemma_idmwb tag="29817000"/>
      <pos tag="DDART"/>
      <pos_gen tag="DD"/>
      <infl tag="*.Akk.Pl"/>
      <inflClass tag="--"/>
      <inflClass_gen tag="--"/>
    </tok_anno>
  </token>
  <token id="t69" trans="heidene" type="token">
    <tok_dipl id="t69_d1" trans="heidene" utf="heidene"/>
    <tok_anno ascii="heidene" id="t69_m1" trans="heidene" utf="heidene">
      <norm tag="heidene"/>
      <lemma tag="hèiden"/>
      <lemma_gen tag="hèiden"/>
      <lemma_idmwb tag="69939000"/>
      <pos tag="NA"/>
      <pos_gen tag="NA"/>
      <infl tag="Akk.Pl"/>
      <inflClass tag="st.Masc"/>
      <inflClass_gen tag="st.Masc"/>
    </tok_anno>
  </token>
  <token id="t70" trans="bekere(.)" type="token">
    <tok_dipl id="t70_d1" trans="bekere" utf="bekere"/>
    <tok_anno ascii="bekere" id="t70_m1" trans="bekere" utf="bekere">
      <norm tag="bekêre"/>
      <lemma tag="be-kêren"/>
      <lemma_gen tag="be-kêren"/>
      <lemma_idmwb tag="14043000"/>
      <pos tag="VVFIN"/>
      <pos_gen tag="VV"/>
      <infl tag="Subj.Pres.Sg.3"/>
      <inflClass tag="wk"/>
      <inflClass_gen tag="wk"/>
      <punc tag="DE"/>
    </tok_anno>
  </token>
  <token id="t71" trans="W#ir" type="token">
    <tok_dipl id="t71_d1" trans="W" utf="W"/>
    <tok_dipl id="t71_d2" trans="ir" utf="ir"/>
    <tok_anno ascii="Wir" id="t71_m1" trans="W#ir" utf="Wir">
      <norm tag="wir"/>
      <token_type tag="US"/>
      <lemma tag="wir"/>
      <lemma_gen tag="wir"/>
      <lemma_idmwb tag="231441000"/>
      <pos tag="PPER"/>
      <pos_gen tag="PPER"/>
      <infl tag="Nom.Pl.1"/>
      <inflClass tag="--"/>
      <inflClass_gen tag="--"/>
    </tok_anno>
  </token>
  <token id="t72" trans="helfen" type="token">
    <tok_dipl id="t72_d1" trans="helfen" utf="helfen"/>
    <tok_anno ascii="helfen" id="t72_m1" trans="helfen" utf="helfen">
      <norm tag="helfen"/>
      <lemma tag="hëlfen"/>
      <lemma_gen tag="hëlfen"/>
      <lemma_idmwb tag="70920000"/>
      <pos tag="VVFIN"/>
      <pos_gen tag="VV"/>
      <infl tag="*.Pres.Pl.1"/>
      <inflClass tag="st3b"/>
      <inflClass_gen tag="st3b"/>
    </tok_anno>
  </token>
  <token id="t73" trans="ime" type="token">
    <tok_dipl id="t73_d1" trans="ime" utf="ime"/>
    <tok_anno ascii="ime" id="t73_m1" trans="ime" utf="ime">
      <norm tag="ime"/>
      <lemma tag="ër"/>
      <lemma_gen tag="ër"/>
      <lemma_idmwb tag="40380000"/>
      <pos tag="PPER"/>
      <pos_gen tag="PPER"/>
      <infl tag="Masc.Dat.Sg.3"/>
      <inflClass tag="--"/>
      <inflClass_gen tag="--"/>
    </tok_anno>
  </token>
  <token id="t74" trans="dar||zv\o" type="token">
    <tok_dipl id="t74_d1" trans="darzv\o" utf="darzvͦ"/>
    <tok_anno ascii="dar" id="t74_m1" trans="dar|" utf="dar">
      <norm tag="dâr"/>
      <token_type tag="MS1"/>
      <lemma tag="dâr/+zuo"/>
      <lemma_gen tag="dâr"/>
      <lemma_idmwb tag="28932000"/>
      <pos tag="PAVD"/>
      <pos_gen tag="AVD"/>
      <infl tag="--"/>
      <inflClass tag="--"/>
      <inflClass_gen tag="--"/>
    </tok_anno>
    <tok_anno ascii="zvo" id="t74_m2" trans="|zv\o" utf="zvͦ">
      <norm tag="zuo"/>
      <token_type tag="MS2"/>
      <lemma tag="zuo/dâr+"/>
      <lemma_gen tag="zuo"/>
      <lemma_idmwb tag="240651000"/>
      <pos tag="PAVAP"/>
      <pos_gen tag="AP"/>
      <infl tag="--"/>
      <inflClass tag="--"/>
      <inflClass_gen tag="--"/>
    </tok_anno>
  </token>
  <token id="t75" trans="g'ne(.)" type="token">
    <tok_dipl id="t75_d1" trans="g'ne" utf="gˢne"/>
    <tok_anno ascii="gerne" id="t75_m1" trans="g'ne" utf="gˢne">
      <norm tag="gerne"/>
      <lemma tag="gërne"/>
      <lemma_gen tag="gërne"/>
      <lemma_idmwb tag="55131000"/>
      <pos tag="AVD"/>
      <pos_gen tag="AVD"/>
      <infl tag="--"/>
      <inflClass tag="--"/>
      <inflClass_gen tag="--"/>
      <punc tag="DE"/>
    </tok_anno>
  </token>
  <token id="t76" trans="&quot;d#en" type="token">
    <tok_dipl id="t76_d1" trans="d" utf="d"/>
    <tok_dipl id="t76_d2" trans="en" utf="en"/>
    <tok_anno ascii="den" id="t76_m1" trans="d#en" utf="den">
      <norm tag="den"/>
      <token_type tag="US"/>
      <lemma tag="dër"/>
      <lemma_gen tag="dër"/>
      <lemma_idmwb tag="29823000"/>
      <pos tag="DRELS"/>
      <pos_gen tag="DD"/>
      <infl tag="Masc.Akk.Sg"/>
      <inflClass tag="--"/>
      <inflClass_gen tag="--"/>
    </tok_anno>
  </token>
  <token id="t77" trans="ich" type="token">
    <tok_dipl id="t77_d1" trans="ich" utf="ich"/>
    <tok_anno ascii="ich" id="t77_m1" trans="ich" utf="ich">
      <norm tag="ich"/>
      <lemma tag="ich"/>
      <lemma_gen tag="ich"/>
      <lemma_idmwb tag="81210000"/>
      <pos tag="PPER"/>
      <pos_gen tag="PPER"/>
      <infl tag="Nom.Sg.1"/>
      <inflClass tag="--"/>
      <inflClass_gen tag="--"/>
    </tok_anno>
  </token>
  <token id="t78" trans="dicke" type="token">
    <tok_dipl id="t78_d1" trans="dicke" utf="dicke"/>
    <tok_anno ascii="dicke" id="t78_m1" trans="dicke" utf="dicke">
      <norm tag="dicke"/>
      <lemma tag="dicke"/>
      <lemma_gen tag="dicke"/>
      <lemma_idmwb tag="30054000"/>
      <pos tag="AVD"/>
      <pos_gen tag="AVD"/>
      <infl tag="--"/>
      <inflClass tag="--"/>
      <inflClass_gen tag="--"/>
    </tok_anno>
  </token>
  <token id="t79" trans="an*1" type="token">
    <tok_dipl id="t79_d1" trans="an" utf="an"/>
    <tok_anno ascii="an" id="t79_m1" trans="an*1" utf="an">
      <norm tag="an"/>
      <lemma tag="ane/&gt;+bëten"/>
      <lemma_gen tag="ane"/>
      <lemma_idmwb tag="5691000"/>
      <pos tag="PTKVZ"/>
      <pos_gen tag="PTK"/>
      <infl tag="--"/>
      <inflClass tag="--"/>
      <inflClass_gen tag="--"/>
      <link target="t80_m1" type="vptk"/>
    </tok_anno>
  </token>
  <token id="t80" trans="bete*2&quot;,,(" type="token">
    <tok_dipl id="t80_d1" trans="bete" utf="bete"/>
    <tok_anno ascii="bete" id="t80_m1" trans="bete*2" utf="bete">
      <norm tag="bete"/>
      <lemma tag="bëten/ane&gt;+"/>
      <lemma_gen tag="bëten"/>
      <lemma_idmwb tag="18165000"/>
      <pos tag="VVFIN"/>
      <pos_gen tag="VV"/>
      <infl tag="*.Pres.Sg.1"/>
      <inflClass tag="wk"/>
      <inflClass_gen tag="wk"/>
      <link target="t79_m1" type="vptk"/>
    </tok_anno>
  </token>
  <token id="t81" trans="S#prah" type="token">
    <tok_dipl id="t81_d1" trans="S" utf="S"/>
    <tok_dipl id="t81_d2" trans="prah" utf="prah"/>
    <tok_anno ascii="Sprah" id="t81_m1" trans="S#prah" utf="Sprah">
      <norm tag="sprach"/>
      <token_type tag="US"/>
      <lemma tag="sprëchen"/>
      <lemma_gen tag="sprëchen"/>
      <lemma_idmwb tag="156540000"/>
      <pos tag="VVFIN"/>
      <pos_gen tag="VV"/>
      <infl tag="Ind.Past.Sg.3"/>
      <inflClass tag="st4"/>
      <inflClass_gen tag="st4"/>
    </tok_anno>
  </token>
  <token id="t82" trans="do" type="token">
    <tok_dipl id="t82_d1" trans="do" utf="do"/>
    <tok_anno ascii="do" id="t82_m1" trans="do" utf="do">
      <norm tag="dô"/>
      <lemma tag="dô"/>
      <lemma_gen tag="dô"/>
      <lemma_idmwb tag="31164000"/>
      <pos tag="AVD"/>
      <pos_gen tag="AVD-KO"/>
      <infl tag="--"/>
      <inflClass tag="--"/>
      <inflClass_gen tag="--"/>
    </tok_anno>
  </token>
  <token id="t83" trans="der" type="token">
    <tok_dipl id="t83_d1" trans="der" utf="der"/>
    <tok_anno ascii="der" id="t83_m1" trans="der" utf="der">
      <norm tag="der"/>
      <lemma tag="dër"/>
      <lemma_gen tag="dër"/>
      <lemma_idmwb tag="29817000"/>
      <pos tag="DDART"/>
      <pos_gen tag="DD"/>
      <infl tag="Masc.Nom.Sg"/>
      <inflClass tag="--"/>
      <inflClass_gen tag="--"/>
    </tok_anno>
  </token>
  <token id="t84" trans="heiden,,)" type="token">
    <tok_dipl id="t84_d1" trans="heiden" utf="heiden"/>
    <tok_anno ascii="heiden" id="t84_m1" trans="heiden" utf="heiden">
      <norm tag="heiden"/>
      <lemma tag="hèiden"/>
      <lemma_gen tag="hèiden"/>
      <lemma_idmwb tag="69939000"/>
      <pos tag="NA"/>
      <pos_gen tag="NA"/>
      <infl tag="Nom.Sg"/>
      <inflClass tag="st.Masc"/>
      <inflClass_gen tag="st.Masc"/>
    </tok_anno>
  </token>
  <token id="t85" trans="&quot;N#u" type="token">
    <tok_dipl id="t85_d1" trans="N" utf="N"/>
    <tok_dipl id="t85_d2" trans="u" utf="u"/>
    <tok_anno ascii="Nu" id="t85_m1" trans="N#u" utf="Nu">
      <norm tag="nû"/>
      <token_type tag="US"/>
      <lemma tag="nû"/>
      <lemma_gen tag="nû"/>
      <lemma_idmwb tag="122703000"/>
      <pos tag="AVD"/>
      <pos_gen tag="AVD-KO"/>
      <infl tag="--"/>
      <inflClass tag="--"/>
      <inflClass_gen tag="--"/>
    </tok_anno>
  </token>
  <token id="t86" trans="$i" type="token">
    <tok_dipl id="t86_d1" trans="$i" utf="ſi"/>
    <tok_anno ascii="si" id="t86_m1" trans="$i" utf="ſi">
      <norm tag="si"/>
      <lemma tag="ër"/>
      <lemma_gen tag="ër"/>
      <lemma_idmwb tag="40380000"/>
      <pos tag="PPER"/>
      <pos_gen tag="PPER"/>
      <infl tag="*.Nom.Pl.3"/>
      <inflClass tag="--"/>
      <inflClass_gen tag="--"/>
    </tok_anno>
  </token>
  <token id="t87" trans="$int" type="token">
    <tok_dipl id="t87_d1" trans="$int" utf="ſint"/>
    <tok_anno ascii="sint" id="t87_m1" trans="$int" utf="ſint">
      <norm tag="sint"/>
      <lemma tag="sîn"/>
      <lemma_gen tag="sîn"/>
      <lemma_idmwb tag="150147000"/>
      <pos tag="VAFIN"/>
      <pos_gen tag="VA"/>
      <infl tag="Ind.Pres.Pl.3"/>
      <inflClass tag="irr"/>
      <inflClass_gen tag="irr"/>
    </tok_anno>
  </token>
  <token id="t88" trans="umbe$ceiden,," type="token">
    <tok_dipl id="t88_d1" trans="umbe$ceiden" utf="umbeſceiden"/>
    <tok_anno ascii="umbesceiden" id="t88_m1" trans="umbe$ceiden" utf="umbeſceiden">
      <norm tag="unbescheiden"/>
      <lemma tag="un-be-schèiden"/>
      <lemma_gen tag="un-be-schèiden"/>
      <lemma_idmwb tag="182469000"/>
      <pos tag="ADJD"/>
      <pos_gen tag="VVPP"/>
      <infl tag="Pos....0"/>
      <inflClass tag="--"/>
      <inflClass_gen tag="--"/>
      <punc tag="S*"/>
    </tok_anno>
  </token>
  <token id="t89" trans="h#ete" type="token">
    <tok_dipl id="t89_d1" trans="h" utf="h"/>
    <tok_dipl id="t89_d2" trans="ete" utf="ete"/>
    <tok_anno ascii="hete" id="t89_m1" trans="h#ete" utf="hete">
      <norm tag="hæte"/>
      <token_type tag="US"/>
      <lemma tag="haben"/>
      <lemma_gen tag="haben"/>
      <lemma_idmwb tag="66885000"/>
      <pos tag="VAFIN"/>
      <pos_gen tag="VA"/>
      <infl tag="*.Past.Sg.1"/>
      <inflClass tag="wk"/>
      <inflClass_gen tag="wk"/>
    </tok_anno>
  </token>
  <token id="t90" trans="ich" type="token">
    <tok_dipl id="t90_d1" trans="ich" utf="ich"/>
    <tok_anno ascii="ich" id="t90_m1" trans="ich" utf="ich">
      <norm tag="ich"/>
      <lemma tag="ich"/>
      <lemma_gen tag="ich"/>
      <lemma_idmwb tag="81210000"/>
      <pos tag="PPER"/>
      <pos_gen tag="PPER"/>
      <infl tag="Nom.Sg.1"/>
      <inflClass tag="--"/>
      <inflClass_gen tag="--"/>
    </tok_anno>
  </token>
  <token id="t91" trans="di" type="token">
    <tok_dipl id="t91_d1" trans="di" utf="di"/>
    <tok_anno ascii="di" id="t91_m1" trans="di" utf="di">
      <norm tag="di"/>
      <lemma tag="dër"/>
      <lemma_gen tag="dër"/>
      <lemma_idmwb tag="29817000"/>
      <pos tag="DDART"/>
      <pos_gen tag="DD"/>
      <infl tag="*.Akk.Pl"/>
      <inflClass tag="--"/>
      <inflClass_gen tag="--"/>
    </tok_anno>
  </token>
  <token id="t92" trans="zweleue" type="token">
    <tok_dipl id="t92_d1" trans="zweleue" utf="zweleue"/>
    <tok_anno ascii="zweleue" id="t92_m1" trans="zweleue" utf="zweleue">
      <norm tag="zwelive"/>
      <lemma tag="zwèl(i)v"/>
      <lemma_gen tag="zwèl(i)v"/>
      <lemma_idmwb tag="242619000"/>
      <pos tag="CARDS"/>
      <pos_gen tag="CARD"/>
      <infl tag="*.Akk.Pl.st"/>
      <inflClass tag="--"/>
      <inflClass_gen tag="--"/>
    </tok_anno>
  </token>
  <token id="t93" trans="er$lagen,," type="token">
    <tok_dipl id="t93_d1" trans="er$lagen" utf="erſlagen"/>
    <tok_anno ascii="erslagen" id="t93_m1" trans="er$lagen" utf="erſlagen">
      <norm tag="erslagen"/>
      <lemma tag="er-slahen"/>
      <lemma_gen tag="er-slahen"/>
      <lemma_idmwb tag="43653000"/>
      <pos tag="VVPP"/>
      <pos_gen tag="VV"/>
      <infl tag="--"/>
      <inflClass tag="st6"/>
      <inflClass_gen tag="st6"/>
      <punc tag="S*"/>
    </tok_anno>
  </token>
  <token id="t94" trans="d#az" type="token">
    <tok_dipl id="t94_d1" trans="d" utf="d"/>
    <tok_dipl id="t94_d2" trans="az" utf="az"/>
    <tok_anno ascii="daz" id="t94_m1" trans="d#az" utf="daz">
      <norm tag="daz"/>
      <token_type tag="US"/>
      <lemma tag="dazz"/>
      <lemma_gen tag="dazz"/>
      <lemma_idmwb tag="29484000"/>
      <pos tag="KOUS"/>
      <pos_gen tag="KO"/>
      <infl tag="--"/>
      <inflClass tag="--"/>
      <inflClass_gen tag="--"/>
    </tok_anno>
  </token>
  <token id="t95" trans="ich" type="token">
    <tok_dipl id="t95_d1" trans="ich" utf="ich"/>
    <tok_anno ascii="ich" id="t95_m1" trans="ich" utf="ich">
      <norm tag="ich"/>
      <lemma tag="ich"/>
      <lemma_gen tag="ich"/>
      <lemma_idmwb tag="81210000"/>
      <pos tag="PPER"/>
      <pos_gen tag="PPER"/>
      <infl tag="Nom.Sg.1"/>
      <inflClass tag="--"/>
      <inflClass_gen tag="--"/>
    </tok_anno>
  </token>
  <token id="t96" trans="fride" type="token">
    <tok_dipl id="t96_d1" trans="fride" utf="fride"/>
    <tok_anno ascii="fride" id="t96_m1" trans="fride" utf="fride">
      <norm tag="vride"/>
      <lemma tag="vride"/>
      <lemma_gen tag="vride"/>
      <lemma_idmwb tag="215664000"/>
      <pos tag="NA"/>
      <pos_gen tag="NA"/>
      <infl tag="Akk.Sg"/>
      <inflClass tag="*.Masc"/>
      <inflClass_gen tag="*.Masc"/>
    </tok_anno>
  </token>
  <token id="t97" trans="mahte" type="token">
    <tok_dipl id="t97_d1" trans="mahte" utf="mahte"/>
    <tok_anno ascii="mahte" id="t97_m1" trans="mahte" utf="mahte">
      <norm tag="mahte"/>
      <lemma tag="mügen"/>
      <lemma_gen tag="mügen"/>
      <lemma_idmwb tag="116097000"/>
      <pos tag="VMFIN"/>
      <pos_gen tag="VM"/>
      <infl tag="Subj.Past.Sg.1"/>
      <inflClass tag="prpr"/>
      <inflClass_gen tag="prpr"/>
    </tok_anno>
  </token>
  <token id="t98" trans="hauen(.)" type="token">
    <tok_dipl id="t98_d1" trans="hauen" utf="hauen"/>
    <tok_anno ascii="hauen" id="t98_m1" trans="hauen" utf="hauen">
      <norm tag="haben"/>
      <lemma tag="haben"/>
      <lemma_gen tag="haben"/>
      <lemma_idmwb tag="66885000"/>
      <pos tag="VAINF"/>
      <pos_gen tag="VA"/>
      <infl tag="--"/>
      <inflClass tag="wk"/>
      <inflClass_gen tag="wk"/>
      <punc tag="DE"/>
    </tok_anno>
  </token>
  <token id="t99" trans="d'" type="token">
    <tok_dipl id="t99_d1" trans="d'" utf="dˢ"/>
    <tok_anno ascii="der" id="t99_m1" trans="d'" utf="dˢ">
      <norm tag="der"/>
      <lemma tag="dër"/>
      <lemma_gen tag="dër"/>
      <lemma_idmwb tag="29823000"/>
      <pos tag="DRELS"/>
      <pos_gen tag="DD"/>
      <infl tag="Masc.Nom.Sg"/>
      <inflClass tag="--"/>
      <inflClass_gen tag="--"/>
    </tok_anno>
  </token>
  <token id="t100" trans="mir" type="token">
    <tok_dipl id="t100_d1" trans="mir" utf="mir"/>
    <tok_anno ascii="mir" id="t100_m1" trans="mir" utf="mir">
      <norm tag="mir"/>
      <lemma tag="ich"/>
      <lemma_gen tag="ich"/>
      <lemma_idmwb tag="81210000"/>
      <pos tag="PPER"/>
      <pos_gen tag="PPER"/>
      <infl tag="Dat.Sg.1"/>
      <inflClass tag="--"/>
      <inflClass_gen tag="--"/>
    </tok_anno>
  </token>
  <token id="t101" trans="den" type="token">
    <tok_dipl id="t101_d1" trans="den" utf="den"/>
    <tok_anno ascii="den" id="t101_m1" trans="den" utf="den">
      <norm tag="den"/>
      <lemma tag="dër"/>
      <lemma_gen tag="dër"/>
      <lemma_idmwb tag="29817000"/>
      <pos tag="DDART"/>
      <pos_gen tag="DD"/>
      <infl tag="Masc.Akk.Sg"/>
      <inflClass tag="--"/>
      <inflClass_gen tag="--"/>
    </tok_anno>
  </token>
  <token id="t102" trans="kei$er" type="token">
    <tok_dipl id="t102_d1" trans="kei$er" utf="keiſer"/>
    <tok_anno ascii="keiser" id="t102_m1" trans="kei$er" utf="keiſer">
      <norm tag="keiser"/>
      <lemma tag="kèiser"/>
      <lemma_gen tag="kèiser"/>
      <lemma_idmwb tag="88158000"/>
      <pos tag="NA"/>
      <pos_gen tag="NA"/>
      <infl tag="Akk.Sg"/>
      <inflClass tag="st.Masc"/>
      <inflClass_gen tag="st.Masc"/>
    </tok_anno>
  </token>
  <token id="t103" trans="$luge,," type="token">
    <tok_dipl id="t103_d1" trans="$luge" utf="ſluge"/>
    <tok_anno ascii="sluge" id="t103_m1" trans="$luge" utf="ſluge">
      <norm tag="slüege"/>
      <lemma tag="slahen"/>
      <lemma_gen tag="slahen"/>
      <lemma_idmwb tag="151182000"/>
      <pos tag="VVFIN"/>
      <pos_gen tag="VV"/>
      <infl tag="Subj.Past.Sg.3"/>
      <inflClass tag="st6"/>
      <inflClass_gen tag="st6"/>
      <punc tag="S*"/>
    </tok_anno>
  </token>
  <token id="t104" trans="S#o" type="token">
    <tok_dipl id="t104_d1" trans="S" utf="S"/>
    <tok_dipl id="t104_d2" trans="o" utf="o"/>
    <tok_anno ascii="So" id="t104_m1" trans="S#o" utf="So">
      <norm tag="sô"/>
      <token_type tag="US"/>
      <lemma tag="sô"/>
      <lemma_gen tag="sô"/>
      <lemma_idmwb tag="154164000"/>
      <pos tag="AVD"/>
      <pos_gen tag="AVD-KO"/>
      <infl tag="--"/>
      <inflClass tag="--"/>
      <inflClass_gen tag="--"/>
    </tok_anno>
  </token>
  <token id="t105" trans="wane" type="token">
    <tok_dipl id="t105_d1" trans="wane" utf="wane"/>
    <tok_anno ascii="wane" id="t105_m1" trans="wane" utf="wane">
      <norm tag="wæne"/>
      <lemma tag="wænen"/>
      <lemma_gen tag="wænen"/>
      <lemma_idmwb tag="221748000"/>
      <pos tag="VVFIN"/>
      <pos_gen tag="VV"/>
      <infl tag="*.Pres.Sg.1"/>
      <inflClass tag="wk"/>
      <inflClass_gen tag="wk"/>
    </tok_anno>
  </token>
  <token id="t106" trans="ich" type="token">
    <tok_dipl id="t106_d1" trans="ich" utf="ich"/>
    <tok_anno ascii="ich" id="t106_m1" trans="ich" utf="ich">
      <norm tag="ich"/>
      <lemma tag="ich"/>
      <lemma_gen tag="ich"/>
      <lemma_idmwb tag="81210000"/>
      <pos tag="PPER"/>
      <pos_gen tag="PPER"/>
      <infl tag="Nom.Sg.1"/>
      <inflClass tag="--"/>
      <inflClass_gen tag="--"/>
    </tok_anno>
  </token>
  <token id="t107" trans="u\over*1" type="token">
    <tok_dipl id="t107_d1" trans="u\over" utf="uͦver"/>
    <tok_anno ascii="uover" id="t107_m1" trans="u\over*1" utf="uͦver">
      <norm tag="über"/>
      <lemma tag="über(e)/&gt;+wërden"/>
      <lemma_gen tag="über(e)"/>
      <lemma_idmwb tag="174759000"/>
      <pos tag="PTKVZ"/>
      <pos_gen tag="PTK"/>
      <infl tag="--"/>
      <inflClass tag="--"/>
      <inflClass_gen tag="--"/>
      <link target="t108_m1" type="vptk"/>
    </tok_anno>
  </token>
  <token id="t108" trans="wu\orde*2" type="token">
    <tok_dipl id="t108_d1" trans="wu\orde" utf="wuͦrde"/>
    <tok_anno ascii="wuorde" id="t108_m1" trans="wu\orde*2" utf="wuͦrde">
      <norm tag="würde"/>
      <lemma tag="wërden/über(e)&gt;+"/>
      <lemma_gen tag="wërden"/>
      <lemma_idmwb tag="225138000"/>
      <pos tag="VAFIN"/>
      <pos_gen tag="VA"/>
      <infl tag="Subj.Past.Sg.1"/>
      <inflClass tag="st3b"/>
      <inflClass_gen tag="st3b"/>
      <link target="t107_m1" type="vptk"/>
    </tok_anno>
  </token>
  <token id="t109" trans="...(.)&quot;" type="token">
    <tok_dipl id="t109_d1" trans="..." utf="..."/>
    <tok_anno ascii="..." id="t109_m1" trans="..." utf="...">
      <norm tag="--"/>
      <lemma tag="[!!]"/>
      <lemma_gen tag="[!!]"/>
      <lemma_idmwb tag="--"/>
      <pos tag="--"/>
      <pos_gen tag="--"/>
      <infl tag="--"/>
      <inflClass tag="--"/>
      <inflClass_gen tag="--"/>
      <punc tag="DE"/>
    </tok_anno>
  </token>
  <token id="t110" trans="&quot;d#eme" type="token">
    <tok_dipl id="t110_d1" trans="d" utf="d"/>
    <tok_dipl id="t110_d2" trans="eme" utf="eme"/>
    <tok_anno ascii="deme" id="t110_m1" trans="d#eme" utf="deme">
      <norm tag="deme"/>
      <token_type tag="US"/>
      <lemma tag="dër"/>
      <lemma_gen tag="dër"/>
      <lemma_idmwb tag="29817000"/>
      <pos tag="DDART"/>
      <pos_gen tag="DD"/>
      <infl tag="Masc.Dat.Sg"/>
      <inflClass tag="--"/>
      <inflClass_gen tag="--"/>
    </tok_anno>
  </token>
  <token id="t111" trans="kei$ere" type="token">
    <tok_dipl id="t111_d1" trans="kei$ere" utf="keiſere"/>
    <tok_anno ascii="keisere" id="t111_m1" trans="kei$ere" utf="keiſere">
      <norm tag="keisere"/>
      <lemma tag="kèiser"/>
      <lemma_gen tag="kèiser"/>
      <lemma_idmwb tag="88158000"/>
      <pos tag="NA"/>
      <pos_gen tag="NA"/>
      <infl tag="Dat.Sg"/>
      <inflClass tag="st.Masc"/>
      <inflClass_gen tag="st.Masc"/>
    </tok_anno>
  </token>
  <token id="t112" trans="unt#wichen(.)" type="token">
    <tok_dipl id="t112_d1" trans="unt" utf="unt"/>
    <tok_dipl id="t112_d2" trans="wichen" utf="wichen"/>
    <tok_anno ascii="untwichen" id="t112_m1" trans="unt#wichen" utf="untwichen">
      <norm tag="entwîchen"/>
      <token_type tag="US"/>
      <lemma tag="ent-wîchen"/>
      <lemma_gen tag="ent-wîchen"/>
      <lemma_idmwb tag="39942000"/>
      <pos tag="VVFIN"/>
      <pos_gen tag="VV"/>
      <infl tag="Ind.Pres.Pl.3"/>
      <inflClass tag="st1a"/>
      <inflClass_gen tag="st1a"/>
      <punc tag="DE"/>
    </tok_anno>
  </token>
  <token id="t113" trans="S#i" type="token">
    <tok_dipl id="t113_d1" trans="S" utf="S"/>
    <tok_dipl id="t113_d2" trans="i" utf="i"/>
    <tok_anno ascii="Si" id="t113_m1" trans="S#i" utf="Si">
      <norm tag="si"/>
      <token_type tag="US"/>
      <lemma tag="ër"/>
      <lemma_gen tag="ër"/>
      <lemma_idmwb tag="40380000"/>
      <pos tag="PPER"/>
      <pos_gen tag="PPER"/>
      <infl tag="Masc.Nom.Pl.3"/>
      <inflClass tag="--"/>
      <inflClass_gen tag="--"/>
    </tok_anno>
  </token>
  <token id="t114" trans="weruent" type="token">
    <tok_dipl id="t114_d1" trans="weruent" utf="weruent"/>
    <tok_anno ascii="weruent" id="t114_m1" trans="weruent" utf="weruent">
      <norm tag="werbent"/>
      <lemma tag="wërben"/>
      <lemma_gen tag="wërben"/>
      <lemma_idmwb tag="224970000"/>
      <pos tag="VVFIN"/>
      <pos_gen tag="VV"/>
      <infl tag="Ind.Pres.Pl.3"/>
      <inflClass tag="st3b"/>
      <inflClass_gen tag="st3b"/>
    </tok_anno>
  </token>
  <token id="t115" trans="tageliche,," type="token">
    <tok_dipl id="t115_d1" trans="tageliche" utf="tageliche"/>
    <tok_anno ascii="tageliche" id="t115_m1" trans="tageliche" utf="tageliche">
      <norm tag="tagelîche"/>
      <lemma tag="tage-lîche"/>
      <lemma_gen tag="tage-lîche"/>
      <lemma_idmwb tag="--"/>
      <pos tag="AVD"/>
      <pos_gen tag="AVD"/>
      <infl tag="--"/>
      <inflClass tag="--"/>
      <inflClass_gen tag="--"/>
      <punc tag="S*"/>
    </tok_anno>
  </token>
  <token id="t116" trans="W#a" type="token">
    <tok_dipl id="t116_d1" trans="W" utf="W"/>
    <tok_dipl id="t116_d2" trans="a" utf="a"/>
    <tok_anno ascii="Wa" id="t116_m1" trans="W#a" utf="Wa">
      <norm tag="wâ"/>
      <token_type tag="US"/>
      <lemma tag="wâr"/>
      <lemma_gen tag="wâr"/>
      <lemma_idmwb tag="220017000"/>
      <pos tag="AVW"/>
      <pos_gen tag="AVW"/>
      <infl tag="--"/>
      <inflClass tag="--"/>
      <inflClass_gen tag="--"/>
    </tok_anno>
  </token>
  <token id="t117" trans="$i" type="token">
    <tok_dipl id="t117_d1" trans="$i" utf="ſi"/>
    <tok_anno ascii="si" id="t117_m1" trans="$i" utf="ſi">
      <norm tag="si"/>
      <lemma tag="ër"/>
      <lemma_gen tag="ër"/>
      <lemma_idmwb tag="40380000"/>
      <pos tag="PPER"/>
      <pos_gen tag="PPER"/>
      <infl tag="Masc.Nom.Pl.3"/>
      <inflClass tag="--"/>
      <inflClass_gen tag="--"/>
    </tok_anno>
  </token>
  <token id="t118" trans="daz" type="token">
    <tok_dipl id="t118_d1" trans="daz" utf="daz"/>
    <tok_anno ascii="daz" id="t118_m1" trans="daz" utf="daz">
      <norm tag="daz"/>
      <lemma tag="dër"/>
      <lemma_gen tag="dër"/>
      <lemma_idmwb tag="29823000"/>
      <pos tag="DDS"/>
      <pos_gen tag="DD"/>
      <infl tag="Neut.Akk.Sg"/>
      <inflClass tag="--"/>
      <inflClass_gen tag="--"/>
    </tok_anno>
  </token>
  <token id="t119" trans="erweruen,," type="token">
    <tok_dipl id="t119_d1" trans="erweruen" utf="erweruen"/>
    <tok_anno ascii="erweruen" id="t119_m1" trans="erweruen" utf="erweruen">
      <norm tag="erwerben"/>
      <lemma tag="er-wërben"/>
      <lemma_gen tag="er-wërben"/>
      <lemma_idmwb tag="44907000"/>
      <pos tag="VVFIN"/>
      <pos_gen tag="VV"/>
      <infl tag="Subj.Pres.Pl.3"/>
      <inflClass tag="st3b"/>
      <inflClass_gen tag="st3b"/>
      <punc tag="S*"/>
    </tok_anno>
  </token>
  <token id="t120" trans="." type="punc">
    <tok_dipl id="t120_d1" trans="." utf="."/>
    <tok_anno ascii="." id="t120_m1" trans="." utf=".">
      <pos tag="$_"/>
      <pos_gen tag="$_"/>
    </tok_anno>
  </token>
  <token id="t121" trans="d#az" type="token">
    <tok_dipl id="t121_d1" trans="d" utf="d"/>
    <tok_dipl id="t121_d2" trans="az" utf="az"/>
    <tok_anno ascii="daz" id="t121_m1" trans="d#az" utf="daz">
      <norm tag="daz"/>
      <token_type tag="US"/>
      <lemma tag="dazz"/>
      <lemma_gen tag="dazz"/>
      <lemma_idmwb tag="29484000"/>
      <pos tag="KOUS"/>
      <pos_gen tag="KO"/>
      <infl tag="--"/>
      <inflClass tag="--"/>
      <inflClass_gen tag="--"/>
    </tok_anno>
  </token>
  <token id="t122" trans="$i" type="token">
    <tok_dipl id="t122_d1" trans="$i" utf="ſi"/>
    <tok_anno ascii="si" id="t122_m1" trans="$i" utf="ſi">
      <norm tag="si"/>
      <lemma tag="ër"/>
      <lemma_gen tag="ër"/>
      <lemma_idmwb tag="40380000"/>
      <pos tag="PPER"/>
      <pos_gen tag="PPER"/>
      <infl tag="Masc.Nom.Pl.3"/>
      <inflClass tag="--"/>
      <inflClass_gen tag="--"/>
    </tok_anno>
  </token>
  <token id="t123" trans="durc" type="token">
    <tok_dipl id="t123_d1" trans="durc" utf="durc"/>
    <tok_anno ascii="durc" id="t123_m1" trans="durc" utf="durc">
      <norm tag="durch"/>
      <lemma tag="durch"/>
      <lemma_gen tag="durh"/>
      <lemma_idmwb tag="32826000"/>
      <pos tag="APPR"/>
      <pos_gen tag="AP"/>
      <infl tag="--"/>
      <inflClass tag="--"/>
      <inflClass_gen tag="--"/>
    </tok_anno>
  </token>
  <token id="t124" trans="got" type="token">
    <tok_dipl id="t124_d1" trans="got" utf="got"/>
    <tok_anno ascii="got" id="t124_m1" trans="got" utf="got">
      <norm tag="got"/>
      <lemma tag="got"/>
      <lemma_gen tag="got"/>
      <lemma_idmwb tag="63291000"/>
      <pos tag="NA"/>
      <pos_gen tag="NA"/>
      <infl tag="Akk.Sg"/>
      <inflClass tag="st.Masc"/>
      <inflClass_gen tag="st.Masc"/>
    </tok_anno>
  </token>
  <token id="t125" trans="er$terueN(.)&quot;" type="token">
    <tok_dipl id="t125_d1" trans="er$terueN" utf="erſterueN"/>
    <tok_anno ascii="ersterueN" id="t125_m1" trans="er$terueN" utf="erſterueN">
      <norm tag="ersterben"/>
      <lemma tag="er-stèrben"/>
      <lemma_gen tag="er-stèrben"/>
      <lemma_idmwb tag="43869000"/>
      <pos tag="VVFIN"/>
      <pos_gen tag="VV"/>
      <infl tag="Subj.Pres.Pl.3"/>
      <inflClass tag="wk"/>
      <inflClass_gen tag="wk"/>
      <punc tag="DE"/>
    </tok_anno>
  </token>
  <token id="t126" trans="." type="punc">
    <tok_dipl id="t126_d1" trans="." utf="."/>
    <tok_anno ascii="." id="t126_m1" trans="." utf=".">
      <pos tag="$_"/>
      <pos_gen tag="$_"/>
      <punc tag="$E"/>
    </tok_anno>
  </token>
  <token id="t127" trans="*(D*)er" type="token">
    <tok_dipl id="t127_d1" trans="*(D*)er" utf="Der"/>
    <tok_anno ascii="Der" id="t127_m1" trans="*(D*)er" utf="Der">
      <norm tag="der"/>
      <lemma tag="dër"/>
      <lemma_gen tag="dër"/>
      <lemma_idmwb tag="29817000"/>
      <pos tag="DDART"/>
      <pos_gen tag="DD"/>
      <infl tag="Masc.Nom.Sg"/>
      <inflClass tag="--"/>
      <inflClass_gen tag="--"/>
    </tok_anno>
  </token>
  <token id="t128" trans="ku\onig" type="token">
    <tok_dipl id="t128_d1" trans="ku\onig" utf="kuͦnig"/>
    <tok_anno ascii="kuonig" id="t128_m1" trans="ku\onig" utf="kuͦnig">
      <norm tag="küninc"/>
      <lemma tag="küni(n)g"/>
      <lemma_gen tag="küni(n)g"/>
      <lemma_idmwb tag="97212000"/>
      <pos tag="NA"/>
      <pos_gen tag="NA"/>
      <infl tag="Nom.Sg"/>
      <inflClass tag="st.Masc"/>
      <inflClass_gen tag="st.Masc"/>
    </tok_anno>
  </token>
  <token id="t129" trans="redete" type="token">
    <tok_dipl id="t129_d1" trans="redete" utf="redete"/>
    <tok_anno ascii="redete" id="t129_m1" trans="redete" utf="redete">
      <norm tag="redete"/>
      <lemma tag="rèden"/>
      <lemma_gen tag="rèden"/>
      <lemma_idmwb tag="132639000"/>
      <pos tag="VVFIN"/>
      <pos_gen tag="VV"/>
      <infl tag="*.Past.Sg.3"/>
      <inflClass tag="wk"/>
      <inflClass_gen tag="wk"/>
    </tok_anno>
  </token>
  <token id="t130" trans="li$tecliche(:)" type="token">
    <tok_dipl id="t130_d1" trans="li$tecliche" utf="liſtecliche"/>
    <tok_anno ascii="listecliche" id="t130_m1" trans="li$tecliche" utf="liſtecliche">
      <norm tag="listiclîche"/>
      <lemma tag="listig-lîche"/>
      <lemma_gen tag="listig-lîche"/>
      <lemma_idmwb tag="--"/>
      <pos tag="AVD"/>
      <pos_gen tag="AVD"/>
      <infl tag="--"/>
      <inflClass tag="--"/>
      <inflClass_gen tag="--"/>
      <punc tag="DE"/>
    </tok_anno>
  </token>
  <token id="t131" trans="&quot;w#ol" type="token">
    <tok_dipl id="t131_d1" trans="w" utf="w"/>
    <tok_dipl id="t131_d2" trans="ol" utf="ol"/>
    <tok_anno ascii="wol" id="t131_m1" trans="w#ol" utf="wol">
      <norm tag="wole"/>
      <token_type tag="US"/>
      <lemma tag="wol(e)"/>
      <lemma_gen tag="wol(e)"/>
      <lemma_idmwb tag="232695000"/>
      <pos tag="AVD"/>
      <pos_gen tag="AVD-KO"/>
      <infl tag="--"/>
      <inflClass tag="--"/>
      <inflClass_gen tag="--"/>
    </tok_anno>
  </token>
  <token id="t132" trans="dv,," type="token">
    <tok_dipl id="t132_d1" trans="dv" utf="dv"/>
    <tok_anno ascii="dv" id="t132_m1" trans="dv" utf="dv">
      <norm tag="dû"/>
      <lemma tag="dû"/>
      <lemma_gen tag="dû"/>
      <lemma_idmwb tag="32607000"/>
      <pos tag="PPER"/>
      <pos_gen tag="PPER"/>
      <infl tag="Nom.Sg.2"/>
      <inflClass tag="--"/>
      <inflClass_gen tag="--"/>
      <punc tag="S*"/>
    </tok_anno>
  </token>
  <token id="t133" trans="herzoge" type="token">
    <tok_dipl id="t133_d1" trans="herzoge" utf="herzoge"/>
    <tok_anno ascii="herzoge" id="t133_m1" trans="herzoge" utf="herzoge">
      <norm tag="herzoge"/>
      <lemma tag="hèr-zoge"/>
      <lemma_gen tag="hèr(e)-zoge"/>
      <lemma_idmwb tag="73728000"/>
      <pos tag="NA"/>
      <pos_gen tag="NA"/>
      <infl tag="Nom.Sg"/>
      <inflClass tag="*.Masc"/>
      <inflClass_gen tag="*.Masc"/>
    </tok_anno>
  </token>
  <token id="t134" trans="riche,," type="token">
    <tok_dipl id="t134_d1" trans="riche" utf="riche"/>
    <tok_anno ascii="riche" id="t134_m1" trans="riche" utf="riche">
      <norm tag="rîche"/>
      <lemma tag="rîche"/>
      <lemma_gen tag="rîche"/>
      <lemma_idmwb tag="134250000"/>
      <pos tag="ADJN"/>
      <pos_gen tag="ADJ"/>
      <infl tag="Pos.Masc.Nom.Sg.0"/>
      <inflClass tag="--"/>
      <inflClass_gen tag="--"/>
      <punc tag="S*"/>
    </tok_anno>
  </token>
  <token id="t135" trans="d#v" type="token">
    <tok_dipl id="t135_d1" trans="d" utf="d"/>
    <tok_dipl id="t135_d2" trans="v" utf="v"/>
    <tok_anno ascii="dv" id="t135_m1" trans="d#v" utf="dv">
      <norm tag="dû"/>
      <token_type tag="US"/>
      <lemma tag="dû"/>
      <lemma_gen tag="dû"/>
      <lemma_idmwb tag="32607000"/>
      <pos tag="PPER"/>
      <pos_gen tag="PPER"/>
      <infl tag="Nom.Sg.2"/>
      <inflClass tag="--"/>
      <inflClass_gen tag="--"/>
    </tok_anno>
  </token>
  <token id="t136" trans="$olt" type="token">
    <tok_dipl id="t136_d1" trans="$olt" utf="ſolt"/>
    <tok_anno ascii="solt" id="t136_m1" trans="$olt" utf="ſolt">
      <norm tag="solt"/>
      <lemma tag="sol(e)n"/>
      <lemma_gen tag="sol(e)n"/>
      <lemma_idmwb tag="154377000"/>
      <pos tag="VMFIN"/>
      <pos_gen tag="VM"/>
      <infl tag="Ind.Pres.Sg.2"/>
      <inflClass tag="prpr"/>
      <inflClass_gen tag="prpr"/>
    </tok_anno>
  </token>
  <token id="t137" trans="iemer" type="token">
    <tok_dipl id="t137_d1" trans="iemer" utf="iemer"/>
    <tok_anno ascii="iemer" id="t137_m1" trans="iemer" utf="iemer">
      <norm tag="iemer"/>
      <lemma tag="ièmer"/>
      <lemma_gen tag="ièmer"/>
      <lemma_idmwb tag="81339000"/>
      <pos tag="AVD"/>
      <pos_gen tag="AVD"/>
      <infl tag="--"/>
      <inflClass tag="--"/>
      <inflClass_gen tag="--"/>
    </tok_anno>
  </token>
  <token id="t138" trans="dih" type="token">
    <tok_dipl id="t138_d1" trans="dih" utf="dih"/>
    <tok_anno ascii="dih" id="t138_m1" trans="dih" utf="dih">
      <norm tag="dich"/>
      <lemma tag="dû"/>
      <lemma_gen tag="dû"/>
      <lemma_idmwb tag="32607000"/>
      <pos tag="PRF"/>
      <pos_gen tag="PPER"/>
      <infl tag="*.Akk.Sg.st"/>
      <inflClass tag="--"/>
      <inflClass_gen tag="--"/>
    </tok_anno>
  </token>
  <token id="t139" trans="níeten" type="token">
    <tok_dipl id="t139_d1" trans="níeten" utf="níeten"/>
    <tok_anno ascii="nieten" id="t139_m1" trans="níeten" utf="níeten">
      <norm tag="nieten"/>
      <lemma tag="nièten"/>
      <lemma_gen tag="nièten"/>
      <lemma_idmwb tag="121359000"/>
      <pos tag="VVINF"/>
      <pos_gen tag="VV"/>
      <infl tag="--"/>
      <inflClass tag="wk"/>
      <inflClass_gen tag="wk"/>
    </tok_anno>
  </token>
  <token id="t140" trans="...(.)&quot;" type="token">
    <tok_dipl id="t140_d1" trans="..." utf="..."/>
    <tok_anno ascii="..." id="t140_m1" trans="..." utf="...">
      <norm tag="--"/>
      <lemma tag="[!!]"/>
      <lemma_gen tag="[!!]"/>
      <lemma_idmwb tag="--"/>
      <pos tag="--"/>
      <pos_gen tag="--"/>
      <infl tag="--"/>
      <inflClass tag="--"/>
      <inflClass_gen tag="--"/>
      <punc tag="DE"/>
    </tok_anno>
  </token>
</text>
