<?xml version='1.0' encoding='UTF-8'?>
<!DOCTYPE text SYSTEM "cora-xml.dtd">
<text id="M247">
  <header>
    <text>Prüüler Wurmsegen</text>
    <abbr_ddd>PrüWurmsegen</abbr_ddd>
    <abbr_mwb>-</abbr_mwb>
    <topic>Religion, Poesie</topic>
    <text-type>Segen</text-type>
    <genre>V</genre>
    <reference>Verse (Müllenhoff/Scherer)</reference>
    <reference-secondary>Hs.: Blatt (r/v), Zeile</reference-secondary>
    <library>München, Staatsbibl.</library>
    <library-shelfmark>clm 536</library-shelfmark>
    <online>http://www.handschriftencensus.de/15463</online>
    <medium>Handschrift</medium>
    <extent>84r</extent>
    <extract>-</extract>
    <language>mhd</language>
    <language-type>oberdeutsch</language-type>
    <language-region>ostoberdeutsch</language-region>
    <language-area>bairisch</language-area>
    <place>-</place>
    <time>12,1</time>
    <notes-manuscript>_</notes-manuscript>
    <date>-</date>
    <text-place>-</text-place>
    <text-author>-</text-author>
    <text-language>-</text-language>
    <text-source>-</text-source>
    <edition>K. Müllenhoff und W. Scherer (Hgg.), Denkmäler deutscher Poesie und Prosa aus dem VIII-XII Jahrhundert. 4. Ausgabe. Berlin/Zürich 1964, Bd. 1 S. 181 (XLVII, 2), Bd. 2 S. 276ff.</edition>
    <corpus>ReM I</corpus>
    <notes-transcription>-</notes-transcription>
    <notes-annotation>-</notes-annotation>
    <digitization_by>Bochum</digitization_by>
    <collation_by>Bochum</collation_by>
    <pre_editing_by>Bochum</pre_editing_by>
    <annotation_by>Bochum</annotation_by>
    <proofreading_by>Bochum</proofreading_by>
  </header>
  <layoutinfo>
    <page id="p1" no="0" range="c1"/>
    <column id="c1" range="l1..l13"/>
    <line id="l1" name="0" range="t1_d1..t3_d1" loc="0a,0"/>
    <line id="l2" name="1" range="t4_d1..t8_d1" loc="0a,1"/>
    <line id="l3" name="2" range="t9_d1..t13_d1" loc="0a,2"/>
    <line id="l4" name="3" range="t14_d1..t20_d1" loc="0a,3"/>
    <line id="l5" name="4" range="t21_d1..t26_d1" loc="0a,4"/>
    <line id="l6" name="5" range="t27_d1..t35_d1" loc="0a,5"/>
    <line id="l7" name="6" range="t36_d1..t40_d1" loc="0a,6"/>
    <line id="l8" name="7" range="t41_d1..t45_d1" loc="0a,7"/>
    <line id="l9" name="8" range="t46_d1..t50_d1" loc="0a,8"/>
    <line id="l10" name="9" range="t51_d1..t55_d1" loc="0a,9"/>
    <line id="l11" name="10" range="t56_d1..t59_d1" loc="0a,10"/>
    <line id="l12" name="11" range="t60_d1..t64_d1" loc="0a,11"/>
    <line id="l13" name="12" range="t65_d1..t69_d1" loc="0a,12"/>
  </layoutinfo>
  <shifttags>
    <paren range="t19_m1..t21_m1"/>
    <quote range="t17_m1..t32_m1"/>
    <quote range="t60_m1..t68_m1"/>
  </shifttags>
  <token id="t1" trans="Cont%%a" type="token">
    <tok_dipl id="t1_d1" trans="Cont%%a" utf="Contᵃ"/>
    <tok_anno ascii="Contra" id="t1_m1" trans="Cont%%a" utf="Contᵃ">
      <norm tag="--"/>
      <lemma tag="[!]"/>
      <lemma_gen tag="[!]"/>
      <lemma_idmwb tag="--"/>
      <pos tag="FM"/>
      <pos_gen tag="FM"/>
      <infl tag="--"/>
      <inflClass tag="--"/>
      <inflClass_gen tag="--"/>
    </tok_anno>
  </token>
  <comment type="K">/L[+]</comment>
  <token id="t2" trans="uerme$" type="token">
    <tok_dipl id="t2_d1" trans="uerme$" utf="uermeſ"/>
    <tok_anno ascii="uermes" id="t2_m1" trans="uerme$" utf="uermeſ">
      <norm tag="--"/>
      <lemma tag="[!]"/>
      <lemma_gen tag="[!]"/>
      <lemma_idmwb tag="--"/>
      <pos tag="FM"/>
      <pos_gen tag="FM"/>
      <infl tag="--"/>
      <inflClass tag="--"/>
      <inflClass_gen tag="--"/>
    </tok_anno>
  </token>
  <comment type="K">/L[@]</comment>
  <token id="t3" trans="." type="punc">
    <tok_dipl id="t3_d1" trans="." utf="."/>
    <tok_anno ascii="." id="t3_m1" trans="." utf=".">
      <pos tag="$_"/>
      <pos_gen tag="$_"/>
    </tok_anno>
  </token>
  <token id="t4" trans="*(I*)ob" type="token">
    <tok_dipl id="t4_d1" trans="*(I*)ob" utf="Iob"/>
    <tok_anno ascii="Iob" id="t4_m1" trans="*(I*)ob" utf="Iob">
      <norm tag="Jop"/>
      <lemma tag="Job"/>
      <lemma_gen tag="Job"/>
      <lemma_idmwb tag="--"/>
      <pos tag="NE"/>
      <pos_gen tag="NE"/>
      <infl tag="Nom.Sg"/>
      <inflClass tag="--"/>
      <inflClass_gen tag="--"/>
    </tok_anno>
  </token>
  <token id="t5" trans="lage" type="token">
    <tok_dipl id="t5_d1" trans="lage" utf="lage"/>
    <tok_anno ascii="lage" id="t5_m1" trans="lage" utf="lage">
      <norm tag="læge"/>
      <lemma tag="ligen"/>
      <lemma_gen tag="ligen"/>
      <lemma_idmwb tag="103017000"/>
      <pos tag="VVFIN"/>
      <pos_gen tag="VV"/>
      <infl tag="Subj.Past.Sg.3"/>
      <inflClass tag="st5b"/>
      <inflClass_gen tag="st5b"/>
    </tok_anno>
  </token>
  <token id="t6" trans="in||de\-" type="token">
    <tok_dipl id="t6_d1" trans="inde\-" utf="indē"/>
    <tok_anno ascii="in" id="t6_m1" trans="in|" utf="in">
      <norm tag="in"/>
      <token_type tag="MS1"/>
      <lemma tag="in"/>
      <lemma_gen tag="in"/>
      <lemma_idmwb tag="81741000"/>
      <pos tag="APPR"/>
      <pos_gen tag="AP"/>
      <infl tag="--"/>
      <inflClass tag="--"/>
      <inflClass_gen tag="--"/>
    </tok_anno>
    <tok_anno ascii="den" id="t6_m2" trans="|de\-" utf="dē">
      <norm tag="dem"/>
      <token_type tag="MS2"/>
      <lemma tag="dër"/>
      <lemma_gen tag="dër"/>
      <lemma_idmwb tag="29817000"/>
      <pos tag="DDART"/>
      <pos_gen tag="DD"/>
      <infl tag="Masc.Dat.Sg"/>
      <inflClass tag="--"/>
      <inflClass_gen tag="--"/>
    </tok_anno>
  </token>
  <token id="t7" trans="mi$te(.)" type="token">
    <tok_dipl id="t7_d1" trans="mi$te" utf="miſte"/>
    <tok_anno ascii="miste" id="t7_m1" trans="mi$te" utf="miſte">
      <norm tag="miste"/>
      <lemma tag="mist"/>
      <lemma_gen tag="mist"/>
      <lemma_idmwb tag="113793000"/>
      <pos tag="NA"/>
      <pos_gen tag="NA"/>
      <infl tag="Dat.Sg"/>
      <inflClass tag="st.Masc"/>
      <inflClass_gen tag="st.Masc,Neut"/>
      <punc tag="DE"/>
    </tok_anno>
  </token>
  <token id="t8" trans="." type="punc">
    <tok_dipl id="t8_d1" trans="." utf="."/>
    <tok_anno ascii="." id="t8_m1" trans="." utf=".">
      <pos tag="$_"/>
      <pos_gen tag="$_"/>
      <punc tag="$E"/>
    </tok_anno>
  </token>
  <token id="t9" trans="er" type="token">
    <tok_dipl id="t9_d1" trans="er" utf="er"/>
    <tok_anno ascii="er" id="t9_m1" trans="er" utf="er">
      <norm tag="er"/>
      <lemma tag="ër"/>
      <lemma_gen tag="ër"/>
      <lemma_idmwb tag="40380000"/>
      <pos tag="PPER"/>
      <pos_gen tag="PPER"/>
      <infl tag="Masc.Nom.Sg.3"/>
      <inflClass tag="--"/>
      <inflClass_gen tag="--"/>
    </tok_anno>
  </token>
  <token id="t10" trans="rief" type="token">
    <tok_dipl id="t10_d1" trans="rief" utf="rief"/>
    <tok_anno ascii="rief" id="t10_m1" trans="rief" utf="rief">
      <norm tag="rief"/>
      <lemma tag="ruofen"/>
      <lemma_gen tag="ruofen"/>
      <lemma_idmwb tag="138252000"/>
      <pos tag="VVFIN"/>
      <pos_gen tag="VV"/>
      <infl tag="Ind.Past.Sg.3"/>
      <inflClass tag="st7"/>
      <inflClass_gen tag="st7"/>
    </tok_anno>
  </token>
  <token id="t11" trans="ze" type="token">
    <tok_dipl id="t11_d1" trans="ze" utf="ze"/>
    <tok_anno ascii="ze" id="t11_m1" trans="ze" utf="ze">
      <norm tag="ze"/>
      <lemma tag="ze"/>
      <lemma_gen tag="ze"/>
      <lemma_idmwb tag="235656000"/>
      <pos tag="APPR"/>
      <pos_gen tag="AP"/>
      <infl tag="--"/>
      <inflClass tag="--"/>
      <inflClass_gen tag="--"/>
    </tok_anno>
  </token>
  <token id="t12" trans="cri$te,," type="token">
    <tok_dipl id="t12_d1" trans="cri$te" utf="criſte"/>
    <tok_anno ascii="criste" id="t12_m1" trans="cri$te" utf="criſte">
      <norm tag="Kriste"/>
      <lemma tag="Krist"/>
      <lemma_gen tag="Krist"/>
      <lemma_idmwb tag="95598000"/>
      <pos tag="NE"/>
      <pos_gen tag="NE"/>
      <infl tag="Dat.Sg"/>
      <inflClass tag="--"/>
      <inflClass_gen tag="--"/>
      <punc tag="S*"/>
    </tok_anno>
  </token>
  <token id="t13" trans="." type="punc">
    <tok_dipl id="t13_d1" trans="." utf="."/>
    <tok_anno ascii="." id="t13_m1" trans="." utf=".">
      <pos tag="$_"/>
      <pos_gen tag="$_"/>
    </tok_anno>
  </token>
  <token id="t14" trans="er" type="token">
    <tok_dipl id="t14_d1" trans="er" utf="er"/>
    <tok_anno ascii="er" id="t14_m1" trans="er" utf="er">
      <norm tag="er"/>
      <lemma tag="ër"/>
      <lemma_gen tag="ër"/>
      <lemma_idmwb tag="40380000"/>
      <pos tag="PPER"/>
      <pos_gen tag="PPER"/>
      <infl tag="Masc.Nom.Sg.3"/>
      <inflClass tag="--"/>
      <inflClass_gen tag="--"/>
    </tok_anno>
  </token>
  <token id="t15" trans="chot(:)" type="token">
    <tok_dipl id="t15_d1" trans="chot" utf="chot"/>
    <tok_anno ascii="chot" id="t15_m1" trans="chot" utf="chot">
      <norm tag="quat"/>
      <lemma tag="quëden"/>
      <lemma_gen tag="quëden"/>
      <lemma_idmwb tag="131079000"/>
      <pos tag="VVFIN"/>
      <pos_gen tag="VV"/>
      <infl tag="Ind.Past.Sg.3"/>
      <inflClass tag="st5"/>
      <inflClass_gen tag="st5"/>
      <punc tag="DE"/>
    </tok_anno>
  </token>
  <token id="t16" trans="." type="punc">
    <tok_dipl id="t16_d1" trans="." utf="."/>
    <tok_anno ascii="." id="t16_m1" trans="." utf=".">
      <pos tag="$_"/>
      <pos_gen tag="$_"/>
      <punc tag="$E"/>
    </tok_anno>
  </token>
  <token id="t17" trans="&quot;du" type="token">
    <tok_dipl id="t17_d1" trans="du" utf="du"/>
    <tok_anno ascii="du" id="t17_m1" trans="du" utf="du">
      <norm tag="dû"/>
      <lemma tag="dû"/>
      <lemma_gen tag="dû"/>
      <lemma_idmwb tag="32607000"/>
      <pos tag="PPER"/>
      <pos_gen tag="PPER"/>
      <infl tag="Nom.Sg.2"/>
      <inflClass tag="--"/>
      <inflClass_gen tag="--"/>
    </tok_anno>
  </token>
  <token id="t18" trans="gnadige" type="token">
    <tok_dipl id="t18_d1" trans="gnadige" utf="gnadige"/>
    <tok_anno ascii="gnadige" id="t18_m1" trans="gnadige" utf="gnadige">
      <norm tag="genædige"/>
      <lemma tag="ge-nædig"/>
      <lemma_gen tag="ge-nædig"/>
      <lemma_idmwb tag="53418000"/>
      <pos tag="ADJA"/>
      <pos_gen tag="ADJ"/>
      <infl tag="Pos.Masc.Nom.Sg.wk"/>
      <inflClass tag="--"/>
      <inflClass_gen tag="--"/>
    </tok_anno>
  </token>
  <token id="t19" trans="cri$t,,(" type="token">
    <tok_dipl id="t19_d1" trans="cri$t" utf="criſt"/>
    <tok_anno ascii="crist" id="t19_m1" trans="cri$t" utf="criſt">
      <norm tag="Krist"/>
      <lemma tag="Krist"/>
      <lemma_gen tag="Krist"/>
      <lemma_idmwb tag="95598000"/>
      <pos tag="NE"/>
      <pos_gen tag="NE"/>
      <infl tag="Nom.Sg"/>
      <inflClass tag="--"/>
      <inflClass_gen tag="--"/>
    </tok_anno>
  </token>
  <token id="t20" trans="." type="punc">
    <tok_dipl id="t20_d1" trans="." utf="."/>
    <tok_anno ascii="." id="t20_m1" trans="." utf=".">
      <pos tag="$_"/>
      <pos_gen tag="$_"/>
    </tok_anno>
  </token>
  <token id="t21" trans="du,,)" type="token">
    <tok_dipl id="t21_d1" trans="du" utf="du"/>
    <tok_anno ascii="du" id="t21_m1" trans="du" utf="du">
      <norm tag="dû"/>
      <lemma tag="dû"/>
      <lemma_gen tag="dû"/>
      <lemma_idmwb tag="32607000"/>
      <pos tag="PPER"/>
      <pos_gen tag="PPER"/>
      <infl tag="Nom.Sg.2"/>
      <inflClass tag="--"/>
      <inflClass_gen tag="--"/>
    </tok_anno>
  </token>
  <token id="t22" trans="d_er" type="token">
    <tok_dipl id="t22_d1" trans="d_er" utf="dᵉr"/>
    <tok_anno ascii="der" id="t22_m1" trans="d_er" utf="dᵉr">
      <norm tag="der"/>
      <lemma tag="dër"/>
      <lemma_gen tag="dër"/>
      <lemma_idmwb tag="29823000"/>
      <pos tag="DRELS"/>
      <pos_gen tag="DD"/>
      <infl tag="Masc.Nom.Sg"/>
      <inflClass tag="--"/>
      <inflClass_gen tag="--"/>
    </tok_anno>
  </token>
  <token id="t23" trans="in||demo" type="token">
    <tok_dipl id="t23_d1" trans="indemo" utf="indemo"/>
    <tok_anno ascii="in" id="t23_m1" trans="in|" utf="in">
      <norm tag="in"/>
      <token_type tag="MS1"/>
      <lemma tag="in"/>
      <lemma_gen tag="in"/>
      <lemma_idmwb tag="81741000"/>
      <pos tag="APPR"/>
      <pos_gen tag="AP"/>
      <infl tag="--"/>
      <inflClass tag="--"/>
      <inflClass_gen tag="--"/>
    </tok_anno>
    <tok_anno ascii="demo" id="t23_m2" trans="|demo" utf="demo">
      <norm tag="dem"/>
      <token_type tag="MS2"/>
      <lemma tag="dër"/>
      <lemma_gen tag="dër"/>
      <lemma_idmwb tag="29817000"/>
      <pos tag="DDART"/>
      <pos_gen tag="DD"/>
      <infl tag="Masc.Dat.Sg"/>
      <inflClass tag="--"/>
      <inflClass_gen tag="--"/>
    </tok_anno>
  </token>
  <token id="t24" trans="himile" type="token">
    <tok_dipl id="t24_d1" trans="himile" utf="himile"/>
    <tok_anno ascii="himile" id="t24_m1" trans="himile" utf="himile">
      <norm tag="himele"/>
      <lemma tag="himel"/>
      <lemma_gen tag="himel"/>
      <lemma_idmwb tag="74049000"/>
      <pos tag="NA"/>
      <pos_gen tag="NA"/>
      <infl tag="Dat.Sg"/>
      <inflClass tag="st.Masc"/>
      <inflClass_gen tag="st.Masc"/>
    </tok_anno>
  </token>
  <token id="t25" trans="bi$t,," type="token">
    <tok_dipl id="t25_d1" trans="bi$t" utf="biſt"/>
    <tok_anno ascii="bist" id="t25_m1" trans="bi$t" utf="biſt">
      <norm tag="bist"/>
      <lemma tag="sîn"/>
      <lemma_gen tag="sîn"/>
      <lemma_idmwb tag="150147000"/>
      <pos tag="VAFIN"/>
      <pos_gen tag="VA"/>
      <infl tag="Ind.Pres.Sg.2"/>
      <inflClass tag="irr"/>
      <inflClass_gen tag="irr"/>
      <punc tag="S*"/>
    </tok_anno>
  </token>
  <token id="t26" trans="." type="punc">
    <tok_dipl id="t26_d1" trans="." utf="."/>
    <tok_anno ascii="." id="t26_m1" trans="." utf=".">
      <pos tag="$_"/>
      <pos_gen tag="$_"/>
    </tok_anno>
  </token>
  <token id="t27" trans="du" type="token">
    <tok_dipl id="t27_d1" trans="du" utf="du"/>
    <tok_anno ascii="du" id="t27_m1" trans="du" utf="du">
      <norm tag="dû"/>
      <lemma tag="dû"/>
      <lemma_gen tag="dû"/>
      <lemma_idmwb tag="32607000"/>
      <pos tag="PPER"/>
      <pos_gen tag="PPER"/>
      <infl tag="Nom.Sg.2"/>
      <inflClass tag="--"/>
      <inflClass_gen tag="--"/>
    </tok_anno>
  </token>
  <token id="t28" trans="buoze" type="token">
    <tok_dipl id="t28_d1" trans="buoze" utf="buoze"/>
    <tok_anno ascii="buoze" id="t28_m1" trans="buoze" utf="buoze">
      <norm tag="büezes"/>
      <lemma tag="büèzen"/>
      <lemma_gen tag="büèzen"/>
      <lemma_idmwb tag="26847000"/>
      <pos tag="VVFIN"/>
      <pos_gen tag="VV"/>
      <infl tag="*.Pres.Sg.2"/>
      <inflClass tag="wk"/>
      <inflClass_gen tag="wk"/>
    </tok_anno>
  </token>
  <token id="t29" trans="demo" type="token">
    <tok_dipl id="t29_d1" trans="demo" utf="demo"/>
    <tok_anno ascii="demo" id="t29_m1" trans="demo" utf="demo">
      <norm tag="dem"/>
      <lemma tag="dër"/>
      <lemma_gen tag="dër"/>
      <lemma_idmwb tag="29817000"/>
      <pos tag="DDART"/>
      <pos_gen tag="DD"/>
      <infl tag="Masc.Dat.Sg"/>
      <inflClass tag="--"/>
      <inflClass_gen tag="--"/>
    </tok_anno>
  </token>
  <token id="t30" trans="menni$(=)ken" type="token">
    <tok_dipl id="t30_d1" trans="menni$ken" utf="menniſken"/>
    <tok_anno ascii="mennisken" id="t30_m1" trans="menni$(=)ken" utf="menniſken">
      <norm tag="mennischen"/>
      <token_type tag="UL"/>
      <lemma tag="mèn(ni)sche"/>
      <lemma_gen tag="mèn(ni)sche"/>
      <lemma_idmwb tag="110340000"/>
      <pos tag="NA"/>
      <pos_gen tag="NA"/>
      <infl tag="Dat.Sg"/>
      <inflClass tag="st.Masc"/>
      <inflClass_gen tag="st.Masc,Neut"/>
    </tok_anno>
  </token>
  <token id="t31" trans="de$" type="token">
    <tok_dipl id="t31_d1" trans="de$" utf="deſ"/>
    <tok_anno ascii="des" id="t31_m1" trans="de$" utf="deſ">
      <norm tag="des"/>
      <lemma tag="dër"/>
      <lemma_gen tag="dër"/>
      <lemma_idmwb tag="29823000"/>
      <pos tag="DDS"/>
      <pos_gen tag="DD"/>
      <infl tag="Neut.Gen.Sg"/>
      <inflClass tag="--"/>
      <inflClass_gen tag="--"/>
    </tok_anno>
  </token>
  <token id="t32" trans="wrmi$(.)&quot;" type="token">
    <tok_dipl id="t32_d1" trans="wrmi$" utf="wrmiſ"/>
    <tok_anno ascii="wrmis" id="t32_m1" trans="wrmi$" utf="wrmiſ">
      <norm tag="wurmes"/>
      <lemma tag="wurm"/>
      <lemma_gen tag="wurm"/>
      <lemma_idmwb tag="234870000"/>
      <pos tag="NA"/>
      <pos_gen tag="NA"/>
      <infl tag="Gen.Sg"/>
      <inflClass tag="stu.Masc"/>
      <inflClass_gen tag="stu.Masc"/>
      <punc tag="DE"/>
    </tok_anno>
  </token>
  <token id="t33" trans="%." type="punc">
    <tok_dipl id="t33_d1" trans="%." utf="·"/>
    <tok_anno ascii="." id="t33_m1" trans="%." utf="·">
      <pos tag="$_"/>
      <pos_gen tag="$_"/>
      <punc tag="$E"/>
    </tok_anno>
  </token>
  <token id="t34" trans="N(.)" type="token">
    <tok_dipl id="t34_d1" trans="N" utf="N"/>
    <tok_anno ascii="N" id="t34_m1" trans="N" utf="N">
      <norm tag="N"/>
      <lemma tag="N"/>
      <lemma_gen tag="N"/>
      <lemma_idmwb tag="--"/>
      <pos tag="NE"/>
      <pos_gen tag="NE"/>
      <infl tag="Nom.Sg"/>
      <inflClass tag="--"/>
      <inflClass_gen tag="--"/>
      <punc tag="DE"/>
    </tok_anno>
  </token>
  <token id="t35" trans="." type="punc">
    <tok_dipl id="t35_d1" trans="." utf="."/>
    <tok_anno ascii="." id="t35_m1" trans="." utf=".">
      <pos tag="$_"/>
      <pos_gen tag="$_"/>
      <punc tag="$E"/>
    </tok_anno>
  </token>
  <token id="t36" trans="Durch" type="token">
    <tok_dipl id="t36_d1" trans="Durch" utf="Durch"/>
    <tok_anno ascii="Durch" id="t36_m1" trans="Durch" utf="Durch">
      <norm tag="durch"/>
      <lemma tag="durh"/>
      <lemma_gen tag="durh"/>
      <lemma_idmwb tag="32826000"/>
      <pos tag="APPR"/>
      <pos_gen tag="AP"/>
      <infl tag="--"/>
      <inflClass tag="--"/>
      <inflClass_gen tag="--"/>
    </tok_anno>
  </token>
  <token id="t37" trans="die" type="token">
    <tok_dipl id="t37_d1" trans="die" utf="die"/>
    <tok_anno ascii="die" id="t37_m1" trans="die" utf="die">
      <norm tag="die"/>
      <lemma tag="dër"/>
      <lemma_gen tag="dër"/>
      <lemma_idmwb tag="29817000"/>
      <pos tag="DDART"/>
      <pos_gen tag="DD"/>
      <infl tag="Fem.Akk.Sg"/>
      <inflClass tag="--"/>
      <inflClass_gen tag="--"/>
    </tok_anno>
  </token>
  <token id="t38" trans="iobe$" type="token">
    <tok_dipl id="t38_d1" trans="iobe$" utf="iobeſ"/>
    <tok_anno ascii="iobes" id="t38_m1" trans="iobe$" utf="iobeſ">
      <norm tag="Jobes"/>
      <lemma tag="Job"/>
      <lemma_gen tag="Job"/>
      <lemma_idmwb tag="--"/>
      <pos tag="NE"/>
      <pos_gen tag="NE"/>
      <infl tag="Gen.Sg"/>
      <inflClass tag="--"/>
      <inflClass_gen tag="--"/>
    </tok_anno>
  </token>
  <token id="t39" trans="bete,," type="token">
    <tok_dipl id="t39_d1" trans="bete" utf="bete"/>
    <tok_anno ascii="bete" id="t39_m1" trans="bete" utf="bete">
      <norm tag="bete"/>
      <lemma tag="bëte"/>
      <lemma_gen tag="bëte"/>
      <lemma_idmwb tag="???"/>
      <pos tag="NA"/>
      <pos_gen tag="NA"/>
      <infl tag="Akk.Sg"/>
      <inflClass tag="st.Fem,Neut"/>
      <inflClass_gen tag="st.Fem,Neut"/>
      <punc tag="S*"/>
    </tok_anno>
  </token>
  <token id="t40" trans="." type="punc">
    <tok_dipl id="t40_d1" trans="." utf="."/>
    <tok_anno ascii="." id="t40_m1" trans="." utf=".">
      <pos tag="$_"/>
      <pos_gen tag="$_"/>
    </tok_anno>
  </token>
  <token id="t41" trans="die||r" type="token">
    <tok_dipl id="t41_d1" trans="dier" utf="dier"/>
    <tok_anno ascii="die" id="t41_m1" trans="die|" utf="die">
      <norm tag="die"/>
      <token_type tag="MS1"/>
      <lemma tag="dër"/>
      <lemma_gen tag="dër"/>
      <lemma_idmwb tag="29823000"/>
      <pos tag="DRELS"/>
      <pos_gen tag="DD"/>
      <infl tag="Fem.Akk.Sg"/>
      <inflClass tag="--"/>
      <inflClass_gen tag="--"/>
    </tok_anno>
    <tok_anno ascii="r" id="t41_m2" trans="|r" utf="r">
      <norm tag="er"/>
      <token_type tag="MS2"/>
      <lemma tag="ër"/>
      <lemma_gen tag="ër"/>
      <lemma_idmwb tag="40380000"/>
      <pos tag="PPER"/>
      <pos_gen tag="PPER"/>
      <infl tag="Masc.Nom.Sg.3"/>
      <inflClass tag="--"/>
      <inflClass_gen tag="--"/>
    </tok_anno>
  </token>
  <token id="t42" trans="zuo" type="token">
    <tok_dipl id="t42_d1" trans="zuo" utf="zuo"/>
    <tok_anno ascii="zuo" id="t42_m1" trans="zuo" utf="zuo">
      <norm tag="zuo"/>
      <lemma tag="ze"/>
      <lemma_gen tag="ze"/>
      <lemma_idmwb tag="235656000"/>
      <pos tag="APPR"/>
      <pos_gen tag="AP"/>
      <infl tag="--"/>
      <inflClass tag="--"/>
      <inflClass_gen tag="--"/>
    </tok_anno>
  </token>
  <token id="t43" trans="dir" type="token">
    <tok_dipl id="t43_d1" trans="dir" utf="dir"/>
    <tok_anno ascii="dir" id="t43_m1" trans="dir" utf="dir">
      <norm tag="dir"/>
      <lemma tag="dû"/>
      <lemma_gen tag="dû"/>
      <lemma_idmwb tag="32607000"/>
      <pos tag="PPER"/>
      <pos_gen tag="PPER"/>
      <infl tag="Dat.Sg.2"/>
      <inflClass tag="--"/>
      <inflClass_gen tag="--"/>
    </tok_anno>
  </token>
  <token id="t44" trans="tete,," type="token">
    <tok_dipl id="t44_d1" trans="tete" utf="tete"/>
    <tok_anno ascii="tete" id="t44_m1" trans="tete" utf="tete">
      <norm tag="tete"/>
      <lemma tag="tuon"/>
      <lemma_gen tag="tuon"/>
      <lemma_idmwb tag="173655000"/>
      <pos tag="VVFIN"/>
      <pos_gen tag="VV"/>
      <infl tag="*.Past.Sg.3"/>
      <inflClass tag="irr"/>
      <inflClass_gen tag="irr"/>
      <punc tag="S*"/>
    </tok_anno>
  </token>
  <token id="t45" trans="." type="punc">
    <tok_dipl id="t45_d1" trans="." utf="."/>
    <tok_anno ascii="." id="t45_m1" trans="." utf=".">
      <pos tag="$_"/>
      <pos_gen tag="$_"/>
    </tok_anno>
  </token>
  <token id="t46" trans="do||er" type="token">
    <tok_dipl id="t46_d1" trans="doer" utf="doer"/>
    <tok_anno ascii="do" id="t46_m1" trans="do|" utf="do">
      <norm tag="dô"/>
      <token_type tag="MS1"/>
      <lemma tag="dô"/>
      <lemma_gen tag="dô"/>
      <lemma_idmwb tag="31164000"/>
      <pos tag="KOUS"/>
      <pos_gen tag="KO"/>
      <infl tag="--"/>
      <inflClass tag="--"/>
      <inflClass_gen tag="--"/>
    </tok_anno>
    <tok_anno ascii="er" id="t46_m2" trans="|er" utf="er">
      <norm tag="er"/>
      <token_type tag="MS2"/>
      <lemma tag="ër"/>
      <lemma_gen tag="ër"/>
      <lemma_idmwb tag="40380000"/>
      <pos tag="PPER"/>
      <pos_gen tag="PPER"/>
      <infl tag="Masc.Nom.Sg.3"/>
      <inflClass tag="--"/>
      <inflClass_gen tag="--"/>
    </tok_anno>
  </token>
  <token id="t47" trans="in||demo" type="token">
    <tok_dipl id="t47_d1" trans="indemo" utf="indemo"/>
    <tok_anno ascii="in" id="t47_m1" trans="in|" utf="in">
      <norm tag="in"/>
      <token_type tag="MS1"/>
      <lemma tag="in"/>
      <lemma_gen tag="in"/>
      <lemma_idmwb tag="81741000"/>
      <pos tag="APPR"/>
      <pos_gen tag="AP"/>
      <infl tag="--"/>
      <inflClass tag="--"/>
      <inflClass_gen tag="--"/>
    </tok_anno>
    <tok_anno ascii="demo" id="t47_m2" trans="|demo" utf="demo">
      <norm tag="dem"/>
      <token_type tag="MS2"/>
      <lemma tag="dër"/>
      <lemma_gen tag="dër"/>
      <lemma_idmwb tag="29817000"/>
      <pos tag="DDART"/>
      <pos_gen tag="DD"/>
      <infl tag="Masc.Dat.Sg"/>
      <inflClass tag="--"/>
      <inflClass_gen tag="--"/>
    </tok_anno>
  </token>
  <token id="t48" trans="mi$te" type="token">
    <tok_dipl id="t48_d1" trans="mi$te" utf="miſte"/>
    <tok_anno ascii="miste" id="t48_m1" trans="mi$te" utf="miſte">
      <norm tag="miste"/>
      <lemma tag="mist"/>
      <lemma_gen tag="mist"/>
      <lemma_idmwb tag="113793000"/>
      <pos tag="NA"/>
      <pos_gen tag="NA"/>
      <infl tag="Dat.Sg"/>
      <inflClass tag="st.Masc"/>
      <inflClass_gen tag="st.Masc,Neut"/>
    </tok_anno>
  </token>
  <token id="t49" trans="lág,," type="token">
    <tok_dipl id="t49_d1" trans="lág" utf="lág"/>
    <tok_anno ascii="lag" id="t49_m1" trans="lág" utf="lág">
      <norm tag="lac"/>
      <lemma tag="ligen"/>
      <lemma_gen tag="ligen"/>
      <lemma_idmwb tag="103017000"/>
      <pos tag="VVFIN"/>
      <pos_gen tag="VV"/>
      <infl tag="Ind.Past.Sg.3"/>
      <inflClass tag="st5b"/>
      <inflClass_gen tag="st5b"/>
      <punc tag="S*"/>
    </tok_anno>
  </token>
  <token id="t50" trans="." type="punc">
    <tok_dipl id="t50_d1" trans="." utf="."/>
    <tok_anno ascii="." id="t50_m1" trans="." utf=".">
      <pos tag="$_"/>
      <pos_gen tag="$_"/>
    </tok_anno>
  </token>
  <token id="t51" trans="do||er" type="token">
    <tok_dipl id="t51_d1" trans="doer" utf="doer"/>
    <tok_anno ascii="do" id="t51_m1" trans="do|" utf="do">
      <norm tag="dô"/>
      <token_type tag="MS1"/>
      <lemma tag="dô"/>
      <lemma_gen tag="dô"/>
      <lemma_idmwb tag="31164000"/>
      <pos tag="KOUS"/>
      <pos_gen tag="KO"/>
      <infl tag="--"/>
      <inflClass tag="--"/>
      <inflClass_gen tag="--"/>
    </tok_anno>
    <tok_anno ascii="er" id="t51_m2" trans="|er" utf="er">
      <norm tag="er"/>
      <token_type tag="MS2"/>
      <lemma tag="ër"/>
      <lemma_gen tag="ër"/>
      <lemma_idmwb tag="40380000"/>
      <pos tag="PPER"/>
      <pos_gen tag="PPER"/>
      <infl tag="Masc.Nom.Sg.3"/>
      <inflClass tag="--"/>
      <inflClass_gen tag="--"/>
    </tok_anno>
  </token>
  <token id="t52" trans="in||demo" type="token">
    <tok_dipl id="t52_d1" trans="indemo" utf="indemo"/>
    <tok_anno ascii="in" id="t52_m1" trans="in|" utf="in">
      <norm tag="in"/>
      <token_type tag="MS1"/>
      <lemma tag="in"/>
      <lemma_gen tag="in"/>
      <lemma_idmwb tag="81741000"/>
      <pos tag="APPR"/>
      <pos_gen tag="AP"/>
      <infl tag="--"/>
      <inflClass tag="--"/>
      <inflClass_gen tag="--"/>
    </tok_anno>
    <tok_anno ascii="demo" id="t52_m2" trans="|demo" utf="demo">
      <norm tag="dem"/>
      <token_type tag="MS2"/>
      <lemma tag="dër"/>
      <lemma_gen tag="dër"/>
      <lemma_idmwb tag="29817000"/>
      <pos tag="DDART"/>
      <pos_gen tag="DD"/>
      <infl tag="Masc.Dat.Sg"/>
      <inflClass tag="--"/>
      <inflClass_gen tag="--"/>
    </tok_anno>
  </token>
  <token id="t53" trans="mi$te" type="token">
    <tok_dipl id="t53_d1" trans="mi$te" utf="miſte"/>
    <tok_anno ascii="miste" id="t53_m1" trans="mi$te" utf="miſte">
      <norm tag="miste"/>
      <lemma tag="mist"/>
      <lemma_gen tag="mist"/>
      <lemma_idmwb tag="113793000"/>
      <pos tag="NA"/>
      <pos_gen tag="NA"/>
      <infl tag="Dat.Sg"/>
      <inflClass tag="st.Masc"/>
      <inflClass_gen tag="st.Masc,Neut"/>
    </tok_anno>
  </token>
  <token id="t54" trans="riêf" type="token">
    <tok_dipl id="t54_d1" trans="riêf" utf="riêf"/>
    <tok_anno ascii="rief" id="t54_m1" trans="riêf" utf="riêf">
      <norm tag="rief"/>
      <lemma tag="ruofen"/>
      <lemma_gen tag="ruofen"/>
      <lemma_idmwb tag="138252000"/>
      <pos tag="VVFIN"/>
      <pos_gen tag="VV"/>
      <infl tag="Ind.Past.Sg.3"/>
      <inflClass tag="st7"/>
      <inflClass_gen tag="st7"/>
    </tok_anno>
  </token>
  <token id="t55" trans="." type="punc">
    <tok_dipl id="t55_d1" trans="." utf="."/>
    <tok_anno ascii="." id="t55_m1" trans="." utf=".">
      <pos tag="$_"/>
      <pos_gen tag="$_"/>
    </tok_anno>
  </token>
  <token id="t56" trans="zuo" type="token">
    <tok_dipl id="t56_d1" trans="zuo" utf="zuo"/>
    <tok_anno ascii="zuo" id="t56_m1" trans="zuo" utf="zuo">
      <norm tag="zuo"/>
      <lemma tag="ze"/>
      <lemma_gen tag="ze"/>
      <lemma_idmwb tag="235656000"/>
      <pos tag="APPR"/>
      <pos_gen tag="AP"/>
      <infl tag="--"/>
      <inflClass tag="--"/>
      <inflClass_gen tag="--"/>
    </tok_anno>
  </token>
  <token id="t57" trans="demo" type="token">
    <tok_dipl id="t57_d1" trans="demo" utf="demo"/>
    <tok_anno ascii="demo" id="t57_m1" trans="demo" utf="demo">
      <norm tag="dem"/>
      <lemma tag="dër"/>
      <lemma_gen tag="dër"/>
      <lemma_idmwb tag="29817000"/>
      <pos tag="DDART"/>
      <pos_gen tag="DD"/>
      <infl tag="Masc.Dat.Sg"/>
      <inflClass tag="--"/>
      <inflClass_gen tag="--"/>
    </tok_anno>
  </token>
  <token id="t58" trans="heiligin||cri$t(:)" type="token">
    <tok_dipl id="t58_d1" trans="heiligincri$t" utf="heiligincriſt"/>
    <tok_anno ascii="heiligin" id="t58_m1" trans="heiligin|" utf="heiligin">
      <norm tag="heiligen"/>
      <token_type tag="MS1"/>
      <lemma tag="hèilig"/>
      <lemma_gen tag="hèilig"/>
      <lemma_idmwb tag="70113000"/>
      <pos tag="ADJA"/>
      <pos_gen tag="ADJ"/>
      <infl tag="Pos.Masc.Dat.Sg.wk"/>
      <inflClass tag="--"/>
      <inflClass_gen tag="--"/>
    </tok_anno>
    <tok_anno ascii="crist" id="t58_m2" trans="|cri$t" utf="criſt">
      <norm tag="Krist"/>
      <token_type tag="MS2"/>
      <lemma tag="Krist"/>
      <lemma_gen tag="Krist"/>
      <lemma_idmwb tag="95598000"/>
      <pos tag="NE"/>
      <pos_gen tag="NE"/>
      <infl tag="Dat.Sg"/>
      <inflClass tag="--"/>
      <inflClass_gen tag="--"/>
      <punc tag="DE"/>
    </tok_anno>
  </token>
  <token id="t59" trans="." type="punc">
    <tok_dipl id="t59_d1" trans="." utf="."/>
    <tok_anno ascii="." id="t59_m1" trans="." utf=".">
      <pos tag="$_"/>
      <pos_gen tag="$_"/>
      <punc tag="$E"/>
    </tok_anno>
  </token>
  <token id="t60" trans="&quot;der" type="token">
    <tok_dipl id="t60_d1" trans="der" utf="der"/>
    <tok_anno ascii="der" id="t60_m1" trans="der" utf="der">
      <norm tag="der"/>
      <lemma tag="dër"/>
      <lemma_gen tag="dër"/>
      <lemma_idmwb tag="29817000"/>
      <pos tag="DDART"/>
      <pos_gen tag="DD"/>
      <infl tag="Masc.Nom.Sg"/>
      <inflClass tag="--"/>
      <inflClass_gen tag="--"/>
    </tok_anno>
  </token>
  <token id="t61" trans="wrm" type="token">
    <tok_dipl id="t61_d1" trans="wrm" utf="wrm"/>
    <tok_anno ascii="wrm" id="t61_m1" trans="wrm" utf="wrm">
      <norm tag="wurm"/>
      <lemma tag="wurm"/>
      <lemma_gen tag="wurm"/>
      <lemma_idmwb tag="234870000"/>
      <pos tag="NA"/>
      <pos_gen tag="NA"/>
      <infl tag="Nom.Sg"/>
      <inflClass tag="stu.Masc"/>
      <inflClass_gen tag="stu.Masc"/>
    </tok_anno>
  </token>
  <token id="t62" trans="i$t" type="token">
    <tok_dipl id="t62_d1" trans="i$t" utf="iſt"/>
    <tok_anno ascii="ist" id="t62_m1" trans="i$t" utf="iſt">
      <norm tag="ist"/>
      <lemma tag="sîn"/>
      <lemma_gen tag="sîn"/>
      <lemma_idmwb tag="150147000"/>
      <pos tag="VAFIN"/>
      <pos_gen tag="VA"/>
      <infl tag="Ind.Pres.Sg.3"/>
      <inflClass tag="irr"/>
      <inflClass_gen tag="irr"/>
    </tok_anno>
  </token>
  <token id="t63" trans="tôt,," type="token">
    <tok_dipl id="t63_d1" trans="tôt" utf="tôt"/>
    <tok_anno ascii="tot" id="t63_m1" trans="tôt" utf="tôt">
      <norm tag="tôt"/>
      <lemma tag="tôt"/>
      <lemma_gen tag="tôt"/>
      <lemma_idmwb tag="169515000"/>
      <pos tag="ADJD"/>
      <pos_gen tag="ADJ"/>
      <infl tag="Pos....0"/>
      <inflClass tag="--"/>
      <inflClass_gen tag="--"/>
      <punc tag="S*"/>
    </tok_anno>
  </token>
  <token id="t64" trans="." type="punc">
    <tok_dipl id="t64_d1" trans="." utf="."/>
    <tok_anno ascii="." id="t64_m1" trans="." utf=".">
      <pos tag="$_"/>
      <pos_gen tag="$_"/>
    </tok_anno>
  </token>
  <token id="t65" trans="tôt" type="token">
    <tok_dipl id="t65_d1" trans="tôt" utf="tôt"/>
    <tok_anno ascii="tot" id="t65_m1" trans="tôt" utf="tôt">
      <norm tag="tôt"/>
      <lemma tag="tôt"/>
      <lemma_gen tag="tôt"/>
      <lemma_idmwb tag="169515000"/>
      <pos tag="ADJD"/>
      <pos_gen tag="ADJ"/>
      <infl tag="Pos....0"/>
      <inflClass tag="--"/>
      <inflClass_gen tag="--"/>
    </tok_anno>
  </token>
  <token id="t66" trans="i$t" type="token">
    <tok_dipl id="t66_d1" trans="i$t" utf="iſt"/>
    <tok_anno ascii="ist" id="t66_m1" trans="i$t" utf="iſt">
      <norm tag="ist"/>
      <lemma tag="sîn"/>
      <lemma_gen tag="sîn"/>
      <lemma_idmwb tag="150147000"/>
      <pos tag="VAFIN"/>
      <pos_gen tag="VA"/>
      <infl tag="Ind.Pres.Sg.3"/>
      <inflClass tag="irr"/>
      <inflClass_gen tag="irr"/>
    </tok_anno>
  </token>
  <token id="t67" trans="der" type="token">
    <tok_dipl id="t67_d1" trans="der" utf="der"/>
    <tok_anno ascii="der" id="t67_m1" trans="der" utf="der">
      <norm tag="der"/>
      <lemma tag="dër"/>
      <lemma_gen tag="dër"/>
      <lemma_idmwb tag="29817000"/>
      <pos tag="DDART"/>
      <pos_gen tag="DD"/>
      <infl tag="Masc.Nom.Sg"/>
      <inflClass tag="--"/>
      <inflClass_gen tag="--"/>
    </tok_anno>
  </token>
  <token id="t68" trans="wrm(.)&quot;" type="token">
    <tok_dipl id="t68_d1" trans="wrm" utf="wrm"/>
    <tok_anno ascii="wrm" id="t68_m1" trans="wrm" utf="wrm">
      <norm tag="wurm"/>
      <lemma tag="wurm"/>
      <lemma_gen tag="wurm"/>
      <lemma_idmwb tag="234870000"/>
      <pos tag="NA"/>
      <pos_gen tag="NA"/>
      <infl tag="Nom.Sg"/>
      <inflClass tag="stu.Masc"/>
      <inflClass_gen tag="stu.Masc"/>
      <punc tag="DE"/>
    </tok_anno>
  </token>
  <token id="t69" trans="." type="punc">
    <tok_dipl id="t69_d1" trans="." utf="."/>
    <tok_anno ascii="." id="t69_m1" trans="." utf=".">
      <pos tag="$_"/>
      <pos_gen tag="$_"/>
      <punc tag="$E"/>
    </tok_anno>
  </token>
</text>
