<?xml version='1.0' encoding='UTF-8'?>
<!DOCTYPE text SYSTEM "cora-xml.dtd">
<text id="M248">
  <header>
    <text>Grazer Wurmsegen (B)</text>
    <abbr_ddd>GraWurmsegen</abbr_ddd>
    <abbr_mwb>-</abbr_mwb>
    <topic>Religion, Poesie</topic>
    <text-type>Segen</text-type>
    <genre>V</genre>
    <reference>Verse (Müllenhoff/Scherer)</reference>
    <reference-secondary>Hs.: Blatt (r/v), Zeile</reference-secondary>
    <library>Graz, Universitätsbibl.</library>
    <library-shelfmark>cod. 1501</library-shelfmark>
    <online>http://www.handschriftencensus.de/1686</online>
    <medium>Handschrift</medium>
    <extent>132v-133r</extent>
    <extract>-</extract>
    <language>mhd</language>
    <language-type>oberdeutsch</language-type>
    <language-region>ostoberdeutsch</language-region>
    <language-area>bairisch</language-area>
    <place>-</place>
    <time>13,1</time>
    <notes-manuscript>_</notes-manuscript>
    <date>-</date>
    <text-place>-</text-place>
    <text-author>-</text-author>
    <text-language>-</text-language>
    <text-source>-</text-source>
    <edition>Karl Müllenhoff und Wilhelm Scherer (Hg.), Denkmäler deutscher Poesie und Prosa aus dem VIII.-XII. Jahrhundert, Bd. 1: Texte, Bd. 2: Anmerkungen, 3. Auflage Berlin 1892 (Nachdruck Berlin/Zürich 1964), Bd. 1, S. 140 (Abdruck), Bd. 2, S. 412.</edition>
    <corpus>ReM I</corpus>
    <notes-transcription>-</notes-transcription>
    <notes-annotation>-</notes-annotation>
    <digitization_by>Bochum</digitization_by>
    <collation_by>Bochum</collation_by>
    <pre_editing_by>Bochum</pre_editing_by>
    <annotation_by>Bochum</annotation_by>
    <proofreading_by>Bochum</proofreading_by>
  </header>
  <layoutinfo>
    <page id="p1" no="0" range="c1"/>
    <column id="c1" range="l1..l13"/>
    <line id="l1" name="1" range="t1_d1..t6_d1" loc="0a,1"/>
    <line id="l2" name="2" range="t7_d1..t12_d1" loc="0a,2"/>
    <line id="l3" name="3" range="t13_d1..t15_d1" loc="0a,3"/>
    <line id="l4" name="4" range="t16_d1..t21_d1" loc="0a,4"/>
    <line id="l5" name="5" range="t22_d1..t28_d1" loc="0a,5"/>
    <line id="l6" name="6" range="t29_d1..t31_d1" loc="0a,6"/>
    <line id="l7" name="7" range="t32_d1..t34_d1" loc="0a,7"/>
    <line id="l8" name="8" range="t35_d1..t36_d1" loc="0a,8"/>
    <line id="l9" name="9" range="t37_d1..t43_d1" loc="0a,9"/>
    <line id="l10" name="10" range="t44_d1..t48_d1" loc="0a,10"/>
    <line id="l11" name="11" range="t49_d1..t52_d1" loc="0a,11"/>
    <line id="l12" name="12" range="t53_d1..t67_d1" loc="0a,12"/>
    <line id="l13" name="13" range="t68_d1..t80_d1" loc="0a,13"/>
  </layoutinfo>
  <shifttags/>
  <token id="t1" trans="*(D*)er" type="token">
    <tok_dipl id="t1_d1" trans="*(D*)er" utf="Der"/>
    <tok_anno ascii="Der" id="t1_m1" trans="*(D*)er" utf="Der">
      <norm tag="der"/>
      <lemma tag="dër"/>
      <lemma_gen tag="dër"/>
      <lemma_idmwb tag="29817000"/>
      <pos tag="DDART"/>
      <pos_gen tag="DD"/>
      <infl tag="Masc.Nom.Sg"/>
      <inflClass tag="--"/>
      <inflClass_gen tag="--"/>
    </tok_anno>
  </token>
  <token id="t2" trans="herre" type="token">
    <tok_dipl id="t2_d1" trans="herre" utf="herre"/>
    <tok_anno ascii="herre" id="t2_m1" trans="herre" utf="herre">
      <norm tag="hêrre"/>
      <lemma tag="hêrre"/>
      <lemma_gen tag="hêrre"/>
      <lemma_idmwb tag="72543000"/>
      <pos tag="NA"/>
      <pos_gen tag="NA"/>
      <infl tag="Nom.Sg"/>
      <inflClass tag="*.Masc"/>
      <inflClass_gen tag="*.Masc"/>
    </tok_anno>
  </token>
  <token id="t3" trans="iob" type="token">
    <tok_dipl id="t3_d1" trans="iob" utf="iob"/>
    <tok_anno ascii="iob" id="t3_m1" trans="iob" utf="iob">
      <norm tag="Jop"/>
      <lemma tag="Job"/>
      <lemma_gen tag="Job"/>
      <lemma_idmwb tag="--"/>
      <pos tag="NE"/>
      <pos_gen tag="NE"/>
      <infl tag="Nom.Sg"/>
      <inflClass tag="--"/>
      <inflClass_gen tag="--"/>
    </tok_anno>
  </token>
  <token id="t4" trans="lach" type="token">
    <tok_dipl id="t4_d1" trans="lach" utf="lach"/>
    <tok_anno ascii="lach" id="t4_m1" trans="lach" utf="lach">
      <norm tag="lac"/>
      <lemma tag="ligen"/>
      <lemma_gen tag="ligen"/>
      <lemma_idmwb tag="103017000"/>
      <pos tag="VVFIN"/>
      <pos_gen tag="VV"/>
      <infl tag="Ind.Past.Sg.3"/>
      <inflClass tag="st5b"/>
      <inflClass_gen tag="st5b"/>
    </tok_anno>
  </token>
  <token id="t5" trans="in||mi$te,," type="token">
    <tok_dipl id="t5_d1" trans="inmi$te" utf="inmiſte"/>
    <tok_anno ascii="in" id="t5_m1" trans="in|" utf="in">
      <norm tag="in"/>
      <token_type tag="MS1"/>
      <lemma tag="in"/>
      <lemma_gen tag="in"/>
      <lemma_idmwb tag="81741000"/>
      <pos tag="APPR"/>
      <pos_gen tag="AP"/>
      <infl tag="--"/>
      <inflClass tag="--"/>
      <inflClass_gen tag="--"/>
    </tok_anno>
    <tok_anno ascii="miste" id="t5_m2" trans="|mi$te" utf="miſte">
      <norm tag="miste"/>
      <token_type tag="MS2"/>
      <lemma tag="mist"/>
      <lemma_gen tag="mist"/>
      <lemma_idmwb tag="113793000"/>
      <pos tag="NA"/>
      <pos_gen tag="NA"/>
      <infl tag="Dat.Sg"/>
      <inflClass tag="st.Masc,Neut"/>
      <inflClass_gen tag="st.Masc,Neut"/>
      <punc tag="S*"/>
    </tok_anno>
  </token>
  <token id="t6" trans="%." type="punc">
    <tok_dipl id="t6_d1" trans="%." utf="·"/>
    <tok_anno ascii="." id="t6_m1" trans="%." utf="·">
      <pos tag="$_"/>
      <pos_gen tag="$_"/>
    </tok_anno>
  </token>
  <token id="t7" trans="rief" type="token">
    <tok_dipl id="t7_d1" trans="rief" utf="rief"/>
    <tok_anno ascii="rief" id="t7_m1" trans="rief" utf="rief">
      <norm tag="rief"/>
      <lemma tag="ruofen"/>
      <lemma_gen tag="ruofen"/>
      <lemma_idmwb tag="138252000"/>
      <pos tag="VVFIN"/>
      <pos_gen tag="VV"/>
      <infl tag="Ind.Past.Sg.3"/>
      <inflClass tag="st7"/>
      <inflClass_gen tag="st7"/>
    </tok_anno>
  </token>
  <token id="t8" trans="uf" type="token">
    <tok_dipl id="t8_d1" trans="uf" utf="uf"/>
    <tok_anno ascii="uf" id="t8_m1" trans="uf" utf="uf">
      <norm tag="ûf"/>
      <lemma tag="ûf"/>
      <lemma_gen tag="ûf"/>
      <lemma_idmwb tag="178137000"/>
      <pos tag="AVD"/>
      <pos_gen tag="AVD"/>
      <infl tag="--"/>
      <inflClass tag="--"/>
      <inflClass_gen tag="--"/>
    </tok_anno>
  </token>
  <token id="t9" trans="%." type="punc">
    <tok_dipl id="t9_d1" trans="%." utf="·"/>
    <tok_anno ascii="." id="t9_m1" trans="%." utf="·">
      <pos tag="$_"/>
      <pos_gen tag="$_"/>
    </tok_anno>
  </token>
  <token id="t10" trans="ze" type="token">
    <tok_dipl id="t10_d1" trans="ze" utf="ze"/>
    <tok_anno ascii="ze" id="t10_m1" trans="ze" utf="ze">
      <norm tag="ze"/>
      <lemma tag="ze"/>
      <lemma_gen tag="ze"/>
      <lemma_idmwb tag="235656000"/>
      <pos tag="APPR"/>
      <pos_gen tag="AP"/>
      <infl tag="--"/>
      <inflClass tag="--"/>
      <inflClass_gen tag="--"/>
    </tok_anno>
  </token>
  <token id="t11" trans="xᵽe,," type="token">
    <tok_dipl id="t11_d1" trans="xᵽe" utf="xᵽe"/>
    <tok_anno ascii="xᵽe" id="t11_m1" trans="xᵽe" utf="xᵽe">
      <norm tag="Christe"/>
      <lemma tag="Christus"/>
      <lemma_gen tag="Christus"/>
      <lemma_idmwb tag="--"/>
      <pos tag="NE"/>
      <pos_gen tag="FM"/>
      <infl tag="Dat.Sg"/>
      <inflClass tag="--"/>
      <inflClass_gen tag="--"/>
      <punc tag="S*"/>
    </tok_anno>
  </token>
  <token id="t12" trans="." type="punc">
    <tok_dipl id="t12_d1" trans="." utf="."/>
    <tok_anno ascii="." id="t12_m1" trans="." utf=".">
      <pos tag="$_"/>
      <pos_gen tag="$_"/>
    </tok_anno>
  </token>
  <token id="t13" trans="mit" type="token">
    <tok_dipl id="t13_d1" trans="mit" utf="mit"/>
    <tok_anno ascii="mit" id="t13_m1" trans="mit" utf="mit">
      <norm tag="mit"/>
      <lemma tag="mit"/>
      <lemma_gen tag="mit"/>
      <lemma_idmwb tag="113898000"/>
      <pos tag="APPR"/>
      <pos_gen tag="AP"/>
      <infl tag="--"/>
      <inflClass tag="--"/>
      <inflClass_gen tag="--"/>
    </tok_anno>
  </token>
  <token id="t14" trans="eiter" type="token">
    <tok_dipl id="t14_d1" trans="eiter" utf="eiter"/>
    <tok_anno ascii="eiter" id="t14_m1" trans="eiter" utf="eiter">
      <norm tag="eiter"/>
      <lemma tag="èiter"/>
      <lemma_gen tag="èiter"/>
      <lemma_idmwb tag="36651000"/>
      <pos tag="NA"/>
      <pos_gen tag="NA"/>
      <infl tag="Dat.Sg"/>
      <inflClass tag="st.Neut"/>
      <inflClass_gen tag="st.Neut"/>
    </tok_anno>
  </token>
  <token id="t15" trans="bewollen(.)" type="token">
    <tok_dipl id="t15_d1" trans="bewollen" utf="bewollen"/>
    <tok_anno ascii="bewollen" id="t15_m1" trans="bewollen" utf="bewollen">
      <norm tag="bewollen"/>
      <lemma tag="be-wëllen"/>
      <lemma_gen tag="be-wëllen"/>
      <lemma_idmwb tag="19350000"/>
      <pos tag="VVPP"/>
      <pos_gen tag="VV"/>
      <infl tag="--"/>
      <inflClass tag="st3b"/>
      <inflClass_gen tag="st3b"/>
      <punc tag="DE"/>
    </tok_anno>
  </token>
  <token id="t16" trans="di" type="token">
    <tok_dipl id="t16_d1" trans="di" utf="di"/>
    <tok_anno ascii="di" id="t16_m1" trans="di" utf="di">
      <norm tag="di"/>
      <lemma tag="dër"/>
      <lemma_gen tag="dër"/>
      <lemma_idmwb tag="29817000"/>
      <pos tag="DDART"/>
      <pos_gen tag="DD"/>
      <infl tag="*.Nom.Pl"/>
      <inflClass tag="--"/>
      <inflClass_gen tag="--"/>
    </tok_anno>
  </token>
  <token id="t17" trans="maden" type="token">
    <tok_dipl id="t17_d1" trans="maden" utf="maden"/>
    <tok_anno ascii="maden" id="t17_m1" trans="maden" utf="maden">
      <norm tag="maden"/>
      <lemma tag="made"/>
      <lemma_gen tag="made"/>
      <lemma_idmwb tag="106740000"/>
      <pos tag="NA"/>
      <pos_gen tag="NA"/>
      <infl tag="Nom.Pl"/>
      <inflClass tag="*.Masc"/>
      <inflClass_gen tag="*.Masc"/>
    </tok_anno>
  </token>
  <token id="t18" trans="im" type="token">
    <tok_dipl id="t18_d1" trans="im" utf="im"/>
    <tok_anno ascii="im" id="t18_m1" trans="im" utf="im">
      <norm tag="im"/>
      <lemma tag="ër"/>
      <lemma_gen tag="ër"/>
      <lemma_idmwb tag="40380000"/>
      <pos tag="PPER"/>
      <pos_gen tag="PPER"/>
      <infl tag="Masc.Dat.Sg.3"/>
      <inflClass tag="--"/>
      <inflClass_gen tag="--"/>
    </tok_anno>
  </token>
  <token id="t19" trans="uz*1" type="token">
    <tok_dipl id="t19_d1" trans="uz" utf="uz"/>
    <tok_anno ascii="uz" id="t19_m1" trans="uz*1" utf="uz">
      <norm tag="ûz"/>
      <lemma tag="ûz/&gt;+vallen"/>
      <lemma_gen tag="ûz"/>
      <lemma_idmwb tag="194769000"/>
      <pos tag="PTKVZ"/>
      <pos_gen tag="PTK"/>
      <infl tag="--"/>
      <inflClass tag="--"/>
      <inflClass_gen tag="--"/>
      <link target="t20_m1" type="vptk"/>
    </tok_anno>
  </token>
  <token id="t20" trans="uielen*2(.)" type="token">
    <tok_dipl id="t20_d1" trans="uielen" utf="uielen"/>
    <tok_anno ascii="uielen" id="t20_m1" trans="uielen*2" utf="uielen">
      <norm tag="vielen"/>
      <lemma tag="vallen/ûz&gt;+"/>
      <lemma_gen tag="vallen"/>
      <lemma_idmwb tag="197955000"/>
      <pos tag="VVFIN"/>
      <pos_gen tag="VV"/>
      <infl tag="*.Past.Pl.3"/>
      <inflClass tag="st7"/>
      <inflClass_gen tag="st7"/>
      <punc tag="DE"/>
      <link target="t19_m1" type="vptk"/>
    </tok_anno>
  </token>
  <token id="t21" trans="%." type="punc">
    <tok_dipl id="t21_d1" trans="%." utf="·"/>
    <tok_anno ascii="." id="t21_m1" trans="%." utf="·">
      <pos tag="$_"/>
      <pos_gen tag="$_"/>
      <punc tag="$E"/>
    </tok_anno>
  </token>
  <token id="t22" trans="de$" type="token">
    <tok_dipl id="t22_d1" trans="de$" utf="deſ"/>
    <tok_anno ascii="des" id="t22_m1" trans="de$" utf="deſ">
      <norm tag="des"/>
      <lemma tag="dër"/>
      <lemma_gen tag="dër"/>
      <lemma_idmwb tag="29823000"/>
      <pos tag="DDS"/>
      <pos_gen tag="DD"/>
      <infl tag="Neut.Gen.Sg"/>
      <inflClass tag="--"/>
      <inflClass_gen tag="--"/>
    </tok_anno>
  </token>
  <token id="t23" trans="bu\ozte" type="token">
    <tok_dipl id="t23_d1" trans="bu\ozte" utf="buͦzte"/>
    <tok_anno ascii="buozte" id="t23_m1" trans="bu\ozte" utf="buͦzte">
      <norm tag="buozte"/>
      <lemma tag="büèzen"/>
      <lemma_gen tag="büèzen"/>
      <lemma_idmwb tag="26847000"/>
      <pos tag="VVFIN"/>
      <pos_gen tag="VV"/>
      <infl tag="*.Past.Sg.3"/>
      <inflClass tag="wk"/>
      <inflClass_gen tag="wk"/>
    </tok_anno>
  </token>
  <token id="t24" trans="im" type="token">
    <tok_dipl id="t24_d1" trans="im" utf="im"/>
    <tok_anno ascii="im" id="t24_m1" trans="im" utf="im">
      <norm tag="im"/>
      <lemma tag="ër"/>
      <lemma_gen tag="ër"/>
      <lemma_idmwb tag="40380000"/>
      <pos tag="PPER"/>
      <pos_gen tag="PPER"/>
      <infl tag="Masc.Dat.Sg.3"/>
      <inflClass tag="--"/>
      <inflClass_gen tag="--"/>
    </tok_anno>
  </token>
  <token id="t25" trans="der" type="token">
    <tok_dipl id="t25_d1" trans="der" utf="der"/>
    <tok_anno ascii="der" id="t25_m1" trans="der" utf="der">
      <norm tag="der"/>
      <lemma tag="dër"/>
      <lemma_gen tag="dër"/>
      <lemma_idmwb tag="29817000"/>
      <pos tag="DDART"/>
      <pos_gen tag="DD"/>
      <infl tag="Masc.Nom.Sg"/>
      <inflClass tag="--"/>
      <inflClass_gen tag="--"/>
    </tok_anno>
  </token>
  <token id="t26" trans="hailige" type="token">
    <tok_dipl id="t26_d1" trans="hailige" utf="hailige"/>
    <tok_anno ascii="hailige" id="t26_m1" trans="hailige" utf="hailige">
      <norm tag="heilige"/>
      <lemma tag="hèilig"/>
      <lemma_gen tag="hèilig"/>
      <lemma_idmwb tag="70113000"/>
      <pos tag="ADJA"/>
      <pos_gen tag="ADJ"/>
      <infl tag="Pos.Masc.Nom.Sg.wk"/>
      <inflClass tag="--"/>
      <inflClass_gen tag="--"/>
    </tok_anno>
  </token>
  <token id="t27" trans="cri$t,," type="token">
    <tok_dipl id="t27_d1" trans="cri$t" utf="criſt"/>
    <tok_anno ascii="crist" id="t27_m1" trans="cri$t" utf="criſt">
      <norm tag="Krist"/>
      <lemma tag="Krist"/>
      <lemma_gen tag="Krist"/>
      <lemma_idmwb tag="95598000"/>
      <pos tag="NE"/>
      <pos_gen tag="NE"/>
      <infl tag="Nom.Sg"/>
      <inflClass tag="--"/>
      <inflClass_gen tag="--"/>
      <punc tag="S*"/>
    </tok_anno>
  </token>
  <token id="t28" trans="." type="punc">
    <tok_dipl id="t28_d1" trans="." utf="."/>
    <tok_anno ascii="." id="t28_m1" trans="." utf=".">
      <pos tag="$_"/>
      <pos_gen tag="$_"/>
    </tok_anno>
  </token>
  <token id="t29" trans="al$o" type="token">
    <tok_dipl id="t29_d1" trans="al$o" utf="alſo"/>
    <tok_anno ascii="also" id="t29_m1" trans="al$o" utf="alſo">
      <norm tag="alsô"/>
      <lemma tag="all-sô"/>
      <lemma_gen tag="all-sô"/>
      <lemma_idmwb tag="4629000"/>
      <pos tag="AVD"/>
      <pos_gen tag="AVD-KO"/>
      <infl tag="--"/>
      <inflClass tag="--"/>
      <inflClass_gen tag="--"/>
    </tok_anno>
  </token>
  <token id="t30" trans="$i" type="token">
    <tok_dipl id="t30_d1" trans="$i" utf="ſi"/>
    <tok_anno ascii="si" id="t30_m1" trans="$i" utf="ſi">
      <norm tag="sî"/>
      <lemma tag="sîn"/>
      <lemma_gen tag="sîn"/>
      <lemma_idmwb tag="150147000"/>
      <pos tag="VAFIN"/>
      <pos_gen tag="VA"/>
      <infl tag="Subj.Pres.Sg.3"/>
      <inflClass tag="irr"/>
      <inflClass_gen tag="irr"/>
    </tok_anno>
  </token>
  <token id="t31" trans=".N.,," type="token">
    <tok_dipl id="t31_d1" trans=".N." utf=".N."/>
    <tok_anno ascii=".N." id="t31_m1" trans=".N." utf=".N.">
      <norm tag="N"/>
      <lemma tag="N"/>
      <lemma_gen tag="N"/>
      <lemma_idmwb tag="--"/>
      <pos tag="NE"/>
      <pos_gen tag="NE"/>
      <infl tag="Nom.Sg"/>
      <inflClass tag="--"/>
      <inflClass_gen tag="--"/>
      <punc tag="S*"/>
    </tok_anno>
  </token>
  <token id="t32" trans="de$" type="token">
    <tok_dipl id="t32_d1" trans="de$" utf="deſ"/>
    <tok_anno ascii="des" id="t32_m1" trans="de$" utf="deſ">
      <norm tag="des"/>
      <lemma tag="dër"/>
      <lemma_gen tag="dër"/>
      <lemma_idmwb tag="29817000"/>
      <pos tag="DDART"/>
      <pos_gen tag="DD"/>
      <infl tag="Masc.Gen.Sg"/>
      <inflClass tag="--"/>
      <inflClass_gen tag="--"/>
    </tok_anno>
  </token>
  <token id="t33" trans="manewurme$,," type="token">
    <tok_dipl id="t33_d1" trans="manewurme$" utf="manewurmeſ"/>
    <tok_anno ascii="manewurmes" id="t33_m1" trans="manewurme$" utf="manewurmeſ">
      <norm tag="manewurmes"/>
      <lemma tag="mane-wurm"/>
      <lemma_gen tag="mane-wurm"/>
      <lemma_idmwb tag="107622000"/>
      <pos tag="NA"/>
      <pos_gen tag="NA"/>
      <infl tag="Gen.Sg"/>
      <inflClass tag="st.Masc"/>
      <inflClass_gen tag="st.Masc"/>
      <punc tag="S*"/>
    </tok_anno>
  </token>
  <token id="t34" trans="." type="punc">
    <tok_dipl id="t34_d1" trans="." utf="."/>
    <tok_anno ascii="." id="t34_m1" trans="." utf=".">
      <pos tag="$_"/>
      <pos_gen tag="$_"/>
    </tok_anno>
  </token>
  <token id="t35" trans="de$" type="token">
    <tok_dipl id="t35_d1" trans="de$" utf="deſ"/>
    <tok_anno ascii="des" id="t35_m1" trans="de$" utf="deſ">
      <norm tag="des"/>
      <lemma tag="dër"/>
      <lemma_gen tag="dër"/>
      <lemma_idmwb tag="29817000"/>
      <pos tag="DDART"/>
      <pos_gen tag="DD"/>
      <infl tag="Masc.Gen.Sg"/>
      <inflClass tag="--"/>
      <inflClass_gen tag="--"/>
    </tok_anno>
  </token>
  <token id="t36" trans="harwurme$(.)" type="token">
    <tok_dipl id="t36_d1" trans="harwurme$" utf="harwurmeſ"/>
    <tok_anno ascii="harwurmes" id="t36_m1" trans="harwurme$" utf="harwurmeſ">
      <norm tag="hârwurmes"/>
      <lemma tag="hâr-wurm"/>
      <lemma_gen tag="hâr-wurm"/>
      <lemma_idmwb tag="69186000"/>
      <pos tag="NA"/>
      <pos_gen tag="NA"/>
      <infl tag="Gen.Sg"/>
      <inflClass tag="st.Masc"/>
      <inflClass_gen tag="st.Masc"/>
      <punc tag="DE"/>
    </tok_anno>
  </token>
  <token id="t37" trans="Der" type="token">
    <tok_dipl id="t37_d1" trans="Der" utf="Der"/>
    <tok_anno ascii="Der" id="t37_m1" trans="Der" utf="Der">
      <norm tag="der"/>
      <lemma tag="dër"/>
      <lemma_gen tag="dër"/>
      <lemma_idmwb tag="29817000"/>
      <pos tag="DDART"/>
      <pos_gen tag="DD"/>
      <infl tag="*.Gen.Pl"/>
      <inflClass tag="--"/>
      <inflClass_gen tag="--"/>
    </tok_anno>
  </token>
  <token id="t38" trans="wurmen,," type="token">
    <tok_dipl id="t38_d1" trans="wurmen" utf="wurmen"/>
    <tok_anno ascii="wurmen" id="t38_m1" trans="wurmen" utf="wurmen">
      <norm tag="wurmn"/>
      <lemma tag="wurm"/>
      <lemma_gen tag="wurm"/>
      <lemma_idmwb tag="234870000"/>
      <pos tag="NA"/>
      <pos_gen tag="NA"/>
      <infl tag="Gen.Pl"/>
      <inflClass tag="stu.Masc"/>
      <inflClass_gen tag="stu.Masc"/>
      <punc tag="S*"/>
    </tok_anno>
  </token>
  <token id="t39" trans="der" type="token">
    <tok_dipl id="t39_d1" trans="der" utf="der"/>
    <tok_anno ascii="der" id="t39_m1" trans="der" utf="der">
      <norm tag="der"/>
      <lemma tag="dër"/>
      <lemma_gen tag="dër"/>
      <lemma_idmwb tag="29823000"/>
      <pos tag="DDS"/>
      <pos_gen tag="DD"/>
      <infl tag="Masc.Nom.Sg"/>
      <inflClass tag="--"/>
      <inflClass_gen tag="--"/>
    </tok_anno>
  </token>
  <token id="t40" trans="$i" type="token">
    <tok_dipl id="t40_d1" trans="$i" utf="ſi"/>
    <tok_anno ascii="si" id="t40_m1" trans="$i" utf="ſi">
      <norm tag="sî"/>
      <lemma tag="sîn"/>
      <lemma_gen tag="sîn"/>
      <lemma_idmwb tag="150147000"/>
      <pos tag="VAFIN"/>
      <pos_gen tag="VA"/>
      <infl tag="Subj.Pres.Sg.3"/>
      <inflClass tag="irr"/>
      <inflClass_gen tag="irr"/>
    </tok_anno>
  </token>
  <token id="t41" trans="nu" type="token">
    <tok_dipl id="t41_d1" trans="nu" utf="nu"/>
    <tok_anno ascii="nu" id="t41_m1" trans="nu" utf="nu">
      <norm tag="nû"/>
      <lemma tag="nû"/>
      <lemma_gen tag="nû"/>
      <lemma_idmwb tag="122703000"/>
      <pos tag="AVD"/>
      <pos_gen tag="AVD-KO"/>
      <infl tag="--"/>
      <inflClass tag="--"/>
      <inflClass_gen tag="--"/>
    </tok_anno>
  </token>
  <token id="t42" trans="tot(.)" type="token">
    <tok_dipl id="t42_d1" trans="tot" utf="tot"/>
    <tok_anno ascii="tot" id="t42_m1" trans="tot" utf="tot">
      <norm tag="tôt"/>
      <lemma tag="tôt"/>
      <lemma_gen tag="tôt"/>
      <lemma_idmwb tag="169515000"/>
      <pos tag="ADJD"/>
      <pos_gen tag="ADJ"/>
      <infl tag="Pos....0"/>
      <inflClass tag="--"/>
      <inflClass_gen tag="--"/>
      <punc tag="DE"/>
    </tok_anno>
  </token>
  <token id="t43" trans="." type="punc">
    <tok_dipl id="t43_d1" trans="." utf="."/>
    <tok_anno ascii="." id="t43_m1" trans="." utf=".">
      <pos tag="$_"/>
      <pos_gen tag="$_"/>
      <punc tag="$E"/>
    </tok_anno>
  </token>
  <token id="t44" trans="huite" type="token">
    <tok_dipl id="t44_d1" trans="huite" utf="huite"/>
    <tok_anno ascii="huite" id="t44_m1" trans="huite" utf="huite">
      <norm tag="hiute"/>
      <lemma tag="hiute"/>
      <lemma_gen tag="hiute"/>
      <lemma_idmwb tag="76200000"/>
      <pos tag="AVD"/>
      <pos_gen tag="AVD"/>
      <infl tag="--"/>
      <inflClass tag="--"/>
      <inflClass_gen tag="--"/>
    </tok_anno>
  </token>
  <token id="t45" trans="vnde" type="token">
    <tok_dipl id="t45_d1" trans="vnde" utf="vnde"/>
    <tok_anno ascii="vnde" id="t45_m1" trans="vnde" utf="vnde">
      <norm tag="unde"/>
      <lemma tag="unte"/>
      <lemma_gen tag="unte"/>
      <lemma_idmwb tag="183108000"/>
      <pos tag="KON"/>
      <pos_gen tag="KO"/>
      <infl tag="--"/>
      <inflClass tag="--"/>
      <inflClass_gen tag="--"/>
    </tok_anno>
  </token>
  <token id="t46" trans="immer" type="token">
    <tok_dipl id="t46_d1" trans="immer" utf="immer"/>
    <tok_anno ascii="immer" id="t46_m1" trans="immer" utf="immer">
      <norm tag="iemer"/>
      <lemma tag="ièmer"/>
      <lemma_gen tag="ièmer"/>
      <lemma_idmwb tag="81339000"/>
      <pos tag="AVD"/>
      <pos_gen tag="AVD"/>
      <infl tag="--"/>
      <inflClass tag="--"/>
      <inflClass_gen tag="--"/>
    </tok_anno>
  </token>
  <token id="t47" trans="mer(.)" type="token">
    <tok_dipl id="t47_d1" trans="mer" utf="mer"/>
    <tok_anno ascii="mer" id="t47_m1" trans="mer" utf="mer">
      <norm tag="mêrer"/>
      <lemma tag="mêr(e)"/>
      <lemma_gen tag="mêr(e)"/>
      <lemma_idmwb tag="110610000"/>
      <pos tag="AVD"/>
      <pos_gen tag="AVD"/>
      <infl tag="Comp"/>
      <inflClass tag="--"/>
      <inflClass_gen tag="--"/>
      <punc tag="DE"/>
    </tok_anno>
  </token>
  <token id="t48" trans="%." type="punc">
    <tok_dipl id="t48_d1" trans="%." utf="·"/>
    <tok_anno ascii="." id="t48_m1" trans="%." utf="·">
      <pos tag="$_"/>
      <pos_gen tag="$_"/>
      <punc tag="$E"/>
    </tok_anno>
  </token>
  <token id="t49" trans="I\-||te||dm\-" type="token">
    <tok_dipl id="t49_d1" trans="I\-tedm\-" utf="Ītedm̄"/>
    <tok_anno ascii="Ien" id="t49_m1" trans="I\-|" utf="Ī">
      <norm tag="--"/>
      <token_type tag="MS1"/>
      <lemma tag="[!]"/>
      <lemma_gen tag="[!]"/>
      <lemma_idmwb tag="--"/>
      <pos tag="FM"/>
      <pos_gen tag="FM"/>
      <infl tag="--"/>
      <inflClass tag="--"/>
      <inflClass_gen tag="--"/>
    </tok_anno>
    <tok_anno ascii="te" id="t49_m2" trans="|te|" utf="te">
      <norm tag="--"/>
      <token_type tag="MS2"/>
      <lemma tag="[!]"/>
      <lemma_gen tag="[!]"/>
      <lemma_idmwb tag="--"/>
      <pos tag="FM"/>
      <pos_gen tag="FM"/>
      <infl tag="--"/>
      <inflClass tag="--"/>
      <inflClass_gen tag="--"/>
    </tok_anno>
    <tok_anno ascii="dem" id="t49_m3" trans="|dm\-" utf="dm̄">
      <norm tag="--"/>
      <token_type tag="MS3"/>
      <lemma tag="[!]"/>
      <lemma_gen tag="[!]"/>
      <lemma_idmwb tag="--"/>
      <pos tag="FM"/>
      <pos_gen tag="FM"/>
      <infl tag="--"/>
      <inflClass tag="--"/>
      <inflClass_gen tag="--"/>
    </tok_anno>
  </token>
  <token id="t50" trans="%." type="punc">
    <tok_dipl id="t50_d1" trans="%." utf="·"/>
    <tok_anno ascii="." id="t50_m1" trans="%." utf="·">
      <pos tag="$_"/>
      <pos_gen tag="$_"/>
    </tok_anno>
  </token>
  <token id="t51" trans="am\-" type="token">
    <tok_dipl id="t51_d1" trans="am\-" utf="am̄"/>
    <tok_anno ascii="am" id="t51_m1" trans="am\-" utf="am̄">
      <norm tag="--"/>
      <lemma tag="[!]"/>
      <lemma_gen tag="[!]"/>
      <lemma_idmwb tag="--"/>
      <pos tag="FM"/>
      <pos_gen tag="FM"/>
      <infl tag="--"/>
      <inflClass tag="--"/>
      <inflClass_gen tag="--"/>
    </tok_anno>
  </token>
  <token id="t52" trans="%." type="punc">
    <tok_dipl id="t52_d1" trans="%." utf="·"/>
    <tok_anno ascii="." id="t52_m1" trans="%." utf="·">
      <pos tag="$_"/>
      <pos_gen tag="$_"/>
    </tok_anno>
  </token>
  <token id="t53" trans="Pat'" type="token">
    <tok_dipl id="t53_d1" trans="Pat'" utf="Patˢ"/>
    <tok_anno ascii="Pater" id="t53_m1" trans="Pat'" utf="Patˢ">
      <norm tag="--"/>
      <lemma tag="[!]"/>
      <lemma_gen tag="[!]"/>
      <lemma_idmwb tag="--"/>
      <pos tag="FM"/>
      <pos_gen tag="FM"/>
      <infl tag="--"/>
      <inflClass tag="--"/>
      <inflClass_gen tag="--"/>
    </tok_anno>
  </token>
  <token id="t54" trans="nr\-" type="token">
    <tok_dipl id="t54_d1" trans="nr\-" utf="nr̄"/>
    <tok_anno ascii="nren" id="t54_m1" trans="nr\-" utf="nr̄">
      <norm tag="--"/>
      <lemma tag="[!]"/>
      <lemma_gen tag="[!]"/>
      <lemma_idmwb tag="--"/>
      <pos tag="FM"/>
      <pos_gen tag="FM"/>
      <infl tag="--"/>
      <inflClass tag="--"/>
      <inflClass_gen tag="--"/>
    </tok_anno>
  </token>
  <token id="t55" trans="%." type="punc">
    <tok_dipl id="t55_d1" trans="%." utf="·"/>
    <tok_anno ascii="." id="t55_m1" trans="%." utf="·">
      <pos tag="$_"/>
      <pos_gen tag="$_"/>
    </tok_anno>
  </token>
  <token id="t56" trans="daz" type="token">
    <tok_dipl id="t56_d1" trans="daz" utf="daz"/>
    <tok_anno ascii="daz" id="t56_m1" trans="daz" utf="daz">
      <norm tag="daz"/>
      <lemma tag="dër"/>
      <lemma_gen tag="dër"/>
      <lemma_idmwb tag="29823000"/>
      <pos tag="DDS"/>
      <pos_gen tag="DD"/>
      <infl tag="Neut.Akk.Sg"/>
      <inflClass tag="--"/>
      <inflClass_gen tag="--"/>
    </tok_anno>
  </token>
  <token id="t57" trans="$co=lt" type="token">
    <tok_dipl id="t57_d1" trans="$co=lt" utf="ſco=lt"/>
    <tok_anno ascii="sco=lt" id="t57_m1" trans="$co=lt" utf="ſco=lt">
      <norm tag="solt"/>
      <lemma tag="sol(e)n"/>
      <lemma_gen tag="sol(e)n"/>
      <lemma_idmwb tag="154377000"/>
      <pos tag="VMFIN"/>
      <pos_gen tag="VM"/>
      <infl tag="Ind.Pres.Sg.2"/>
      <inflClass tag="prpr"/>
      <inflClass_gen tag="prpr"/>
    </tok_anno>
  </token>
  <token id="t58" trans="du" type="token">
    <tok_dipl id="t58_d1" trans="du" utf="du"/>
    <tok_anno ascii="du" id="t58_m1" trans="du" utf="du">
      <norm tag="dû"/>
      <lemma tag="dû"/>
      <lemma_gen tag="dû"/>
      <lemma_idmwb tag="32607000"/>
      <pos tag="PPER"/>
      <pos_gen tag="PPER"/>
      <infl tag="Nom.Sg.2"/>
      <inflClass tag="--"/>
      <inflClass_gen tag="--"/>
    </tok_anno>
  </token>
  <token id="t59" trans="drie||$tunden" type="token">
    <tok_dipl id="t59_d1" trans="drie$tunden" utf="drieſtunden"/>
    <tok_anno ascii="drie" id="t59_m1" trans="drie|" utf="drie">
      <norm tag="drî"/>
      <token_type tag="MS1"/>
      <lemma tag="drî"/>
      <lemma_gen tag="drî"/>
      <lemma_idmwb tag="31992000"/>
      <pos tag="CARDA"/>
      <pos_gen tag="CARD"/>
      <infl tag="*.Akk.Pl.st"/>
      <inflClass tag="--"/>
      <inflClass_gen tag="--"/>
    </tok_anno>
    <tok_anno ascii="stunden" id="t59_m2" trans="|$tunden" utf="ſtunden">
      <norm tag="stunten"/>
      <token_type tag="MS2"/>
      <lemma tag="stunt(e)"/>
      <lemma_gen tag="stunt(e)"/>
      <lemma_idmwb tag="161682000"/>
      <pos tag="NA"/>
      <pos_gen tag="NA"/>
      <infl tag="Akk.Pl"/>
      <inflClass tag="st.Fem"/>
      <inflClass_gen tag="*.Fem"/>
    </tok_anno>
  </token>
  <token id="t60" trans="$prech,," type="token">
    <tok_dipl id="t60_d1" trans="$prech" utf="ſprech"/>
    <tok_anno ascii="sprech" id="t60_m1" trans="$prech" utf="ſprech">
      <norm tag="sprechen"/>
      <lemma tag="sprëchen"/>
      <lemma_gen tag="sprëchen"/>
      <lemma_idmwb tag="156540000"/>
      <pos tag="VVINF"/>
      <pos_gen tag="VV"/>
      <infl tag="--"/>
      <inflClass tag="st4"/>
      <inflClass_gen tag="st4"/>
      <punc tag="S*"/>
    </tok_anno>
  </token>
  <comment type="K">/^[!]</comment>
  <token id="t61" trans="%." type="punc">
    <tok_dipl id="t61_d1" trans="%." utf="·"/>
    <tok_anno ascii="." id="t61_m1" trans="%." utf="·">
      <pos tag="$_"/>
      <pos_gen tag="$_"/>
    </tok_anno>
  </token>
  <token id="t62" trans="vur" type="token">
    <tok_dipl id="t62_d1" trans="vur" utf="vur"/>
    <tok_anno ascii="vur" id="t62_m1" trans="vur" utf="vur">
      <norm tag="vüre"/>
      <lemma tag="vür(e)"/>
      <lemma_gen tag="vür(e)"/>
      <lemma_idmwb tag="218466000"/>
      <pos tag="APPR"/>
      <pos_gen tag="AP"/>
      <infl tag="--"/>
      <inflClass tag="--"/>
      <inflClass_gen tag="--"/>
    </tok_anno>
  </token>
  <token id="t63" trans="daz" type="token">
    <tok_dipl id="t63_d1" trans="daz" utf="daz"/>
    <tok_anno ascii="daz" id="t63_m1" trans="daz" utf="daz">
      <norm tag="daz"/>
      <lemma tag="dër"/>
      <lemma_gen tag="dër"/>
      <lemma_idmwb tag="29817000"/>
      <pos tag="DDART"/>
      <pos_gen tag="DD"/>
      <infl tag="Neut.Akk.Sg"/>
      <inflClass tag="--"/>
      <inflClass_gen tag="--"/>
    </tok_anno>
  </token>
  <token id="t64" trans="eiter" type="token">
    <tok_dipl id="t64_d1" trans="eiter" utf="eiter"/>
    <tok_anno ascii="eiter" id="t64_m1" trans="eiter" utf="eiter">
      <norm tag="eiter"/>
      <lemma tag="èiter"/>
      <lemma_gen tag="èiter"/>
      <lemma_idmwb tag="36651000"/>
      <pos tag="NA"/>
      <pos_gen tag="NA"/>
      <infl tag="Akk.Sg"/>
      <inflClass tag="st.Neut"/>
      <inflClass_gen tag="st.Neut"/>
    </tok_anno>
  </token>
  <token id="t65" trans="$colt||u||z" type="token">
    <tok_dipl id="t65_d1" trans="$coltuz" utf="ſcoltuz"/>
    <tok_anno ascii="scolt" id="t65_m1" trans="$colt|" utf="ſcolt">
      <norm tag="solt"/>
      <token_type tag="MS1"/>
      <lemma tag="sol(e)n"/>
      <lemma_gen tag="sol(e)n"/>
      <lemma_idmwb tag="154377000"/>
      <pos tag="VMFIN"/>
      <pos_gen tag="VM"/>
      <infl tag="Ind.Pres.Sg.2"/>
      <inflClass tag="prpr"/>
      <inflClass_gen tag="prpr"/>
    </tok_anno>
    <tok_anno ascii="u" id="t65_m2" trans="|u|" utf="u">
      <norm tag="dû"/>
      <token_type tag="MS2"/>
      <lemma tag="dû"/>
      <lemma_gen tag="dû"/>
      <lemma_idmwb tag="32607000"/>
      <pos tag="PPER"/>
      <pos_gen tag="PPER"/>
      <infl tag="Nom.Sg.2"/>
      <inflClass tag="--"/>
      <inflClass_gen tag="--"/>
    </tok_anno>
    <tok_anno ascii="z" id="t65_m3" trans="|z" utf="z">
      <norm tag="ez"/>
      <token_type tag="MS3"/>
      <lemma tag="ër"/>
      <lemma_gen tag="ër"/>
      <lemma_idmwb tag="40380000"/>
      <pos tag="PPER"/>
      <pos_gen tag="PPER"/>
      <infl tag="Neut.Akk.Sg.3"/>
      <inflClass tag="--"/>
      <inflClass_gen tag="--"/>
    </tok_anno>
  </token>
  <token id="t66" trans="$prechen(.)" type="token">
    <tok_dipl id="t66_d1" trans="$prechen" utf="ſprechen"/>
    <tok_anno ascii="sprechen" id="t66_m1" trans="$prechen" utf="ſprechen">
      <norm tag="sprechen"/>
      <lemma tag="sprëchen"/>
      <lemma_gen tag="sprëchen"/>
      <lemma_idmwb tag="156540000"/>
      <pos tag="VVINF"/>
      <pos_gen tag="VV"/>
      <infl tag="--"/>
      <inflClass tag="st4"/>
      <inflClass_gen tag="st4"/>
      <punc tag="DE"/>
    </tok_anno>
  </token>
  <token id="t67" trans="." type="punc">
    <tok_dipl id="t67_d1" trans="." utf="."/>
    <tok_anno ascii="." id="t67_m1" trans="." utf=".">
      <pos tag="$_"/>
      <pos_gen tag="$_"/>
      <punc tag="$E"/>
    </tok_anno>
  </token>
  <token id="t68" trans="Carnanx" type="token">
    <tok_dipl id="t68_d1" trans="Carnanx" utf="Carnanx"/>
    <tok_anno ascii="Carnanx" id="t68_m1" trans="Carnanx" utf="Carnanx">
      <norm tag="--"/>
      <lemma tag="[!]"/>
      <lemma_gen tag="[!]"/>
      <lemma_idmwb tag="--"/>
      <pos tag="FM"/>
      <pos_gen tag="FM"/>
      <infl tag="--"/>
      <inflClass tag="--"/>
      <inflClass_gen tag="--"/>
    </tok_anno>
  </token>
  <token id="t69" trans="odia" type="token">
    <tok_dipl id="t69_d1" trans="odia" utf="odia"/>
    <tok_anno ascii="odia" id="t69_m1" trans="odia" utf="odia">
      <norm tag="--"/>
      <lemma tag="[!]"/>
      <lemma_gen tag="[!]"/>
      <lemma_idmwb tag="--"/>
      <pos tag="FM"/>
      <pos_gen tag="FM"/>
      <infl tag="--"/>
      <inflClass tag="--"/>
      <inflClass_gen tag="--"/>
    </tok_anno>
  </token>
  <token id="t70" trans="%." type="punc">
    <tok_dipl id="t70_d1" trans="%." utf="·"/>
    <tok_anno ascii="." id="t70_m1" trans="%." utf="·">
      <pos tag="$_"/>
      <pos_gen tag="$_"/>
    </tok_anno>
  </token>
  <token id="t71" trans="carnanx" type="token">
    <tok_dipl id="t71_d1" trans="carnanx" utf="carnanx"/>
    <tok_anno ascii="carnanx" id="t71_m1" trans="carnanx" utf="carnanx">
      <norm tag="--"/>
      <lemma tag="[!]"/>
      <lemma_gen tag="[!]"/>
      <lemma_idmwb tag="--"/>
      <pos tag="FM"/>
      <pos_gen tag="FM"/>
      <infl tag="--"/>
      <inflClass tag="--"/>
      <inflClass_gen tag="--"/>
    </tok_anno>
  </token>
  <token id="t72" trans="edia" type="token">
    <tok_dipl id="t72_d1" trans="edia" utf="edia"/>
    <tok_anno ascii="edia" id="t72_m1" trans="edia" utf="edia">
      <norm tag="--"/>
      <lemma tag="[!]"/>
      <lemma_gen tag="[!]"/>
      <lemma_idmwb tag="--"/>
      <pos tag="FM"/>
      <pos_gen tag="FM"/>
      <infl tag="--"/>
      <inflClass tag="--"/>
      <inflClass_gen tag="--"/>
    </tok_anno>
  </token>
  <token id="t73" trans="%." type="punc">
    <tok_dipl id="t73_d1" trans="%." utf="·"/>
    <tok_anno ascii="." id="t73_m1" trans="%." utf="·">
      <pos tag="$_"/>
      <pos_gen tag="$_"/>
    </tok_anno>
  </token>
  <token id="t74" trans="inmen$ina" type="token">
    <tok_dipl id="t74_d1" trans="inmen$ina" utf="inmenſina"/>
    <tok_anno ascii="inmensina" id="t74_m1" trans="inmen$ina" utf="inmenſina">
      <norm tag="--"/>
      <lemma tag="[!]"/>
      <lemma_gen tag="[!]"/>
      <lemma_idmwb tag="--"/>
      <pos tag="FM"/>
      <pos_gen tag="FM"/>
      <infl tag="--"/>
      <inflClass tag="--"/>
      <inflClass_gen tag="--"/>
    </tok_anno>
  </token>
  <token id="t75" trans="%." type="punc">
    <tok_dipl id="t75_d1" trans="%." utf="·"/>
    <tok_anno ascii="." id="t75_m1" trans="%." utf="·">
      <pos tag="$_"/>
      <pos_gen tag="$_"/>
    </tok_anno>
  </token>
  <token id="t76" trans="$am$odina" type="token">
    <tok_dipl id="t76_d1" trans="$am$odina" utf="ſamſodina"/>
    <tok_anno ascii="samsodina" id="t76_m1" trans="$am$odina" utf="ſamſodina">
      <norm tag="--"/>
      <lemma tag="[!]"/>
      <lemma_gen tag="[!]"/>
      <lemma_idmwb tag="--"/>
      <pos tag="FM"/>
      <pos_gen tag="FM"/>
      <infl tag="--"/>
      <inflClass tag="--"/>
      <inflClass_gen tag="--"/>
    </tok_anno>
  </token>
  <token id="t77" trans="%." type="punc">
    <tok_dipl id="t77_d1" trans="%." utf="·"/>
    <tok_anno ascii="." id="t77_m1" trans="%." utf="·">
      <pos tag="$_"/>
      <pos_gen tag="$_"/>
    </tok_anno>
  </token>
  <token id="t78" trans="ca$t" type="token">
    <tok_dipl id="t78_d1" trans="ca$t" utf="caſt"/>
    <tok_anno ascii="cast" id="t78_m1" trans="ca$t" utf="caſt">
      <norm tag="gast"/>
      <lemma tag="gast"/>
      <lemma_gen tag="gast"/>
      <lemma_idmwb tag="???"/>
      <pos tag="NA"/>
      <pos_gen tag="NA"/>
      <infl tag="Nom.Sg"/>
      <inflClass tag="st.Masc"/>
      <inflClass_gen tag="st.Masc"/>
    </tok_anno>
  </token>
  <token id="t79" trans="%." type="punc">
    <tok_dipl id="t79_d1" trans="%." utf="·"/>
    <tok_anno ascii="." id="t79_m1" trans="%." utf="·">
      <pos tag="$_"/>
      <pos_gen tag="$_"/>
    </tok_anno>
  </token>
  <token id="t80" trans="bi$t||u||ir(.)" type="token">
    <tok_dipl id="t80_d1" trans="bi$tuir" utf="biſtuir"/>
    <tok_anno ascii="bist" id="t80_m1" trans="bi$t|" utf="biſt">
      <norm tag="bist"/>
      <token_type tag="MS1"/>
      <lemma tag="sîn"/>
      <lemma_gen tag="sîn"/>
      <lemma_idmwb tag="150147000"/>
      <pos tag="VAFIN"/>
      <pos_gen tag="VA"/>
      <infl tag="Ind.Pres.Sg.2"/>
      <inflClass tag="irr"/>
      <inflClass_gen tag="irr"/>
    </tok_anno>
    <tok_anno ascii="u" id="t80_m2" trans="|u|" utf="u">
      <norm tag="dû"/>
      <token_type tag="MS2"/>
      <lemma tag="dû"/>
      <lemma_gen tag="dû"/>
      <lemma_idmwb tag="32607000"/>
      <pos tag="PPER"/>
      <pos_gen tag="PPER"/>
      <infl tag="Nom.Sg.2"/>
      <inflClass tag="--"/>
      <inflClass_gen tag="--"/>
    </tok_anno>
    <tok_anno ascii="ir" id="t80_m3" trans="|ir" utf="ir">
      <norm tag="hier"/>
      <token_type tag="MS3"/>
      <lemma tag="hièr"/>
      <lemma_gen tag="hièr"/>
      <lemma_idmwb tag="73965000"/>
      <pos tag="AVD"/>
      <pos_gen tag="AVD"/>
      <infl tag="--"/>
      <inflClass tag="--"/>
      <inflClass_gen tag="--"/>
      <punc tag="DE"/>
    </tok_anno>
  </token>
</text>
