<?xml version='1.0' encoding='UTF-8'?>
<!DOCTYPE text SYSTEM "cora-xml.dtd">
<text id="M249">
  <header>
    <text>Zehn Gebote</text>
    <abbr_ddd>10Gebote</abbr_ddd>
    <abbr_mwb>-</abbr_mwb>
    <topic>Religion, Poesie</topic>
    <text-type>Reimparaphrase</text-type>
    <genre>V</genre>
    <reference>Edition</reference>
    <reference-secondary>-</reference-secondary>
    <library>München, Staatsbibl.</library>
    <library-shelfmark>Clm 4616</library-shelfmark>
    <online>http://www.handschriftencensus.de/1176</online>
    <medium>Handschrift</medium>
    <extent>Nachtrag 85rb</extent>
    <extract>-</extract>
    <language>mhd</language>
    <language-type>oberdeutsch</language-type>
    <language-region>ostoberdeutsch</language-region>
    <language-area>bairisch</language-area>
    <place>-</place>
    <time>13,1</time>
    <notes-manuscript>-</notes-manuscript>
    <date>-</date>
    <text-place>-</text-place>
    <text-author>-</text-author>
    <text-language>-</text-language>
    <text-source>latein</text-source>
    <edition>Karl Roth, Denkmähler der deütschen Sprache vom achten bis zum vierzehnten Jahrhunderte, München 1840, S. 46f.</edition>
    <corpus>ReM I</corpus>
    <notes-transcription>-</notes-transcription>
    <notes-annotation>-</notes-annotation>
    <digitization_by>Thomas Klein (Bonn)</digitization_by>
    <collation_by>Thomas Klein (Bonn)</collation_by>
    <pre_editing_by>Thomas Klein (Bonn)</pre_editing_by>
    <annotation_by>Thomas Klein (Bonn)</annotation_by>
    <proofreading_by>Thomas Klein (Bonn)</proofreading_by>
  </header>
  <layoutinfo>
    <page id="p1" no="0" range="c1"/>
    <column id="c1" range="l1..l10"/>
    <line id="l1" name="1" range="t1_d1..t4_d1" loc="0a,1"/>
    <line id="l2" name="2" range="t5_d1..t9_d1" loc="0a,2"/>
    <line id="l3" name="3" range="t10_d1..t16_d1" loc="0a,3"/>
    <line id="l4" name="4" range="t17_d1..t21_d1" loc="0a,4"/>
    <line id="l5" name="5" range="t22_d1..t28_d1" loc="0a,5"/>
    <line id="l6" name="6" range="t29_d1..t33_d1" loc="0a,6"/>
    <line id="l7" name="7" range="t34_d1..t38_d1" loc="0a,7"/>
    <line id="l8" name="8" range="t39_d1..t43_d1" loc="0a,8"/>
    <line id="l9" name="9" range="t44_d1..t50_d1" loc="0a,9"/>
    <line id="l10" name="10" range="t51_d1..t55_d1" loc="0a,10"/>
  </layoutinfo>
  <shifttags/>
  <token id="t1" trans="Mache" type="token">
    <tok_dipl id="t1_d1" trans="Mache" utf="Mache"/>
    <tok_anno ascii="Mache" id="t1_m1" trans="Mache" utf="Mache">
      <norm tag="mache"/>
      <lemma tag="machen"/>
      <lemma_gen tag="machen"/>
      <lemma_idmwb tag="106683000"/>
      <pos tag="VVIMP"/>
      <pos_gen tag="VV"/>
      <infl tag="Sg.2"/>
      <inflClass tag="wk"/>
      <inflClass_gen tag="wk"/>
    </tok_anno>
  </token>
  <token id="t2" trans="dir" type="token">
    <tok_dipl id="t2_d1" trans="dir" utf="dir"/>
    <tok_anno ascii="dir" id="t2_m1" trans="dir" utf="dir">
      <norm tag="dir"/>
      <lemma tag="dû"/>
      <lemma_gen tag="dû"/>
      <lemma_idmwb tag="32607000"/>
      <pos tag="PRF"/>
      <pos_gen tag="PPER"/>
      <infl tag="*.Dat.Sg.st"/>
      <inflClass tag="--"/>
      <inflClass_gen tag="--"/>
    </tok_anno>
  </token>
  <token id="t3" trans="niht" type="token">
    <tok_dipl id="t3_d1" trans="niht" utf="niht"/>
    <tok_anno ascii="niht" id="t3_m1" trans="niht" utf="niht">
      <norm tag="niht"/>
      <lemma tag="niht"/>
      <lemma_gen tag="niht"/>
      <lemma_idmwb tag="121446000"/>
      <pos tag="PTKNEG"/>
      <pos_gen tag="PI"/>
      <infl tag="--"/>
      <inflClass tag="--"/>
      <inflClass_gen tag="--"/>
    </tok_anno>
  </token>
  <token id="t4" trans="abgot,," type="token">
    <tok_dipl id="t4_d1" trans="abgot" utf="abgot"/>
    <tok_anno ascii="abgot" id="t4_m1" trans="abgot" utf="abgot">
      <norm tag="apgot"/>
      <lemma tag="ab-got"/>
      <lemma_gen tag="ab-got"/>
      <lemma_idmwb tag="2034000"/>
      <pos tag="NA"/>
      <pos_gen tag="NA"/>
      <infl tag="Akk.Pl"/>
      <inflClass tag="st.Neut"/>
      <inflClass_gen tag="st.Masc,Neut"/>
      <punc tag="S*"/>
    </tok_anno>
  </token>
  <token id="t5" trans="Minne" type="token">
    <tok_dipl id="t5_d1" trans="Minne" utf="Minne"/>
    <tok_anno ascii="Minne" id="t5_m1" trans="Minne" utf="Minne">
      <norm tag="minne"/>
      <lemma tag="minnen"/>
      <lemma_gen tag="minnen"/>
      <lemma_idmwb tag="112365000"/>
      <pos tag="VVIMP"/>
      <pos_gen tag="VV"/>
      <infl tag="Sg.2"/>
      <inflClass tag="wk"/>
      <inflClass_gen tag="wk"/>
    </tok_anno>
  </token>
  <token id="t6" trans="von" type="token">
    <tok_dipl id="t6_d1" trans="von" utf="von"/>
    <tok_anno ascii="von" id="t6_m1" trans="von" utf="von">
      <norm tag="von"/>
      <lemma tag="von"/>
      <lemma_gen tag="von"/>
      <lemma_idmwb tag="213186000"/>
      <pos tag="APPR"/>
      <pos_gen tag="AP"/>
      <infl tag="--"/>
      <inflClass tag="--"/>
      <inflClass_gen tag="--"/>
    </tok_anno>
  </token>
  <token id="t7" trans="allem" type="token">
    <tok_dipl id="t7_d1" trans="allem" utf="allem"/>
    <tok_anno ascii="allem" id="t7_m1" trans="allem" utf="allem">
      <norm tag="allem"/>
      <lemma tag="all"/>
      <lemma_gen tag="all"/>
      <lemma_idmwb tag="3531000"/>
      <pos tag="DIA"/>
      <pos_gen tag="DI"/>
      <infl tag="Neut.Dat.Sg.st"/>
      <inflClass tag="--"/>
      <inflClass_gen tag="--"/>
    </tok_anno>
  </token>
  <token id="t8" trans="herzen" type="token">
    <tok_dipl id="t8_d1" trans="herzen" utf="herzen"/>
    <tok_anno ascii="herzen" id="t8_m1" trans="herzen" utf="herzen">
      <norm tag="herzen"/>
      <lemma tag="hërze"/>
      <lemma_gen tag="hërze"/>
      <lemma_idmwb tag="73221000"/>
      <pos tag="NA"/>
      <pos_gen tag="NA"/>
      <infl tag="Dat.Sg"/>
      <inflClass tag="wk.Neut"/>
      <inflClass_gen tag="wk.Neut"/>
    </tok_anno>
  </token>
  <token id="t9" trans="got(!)" type="token">
    <tok_dipl id="t9_d1" trans="got" utf="got"/>
    <tok_anno ascii="got" id="t9_m1" trans="got" utf="got">
      <norm tag="got"/>
      <lemma tag="got"/>
      <lemma_gen tag="got"/>
      <lemma_idmwb tag="63291000"/>
      <pos tag="NA"/>
      <pos_gen tag="NA"/>
      <infl tag="Akk.Sg"/>
      <inflClass tag="st.Masc"/>
      <inflClass_gen tag="st.Masc"/>
      <punc tag="IE"/>
    </tok_anno>
  </token>
  <token id="t10" trans="Swere" type="token">
    <tok_dipl id="t10_d1" trans="Swere" utf="Swere"/>
    <tok_anno ascii="Swere" id="t10_m1" trans="Swere" utf="Swere">
      <norm tag="swere"/>
      <lemma tag="swèr(e)n"/>
      <lemma_gen tag="swèr(e)n"/>
      <lemma_idmwb tag="165453000"/>
      <pos tag="VVIMP"/>
      <pos_gen tag="VV"/>
      <infl tag="Sg.2"/>
      <inflClass tag="st6b"/>
      <inflClass_gen tag="st6b"/>
    </tok_anno>
  </token>
  <token id="t11" trans="niht" type="token">
    <tok_dipl id="t11_d1" trans="niht" utf="niht"/>
    <tok_anno ascii="niht" id="t11_m1" trans="niht" utf="niht">
      <norm tag="niht"/>
      <lemma tag="niht"/>
      <lemma_gen tag="niht"/>
      <lemma_idmwb tag="121446000"/>
      <pos tag="PTKNEG"/>
      <pos_gen tag="PI"/>
      <infl tag="--"/>
      <inflClass tag="--"/>
      <inflClass_gen tag="--"/>
    </tok_anno>
  </token>
  <token id="t12" trans="main$," type="token">
    <tok_dipl id="t12_d1" trans="main$" utf="mainſ"/>
    <tok_anno ascii="mains" id="t12_m1" trans="main$" utf="mainſ">
      <norm tag="meines"/>
      <lemma tag="mèin"/>
      <lemma_gen tag="mèin"/>
      <lemma_idmwb tag="109506000"/>
      <pos tag="NA"/>
      <pos_gen tag="NA"/>
      <infl tag="Gen.Sg"/>
      <inflClass tag="st.Masc,Neut"/>
      <inflClass_gen tag="st.Masc,Neut"/>
      <punc tag="N*"/>
    </tok_anno>
  </token>
  <token id="t13" trans="daz" type="token">
    <tok_dipl id="t13_d1" trans="daz" utf="daz"/>
    <tok_anno ascii="daz" id="t13_m1" trans="daz" utf="daz">
      <norm tag="daz"/>
      <lemma tag="dër"/>
      <lemma_gen tag="dër"/>
      <lemma_idmwb tag="29823000"/>
      <pos tag="DDS"/>
      <pos_gen tag="DD"/>
      <infl tag="Neut.Nom.Sg"/>
      <inflClass tag="--"/>
      <inflClass_gen tag="--"/>
    </tok_anno>
  </token>
  <token id="t14" trans="i$t" type="token">
    <tok_dipl id="t14_d1" trans="i$t" utf="iſt"/>
    <tok_anno ascii="ist" id="t14_m1" trans="i$t" utf="iſt">
      <norm tag="ist"/>
      <lemma tag="sîn"/>
      <lemma_gen tag="sîn"/>
      <lemma_idmwb tag="150147000"/>
      <pos tag="VAFIN"/>
      <pos_gen tag="VA"/>
      <infl tag="Ind.Pres.Sg.3"/>
      <inflClass tag="irr"/>
      <inflClass_gen tag="irr"/>
    </tok_anno>
  </token>
  <token id="t15" trans="min" type="token">
    <tok_dipl id="t15_d1" trans="min" utf="min"/>
    <tok_anno ascii="min" id="t15_m1" trans="min" utf="min">
      <norm tag="mîn"/>
      <lemma tag="mîn"/>
      <lemma_gen tag="mîn"/>
      <lemma_idmwb tag="112026000"/>
      <pos tag="DPOSA"/>
      <pos_gen tag="DPOS"/>
      <infl tag="*.*.*.0"/>
      <inflClass tag="--"/>
      <inflClass_gen tag="--"/>
    </tok_anno>
  </token>
  <token id="t16" trans="lere(!)" type="token">
    <tok_dipl id="t16_d1" trans="lere" utf="lere"/>
    <tok_anno ascii="lere" id="t16_m1" trans="lere" utf="lere">
      <norm tag="lêre"/>
      <lemma tag="lêre"/>
      <lemma_gen tag="lêre"/>
      <lemma_idmwb tag="101655000"/>
      <pos tag="NA"/>
      <pos_gen tag="NA"/>
      <infl tag="Nom.Sg"/>
      <inflClass tag="*.Fem"/>
      <inflClass_gen tag="*.Fem"/>
      <punc tag="EE"/>
    </tok_anno>
  </token>
  <token id="t17" trans="den" type="token">
    <tok_dipl id="t17_d1" trans="den" utf="den"/>
    <tok_anno ascii="den" id="t17_m1" trans="den" utf="den">
      <norm tag="den"/>
      <lemma tag="dër"/>
      <lemma_gen tag="dër"/>
      <lemma_idmwb tag="29817000"/>
      <pos tag="DDART"/>
      <pos_gen tag="DD"/>
      <infl tag="Masc.Akk.Sg"/>
      <inflClass tag="--"/>
      <inflClass_gen tag="--"/>
    </tok_anno>
  </token>
  <token id="t18" trans="$vnnentak" type="token">
    <tok_dipl id="t18_d1" trans="$vnnentak" utf="ſvnnentak"/>
    <tok_anno ascii="svnnentak" id="t18_m1" trans="$vnnentak" utf="ſvnnentak">
      <norm tag="sunnentac"/>
      <lemma tag="sunne(n)-tag"/>
      <lemma_gen tag="sunne(n)-tag"/>
      <lemma_idmwb tag="163950000"/>
      <pos tag="NA"/>
      <pos_gen tag="NA"/>
      <infl tag="Akk.Sg"/>
      <inflClass tag="st.Masc"/>
      <inflClass_gen tag="st.Masc"/>
    </tok_anno>
  </token>
  <token id="t19" trans="mit" type="token">
    <tok_dipl id="t19_d1" trans="mit" utf="mit"/>
    <tok_anno ascii="mit" id="t19_m1" trans="mit" utf="mit">
      <norm tag="mit"/>
      <lemma tag="mit"/>
      <lemma_gen tag="mit"/>
      <lemma_idmwb tag="113898000"/>
      <pos tag="APPR"/>
      <pos_gen tag="AP"/>
      <infl tag="--"/>
      <inflClass tag="--"/>
      <inflClass_gen tag="--"/>
    </tok_anno>
  </token>
  <token id="t20" trans="fire" type="token">
    <tok_dipl id="t20_d1" trans="fire" utf="fire"/>
    <tok_anno ascii="fire" id="t20_m1" trans="fire" utf="fire">
      <norm tag="vîre"/>
      <lemma tag="vîre"/>
      <lemma_gen tag="vîre"/>
      <lemma_idmwb tag="209559000"/>
      <pos tag="NA"/>
      <pos_gen tag="NA"/>
      <infl tag="Dat.Sg"/>
      <inflClass tag="st.Fem"/>
      <inflClass_gen tag="*.Fem"/>
    </tok_anno>
  </token>
  <token id="t21" trans="ere(!)" type="token">
    <tok_dipl id="t21_d1" trans="ere" utf="ere"/>
    <tok_anno ascii="ere" id="t21_m1" trans="ere" utf="ere">
      <norm tag="êre"/>
      <lemma tag="êren"/>
      <lemma_gen tag="êren"/>
      <lemma_idmwb tag="41427000"/>
      <pos tag="VVIMP"/>
      <pos_gen tag="VV"/>
      <infl tag="Sg.2"/>
      <inflClass tag="wk"/>
      <inflClass_gen tag="wk"/>
      <punc tag="IE"/>
    </tok_anno>
  </token>
  <token id="t22" trans="Ere" type="token">
    <tok_dipl id="t22_d1" trans="Ere" utf="Ere"/>
    <tok_anno ascii="Ere" id="t22_m1" trans="Ere" utf="Ere">
      <norm tag="êre"/>
      <lemma tag="êren"/>
      <lemma_gen tag="êren"/>
      <lemma_idmwb tag="41427000"/>
      <pos tag="VVIMP"/>
      <pos_gen tag="VV"/>
      <infl tag="Sg.2"/>
      <inflClass tag="wk"/>
      <inflClass_gen tag="wk"/>
    </tok_anno>
  </token>
  <token id="t23" trans="die,," type="token">
    <tok_dipl id="t23_d1" trans="die" utf="die"/>
    <tok_anno ascii="die" id="t23_m1" trans="die" utf="die">
      <norm tag="die"/>
      <lemma tag="dër"/>
      <lemma_gen tag="dër"/>
      <lemma_idmwb tag="29823000"/>
      <pos tag="DDS"/>
      <pos_gen tag="DD"/>
      <infl tag="*.Akk.Pl"/>
      <inflClass tag="--"/>
      <inflClass_gen tag="--"/>
      <punc tag="S*"/>
    </tok_anno>
  </token>
  <token id="t24" trans="von" type="token">
    <tok_dipl id="t24_d1" trans="von" utf="von"/>
    <tok_anno ascii="von" id="t24_m1" trans="von" utf="von">
      <norm tag="von"/>
      <lemma tag="von"/>
      <lemma_gen tag="von"/>
      <lemma_idmwb tag="213186000"/>
      <pos tag="APPR"/>
      <pos_gen tag="AP"/>
      <infl tag="--"/>
      <inflClass tag="--"/>
      <inflClass_gen tag="--"/>
    </tok_anno>
  </token>
  <token id="t25" trans="den" type="token">
    <tok_dipl id="t25_d1" trans="den" utf="den"/>
    <tok_anno ascii="den" id="t25_m1" trans="den" utf="den">
      <norm tag="den"/>
      <lemma tag="dër"/>
      <lemma_gen tag="dër"/>
      <lemma_idmwb tag="29823000"/>
      <pos tag="DRELS"/>
      <pos_gen tag="DD"/>
      <infl tag="*.Dat.Pl"/>
      <inflClass tag="--"/>
      <inflClass_gen tag="--"/>
    </tok_anno>
  </token>
  <token id="t26" trans="dv" type="token">
    <tok_dipl id="t26_d1" trans="dv" utf="dv"/>
    <tok_anno ascii="dv" id="t26_m1" trans="dv" utf="dv">
      <norm tag="dû"/>
      <lemma tag="dû"/>
      <lemma_gen tag="dû"/>
      <lemma_idmwb tag="32607000"/>
      <pos tag="PPER"/>
      <pos_gen tag="PPER"/>
      <infl tag="Nom.Sg.2"/>
      <inflClass tag="--"/>
      <inflClass_gen tag="--"/>
    </tok_anno>
  </token>
  <token id="t27" trans="bi$t" type="token">
    <tok_dipl id="t27_d1" trans="bi$t" utf="biſt"/>
    <tok_anno ascii="bist" id="t27_m1" trans="bi$t" utf="biſt">
      <norm tag="bist"/>
      <lemma tag="sîn"/>
      <lemma_gen tag="sîn"/>
      <lemma_idmwb tag="150147000"/>
      <pos tag="VAFIN"/>
      <pos_gen tag="VA"/>
      <infl tag="Ind.Pres.Sg.2"/>
      <inflClass tag="irr"/>
      <inflClass_gen tag="irr"/>
    </tok_anno>
  </token>
  <token id="t28" trans="geborn(!)" type="token">
    <tok_dipl id="t28_d1" trans="geborn" utf="geborn"/>
    <tok_anno ascii="geborn" id="t28_m1" trans="geborn" utf="geborn">
      <norm tag="geboren"/>
      <lemma tag="ge-bër(e)n"/>
      <lemma_gen tag="ge-bër(e)n"/>
      <lemma_idmwb tag="47853000"/>
      <pos tag="VVPP"/>
      <pos_gen tag="VV"/>
      <infl tag="--"/>
      <inflClass tag="st4"/>
      <inflClass_gen tag="st4"/>
      <punc tag="EE"/>
    </tok_anno>
  </token>
  <token id="t29" trans="$lach" type="token">
    <tok_dipl id="t29_d1" trans="$lach" utf="ſlach"/>
    <tok_anno ascii="slach" id="t29_m1" trans="$lach" utf="ſlach">
      <norm tag="slach"/>
      <lemma tag="slahen"/>
      <lemma_gen tag="slahen"/>
      <lemma_idmwb tag="151182000"/>
      <pos tag="VVIMP"/>
      <pos_gen tag="VV"/>
      <infl tag="Sg.2"/>
      <inflClass tag="st6"/>
      <inflClass_gen tag="st6"/>
    </tok_anno>
  </token>
  <token id="t30" trans="niemen" type="token">
    <tok_dipl id="t30_d1" trans="niemen" utf="niemen"/>
    <tok_anno ascii="niemen" id="t30_m1" trans="niemen" utf="niemen">
      <norm tag="nieman"/>
      <lemma tag="niè-mann"/>
      <lemma_gen tag="niè-mann(d)"/>
      <lemma_idmwb tag="121284000"/>
      <pos tag="DIA"/>
      <pos_gen tag="DI"/>
      <infl tag="*.Akk.Sg.st"/>
      <inflClass tag="--"/>
      <inflClass_gen tag="--"/>
    </tok_anno>
  </token>
  <token id="t31" trans="dvrh" type="token">
    <tok_dipl id="t31_d1" trans="dvrh" utf="dvrh"/>
    <tok_anno ascii="dvrh" id="t31_m1" trans="dvrh" utf="dvrh">
      <norm tag="durch"/>
      <lemma tag="durh"/>
      <lemma_gen tag="durh"/>
      <lemma_idmwb tag="32826000"/>
      <pos tag="APPR"/>
      <pos_gen tag="AP"/>
      <infl tag="--"/>
      <inflClass tag="--"/>
      <inflClass_gen tag="--"/>
    </tok_anno>
  </token>
  <token id="t32" trans="dinen" type="token">
    <tok_dipl id="t32_d1" trans="dinen" utf="dinen"/>
    <tok_anno ascii="dinen" id="t32_m1" trans="dinen" utf="dinen">
      <norm tag="dînen"/>
      <lemma tag="dîn"/>
      <lemma_gen tag="dîn"/>
      <lemma_idmwb tag="30567000"/>
      <pos tag="DPOSA"/>
      <pos_gen tag="DPOS"/>
      <infl tag="Masc.Akk.Sg.st"/>
      <inflClass tag="--"/>
      <inflClass_gen tag="--"/>
    </tok_anno>
  </token>
  <token id="t33" trans="zorn(!)" type="token">
    <tok_dipl id="t33_d1" trans="zorn" utf="zorn"/>
    <tok_anno ascii="zorn" id="t33_m1" trans="zorn" utf="zorn">
      <norm tag="zorn"/>
      <lemma tag="zorn"/>
      <lemma_gen tag="zorn"/>
      <lemma_idmwb tag="???"/>
      <pos tag="NA"/>
      <pos_gen tag="NA"/>
      <infl tag="Akk.Sg"/>
      <inflClass tag="st.Masc"/>
      <inflClass_gen tag="st.Masc"/>
      <punc tag="IE"/>
    </tok_anno>
  </token>
  <token id="t34" trans="ze" type="token">
    <tok_dipl id="t34_d1" trans="ze" utf="ze"/>
    <tok_anno ascii="ze" id="t34_m1" trans="ze" utf="ze">
      <norm tag="ze"/>
      <lemma tag="ze"/>
      <lemma_gen tag="ze"/>
      <lemma_idmwb tag="235656000"/>
      <pos tag="APPR"/>
      <pos_gen tag="AP"/>
      <infl tag="--"/>
      <inflClass tag="--"/>
      <inflClass_gen tag="--"/>
    </tok_anno>
  </token>
  <token id="t35" trans="hv\ore" type="token">
    <tok_dipl id="t35_d1" trans="hv\ore" utf="hvͦre"/>
    <tok_anno ascii="hvore" id="t35_m1" trans="hv\ore" utf="hvͦre">
      <norm tag="huore"/>
      <lemma tag="huor"/>
      <lemma_gen tag="huor"/>
      <lemma_idmwb tag="80298000"/>
      <pos tag="NA"/>
      <pos_gen tag="NA"/>
      <infl tag="Dat.Sg"/>
      <inflClass tag="st.Masc,Neut"/>
      <inflClass_gen tag="st.Masc,Neut"/>
    </tok_anno>
  </token>
  <token id="t36" trans="habe" type="token">
    <tok_dipl id="t36_d1" trans="habe" utf="habe"/>
    <tok_anno ascii="habe" id="t36_m1" trans="habe" utf="habe">
      <norm tag="habe"/>
      <lemma tag="haben"/>
      <lemma_gen tag="haben"/>
      <lemma_idmwb tag="66885000"/>
      <pos tag="VAIMP"/>
      <pos_gen tag="VA"/>
      <infl tag="Sg.2"/>
      <inflClass tag="wk"/>
      <inflClass_gen tag="wk"/>
    </tok_anno>
  </token>
  <token id="t37" trans="deheinen" type="token">
    <tok_dipl id="t37_d1" trans="deheinen" utf="deheinen"/>
    <tok_anno ascii="deheinen" id="t37_m1" trans="deheinen" utf="deheinen">
      <norm tag="decheinen"/>
      <lemma tag="deh-èin"/>
      <lemma_gen tag="deh-èin"/>
      <lemma_idmwb tag="29649000"/>
      <pos tag="DIA"/>
      <pos_gen tag="DI"/>
      <infl tag="Masc.Akk.Sg.st"/>
      <inflClass tag="--"/>
      <inflClass_gen tag="--"/>
    </tok_anno>
  </token>
  <token id="t38" trans="mv\ot,," type="token">
    <tok_dipl id="t38_d1" trans="mv\ot" utf="mvͦt"/>
    <tok_anno ascii="mvot" id="t38_m1" trans="mv\ot" utf="mvͦt">
      <norm tag="muot"/>
      <lemma tag="muot"/>
      <lemma_gen tag="muot"/>
      <lemma_idmwb tag="???"/>
      <pos tag="NA"/>
      <pos_gen tag="NA"/>
      <infl tag="Akk.Sg"/>
      <inflClass tag="st(u).Masc"/>
      <inflClass_gen tag="st(u).Masc"/>
      <punc tag="S*"/>
    </tok_anno>
  </token>
  <token id="t39" trans="vnt" type="token">
    <tok_dipl id="t39_d1" trans="vnt" utf="vnt"/>
    <tok_anno ascii="vnt" id="t39_m1" trans="vnt" utf="vnt">
      <norm tag="und"/>
      <lemma tag="unte"/>
      <lemma_gen tag="unte"/>
      <lemma_idmwb tag="183108000"/>
      <pos tag="KON"/>
      <pos_gen tag="KO"/>
      <infl tag="--"/>
      <inflClass tag="--"/>
      <inflClass_gen tag="--"/>
    </tok_anno>
  </token>
  <token id="t40" trans="$til" type="token">
    <tok_dipl id="t40_d1" trans="$til" utf="ſtil"/>
    <tok_anno ascii="stil" id="t40_m1" trans="$til" utf="ſtil">
      <norm tag="stil"/>
      <lemma tag="stël(e)n"/>
      <lemma_gen tag="stël(e)n"/>
      <lemma_idmwb tag="158643000"/>
      <pos tag="VVIMP"/>
      <pos_gen tag="VV"/>
      <infl tag="Sg.2"/>
      <inflClass tag="st4"/>
      <inflClass_gen tag="st4"/>
    </tok_anno>
  </token>
  <token id="t41" trans="niemen" type="token">
    <tok_dipl id="t41_d1" trans="niemen" utf="niemen"/>
    <tok_anno ascii="niemen" id="t41_m1" trans="niemen" utf="niemen">
      <norm tag="nieman"/>
      <lemma tag="niè-mann"/>
      <lemma_gen tag="niè-mann(d)"/>
      <lemma_idmwb tag="121284000"/>
      <pos tag="DIA"/>
      <pos_gen tag="DI"/>
      <infl tag="*.Dat.Sg.st"/>
      <inflClass tag="--"/>
      <inflClass_gen tag="--"/>
    </tok_anno>
  </token>
  <token id="t42" trans="$in" type="token">
    <tok_dipl id="t42_d1" trans="$in" utf="ſin"/>
    <tok_anno ascii="sin" id="t42_m1" trans="$in" utf="ſin">
      <norm tag="sîn"/>
      <lemma tag="sîn"/>
      <lemma_gen tag="sîn"/>
      <lemma_idmwb tag="150153000"/>
      <pos tag="DPOSA"/>
      <pos_gen tag="DPOS"/>
      <infl tag="*.*.*.0"/>
      <inflClass tag="--"/>
      <inflClass_gen tag="--"/>
    </tok_anno>
  </token>
  <token id="t43" trans="gv\ot(!)" type="token">
    <tok_dipl id="t43_d1" trans="gv\ot" utf="gvͦt"/>
    <tok_anno ascii="gvot" id="t43_m1" trans="gv\ot" utf="gvͦt">
      <norm tag="guot"/>
      <lemma tag="guot"/>
      <lemma_gen tag="guot"/>
      <lemma_idmwb tag="66531000"/>
      <pos tag="NA"/>
      <pos_gen tag="NA"/>
      <infl tag="Akk.Sg"/>
      <inflClass tag="st.Neut"/>
      <inflClass_gen tag="st.Neut"/>
      <punc tag="IE"/>
    </tok_anno>
  </token>
  <token id="t44" trans="livge" type="token">
    <tok_dipl id="t44_d1" trans="livge" utf="livge"/>
    <tok_anno ascii="livge" id="t44_m1" trans="livge" utf="livge">
      <norm tag="liuge"/>
      <lemma tag="liègen"/>
      <lemma_gen tag="liègen"/>
      <lemma_idmwb tag="102636000"/>
      <pos tag="VVIMP"/>
      <pos_gen tag="VV"/>
      <infl tag="Sg.2"/>
      <inflClass tag="st2a"/>
      <inflClass_gen tag="st2a"/>
    </tok_anno>
  </token>
  <token id="t45" trans="niht,," type="token">
    <tok_dipl id="t45_d1" trans="niht" utf="niht"/>
    <tok_anno ascii="niht" id="t45_m1" trans="niht" utf="niht">
      <norm tag="niht"/>
      <lemma tag="niht"/>
      <lemma_gen tag="niht"/>
      <lemma_idmwb tag="121446000"/>
      <pos tag="PTKNEG"/>
      <pos_gen tag="PI"/>
      <infl tag="--"/>
      <inflClass tag="--"/>
      <inflClass_gen tag="--"/>
      <punc tag="S*"/>
    </tok_anno>
  </token>
  <token id="t46" trans="noch" type="token">
    <tok_dipl id="t46_d1" trans="noch" utf="noch"/>
    <tok_anno ascii="noch" id="t46_m1" trans="noch" utf="noch">
      <norm tag="noch"/>
      <lemma tag="noh"/>
      <lemma_gen tag="noh"/>
      <lemma_idmwb tag="121980000"/>
      <pos tag="AVD"/>
      <pos_gen tag="AVD-KO"/>
      <infl tag="--"/>
      <inflClass tag="--"/>
      <inflClass_gen tag="--"/>
    </tok_anno>
  </token>
  <token id="t47" trans="habe" type="token">
    <tok_dipl id="t47_d1" trans="habe" utf="habe"/>
    <tok_anno ascii="habe" id="t47_m1" trans="habe" utf="habe">
      <norm tag="habe"/>
      <lemma tag="haben"/>
      <lemma_gen tag="haben"/>
      <lemma_idmwb tag="66885000"/>
      <pos tag="VAIMP"/>
      <pos_gen tag="VA"/>
      <infl tag="Sg.2"/>
      <inflClass tag="wk"/>
      <inflClass_gen tag="wk"/>
    </tok_anno>
  </token>
  <token id="t48" trans="dehainen" type="token">
    <tok_dipl id="t48_d1" trans="dehainen" utf="dehainen"/>
    <tok_anno ascii="dehainen" id="t48_m1" trans="dehainen" utf="dehainen">
      <norm tag="decheinen"/>
      <lemma tag="deh-èin"/>
      <lemma_gen tag="deh-èin"/>
      <lemma_idmwb tag="29649000"/>
      <pos tag="DIA"/>
      <pos_gen tag="DI"/>
      <infl tag="Masc.Akk.Sg.st"/>
      <inflClass tag="--"/>
      <inflClass_gen tag="--"/>
    </tok_anno>
  </token>
  <token id="t49" trans="val$chen" type="token">
    <tok_dipl id="t49_d1" trans="val$chen" utf="valſchen"/>
    <tok_anno ascii="valschen" id="t49_m1" trans="val$chen" utf="valſchen">
      <norm tag="valschen"/>
      <lemma tag="valsch"/>
      <lemma_gen tag="valsch"/>
      <lemma_idmwb tag="198003000"/>
      <pos tag="ADJA"/>
      <pos_gen tag="ADJ"/>
      <infl tag="Pos.Masc.Akk.Sg.*"/>
      <inflClass tag="--"/>
      <inflClass_gen tag="--"/>
    </tok_anno>
  </token>
  <token id="t50" trans="li$t(!)" type="token">
    <tok_dipl id="t50_d1" trans="li$t" utf="liſt"/>
    <tok_anno ascii="list" id="t50_m1" trans="li$t" utf="liſt">
      <norm tag="list"/>
      <lemma tag="list"/>
      <lemma_gen tag="list"/>
      <lemma_idmwb tag="???"/>
      <pos tag="NA"/>
      <pos_gen tag="NA"/>
      <infl tag="Akk.Sg"/>
      <inflClass tag="st.Masc"/>
      <inflClass_gen tag="st.Masc"/>
      <punc tag="IE"/>
    </tok_anno>
  </token>
  <token id="t51" trans="ger" type="token">
    <tok_dipl id="t51_d1" trans="ger" utf="ger"/>
    <tok_anno ascii="ger" id="t51_m1" trans="ger" utf="ger">
      <norm tag="ger"/>
      <lemma tag="gër(e)n"/>
      <lemma_gen tag="gër(e)n"/>
      <lemma_idmwb tag="55116000"/>
      <pos tag="VVIMP"/>
      <pos_gen tag="VV"/>
      <infl tag="Sg.2"/>
      <inflClass tag="wk"/>
      <inflClass_gen tag="wk"/>
    </tok_anno>
  </token>
  <token id="t52" trans="deheine$" type="token">
    <tok_dipl id="t52_d1" trans="deheine$" utf="deheineſ"/>
    <tok_anno ascii="deheines" id="t52_m1" trans="deheine$" utf="deheineſ">
      <norm tag="decheines"/>
      <lemma tag="deh-èin"/>
      <lemma_gen tag="deh-èin"/>
      <lemma_idmwb tag="29649000"/>
      <pos tag="DIA"/>
      <pos_gen tag="DI"/>
      <infl tag="Neut.Gen.Sg.st"/>
      <inflClass tag="--"/>
      <inflClass_gen tag="--"/>
    </tok_anno>
  </token>
  <token id="t53" trans="dinge$" type="token">
    <tok_dipl id="t53_d1" trans="dinge$" utf="dingeſ"/>
    <tok_anno ascii="dinges" id="t53_m1" trans="dinge$" utf="dingeſ">
      <norm tag="dinges"/>
      <lemma tag="ding"/>
      <lemma_gen tag="ding"/>
      <lemma_idmwb tag="30570000"/>
      <pos tag="NA"/>
      <pos_gen tag="NA"/>
      <infl tag="Gen.Sg"/>
      <inflClass tag="st.Neut"/>
      <inflClass_gen tag="st.Neut"/>
    </tok_anno>
  </token>
  <token id="t54" trans="dine$" type="token">
    <tok_dipl id="t54_d1" trans="dine$" utf="dineſ"/>
    <tok_anno ascii="dines" id="t54_m1" trans="dine$" utf="dineſ">
      <norm tag="dînes"/>
      <lemma tag="dîn"/>
      <lemma_gen tag="dîn"/>
      <lemma_idmwb tag="30567000"/>
      <pos tag="DPOSA"/>
      <pos_gen tag="DPOS"/>
      <infl tag="Masc.Gen.Sg.st"/>
      <inflClass tag="--"/>
      <inflClass_gen tag="--"/>
    </tok_anno>
  </token>
  <token id="t55" trans="ebenehri$t(!)" type="token">
    <tok_dipl id="t55_d1" trans="ebenehri$t" utf="ebenehriſt"/>
    <tok_anno ascii="ebenehrist" id="t55_m1" trans="ebenehri$t" utf="ebenehriſt">
      <norm tag="ebenkristes"/>
      <lemma tag="ëben-krist"/>
      <lemma_gen tag="ëben-krist"/>
      <lemma_idmwb tag="34758000"/>
      <pos tag="NA"/>
      <pos_gen tag="NA"/>
      <infl tag="Gen.Sg"/>
      <inflClass tag="st.Masc"/>
      <inflClass_gen tag="st.Masc"/>
      <punc tag="IE"/>
    </tok_anno>
  </token>
  <comment type="K">/%.[!]/^[!]/K[ebenehriſt.: l. {ebenchriſt}, Roth]</comment>
</text>
